<?xml version="1.0" encoding="utf-8"?>
<COLLADA xmlns="http://www.collada.org/2005/11/COLLADASchema" version="1.4.1">
  <asset>
    <contributor><authoring_tool>alpine-roadtrip build_portals</authoring_tool></contributor>
    <unit name="meter" meter="1"/>
    <up_axis>Z_UP</up_axis>
  </asset>
  <library_effects>
    <effect id="portal_arc-effect">
      <profile_COMMON>
        <technique sid="common">
          <lambert>
            <diffuse><color>1.0 0.4 0.28 0.85</color></diffuse>
            <transparent opaque="A_ONE"><color>1 1 1 1</color></transparent>
            <transparency><float>0.15</float></transparency>
          </lambert>
        </technique>
      </profile_COMMON>
    </effect>
  </library_effects>
  <library_materials>
    <material id="portal_arc-material" name="portal_arc">
      <instance_effect url="#portal_arc-effect"/>
    </material>
  </library_materials>
  <library_geometries>
    <geometry id="portal_arc_a999-mesh" name="portal_arc_a999-mesh">
      <mesh>
        <source id="portal_arc_a999-mesh-positions">
          <float_array id="portal_arc_a999-mesh-positions-array" count="16092">3.5711 -5.6690 0.0000 95.5750 50.3986 16.6160 94.7222 51.7523 16.6160 3.5711 -5.6690 0.0000 4.4239 -7.0227 0.0000 95.5750 50.3986 16.6160 3.9975 -6.3458 0.8000 95.1486 51.0755 17.4160 95.1486 51.0755 15.8160 3.9975 -6.3458 0.8000 95.1486 51.0755 15.8160 3.9975 -6.3458 -0.8000 94.7332 51.7591 16.6160 200.8892 114.3903 35.3660 200.0584 115.7577 35.3660 94.7332 51.7591 16.6160 95.5640 50.3918 16.6160 200.8892 114.3903 35.3660 95.1486 51.0755 17.4160 200.4738 115.0740 36.1660 200.4738 115.0740 34.5660 95.1486 51.0755 17.4160 200.4738 115.0740 34.5660 95.1486 51.0755 15.8160 200.0659 115.7622 35.3660 319.4057 184.6290 56.0060 318.5899 186.0054 56.0060 200.0659 115.7622 35.3660 200.8817 114.3858 35.3660 319.4057 184.6290 56.0060 200.4738 115.0740 36.1660 318.9978 185.3172 56.8060 318.9978 185.3172 55.2060 200.4738 115.0740 36.1660 318.9978 185.3172 55.2060 200.4738 115.0740 34.5660 318.5952 186.0085 56.0060 450.1521 260.7836 78.2860 449.3468 262.1662 78.2860 318.5952 186.0085 56.0060 319.4005 184.6259 56.0060 450.1521 260.7836 78.2860 318.9978 185.3172 56.8060 449.7495 261.4749 79.0860 449.7495 261.4749 77.4860 318.9978 185.3172 56.8060 449.7495 261.4749 77.4860 318.9978 185.3172 55.2060 449.3504 262.1682 78.2860 592.1611 342.5243 101.9570 591.3630 343.9110 101.9570 449.3504 262.1682 78.2860 450.1486 260.7815 78.2860 592.1611 342.5243 101.9570 449.7495 261.4749 79.0860 591.7620 343.2176 102.7570 591.7620 343.2176 101.1570 449.7495 261.4749 79.0860 591.7620 343.2176 101.1570 449.7495 261.4749 77.4860 591.3652 343.9123 101.9570 744.4647 429.5241 126.7720 743.6711 430.9134 126.7720 591.3652 343.9123 101.9570 592.1589 342.5230 101.9570 744.4647 429.5241 126.7720 591.7620 343.2176 102.7570 744.0679 430.2187 127.5720 744.0679 430.2187 125.9720 591.7620 343.2176 102.7570 744.0679 430.2187 125.9720 591.7620 343.2176 101.1570 743.6724 430.9141 126.7720 906.0971 521.4548 152.4880 905.3061 522.8456 152.4880 743.6724 430.9141 126.7720 744.4635 429.5233 126.7720 906.0971 521.4548 152.4880 744.0679 430.2187 127.5720 905.7016 522.1502 153.2880 905.7016 522.1502 151.6880 744.0679 430.2187 127.5720 905.7016 522.1502 151.6880 744.0679 430.2187 125.9720 905.3065 522.8459 152.4880 1076.0917 617.9908 178.8680 1075.3016 619.3821 178.8680 905.3065 522.8459 152.4880 906.0966 521.4546 152.4880 1076.0917 617.9908 178.8680 905.7016 522.1502 153.2880 1075.6967 618.6864 179.6680 1075.6967 618.6864 178.0680 905.7016 522.1502 153.2880 1075.6967 618.6864 178.0680 905.7016 522.1502 151.6880 1075.3014 619.3820 178.8680 1253.4829 718.8034 205.6850 1252.6924 720.1945 205.6850 1075.3014 619.3820 178.8680 1076.0920 617.9909 178.8680 1253.4829 718.8034 205.6850 1075.6967 618.6864 179.6680 1253.0876 719.4989 206.4850 1253.0876 719.4989 204.8850 1075.6967 618.6864 179.6680 1253.0876 719.4989 204.8850 1075.6967 618.6864 178.0680 1252.6915 720.1940 205.6850 1437.3070 823.5685 232.7210 1436.5147 824.9585 232.7210 1252.6915 720.1940 205.6850 1253.4838 718.8039 205.6850 1437.3070 823.5685 232.7210 1253.0876 719.4989 206.4850 1436.9108 824.2635 233.5210 1436.9108 824.2635 231.9210 1253.0876 719.4989 206.4850 1436.9108 824.2635 231.9210 1253.0876 719.4989 204.8850 1436.5133 824.9577 232.7210 1626.5995 931.9597 259.7700 1625.8045 933.3482 259.7700 1436.5133 824.9577 232.7210 1437.3084 823.5693 232.7210 1626.5995 931.9597 259.7700 1436.9108 824.2635 233.5210 1626.2020 932.6539 260.5700 1626.2020 932.6539 258.9700 1436.9108 824.2635 233.5210 1626.2020 932.6539 258.9700 1436.9108 824.2635 231.9210 1625.8025 933.3471 259.7700 1820.3945 1043.6491 286.6390 1819.5956 1045.0354 286.6390 1625.8025 933.3471 259.7700 1626.6015 931.9608 259.7700 1820.3945 1043.6491 286.6390 1626.2020 932.6539 260.5700 1819.9951 1044.3423 287.4390 1819.9951 1044.3423 285.8390 1626.2020 932.6539 260.5700 1819.9951 1044.3423 285.8390 1626.2020 932.6539 258.9700 1819.5931 1045.0340 286.6390 2017.7278 1158.3128 313.1500 2016.9239 1159.6962 313.1500 1819.5931 1045.0340 286.6390 1820.3970 1043.6506 286.6390 2017.7278 1158.3128 313.1500 1819.9951 1044.3423 287.4390 2017.3258 1159.0045 313.9500 2017.3258 1159.0045 312.3500 1819.9951 1044.3423 287.4390 2017.3258 1159.0045 312.3500 1819.9951 1044.3423 285.8390 2016.9209 1159.6945 313.1500 2217.6365 1275.6228 339.1380 2216.8267 1277.0028 339.1380 2016.9209 1159.6945 313.1500 2017.7307 1158.3145 313.1500 2217.6365 1275.6228 339.1380 2017.3258 1159.0045 313.9500 2217.2316 1276.3128 339.9380 2217.2316 1276.3128 338.3380 2017.3258 1159.0045 313.9500 2217.2316 1276.3128 338.3380 2017.3258 1159.0045 312.3500 2216.8232 1277.0007 339.1380 2419.1548 1395.2545 364.4540 2418.3380 1396.6303 364.4540 2216.8232 1277.0007 339.1380 2217.6399 1275.6249 339.1380 2419.1548 1395.2545 364.4540 2217.2316 1276.3128 339.9380 2418.7464 1395.9424 365.2540 2418.7464 1395.9424 363.6540 2217.2316 1276.3128 339.9380 2418.7464 1395.9424 363.6540 2217.2316 1276.3128 338.3380 2418.3340 1396.6279 364.4540 2621.3191 1516.8831 388.9670 2620.4942 1518.2541 388.9670 2418.3340 1396.6279 364.4540 2419.1588 1395.2569 364.4540 2621.3191 1516.8831 388.9670 2418.7464 1395.9424 365.2540 2620.9066 1517.5686 389.7670 2620.9066 1517.5686 388.1670 2418.7464 1395.9424 365.2540 2620.9066 1517.5686 388.1670 2418.7464 1395.9424 363.6540 2620.4896 1518.2513 388.9670 2823.1668 1640.1812 412.5610 2822.3327 1641.5466 412.5610 2620.4896 1518.2513 388.9670 2621.3237 1516.8859 388.9670 2823.1668 1640.1812 412.5610 2620.9066 1517.5686 389.7670 2822.7497 1640.8639 413.3610 2822.7497 1640.8639 411.7610 2620.9066 1517.5686 389.7670 2822.7497 1640.8639 411.7610 2620.9066 1517.5686 388.1670 2822.3275 1641.5434 412.5610 3023.7315 1764.8232 435.1360 3022.8870 1766.1822 435.1360 2822.3275 1641.5434 412.5610 2823.1720 1640.1844 412.5610 3023.7315 1764.8232 435.1360 2822.7497 1640.8639 413.3610 3023.3092 1765.5027 435.9360 3023.3092 1765.5027 434.3360 2822.7497 1640.8639 413.3610 3023.3092 1765.5027 434.3360 2822.7497 1640.8639 411.7610 3022.8811 1766.1785 435.1360 3222.0520 1890.4860 456.6110 3221.1956 1891.8376 456.6110 3022.8811 1766.1785 435.1360 3023.7374 1764.8270 435.1360 3222.0520 1890.4860 456.6110 3023.3092 1765.5027 435.9360 3221.6238 1891.1618 457.4110 3221.6238 1891.1618 455.8110 3023.3092 1765.5027 435.9360 3221.6238 1891.1618 455.8110 3023.3092 1765.5027 434.3360 3221.1890 1891.8333 456.6110 3417.1642 2016.8426 476.9190 3416.2945 2018.1855 476.9190 3221.1890 1891.8333 456.6110 3222.0587 1890.4903 456.6110 3417.1642 2016.8426 476.9190 3221.6238 1891.1618 457.4110 3416.7294 2017.5141 477.7190 3416.7294 2017.5141 476.1190 3221.6238 1891.1618 457.4110 3416.7294 2017.5141 476.1190 3221.6238 1891.1618 455.8110 3416.2870 2018.1806 476.9190 3608.1053 2143.5691 496.0110 3607.2206 2144.9022 496.0110 3416.2870 2018.1806 476.9190 3417.1718 2016.8475 476.9190 3608.1053 2143.5691 496.0110 3416.7294 2017.5141 477.7190 3607.6630 2144.2356 496.8110 3607.6630 2144.2356 495.2110 3416.7294 2017.5141 477.7190 3607.6630 2144.2356 495.2110 3416.7294 2017.5141 476.1190 3607.2121 2144.8964 496.0110 3793.9107 2270.3401 513.8540 3793.0090 2271.6618 513.8540 3607.2121 2144.8964 496.0110 3608.1138 2143.5748 496.0110 3793.9107 2270.3401 513.8540 3607.6630 2144.2356 496.8110 3793.4599 2271.0009 514.6540 3793.4599 2271.0009 513.0540 3607.6630 2144.2356 496.8110 3793.4599 2271.0009 513.0540 3607.6630 2144.2356 495.2110 3792.9994 2271.6551 513.8540 3973.6192 2396.8317 530.4280 3972.6983 2398.1401 530.4280 3792.9994 2271.6551 513.8540 3793.9203 2270.3467 513.8540 3973.6192 2396.8317 530.4280 3793.4599 2271.0009 514.6540 3973.1587 2397.4859 531.2280 3973.1587 2397.4859 529.6280 3793.4599 2271.0009 514.6540 3973.1587 2397.4859 529.6280 3793.4599 2271.0009 513.0540 3972.6874 2398.1323 530.4280 4146.2689 2522.7217 545.7300 4145.3262 2524.0145 545.7300 3972.6874 2398.1323 530.4280 3973.6301 2396.8395 530.4280 4146.2689 2522.7217 545.7300 3973.1587 2397.4859 531.2280 4145.7976 2523.3681 546.5300 4145.7976 2523.3681 544.9300 3973.1587 2397.4859 531.2280 4145.7976 2523.3681 544.9300 3973.1587 2397.4859 529.6280 4145.3139 2524.0053 545.7300 4310.8965 2647.6866 559.7670 4309.9291 2648.9610 559.7670 4145.3139 2524.0053 545.7300 4146.2813 2522.7309 545.7300 4310.8965 2647.6866 559.7670 4145.7976 2523.3681 546.5300 4310.4128 2648.3238 560.5670 4310.4128 2648.3238 558.9670 4145.7976 2523.3681 546.5300 4310.4128 2648.3238 558.9670 4145.7976 2523.3681 544.9300 4309.9150 2648.9501 559.7670 4466.5422 2771.4063 572.5620 4465.5466 2772.6588 572.5620 4309.9150 2648.9501 559.7670 4310.9106 2647.6975 559.7670 4466.5422 2771.4063 572.5620 4310.4128 2648.3238 560.5670 4466.0444 2772.0325 573.3620 4466.0444 2772.0325 571.7620 4310.4128 2648.3238 560.5670 4466.0444 2772.0325 571.7620 4310.4128 2648.3238 558.9670 4465.5304 2772.6456 572.5620 4612.2449 2893.5605 584.1480 4611.2170 2894.7866 584.1480 4465.5304 2772.6456 572.5620 4466.5584 2771.4195 572.5620 4612.2449 2893.5605 584.1480 4466.0444 2772.0325 573.3620 4611.7310 2894.1736 584.9480 4611.7310 2894.1736 583.3480 4466.0444 2772.0325 573.3620 4611.7310 2894.1736 583.3480 4466.0444 2772.0325 571.7620 4611.1984 2894.7705 584.1480 4747.0457 3013.8317 594.5660 4745.9805 3015.0256 594.5660 4611.1984 2894.7705 584.1480 4612.2636 2893.5766 584.1480 4747.0457 3013.8317 594.5660 4611.7310 2894.1736 584.9480 4746.5131 3014.4286 595.3660 4746.5131 3014.4286 593.7660 4611.7310 2894.1736 584.9480 4746.5131 3014.4286 593.7660 4611.7310 2894.1736 583.3480 4745.9589 3015.0056 594.5660 4870.0192 3131.9455 603.8680 4868.9108 3133.0994 603.8680 4745.9589 3015.0056 594.5660 4747.0672 3013.8516 594.5660 4870.0192 3131.9455 603.8680 4746.5131 3014.4286 595.3660 4869.4650 3132.5224 604.6680 4869.4650 3132.5224 603.0680 4746.5131 3014.4286 595.3660 4869.4650 3132.5224 603.0680 4746.5131 3014.4286 593.7660 4868.8822 3133.0704 603.8680 5032.1779 3304.4255 615.9460 5031.0121 3305.5214 615.9460 4868.8822 3133.0704 603.8680 4870.0479 3131.9745 603.8680 5032.1779 3304.4255 615.9460 4869.4650 3132.5224 604.6680 5031.5950 3304.9734 616.7460 5031.5950 3304.9734 615.1460 4869.4650 3132.5224 604.6680 5031.5950 3304.9734 615.1460 4869.4650 3132.5224 603.0680 5030.9812 3305.4865 615.9460 5181.0646 3482.5276 626.8390 5179.8370 3483.5538 626.8390 5030.9812 3305.4865 615.9460 5032.2088 3304.4604 615.9460 5181.0646 3482.5276 626.8390 5031.5950 3304.9734 616.7460 5180.4508 3483.0407 627.6390 5180.4508 3483.0407 626.0390 5031.5950 3304.9734 616.7460 5180.4508 3483.0407 626.0390 5031.5950 3304.9734 615.1460 5179.8098 3483.5195 626.8390 5317.6967 3665.4616 636.6340 5316.4147 3666.4190 636.6340 5179.8098 3483.5195 626.8390 5181.0917 3482.5620 626.8390 5317.6967 3665.4616 636.6340 5180.4508 3483.0407 627.6390 5317.0557 3665.9403 637.4340 5317.0557 3665.9403 635.8340 5180.4508 3483.0407 627.6390 5317.0557 3665.9403 635.8340 5180.4508 3483.0407 626.0390 5316.3913 3666.3859 636.6340 5443.0998 3852.4424 645.4020 5441.7710 3853.3336 645.4020 5316.3913 3666.3859 636.6340 5317.7201 3665.4947 636.6340 5443.0998 3852.4424 645.4020 5317.0557 3665.9403 637.4340 5442.4354 3852.8880 646.2020 5442.4354 3852.8880 644.6020 5317.0557 3665.9403 637.4340 5442.4354 3852.8880 644.6020 5317.0557 3665.9403 635.8340 5441.7511 3853.3024 645.4020 5558.3005 4042.6875 653.1930 5556.9319 4043.5163 653.1930 5441.7511 3853.3024 645.4020 5443.1197 3852.4736 645.4020 5558.3005 4042.6875 653.1930 5442.4354 3852.8880 646.2020 5557.6162 4043.1019 653.9930 5557.6162 4043.1019 652.3930 5442.4354 3852.8880 646.2020 5557.6162 4043.1019 652.3930 5442.4354 3852.8880 644.6020 5556.9153 4043.4875 653.1930 5664.3240 4235.4161 660.0490 5662.9221 4236.1873 660.0490 5556.9153 4043.4875 653.1930 5558.3172 4042.7163 653.1930 5664.3240 4235.4161 660.0490 5557.6162 4043.1019 653.9930 5663.6231 4235.8017 660.8490 5663.6231 4235.8017 659.2490 5557.6162 4043.1019 653.9930 5663.6231 4235.8017 659.2490 5557.6162 4043.1019 652.3930 5662.9085 4236.1614 660.0490 5762.1975 4429.8465 666.0010 5760.7683 4430.5659 666.0010 5662.9085 4236.1614 660.0490 5664.3376 4235.4420 660.0490 5762.1975 4429.8465 666.0010 5663.6231 4235.8017 660.8490 5761.4829 4430.2062 666.8010 5761.4829 4430.2062 665.2010 5663.6231 4235.8017 660.8490 5761.4829 4430.2062 665.2010 5663.6231 4235.8017 659.2490 5760.7573 4430.5432 666.0010 5852.9460 4625.1987 671.0740 5851.4949 4625.8728 671.0740 5760.7573 4430.5432 666.0010 5762.2084 4429.8691 666.0010 5852.9460 4625.1987 671.0740 5761.4829 4430.2062 666.8010 5852.2204 4625.5357 671.8740 5852.2204 4625.5357 670.2740 5761.4829 4430.2062 666.8010 5852.2204 4625.5357 670.2740 5761.4829 4430.2062 665.2010 5851.4863 4625.8536 671.0740 5937.5984 4820.6935 675.2940 5936.1302 4821.3293 675.2940 5851.4863 4625.8536 671.0740 5852.9546 4625.2178 671.0740 5937.5984 4820.6935 675.2940 5852.2204 4625.5357 671.8740 5936.8643 4821.0114 676.0940 5936.8643 4821.0114 674.4940 5852.2204 4625.5357 671.8740 5936.8643 4821.0114 674.4940 5852.2204 4625.5357 670.2740 5936.1237 4821.3139 675.2940 6017.1769 5015.5526 678.6820 6015.6957 5016.1576 678.6820 5936.1237 4821.3139 675.2940 5937.6049 4820.7089 675.2940 6017.1769 5015.5526 678.6820 5936.8643 4821.0114 676.0940 6016.4363 5015.8551 679.4820 6016.4363 5015.8551 677.8820 5936.8643 4821.0114 676.0940 6016.4363 5015.8551 677.8820 5936.8643 4821.0114 674.4940 6015.6911 5016.1461 678.6820 6092.7091 5208.9952 681.2640 6091.2187 5209.5771 681.2640 6015.6911 5016.1461 678.6820 6017.1815 5015.5641 678.6820 6092.7091 5208.9952 681.2640 6016.4363 5015.8551 679.4820 6091.9639 5209.2861 682.0640 6091.9639 5209.2861 680.4640 6016.4363 5015.8551 679.4820 6091.9639 5209.2861 680.4640 6016.4363 5015.8551 677.8820 6091.2158 5209.5698 681.2640 6165.2187 5400.2431 683.0680 6163.7226 5400.8103 683.0680 6091.2158 5209.5698 681.2640 6092.7119 5209.0025 681.2640 6165.2187 5400.2431 683.0680 6091.9639 5209.2861 682.0640 6164.4706 5400.5267 683.8680 6164.4706 5400.5267 682.2680 6091.9639 5209.2861 682.0640 6164.4706 5400.5267 682.2680 6091.9639 5209.2861 680.4640 6163.7214 5400.8072 683.0680 6235.7264 5588.5168 684.1270 6234.2281 5589.0779 684.1270 6163.7214 5400.8072 683.0680 6165.2198 5400.2461 683.0680 6235.7264 5588.5168 684.1270 6164.4706 5400.5267 683.8680 6234.9773 5588.7974 684.9270 6234.9773 5588.7974 683.3270 6164.4706 5400.5267 683.8680 6234.9773 5588.7974 683.3270 6164.4706 5400.5267 682.2680 6234.2286 5589.0795 684.1270 6305.2572 5773.0358 684.4760 6303.7599 5773.5999 684.4760 6234.2286 5589.0795 684.1270 6235.7259 5588.5153 684.1270 6305.2572 5773.0358 684.4760 6234.9773 5588.7974 684.9270 6304.5085 5773.3178 685.2760 6304.5085 5773.3178 683.6760 6234.9773 5588.7974 684.9270 6304.5085 5773.3178 683.6760 6234.9773 5588.7974 683.3270 6303.7623 5773.6063 684.4760 6374.8302 5953.0208 684.1560 6373.3378 5953.5977 684.1560 6303.7623 5773.6063 684.4760 6305.2547 5773.0294 684.4760 6374.8302 5953.0208 684.1560 6304.5085 5773.3178 685.2760 6374.0840 5953.3092 684.9560 6374.0840 5953.3092 683.3560 6304.5085 5773.3178 685.2760 6374.0840 5953.3092 683.3560 6304.5085 5773.3178 683.6760 6373.3423 5953.6092 684.1560 6445.4643 6127.6915 683.2110 6443.9810 6128.2913 683.2110 6373.3423 5953.6092 684.1560 6374.8256 5953.0093 684.1560 6445.4643 6127.6915 683.2110 6374.0840 5953.3092 684.9560 6444.7226 6127.9914 684.0110 6444.7226 6127.9914 682.4110 6374.0840 5953.3092 684.9560 6444.7226 6127.9914 682.4110 6374.0840 5953.3092 683.3560 6443.9880 6128.3082 683.2110 6518.1772 6296.2663 681.6900 6516.7081 6296.9000 681.6900 6443.9880 6128.3082 683.2110 6445.4572 6127.6745 683.2110 6518.1772 6296.2663 681.6900 6444.7226 6127.9914 684.0110 6517.4427 6296.5832 682.4900 6517.4427 6296.5832 680.8900 6444.7226 6127.9914 684.0110 6517.4427 6296.5832 680.8900 6444.7226 6127.9914 682.4110 6516.7183 6296.9228 681.6900 6593.9847 6457.9665 679.6400 6592.5360 6458.6456 679.6400 6516.7183 6296.9228 681.6900 6518.1670 6296.2436 681.6900 6593.9847 6457.9665 679.6400 6517.4427 6296.5832 682.4900 6593.2603 6458.3061 680.4400 6593.2603 6458.3061 678.8400 6517.4427 6296.5832 682.4900 6593.2603 6458.3061 678.8400 6517.4427 6296.5832 680.8900 6592.5502 6458.6744 679.6400 6673.8965 6612.0122 677.1080 6672.4762 6612.7490 677.1080 6592.5502 6458.6744 679.6400 6593.9705 6457.9377 679.6400 6673.8965 6612.0122 677.1080 6593.2603 6458.3061 680.4400 6673.1864 6612.3806 677.9080 6673.1864 6612.3806 676.3080 6593.2603 6458.3061 680.4400 6673.1864 6612.3806 676.3080 6593.2603 6458.3061 678.8400 6672.4955 6612.7840 677.1080 6758.9730 6757.7002 674.1370 6757.5913 6758.5071 674.1370 6672.4955 6612.7840 677.1080 6673.8772 6611.9772 677.1080 6758.9730 6757.7002 674.1370 6673.1864 6612.3806 677.9080 6758.2821 6758.1036 674.9370 6758.2821 6758.1036 673.3370 6673.1864 6612.3806 677.9080 6758.2821 6758.1036 673.3370 6673.1864 6612.3806 676.3080 6757.6119 6758.5405 674.1370 6895.7522 6967.5569 668.8060 6894.4118 6968.4306 668.8060 6757.6119 6758.5405 674.1370 6758.9524 6757.6668 674.1370 6895.7522 6967.5569 668.8060 6758.2821 6758.1036 674.9370 6895.0820 6967.9938 669.6060 6895.0820 6967.9938 668.0060 6758.2821 6758.1036 674.9370 6895.0820 6967.9938 668.0060 6758.2821 6758.1036 673.3370 6894.4294 6968.4565 668.8060 7034.3682 7163.0472 662.6730 7033.0630 7163.9726 662.6730 6894.4294 6968.4565 668.8060 6895.7346 6967.5310 668.8060 7034.3682 7163.0472 662.6730 6895.0820 6967.9938 669.6060 7033.7156 7163.5099 663.4730 7033.7156 7163.5099 661.8730 6895.0820 6967.9938 669.6060 7033.7156 7163.5099 661.8730 6895.0820 6967.9938 668.0060 7033.0798 7163.9954 662.6730 7173.8396 7345.6772 655.8440 7172.5680 7346.6483 655.8440 7033.0798 7163.9954 662.6730 7034.3514 7163.0243 662.6730 7173.8396 7345.6772 655.8440 7033.7156 7163.5099 663.4730 7173.2038 7346.1627 656.6440 7173.2038 7346.1627 655.0440 7033.7156 7163.5099 663.4730 7173.2038 7346.1627 655.0440 7033.7156 7163.5099 661.8730 7172.5832 7346.6676 655.8440 7313.1883 7516.9569 648.4080 7311.9471 7517.9666 648.4080 7172.5832 7346.6676 655.8440 7173.8243 7345.6579 655.8440 7313.1883 7516.9569 648.4080 7173.2038 7346.1627 656.6440 7312.5677 7517.4617 649.2080 7312.5677 7517.4617 647.6080 7173.2038 7346.1627 656.6440 7312.5677 7517.4617 647.6080 7173.2038 7346.1627 655.0440 7311.9601 7517.9821 648.4080 7451.4330 7678.3966 640.4420 7450.2177 7679.4373 640.4420 7311.9601 7517.9821 648.4080 7313.1754 7516.9414 648.4080 7451.4330 7678.3966 640.4420 7312.5677 7517.4617 649.2080 7450.8254 7678.9169 641.2420 7450.8254 7678.9169 639.6420 7312.5677 7517.4617 649.2080 7450.8254 7678.9169 639.6420 7312.5677 7517.4617 647.6080 7450.2276 7679.4486 640.4420 7587.5963 7831.5071 632.0140 7586.4007 7832.5704 632.0140 7450.2276 7679.4486 640.4420 7451.4232 7678.3853 640.4420 7587.5963 7831.5071 632.0140 7450.8254 7678.9169 641.2420 7586.9985 7832.0387 632.8140 7586.9985 7832.0387 631.2140 7450.8254 7678.9169 641.2420 7586.9985 7832.0387 631.2140 7450.8254 7678.9169 639.6420 7586.4068 7832.5771 632.0140 7720.6969 7977.7995 623.1810 7719.5134 7978.8762 623.1810 7586.4068 7832.5771 632.0140 7587.5903 7831.5003 632.0140 7720.6969 7977.7995 623.1810 7586.9985 7832.0387 632.8140 7720.1051 7978.3379 623.9810 7720.1051 7978.3379 622.3810 7586.9985 7832.0387 632.8140 7720.1051 7978.3379 622.3810 7586.9985 7832.0387 631.2140 7719.5150 7978.8780 623.1810 7849.7555 8118.7850 613.9970 7848.5753 8119.8654 613.9970 7719.5150 7978.8780 623.1810 7720.6952 7977.7977 623.1810 7849.7555 8118.7850 613.9970 7720.1051 7978.3379 623.9810 7849.1654 8119.3252 614.7970 7849.1654 8119.3252 613.1970 7720.1051 7978.3379 623.9810 7849.1654 8119.3252 613.1970 7720.1051 7978.3379 622.3810 7848.5720 8119.8617 613.9970 7973.7873 8255.9763 604.5040 7972.6004 8257.0493 604.5040 7848.5720 8119.8617 613.9970 7849.7588 8118.7887 613.9970 7973.7873 8255.9763 604.5040 7849.1654 8119.3252 614.7970 7973.1938 8256.5128 605.3040 7973.1938 8256.5128 603.7040 7849.1654 8119.3252 614.7970 7973.1938 8256.5128 603.7040 7849.1654 8119.3252 613.1970 7972.5917 8257.0395 604.5040 8091.8089 8390.8903 594.7360 8090.6047 8391.9438 594.7360 7972.5917 8257.0395 604.5040 7973.7960 8255.9861 604.5040 8091.8089 8390.8903 594.7360 7973.1938 8256.5128 605.3040 8091.2068 8391.4170 595.5360 8091.2068 8391.4170 593.9360 7973.1938 8256.5128 605.3040 8091.2068 8391.4170 593.9360 7973.1938 8256.5128 603.7040 8090.5905 8391.9271 594.7360 8202.8306 8525.0405 584.7150 8201.5980 8526.0606 584.7150 8090.5905 8391.9271 594.7360 8091.8231 8390.9070 594.7360 8202.8306 8525.0405 584.7150 8091.2068 8391.4170 595.5360 8202.2143 8525.5505 585.5150 8202.2143 8525.5505 583.9150 8091.2068 8391.4170 595.5360 8202.2143 8525.5505 583.9150 8091.2068 8391.4170 593.9360 8201.5785 8526.0361 584.7150 8305.8594 8659.9452 574.4430 8304.5878 8660.9163 574.4430 8201.5785 8526.0361 584.7150 8202.8501 8525.0650 584.7150 8305.8594 8659.9452 574.4430 8202.2143 8525.5505 585.5150 8305.2236 8660.4308 575.2430 8305.2236 8660.4308 573.6430 8202.2143 8525.5505 585.5150 8305.2236 8660.4308 573.6430 8202.2143 8525.5505 583.9150 8304.5638 8660.8832 574.4430 8399.5419 8796.5786 563.8970 8398.2223 8797.4834 563.8970 8304.5638 8660.8832 574.4430 8305.8834 8659.9784 574.4430 8399.5419 8796.5786 563.8970 8305.2236 8660.4308 575.2430 8398.8821 8797.0310 564.6970 8398.8821 8797.0310 563.0970 8305.2236 8660.4308 575.2430 8398.8821 8797.0310 563.0970 8305.2236 8660.4308 573.6430 8398.2327 8797.4981 563.8970 8548.2379 9003.2991 546.7200 8546.9390 9004.2334 546.7200 8398.2327 8797.4981 563.8970 8399.5316 8796.5638 563.8970 8548.2379 9003.2991 546.7200 8398.8821 8797.0310 564.6970 8547.5884 9003.7663 547.5200 8547.5884 9003.7663 545.9200 8398.8821 8797.0310 564.6970 8547.5884 9003.7663 545.9200 8398.8821 8797.0310 563.0970 8546.9761 9004.2811 546.7200 8699.3732 9183.0420 529.8910 8698.1485 9184.0717 529.8910 8546.9761 9004.2811 546.7200 8548.2007 9003.2514 546.7200 8699.3732 9183.0420 529.8910 8547.5884 9003.7663 547.5200 8698.7608 9183.5569 530.6910 8698.7608 9183.5569 529.0910 8547.5884 9003.7663 547.5200 8698.7608 9183.5569 529.0910 8547.5884 9003.7663 545.9200 8698.1572 9184.0818 529.8910 8842.6804 9347.8167 513.4180 8841.4731 9348.8667 513.4180 8698.1572 9184.0818 529.8910 8699.3645 9183.0319 529.8910 8842.6804 9347.8167 513.4180 8698.7608 9183.5569 530.6910 8842.0767 9348.3417 514.2180 8842.0767 9348.3417 512.6180 8698.7608 9183.5569 530.6910 8842.0767 9348.3417 512.6180 8698.7608 9183.5569 529.0910 8841.4437 9348.8309 513.4180 8967.7280 9509.6311 497.2950 8966.4620 9510.6095 497.2950 8841.4437 9348.8309 513.4180 8842.7098 9347.8525 513.4180 8967.7280 9509.6311 497.2950 8842.0767 9348.3417 514.2180 8967.0950 9510.1203 498.0950 8967.0950 9510.1203 496.4950 8842.0767 9348.3417 514.2180 8967.0950 9510.1203 496.4950 8842.0767 9348.3417 512.6180 8966.3978 9510.5125 497.2950 9063.8318 9680.4416 481.2230 9062.4374 9681.2261 481.2230 8966.3978 9510.5125 497.2950 8967.7922 9509.7280 497.2950 9063.8318 9680.4416 481.2230 8967.0950 9510.1203 498.0950 9063.1346 9680.8338 482.0230 9063.1346 9680.8338 480.4230 8967.0950 9510.1203 498.0950 9063.1346 9680.8338 480.4230 8967.0950 9510.1203 496.4950 9062.3671 9681.0595 481.2230 9120.1377 9871.8227 464.2080 9118.6027 9872.2741 464.2080 9062.3671 9681.0595 481.2230 9063.9021 9680.6081 481.2230 9120.1377 9871.8227 464.2080 9063.1346 9680.8338 482.0230 9119.3702 9872.0484 465.0080 9119.3702 9872.0484 463.4080 9063.1346 9680.8338 482.0230 9119.3702 9872.0484 463.4080 9063.1346 9680.8338 480.4230 9118.5705 9872.0696 464.2080 9126.0887 10095.0289 444.3110 9124.4893 10095.0714 444.3110 9118.5705 9872.0696 464.2080 9120.1699 9872.0272 464.2080 9126.0887 10095.0289 444.3110 9119.3702 9872.0484 465.0080 9125.2890 10095.0502 445.1110 9125.2890 10095.0502 443.5110 9119.3702 9872.0484 465.0080 9125.2890 10095.0502 443.5110 9119.3702 9872.0484 463.4080 9124.5053 10094.8897 444.3110 9071.5759 10361.4004 418.8180 9070.0084 10361.0794 418.8180 9124.5053 10094.8897 444.3110 9126.0728 10095.2106 444.3110 9071.5759 10361.4004 418.8180 9125.2890 10095.0502 445.1110 9070.7921 10361.2399 419.6180 9070.7921 10361.2399 418.0180 9125.2890 10095.0502 445.1110 9070.7921 10361.2399 418.0180 9125.2890 10095.0502 443.5110 9070.0395 10360.9686 418.8180 9024.2153 10492.8248 405.2260 9022.7100 10492.2822 405.2260 9070.0395 10360.9686 418.8180 9071.5447 10361.5112 418.8180 9024.2153 10492.8248 405.2260 9070.7921 10361.2399 419.6180 9023.4627 10492.5535 406.0260 9023.4627 10492.5535 404.4260 9070.7921 10361.2399 419.6180 9023.4627 10492.5535 404.4260 9070.7921 10361.2399 418.0180 9022.7338 10492.2238 405.2260 8958.0448 10639.1182 389.1510 8956.5870 10638.4588 389.1510 9022.7338 10492.2238 405.2260 9024.1916 10492.8832 405.2260 8958.0448 10639.1182 389.1510 9023.4627 10492.5535 406.0260 8957.3159 10638.7885 389.9510 8957.3159 10638.7885 388.3510 9023.4627 10492.5535 406.0260 8957.3159 10638.7885 388.3510 9023.4627 10492.5535 404.4260 8956.6063 10638.4192 389.1510 8875.1646 10798.3531 370.6260 8873.7454 10797.6144 370.6260 8956.6063 10638.4192 389.1510 8958.0255 10639.1579 389.1510 8875.1646 10798.3531 370.6260 8957.3159 10638.7885 389.9510 8874.4550 10797.9837 371.4260 8874.4550 10797.9837 369.8260 8957.3159 10638.7885 389.9510 8874.4550 10797.9837 369.8260 8957.3159 10638.7885 388.3510 8873.7608 10797.5861 370.6260 8777.6756 10968.5458 349.7290 8776.2873 10967.7506 349.7290 8873.7608 10797.5861 370.6260 8875.1492 10798.3814 370.6260 8777.6756 10968.5458 349.7290 8874.4550 10797.9837 371.4260 8776.9815 10968.1482 350.5290 8776.9815 10968.1482 348.9290 8874.4550 10797.9837 371.4260 8776.9815 10968.1482 348.9290 8874.4550 10797.9837 369.8260 8776.2997 10967.7296 349.7290 8667.6817 11147.6927 326.5750 8666.3182 11146.8555 326.5750 8776.2997 10967.7296 349.7290 8777.6632 10968.5668 349.7290 8667.6817 11147.6927 326.5750 8776.9815 10968.1482 350.5290 8667.0000 11147.2741 327.3750 8667.0000 11147.2741 325.7750 8776.9815 10968.1482 350.5290 8667.0000 11147.2741 325.7750 8776.9815 10968.1482 348.9290 8666.3283 11146.8395 326.5750 8547.2846 11333.7793 301.3190 8545.9413 11332.9102 301.3190 8666.3283 11146.8395 326.5750 8667.6717 11147.7086 326.5750 8547.2846 11333.7793 301.3190 8667.0000 11147.2741 327.3750 8546.6129 11333.3447 302.1190 8546.6129 11333.3447 300.5190 8667.0000 11147.2741 327.3750 8546.6129 11333.3447 300.5190 8667.0000 11147.2741 325.7750 8545.9495 11332.8977 301.3190 8418.5914 11524.7858 274.1570 8417.2644 11523.8918 274.1570 8545.9495 11332.8977 301.3190 8547.2764 11333.7918 301.3190 8418.5914 11524.7858 274.1570 8546.6129 11333.3447 302.1190 8417.9279 11524.3388 274.9570 8417.9279 11524.3388 273.3570 8546.6129 11333.3447 302.1190 8417.9279 11524.3388 273.3570 8546.6129 11333.3447 300.5190 8417.2712 11523.8820 274.1570 8283.7091 11718.6888 245.3310 8282.3956 11717.7751 245.3310 8417.2712 11523.8820 274.1570 8418.5846 11524.7957 274.1570 8283.7091 11718.6888 245.3310 8417.9279 11524.3388 274.9570 8283.0524 11718.2320 246.1310 8283.0524 11718.2320 244.5310 8417.9279 11524.3388 274.9570 8283.0524 11718.2320 244.5310 8417.9279 11524.3388 273.3570 8282.4011 11717.7673 245.3310 8144.7439 11913.4625 215.1320 8143.4414 11912.5332 215.1320 8282.4011 11717.7673 245.3310 8283.7036 11718.6966 245.3310 8144.7439 11913.4625 215.1320 8283.0524 11718.2320 246.1310 8144.0926 11912.9979 215.9320 8144.0926 11912.9979 214.3320 8283.0524 11718.2320 246.1310 8144.0926 11912.9979 214.3320 8283.0524 11718.2320 244.5310 8143.4458 11912.5271 215.1320 8003.8043 12107.0798 183.8960 8002.5108 12106.1382 183.8960 8143.4458 11912.5271 215.1320 8144.7394 11913.4687 215.1320 8003.8043 12107.0798 183.8960 8144.0926 11912.9979 215.9320 8003.1575 12106.6090 184.6960 8003.1575 12106.6090 183.0960 8144.0926 11912.9979 215.9320 8003.1575 12106.6090 183.0960 8144.0926 11912.9979 214.3320 8002.5143 12106.1334 183.8960 7862.9987 12297.5123 152.0150 7861.7122 12296.5610 152.0150 8002.5143 12106.1334 183.8960 8003.8008 12107.0846 183.8960 7862.9987 12297.5123 152.0150 8003.1575 12106.6090 184.6960 7862.3555 12297.0367 152.8150 7862.3555 12297.0367 151.2150 8003.1575 12106.6090 184.6960 7862.3555 12297.0367 151.2150 8003.1575 12106.6090 183.0960 7861.7149 12296.5575 152.0150 7724.4378 12482.7309 119.9250 7723.1566 12481.7724 119.9250 7861.7149 12296.5575 152.0150 7862.9961 12297.5159 152.0150 7724.4378 12482.7309 119.9250 7862.3555 12297.0367 152.8150 7723.7972 12482.2517 120.7250 7723.7972 12482.2517 119.1250 7862.3555 12297.0367 152.8150 7723.7972 12482.2517 119.1250 7862.3555 12297.0367 151.2150 7723.1585 12481.7700 119.9250 7590.2289 12660.7053 88.1110 7588.9514 12659.7419 88.1110 7723.1585 12481.7700 119.9250 7724.4360 12482.7333 119.9250 7590.2289 12660.7053 88.1110 7723.7972 12482.2517 120.7250 7589.5902 12660.2236 88.9110 7589.5902 12660.2236 87.3110 7723.7972 12482.2517 120.7250 7589.5902 12660.2236 87.3110 7723.7972 12482.2517 119.1250 7588.9524 12659.7407 88.1110 7462.4842 12829.4052 57.1010 7461.2086 12828.4394 57.1010 7588.9524 12659.7407 88.1110 7590.2280 12660.7066 88.1110 7462.4842 12829.4052 57.1010 7589.5902 12660.2236 88.9110 7461.8464 12828.9223 57.9010 7461.8464 12828.9223 56.3010 7589.5902 12660.2236 88.9110 7461.8464 12828.9223 56.3010 7589.5902 12660.2236 87.3110 7461.2086 12828.4394 57.1010 7343.3159 12986.7967 27.4580 7342.0403 12985.8309 27.4580 7461.2086 12828.4394 57.1010 7462.4842 12829.4052 57.1010 7343.3159 12986.7967 27.4580 7461.8464 12828.9223 57.9010 7342.6781 12986.3138 28.2580 7342.6781 12986.3138 26.6580 7461.8464 12828.9223 57.9010 7342.6781 12986.3138 26.6580 7461.8464 12828.9223 56.3010 7342.0391 12985.8326 27.4580 7234.8365 13130.8436 -0.2210 7233.5584 13129.8810 -0.2210 7342.0391 12985.8326 27.4580 7343.3172 12986.7951 27.4580 7234.8365 13130.8436 -0.2210 7342.6781 12986.3138 28.2580 7234.1975 13130.3623 0.5790 7234.1975 13130.3623 -1.0210 7342.6781 12986.3138 28.2580 7234.1975 13130.3623 -1.0210 7342.6781 12986.3138 26.6580 7233.5555 13129.8849 -0.2210 7139.1643 13259.5044 -25.3190 7137.8804 13258.5496 -25.3190 7233.5555 13129.8849 -0.2210 7234.8394 13130.8397 -0.2210 7139.1643 13259.5044 -25.3190 7234.1975 13130.3623 0.5790 7138.5224 13259.0270 -24.5190 7138.5224 13259.0270 -26.1190 7234.1975 13130.3623 0.5790 7138.5224 13259.0270 -26.1190 7234.1975 13130.3623 -1.0210 7137.8750 13258.5570 -25.3190 7058.4261 13370.7203 -47.2050 7057.1313 13369.7804 -47.2050 7137.8750 13258.5570 -25.3190 7139.1698 13259.4970 -25.3190 7058.4261 13370.7203 -47.2050 7138.5224 13259.0270 -24.5190 7057.7787 13370.2503 -46.4050 7057.7787 13370.2503 -48.0050 7138.5224 13259.0270 -24.5190 7057.7787 13370.2503 -48.0050 7138.5224 13259.0270 -26.1190 7057.1216 13369.7941 -47.2050 6994.6019 13462.6476 -65.2540 6993.2876 13461.7351 -65.2540 7057.1216 13369.7941 -47.2050 7058.4359 13370.7066 -47.2050 6994.6019 13462.6476 -65.2540 7057.7787 13370.2503 -46.4050 6993.9447 13462.1913 -64.4540 6993.9447 13462.1913 -66.0540 7057.7787 13370.2503 -46.4050 6993.9447 13462.1913 -66.0540 7057.7787 13370.2503 -48.0050 -4.4239 7.0227 0.0000 87.7858 63.2176 16.6160 86.9330 64.5714 16.6160 -4.4239 7.0227 0.0000 -3.5711 5.6689 0.0000 87.7858 63.2176 16.6160 -3.9975 6.3458 0.8000 87.3594 63.8945 17.4160 87.3594 63.8945 15.8160 -3.9975 6.3458 0.8000 87.3594 63.8945 15.8160 -3.9975 6.3458 -0.8000 86.9440 64.5782 16.6160 193.2416 127.2943 35.3660 192.4108 128.6617 35.3660 86.9440 64.5782 16.6160 87.7748 63.2109 16.6160 193.2416 127.2943 35.3660 87.3594 63.8945 17.4160 192.8262 127.9780 36.1660 192.8262 127.9780 34.5660 87.3594 63.8945 17.4160 192.8262 127.9780 34.5660 87.3594 63.8945 15.8160 192.4184 128.6662 35.3660 311.8561 197.5906 56.0060 311.0403 198.9670 56.0060 192.4184 128.6662 35.3660 193.2341 127.2898 35.3660 311.8561 197.5906 56.0060 192.8262 127.9780 36.1660 311.4482 198.2788 56.8060 311.4482 198.2788 55.2060 192.8262 127.9780 36.1660 311.4482 198.2788 55.2060 192.8262 127.9780 34.5660 311.0455 198.9701 56.0060 442.6692 273.7838 78.2860 441.8639 275.1664 78.2860 311.0455 198.9701 56.0060 311.8508 197.5875 56.0060 442.6692 273.7838 78.2860 311.4482 198.2788 56.8060 442.2665 274.4751 79.0860 442.2665 274.4751 77.4860 311.4482 198.2788 56.8060 442.2665 274.4751 77.4860 311.4482 198.2788 55.2060 441.8674 275.1685 78.2860 584.7210 355.5490 101.9570 583.9229 356.9357 101.9570 441.8674 275.1685 78.2860 442.6656 273.7818 78.2860 584.7210 355.5490 101.9570 442.2665 274.4751 79.0860 584.3220 356.2424 102.7570 584.3220 356.2424 101.1570 442.2665 274.4751 79.0860 584.3220 356.2424 101.1570 442.2665 274.4751 77.4860 583.9251 356.9370 101.9570 737.0489 442.5626 126.7720 736.2553 443.9519 126.7720 583.9251 356.9370 101.9570 584.7188 355.5477 101.9570 737.0489 442.5626 126.7720 584.3220 356.2424 102.7570 736.6521 443.2573 127.5720 736.6521 443.2573 125.9720 584.3220 356.2424 102.7570 736.6521 443.2573 125.9720 584.3220 356.2424 101.1570 736.2565 443.9527 126.7720 898.6899 534.4984 152.4880 897.8989 535.8892 152.4880 736.2565 443.9527 126.7720 737.0476 442.5619 126.7720 898.6899 534.4984 152.4880 736.6521 443.2573 127.5720 898.2944 535.1938 153.2880 898.2944 535.1938 151.6880 736.6521 443.2573 127.5720 898.2944 535.1938 151.6880 736.6521 443.2573 125.9720 897.8994 535.8894 152.4880 1068.6804 631.0319 178.8680 1067.8903 632.4232 178.8680 897.8994 535.8894 152.4880 898.6895 534.4981 152.4880 1068.6804 631.0319 178.8680 898.2944 535.1938 153.2880 1068.2853 631.7276 179.6680 1068.2853 631.7276 178.0680 898.2944 535.1938 153.2880 1068.2853 631.7276 178.0680 898.2944 535.1938 151.6880 1067.8900 632.4231 178.8680 1246.0556 731.8355 205.6850 1245.2651 733.2266 205.6850 1067.8900 632.4231 178.8680 1068.6806 631.0320 178.8680 1246.0556 731.8355 205.6850 1068.2853 631.7276 179.6680 1245.6604 732.5311 206.4850 1245.6604 732.5311 204.8850 1068.2853 631.7276 179.6680 1245.6604 732.5311 204.8850 1068.2853 631.7276 178.0680 1245.2643 733.2261 205.6850 1429.8533 836.5855 232.7210 1429.0610 837.9755 232.7210 1245.2643 733.2261 205.6850 1246.0565 731.8360 205.6850 1429.8533 836.5855 232.7210 1245.6604 732.5311 206.4850 1429.4572 837.2805 233.5210 1429.4572 837.2805 231.9210 1245.6604 732.5311 206.4850 1429.4572 837.2805 231.9210 1245.6604 732.5311 204.8850 1429.0596 837.9747 232.7210 1619.1095 944.9558 259.7700 1618.3145 946.3443 259.7700 1429.0596 837.9747 232.7210 1429.8547 836.5863 232.7210 1619.1095 944.9558 259.7700 1429.4572 837.2805 233.5210 1618.7120 945.6501 260.5700 1618.7120 945.6501 258.9700 1429.4572 837.2805 233.5210 1618.7120 945.6501 258.9700 1429.4572 837.2805 231.9210 1618.3125 946.3432 259.7700 1812.8584 1056.6186 286.6390 1812.0595 1058.0049 286.6390 1618.3125 946.3432 259.7700 1619.1115 944.9569 259.7700 1812.8584 1056.6186 286.6390 1618.7120 945.6501 260.5700 1812.4589 1057.3117 287.4390 1812.4589 1057.3117 285.8390 1618.7120 945.6501 260.5700 1812.4589 1057.3117 285.8390 1618.7120 945.6501 258.9700 1812.0570 1058.0034 286.6390 2010.1361 1171.2498 313.1500 2009.3322 1172.6332 313.1500 1812.0570 1058.0034 286.6390 1812.8609 1056.6200 286.6390 2010.1361 1171.2498 313.1500 1812.4589 1057.3117 287.4390 2009.7342 1171.9415 313.9500 2009.7342 1171.9415 312.3500 1812.4589 1057.3117 287.4390 2009.7342 1171.9415 312.3500 1812.4589 1057.3117 285.8390 2009.3293 1172.6315 313.1500 2209.9793 1288.5212 339.1380 2209.1695 1289.9012 339.1380 2009.3293 1172.6315 313.1500 2010.1391 1171.2515 313.1500 2209.9793 1288.5212 339.1380 2009.7342 1171.9415 313.9500 2209.5744 1289.2112 339.9380 2209.5744 1289.2112 338.3380 2009.7342 1171.9415 313.9500 2209.5744 1289.2112 338.3380 2009.7342 1171.9415 312.3500 2209.1661 1289.8991 339.1380 2411.4220 1408.1077 364.4540 2410.6052 1409.4835 364.4540 2209.1661 1289.8991 339.1380 2209.9828 1288.5233 339.1380 2411.4220 1408.1077 364.4540 2209.5744 1289.2112 339.9380 2411.0136 1408.7956 365.2540 2411.0136 1408.7956 363.6540 2209.5744 1289.2112 339.9380 2411.0136 1408.7956 363.6540 2209.5744 1289.2112 338.3380 2410.6012 1409.4811 364.4540 2613.4998 1529.6839 388.9670 2612.6749 1531.0549 388.9670 2410.6012 1409.4811 364.4540 2411.4260 1408.1101 364.4540 2613.4998 1529.6839 388.9670 2411.0136 1408.7956 365.2540 2613.0874 1530.3694 389.7670 2613.0874 1530.3694 388.1670 2411.0136 1408.7956 365.2540 2613.0874 1530.3694 388.1670 2411.0136 1408.7956 363.6540 2612.6703 1531.0521 388.9670 2815.2493 1652.9214 412.5610 2814.4152 1654.2868 412.5610 2612.6703 1531.0521 388.9670 2613.5044 1529.6867 388.9670 2815.2493 1652.9214 412.5610 2613.0874 1530.3694 389.7670 2814.8323 1653.6041 413.3610 2814.8323 1653.6041 411.7610 2613.0874 1530.3694 389.7670 2814.8323 1653.6041 411.7610 2613.0874 1530.3694 388.1670 2814.4100 1654.2836 412.5610 3015.7030 1777.4938 435.1360 3014.8585 1778.8528 435.1360 2814.4100 1654.2836 412.5610 2815.2545 1652.9246 412.5610 3015.7030 1777.4938 435.1360 2814.8323 1653.6041 413.3610 3015.2808 1778.1733 435.9360 3015.2808 1778.1733 434.3360 2814.8323 1653.6041 413.3610 3015.2808 1778.1733 434.3360 2814.8323 1653.6041 411.7610 3014.8526 1778.8490 435.1360 3213.8984 1903.0764 456.6110 3213.0420 1904.4280 456.6110 3014.8526 1778.8490 435.1360 3015.7089 1777.4975 435.1360 3213.8984 1903.0764 456.6110 3015.2808 1778.1733 435.9360 3213.4702 1903.7522 457.4110 3213.4702 1903.7522 455.8110 3015.2808 1778.1733 435.9360 3213.4702 1903.7522 455.8110 3015.2808 1778.1733 434.3360 3213.0353 1904.4237 456.6110 3408.8695 2029.3405 476.9190 3407.9998 2030.6834 476.9190 3213.0353 1904.4237 456.6110 3213.9050 1903.0807 456.6110 3408.8695 2029.3405 476.9190 3213.4702 1903.7522 457.4110 3408.4346 2030.0119 477.7190 3408.4346 2030.0119 476.1190 3213.4702 1903.7522 457.4110 3408.4346 2030.0119 476.1190 3213.4702 1903.7522 455.8110 3407.9922 2030.6785 476.9190 3599.6514 2155.9598 496.0110 3598.7667 2157.2929 496.0110 3407.9922 2030.6785 476.9190 3408.8770 2029.3454 476.9190 3599.6514 2155.9598 496.0110 3408.4346 2030.0119 477.7190 3599.2090 2156.6264 496.8110 3599.2090 2156.6264 495.2110 3408.4346 2030.0119 477.7190 3599.2090 2156.6264 495.2110 3408.4346 2030.0119 476.1190 3598.7582 2157.2872 496.0110 3785.2770 2282.6062 513.8540 3784.3753 2283.9279 513.8540 3598.7582 2157.2872 496.0110 3599.6599 2155.9655 496.0110 3785.2770 2282.6062 513.8540 3599.2090 2156.6264 496.8110 3784.8261 2283.2671 514.6540 3784.8261 2283.2671 513.0540 3599.2090 2156.6264 496.8110 3784.8261 2283.2671 513.0540 3599.2090 2156.6264 495.2110 3784.3657 2283.9213 513.8540 3964.7817 2408.9519 530.4280 3963.8608 2410.2603 530.4280 3784.3657 2283.9213 513.8540 3785.2866 2282.6129 513.8540 3964.7817 2408.9519 530.4280 3784.8261 2283.2671 514.6540 3964.3213 2409.6061 531.2280 3964.3213 2409.6061 529.6280 3784.8261 2283.2671 514.6540 3964.3213 2409.6061 529.6280 3784.8261 2283.2671 513.0540 3963.8499 2410.2525 530.4280 4137.1998 2534.6695 545.7300 4136.2571 2535.9623 545.7300 3963.8499 2410.2525 530.4280 3964.7926 2408.9597 530.4280 4137.1998 2534.6695 545.7300 3964.3213 2409.6061 531.2280 4136.7284 2535.3159 546.5300 4136.7284 2535.3159 544.9300 3964.3213 2409.6061 531.2280 4136.7284 2535.3159 544.9300 3964.3213 2409.6061 529.6280 4136.2447 2535.9531 545.7300 4301.5629 2659.4290 559.7670 4300.5955 2660.7034 559.7670 4136.2447 2535.9531 545.7300 4137.2121 2534.6787 545.7300 4301.5629 2659.4290 559.7670 4136.7284 2535.3159 546.5300 4301.0792 2660.0662 560.5670 4301.0792 2660.0662 558.9670 4136.7284 2535.3159 546.5300 4301.0792 2660.0662 558.9670 4136.7284 2535.3159 544.9300 4300.5814 2660.6925 559.7670 4456.9054 2782.9012 572.5620 4455.9098 2784.1537 572.5620 4300.5814 2660.6925 559.7670 4301.5770 2659.4399 559.7670 4456.9054 2782.9012 572.5620 4301.0792 2660.0662 560.5670 4456.4076 2783.5275 573.3620 4456.4076 2783.5275 571.7620 4301.0792 2660.0662 560.5670 4456.4076 2783.5275 571.7620 4301.0792 2660.0662 558.9670 4455.8937 2784.1405 572.5620 4602.2590 2904.7534 584.1480 4601.2311 2905.9795 584.1480 4455.8937 2784.1405 572.5620 4456.9216 2782.9144 572.5620 4602.2590 2904.7534 584.1480 4456.4076 2783.5275 573.3620 4601.7450 2905.3664 584.9480 4601.7450 2905.3664 583.3480 4456.4076 2783.5275 573.3620 4601.7450 2905.3664 583.3480 4456.4076 2783.5275 571.7620 4601.2125 2905.9634 584.1480 4736.6555 3024.6504 594.5660 4735.5904 3025.8444 594.5660 4601.2125 2905.9634 584.1480 4602.2776 2904.7695 584.1480 4736.6555 3024.6504 594.5660 4601.7450 2905.3664 584.9480 4736.1229 3025.2474 595.3660 4736.1229 3025.2474 593.7660 4601.7450 2905.3664 584.9480 4736.1229 3025.2474 593.7660 4601.7450 2905.3664 583.3480 4735.5688 3025.8244 594.5660 4859.0911 3142.2205 603.8680 4857.9829 3143.3746 603.8680 4735.5688 3025.8244 594.5660 4736.6771 3024.6704 594.5660 4859.0911 3142.2205 603.8680 4736.1229 3025.2474 595.3660 4858.5370 3142.7976 604.6680 4858.5370 3142.7976 603.0680 4736.1229 3025.2474 595.3660 4858.5370 3142.7976 603.0680 4736.1229 3025.2474 593.7660 4857.9542 3143.3456 603.8680 5020.6698 3314.0465 615.9460 5019.5042 3315.1426 615.9460 4857.9542 3143.3456 603.8680 4859.1198 3142.2495 603.8680 5020.6698 3314.0465 615.9460 4858.5370 3142.7976 604.6680 5020.0870 3314.5946 616.7460 5020.0870 3314.5946 615.1460 4858.5370 3142.7976 604.6680 5020.0870 3314.5946 615.1460 4858.5370 3142.7976 603.0680 5019.4733 3315.1077 615.9460 5169.0470 3491.5041 626.8390 5167.8195 3492.5304 626.8390 5019.4733 3315.1077 615.9460 5020.7007 3314.0814 615.9460 5169.0470 3491.5041 626.8390 5020.0870 3314.5946 616.7460 5168.4332 3492.0173 627.6390 5168.4332 3492.0173 626.0390 5020.0870 3314.5946 616.7460 5168.4332 3492.0173 626.0390 5020.0870 3314.5946 615.1460 5167.7923 3492.4960 626.8390 5305.2392 3673.8169 636.6340 5303.9574 3674.7745 636.6340 5167.7923 3492.4960 626.8390 5169.0741 3491.5385 626.8390 5305.2392 3673.8169 636.6340 5168.4332 3492.0173 627.6390 5304.5983 3674.2957 637.4340 5304.5983 3674.2957 635.8340 5168.4332 3492.0173 627.6390 5304.5983 3674.2957 635.8340 5168.4332 3492.0173 626.0390 5303.9339 3674.7414 636.6340 5430.2690 3860.2123 645.4020 5428.9403 3861.1036 645.4020 5303.9339 3674.7414 636.6340 5305.2627 3673.8501 636.6340 5430.2690 3860.2123 645.4020 5304.5983 3674.2957 637.4340 5429.6046 3860.6580 646.2020 5429.6046 3860.6580 644.6020 5304.5983 3674.2957 637.4340 5429.6046 3860.6580 644.6020 5304.5983 3674.2957 635.8340 5428.9203 3861.0724 645.4020 5545.1581 4049.9177 653.1930 5543.7895 4050.7465 653.1930 5428.9203 3861.0724 645.4020 5430.2889 3860.2436 645.4020 5545.1581 4049.9177 653.1930 5429.6046 3860.6580 646.2020 5544.4738 4050.3321 653.9930 5544.4738 4050.3321 652.3930 5429.6046 3860.6580 646.2020 5544.4738 4050.3321 652.3930 5429.6046 3860.6580 644.6020 5543.7729 4050.7177 653.1930 5650.9259 4242.1607 660.0490 5649.5240 4242.9320 660.0490 5543.7729 4050.7177 653.1930 5545.1747 4049.9465 653.1930 5650.9259 4242.1607 660.0490 5544.4738 4050.3321 653.9930 5650.2249 4242.5463 660.8490 5650.2249 4242.5463 659.2490 5544.4738 4050.3321 653.9930 5650.2249 4242.5463 659.2490 5544.4738 4050.3321 652.3930 5649.5104 4242.9061 660.0490 5748.5937 4436.1661 666.0010 5747.1646 4436.8855 666.0010 5649.5104 4242.9061 660.0490 5650.9395 4242.1866 660.0490 5748.5937 4436.1661 666.0010 5650.2249 4242.5463 660.8490 5747.8791 4436.5258 666.8010 5747.8791 4436.5258 665.2010 5650.2249 4242.5463 660.8490 5747.8791 4436.5258 665.2010 5650.2249 4242.5463 659.2490 5747.1536 4436.8629 666.0010 5839.1811 4631.1592 671.0740 5837.7300 4631.8333 671.0740 5747.1536 4436.8629 666.0010 5748.6047 4436.1888 666.0010 5839.1811 4631.1592 671.0740 5747.8791 4436.5258 666.8010 5838.4556 4631.4963 671.8740 5838.4556 4631.4963 670.2740 5747.8791 4436.5258 666.8010 5838.4556 4631.4963 670.2740 5747.8791 4436.5258 665.2010 5837.7214 4631.8142 671.0740 5923.7118 4826.3647 675.2940 5922.2436 4827.0005 675.2940 5837.7214 4631.8142 671.0740 5839.1897 4631.1784 671.0740 5923.7118 4826.3647 675.2940 5838.4556 4631.4963 671.8740 5922.9777 4826.6826 676.0940 5922.9777 4826.6826 674.4940 5838.4556 4631.4963 671.8740 5922.9777 4826.6826 674.4940 5838.4556 4631.4963 670.2740 5922.2371 4826.9851 675.2940 6003.2043 5021.0084 678.6820 6001.7231 5021.6134 678.6820 5922.2371 4826.9851 675.2940 5923.7183 4826.3801 675.2940 6003.2043 5021.0084 678.6820 5922.9777 4826.6826 676.0940 6002.4637 5021.3109 679.4820 6002.4637 5021.3109 677.8820 5922.9777 4826.6826 676.0940 6002.4637 5021.3109 677.8820 5922.9777 4826.6826 674.4940 6001.7185 5021.6019 678.6820 6078.6833 5214.3129 681.2640 6077.1929 5214.8948 681.2640 6001.7185 5021.6019 678.6820 6003.2089 5021.0199 678.6820 6078.6833 5214.3129 681.2640 6002.4637 5021.3109 679.4820 6077.9381 5214.6039 682.0640 6077.9381 5214.6039 680.4640 6002.4637 5021.3109 679.4820 6077.9381 5214.6039 680.4640 6002.4637 5021.3109 677.8820 6077.1901 5214.8875 681.2640 6151.1714 5405.5037 683.0680 6149.6753 5406.0709 683.0680 6077.1901 5214.8875 681.2640 6078.6862 5214.3202 681.2640 6151.1714 5405.5037 683.0680 6077.9381 5214.6039 682.0640 6150.4234 5405.7873 683.8680 6150.4234 5405.7873 682.2680 6077.9381 5214.6039 682.0640 6150.4234 5405.7873 682.2680 6077.9381 5214.6039 680.4640 6149.6742 5406.0679 683.0680 6221.6899 5593.8061 684.1270 6220.1916 5594.3672 684.1270 6149.6742 5406.0679 683.0680 6151.1726 5405.5068 683.0680 6221.6899 5593.8061 684.1270 6150.4234 5405.7873 683.8680 6220.9407 5594.0866 684.9270 6220.9407 5594.0866 683.3270 6150.4234 5405.7873 683.8680 6220.9407 5594.0866 683.3270 6150.4234 5405.7873 682.2680 6220.1921 5594.3687 684.1270 6291.2661 5778.4441 684.4760 6289.7688 5779.0082 684.4760 6220.1921 5594.3687 684.1270 6221.6894 5593.8045 684.1270 6291.2661 5778.4441 684.4760 6220.9407 5594.0866 684.9270 6290.5175 5778.7262 685.2760 6290.5175 5778.7262 683.6760 6220.9407 5594.0866 684.9270 6290.5175 5778.7262 683.6760 6220.9407 5594.0866 683.3270 6289.7713 5779.0146 684.4760 6360.9242 5958.6443 684.1560 6359.4318 5959.2212 684.1560 6289.7713 5779.0146 684.4760 6291.2637 5778.4377 684.4760 6360.9242 5958.6443 684.1560 6290.5175 5778.7262 685.2760 6360.1780 5958.9328 684.9560 6360.1780 5958.9328 683.3560 6290.5175 5778.7262 685.2760 6360.1780 5958.9328 683.3560 6290.5175 5778.7262 683.6760 6359.4364 5959.2327 684.1560 6431.6910 6133.6327 683.2110 6430.2077 6134.2325 683.2110 6359.4364 5959.2327 684.1560 6360.9197 5958.6328 684.1560 6431.6910 6133.6327 683.2110 6360.1780 5958.9328 684.9560 6430.9494 6133.9326 684.0110 6430.9494 6133.9326 682.4110 6360.1780 5958.9328 684.9560 6430.9494 6133.9326 682.4110 6360.1780 5958.9328 683.3560 6430.2148 6134.2495 683.2110 6504.5959 6302.6340 681.6900 6503.1268 6303.2677 681.6900 6430.2148 6134.2495 683.2110 6431.6840 6133.6157 683.2110 6504.5959 6302.6340 681.6900 6430.9494 6133.9326 684.0110 6503.8613 6302.9508 682.4900 6503.8613 6302.9508 680.8900 6430.9494 6133.9326 684.0110 6503.8613 6302.9508 680.8900 6430.9494 6133.9326 682.4110 6503.1370 6303.2905 681.6900 6580.6700 6464.8743 679.6400 6579.2213 6465.5536 679.6400 6503.1370 6303.2905 681.6900 6504.5857 6302.6112 681.6900 6580.6700 6464.8743 679.6400 6503.8613 6302.9508 682.4900 6579.9457 6465.2139 680.4400 6579.9457 6465.2139 678.8400 6503.8613 6302.9508 682.4900 6579.9457 6465.2139 678.8400 6503.8613 6302.9508 680.8900 6579.2356 6465.5824 679.6400 6660.9437 6619.5769 677.1080 6659.5235 6620.3138 677.1080 6579.2356 6465.5824 679.6400 6580.6558 6464.8455 679.6400 6660.9437 6619.5769 677.1080 6579.9457 6465.2139 680.4400 6660.2336 6619.9454 677.9080 6660.2336 6619.9454 676.3080 6579.9457 6465.2139 680.4400 6660.2336 6619.9454 676.3080 6579.9457 6465.2139 678.8400 6659.5428 6620.3489 677.1080 6746.4066 6765.8909 674.1370 6745.0251 6766.6979 674.1370 6659.5428 6620.3489 677.1080 6660.9244 6619.5419 677.1080 6746.4066 6765.8909 674.1370 6660.2336 6619.9454 677.9080 6745.7159 6766.2944 674.9370 6745.7159 6766.2944 673.3370 6660.2336 6619.9454 677.9080 6745.7159 6766.2944 673.3370 6660.2336 6619.9454 676.3080 6745.0457 6766.7312 674.1370 6883.5162 6976.2334 668.8060 6882.1758 6977.1071 668.8060 6745.0457 6766.7312 674.1370 6746.3860 6765.8575 674.1370 6883.5162 6976.2334 668.8060 6745.7159 6766.2944 674.9370 6882.8460 6976.6702 669.6060 6882.8460 6976.6702 668.0060 6745.7159 6766.2944 674.9370 6882.8460 6976.6702 668.0060 6745.7159 6766.2944 673.3370 6882.1934 6977.1330 668.8060 7022.4470 7172.1513 662.6730 7021.1419 7173.0769 662.6730 6882.1934 6977.1330 668.8060 6883.4986 6976.2075 668.8060 7022.4470 7172.1513 662.6730 6882.8460 6976.6702 669.6060 7021.7944 7172.6141 663.4730 7021.7944 7172.6141 661.8730 6882.8460 6976.6702 669.6060 7021.7944 7172.6141 661.8730 6882.8460 6976.6702 668.0060 7021.1586 7173.0997 662.6730 7162.2040 7355.1437 655.8440 7160.9325 7356.1148 655.8440 7021.1586 7173.0997 662.6730 7022.4302 7172.1285 662.6730 7162.2040 7355.1437 655.8440 7021.7944 7172.6141 663.4730 7161.5682 7355.6293 656.6440 7161.5682 7355.6293 655.0440 7021.7944 7172.6141 663.4730 7161.5682 7355.6293 655.0440 7021.7944 7172.6141 661.8730 7160.9477 7356.1341 655.8440 7301.7949 7526.7134 648.4080 7300.5537 7527.7232 648.4080 7160.9477 7356.1341 655.8440 7162.1888 7355.1244 655.8440 7301.7949 7526.7134 648.4080 7161.5682 7355.6293 656.6440 7301.1743 7527.2183 649.2080 7301.1743 7527.2183 647.6080 7161.5682 7355.6293 656.6440 7301.1743 7527.2183 647.6080 7161.5682 7355.6293 655.0440 7300.5667 7527.7386 648.4080 7440.2243 7688.3647 640.4420 7439.0090 7689.4054 640.4420 7300.5667 7527.7386 648.4080 7301.7819 7526.6979 648.4080 7440.2243 7688.3647 640.4420 7301.1743 7527.2183 649.2080 7439.6166 7688.8851 641.2420 7439.6166 7688.8851 639.6420 7301.1743 7527.2183 649.2080 7439.6166 7688.8851 639.6420 7301.1743 7527.2183 647.6080 7439.0188 7689.4167 640.4420 7576.5013 7841.6016 632.0140 7575.3057 7842.6649 632.0140 7439.0188 7689.4167 640.4420 7440.2144 7688.3534 640.4420 7576.5013 7841.6016 632.0140 7439.6166 7688.8851 641.2420 7575.9035 7842.1333 632.8140 7575.9035 7842.1333 631.2140 7439.6166 7688.8851 641.2420 7575.9035 7842.1333 631.2140 7439.6166 7688.8851 639.6420 7575.3117 7842.6717 632.0140 7709.6326 7987.9278 623.1810 7708.4491 7989.0045 623.1810 7575.3117 7842.6717 632.0140 7576.4952 7841.5949 632.0140 7709.6326 7987.9278 623.1810 7575.9035 7842.1333 632.8140 7709.0409 7988.4661 623.9810 7709.0409 7988.4661 622.3810 7575.9035 7842.1333 632.8140 7709.0409 7988.4661 622.3810 7575.9035 7842.1333 631.2140 7708.4508 7989.0063 623.1810 7838.6287 8128.8446 613.9970 7837.4485 8129.9250 613.9970 7708.4508 7989.0063 623.1810 7709.6310 7987.9260 623.1810 7838.6287 8128.8446 613.9970 7709.0409 7988.4661 623.9810 7838.0386 8129.3848 614.7970 7838.0386 8129.3848 613.1970 7709.0409 7988.4661 623.9810 7838.0386 8129.3848 613.1970 7709.0409 7988.4661 622.3810 7837.4452 8129.9213 613.9970 7962.4976 8265.8527 604.5040 7961.3107 8266.9257 604.5040 7837.4452 8129.9213 613.9970 7838.6320 8128.8483 613.9970 7962.4976 8265.8527 604.5040 7838.0386 8129.3848 614.7970 7961.9042 8266.3892 605.3040 7961.9042 8266.3892 603.7040 7838.0386 8129.3848 614.7970 7961.9042 8266.3892 603.7040 7838.0386 8129.3848 613.1970 7961.3021 8266.9160 604.5040 8080.2533 8400.4542 594.7360 8079.0491 8401.5077 594.7360 7961.3021 8266.9160 604.5040 7962.5063 8265.8625 604.5040 8080.2533 8400.4542 594.7360 7961.9042 8266.3892 605.3040 8079.6512 8400.9810 595.5360 8079.6512 8400.9810 593.9360 7961.9042 8266.3892 605.3040 8079.6512 8400.9810 593.9360 7961.9042 8266.3892 603.7040 8079.0349 8401.4911 594.7360 8190.9100 8534.1454 584.7150 8189.6774 8535.1656 584.7150 8079.0349 8401.4911 594.7360 8080.2675 8400.4709 594.7360 8190.9100 8534.1454 584.7150 8079.6512 8400.9810 595.5360 8190.2937 8534.6555 585.5150 8190.2937 8534.6555 583.9150 8079.6512 8400.9810 595.5360 8190.2937 8534.6555 583.9150 8079.6512 8400.9810 593.9360 8189.6580 8535.1411 584.7150 8293.4881 8668.4276 574.4430 8292.2166 8669.3989 574.4430 8189.6580 8535.1411 584.7150 8190.9295 8534.1698 584.7150 8293.4881 8668.4276 574.4430 8190.2937 8534.6555 585.5150 8292.8524 8668.9132 575.2430 8292.8524 8668.9132 573.6430 8190.2937 8534.6555 585.5150 8292.8524 8668.9132 573.6430 8190.2937 8534.6555 583.9150 8292.1926 8669.3656 574.4430 8387.3657 8805.3386 563.8970 8386.0461 8806.2434 563.8970 8292.1926 8669.3656 574.4430 8293.5122 8668.4608 574.4430 8387.3657 8805.3386 563.8970 8292.8524 8668.9132 575.2430 8386.7059 8805.7910 564.6970 8386.7059 8805.7910 563.0970 8292.8524 8668.9132 575.2430 8386.7059 8805.7910 563.0970 8292.8524 8668.9132 573.6430 8386.0565 8806.2583 563.8970 8536.7569 9012.9525 546.7200 8535.4582 9013.8870 546.7200 8386.0565 8806.2583 563.8970 8387.3552 8805.3238 563.8970 8536.7569 9012.9525 546.7200 8386.7059 8805.7910 564.6970 8536.1076 9013.4197 547.5200 8536.1076 9013.4197 545.9200 8386.7059 8805.7910 564.6970 8536.1076 9013.4197 545.9200 8386.7059 8805.7910 563.0970 8535.4953 9013.9346 546.7200 8688.0555 9192.8863 529.8910 8686.8308 9193.9160 529.8910 8535.4953 9013.9346 546.7200 8536.7199 9012.9049 546.7200 8688.0555 9192.8863 529.8910 8536.1076 9013.4197 547.5200 8687.4432 9193.4011 530.6910 8687.4432 9193.4011 529.0910 8536.1076 9013.4197 547.5200 8687.4432 9193.4011 529.0910 8536.1076 9013.4197 545.9200 8686.8396 9193.9262 529.8910 8830.8148 9356.9932 513.4180 8829.6077 9358.0434 513.4180 8686.8396 9193.9262 529.8910 8688.0467 9192.8761 529.8910 8830.8148 9356.9932 513.4180 8687.4432 9193.4011 530.6910 8830.2113 9357.5183 514.2180 8830.2113 9357.5183 512.6180 8687.4432 9193.4011 530.6910 8830.2113 9357.5183 512.6180 8687.4432 9193.4011 529.0910 8829.5786 9358.0080 513.4180 8954.6616 9516.9980 497.2950 8953.3964 9517.9774 497.2950 8829.5786 9358.0080 513.4180 8830.8439 9357.0286 513.4180 8954.6616 9516.9980 497.2950 8830.2113 9357.5183 514.2180 8954.0290 9517.4877 498.0950 8954.0290 9517.4877 496.4950 8830.2113 9357.5183 514.2180 8954.0290 9517.4877 496.4950 8830.2113 9357.5183 512.6180 8953.3325 9517.8813 497.2950 9049.4459 9684.6906 481.2230 9048.0529 9685.4778 481.2230 8953.3325 9517.8813 497.2950 8954.7255 9517.0941 497.2950 9049.4459 9684.6906 481.2230 8954.0290 9517.4877 498.0950 9048.7494 9685.0842 482.0230 9048.7494 9685.0842 480.4230 8954.0290 9517.4877 498.0950 9048.7494 9685.0842 480.4230 8954.0290 9517.4877 496.4950 9047.9825 9685.3119 481.2230 9105.1427 9872.2319 464.2080 9103.6089 9872.6873 464.2080 9047.9825 9685.3119 481.2230 9049.5163 9684.8565 481.2230 9105.1427 9872.2319 464.2080 9048.7494 9685.0842 482.0230 9104.3758 9872.4596 465.0080 9104.3758 9872.4596 463.4080 9048.7494 9685.0842 482.0230 9104.3758 9872.4596 463.4080 9048.7494 9685.0842 480.4230 9103.5761 9872.4822 464.2080 9111.3927 10092.0232 444.3110 9109.7933 10092.0685 444.3110 9103.5761 9872.4822 464.2080 9105.1755 9872.4369 464.2080 9111.3927 10092.0232 444.3110 9104.3758 9872.4596 465.0080 9110.5930 10092.0458 445.1110 9110.5930 10092.0458 443.5110 9104.3758 9872.4596 465.0080 9110.5930 10092.0458 443.5110 9104.3758 9872.4596 463.4080 9109.8091 10091.8858 444.3110 9057.4637 10356.3161 418.8180 9055.8961 10355.9961 418.8180 9109.8091 10091.8858 444.3110 9111.3768 10092.2058 444.3110 9057.4637 10356.3161 418.8180 9110.5930 10092.0458 445.1110 9056.6799 10356.1561 419.6180 9056.6799 10356.1561 418.0180 9110.5930 10092.0458 445.1110 9056.6799 10356.1561 418.0180 9110.5930 10092.0458 443.5110 9055.9272 10355.8851 418.8180 9010.5480 10486.6435 405.2260 9009.0426 10486.1015 405.2260 9055.9272 10355.8851 418.8180 9057.4326 10356.4271 418.8180 9010.5480 10486.6435 405.2260 9056.6799 10356.1561 419.6180 9009.7953 10486.3725 406.0260 9009.7953 10486.3725 404.4260 9056.6799 10356.1561 419.6180 9009.7953 10486.3725 404.4260 9056.6799 10356.1561 418.0180 9009.0664 10486.0429 405.2260 8944.7391 10632.1931 389.1510 8943.2812 10631.5339 389.1510 9009.0664 10486.0429 405.2260 9010.5243 10486.7021 405.2260 8944.7391 10632.1931 389.1510 9009.7953 10486.3725 406.0260 8944.0101 10631.8635 389.9510 8944.0101 10631.8635 388.3510 9009.7953 10486.3725 406.0260 8944.0101 10631.8635 388.3510 9009.7953 10486.3725 404.4260 8943.3005 10631.4942 389.1510 8862.1487 10790.8976 370.6260 8860.7294 10790.1589 370.6260 8943.3005 10631.4942 389.1510 8944.7198 10632.2328 389.1510 8862.1487 10790.8976 370.6260 8944.0101 10631.8635 389.9510 8861.4390 10790.5283 371.4260 8861.4390 10790.5283 369.8260 8944.0101 10631.8635 389.9510 8861.4390 10790.5283 369.8260 8944.0101 10631.8635 388.3510 8860.7448 10790.1306 370.6260 8764.8927 10960.6974 349.7290 8763.5044 10959.9022 349.7290 8860.7448 10790.1306 370.6260 8862.1332 10790.9259 370.6260 8764.8927 10960.6974 349.7290 8861.4390 10790.5283 371.4260 8764.1985 10960.2998 350.5290 8764.1985 10960.2998 348.9290 8861.4390 10790.5283 371.4260 8764.1985 10960.2998 348.9290 8861.4390 10790.5283 369.8260 8763.5168 10959.8812 349.7290 8655.0878 11139.5445 326.5750 8653.7243 11138.7074 326.5750 8763.5168 10959.8812 349.7290 8764.8803 10960.7184 349.7290 8655.0878 11139.5445 326.5750 8764.1985 10960.2998 350.5290 8654.4060 11139.1259 327.3750 8654.4060 11139.1259 325.7750 8764.1985 10960.2998 350.5290 8654.4060 11139.1259 325.7750 8764.1985 10960.2998 348.9290 8653.7343 11138.6914 326.5750 8534.8447 11325.3978 301.3190 8533.5014 11324.5287 301.3190 8653.7343 11138.6914 326.5750 8655.0777 11139.5605 326.5750 8534.8447 11325.3978 301.3190 8654.4060 11139.1259 327.3750 8534.1731 11324.9633 302.1190 8534.1731 11324.9633 300.5190 8654.4060 11139.1259 327.3750 8534.1731 11324.9633 300.5190 8654.4060 11139.1259 325.7750 8533.5096 11324.5162 301.3190 8406.2776 11516.2202 274.1570 8404.9506 11515.3262 274.1570 8533.5096 11324.5162 301.3190 8534.8365 11325.4103 301.3190 8406.2776 11516.2202 274.1570 8534.1731 11324.9633 302.1190 8405.6141 11515.7732 274.9570 8405.6141 11515.7732 273.3570 8534.1731 11324.9633 302.1190 8405.6141 11515.7732 273.3570 8534.1731 11324.9633 300.5190 8404.9574 11515.3163 274.1570 8271.4984 11709.9769 245.3310 8270.1849 11709.0632 245.3310 8404.9574 11515.3163 274.1570 8406.2708 11516.2300 274.1570 8271.4984 11709.9769 245.3310 8405.6141 11515.7732 274.9570 8270.8416 11709.5200 246.1310 8270.8416 11709.5200 244.5310 8405.6141 11515.7732 274.9570 8270.8416 11709.5200 244.5310 8405.6141 11515.7732 273.3570 8270.1904 11709.0554 245.3310 8132.6166 11904.6348 215.1320 8131.3141 11903.7055 215.1320 8270.1904 11709.0554 245.3310 8271.4929 11709.9847 245.3310 8132.6166 11904.6348 215.1320 8270.8416 11709.5200 246.1310 8131.9654 11904.1701 215.9320 8131.9654 11904.1701 214.3320 8270.8416 11709.5200 246.1310 8131.9654 11904.1701 214.3320 8270.8416 11709.5200 244.5310 8131.3186 11903.6993 215.1320 7991.7432 12098.1618 183.8960 7990.4497 12097.2202 183.8960 8131.3186 11903.6993 215.1320 8132.6122 11904.6409 215.1320 7991.7432 12098.1618 183.8960 8131.9654 11904.1701 215.9320 7991.0965 12097.6910 184.6960 7991.0965 12097.6910 183.0960 8131.9654 11904.1701 215.9320 7991.0965 12097.6910 183.0960 8131.9654 11904.1701 214.3320 7990.4532 12097.2154 183.8960 7850.9878 12288.5270 152.0150 7849.7013 12287.5757 152.0150 7990.4532 12097.2154 183.8960 7991.7397 12098.1666 183.8960 7850.9878 12288.5270 152.0150 7991.0965 12097.6910 184.6960 7850.3445 12288.0513 152.8150 7850.3445 12288.0513 151.2150 7991.0965 12097.6910 184.6960 7850.3445 12288.0513 151.2150 7991.0965 12097.6910 183.0960 7849.7039 12287.5721 152.0150 7712.4614 12473.6996 119.9250 7711.1802 12472.7411 119.9250 7849.7039 12287.5721 152.0150 7850.9851 12288.5305 152.0150 7712.4614 12473.6996 119.9250 7850.3445 12288.0513 152.8150 7711.8208 12473.2203 120.7250 7711.8208 12473.2203 119.1250 7850.3445 12288.0513 152.8150 7711.8208 12473.2203 119.1250 7850.3445 12288.0513 151.2150 7711.1820 12472.7387 119.9250 7578.2706 12651.6501 88.1110 7576.9931 12650.6867 88.1110 7711.1820 12472.7387 119.9250 7712.4595 12473.7020 119.9250 7578.2706 12651.6501 88.1110 7711.8208 12473.2203 120.7250 7577.6318 12651.1684 88.9110 7577.6318 12651.1684 87.3110 7711.8208 12473.2203 120.7250 7577.6318 12651.1684 87.3110 7711.8208 12473.2203 119.1250 7576.9940 12650.6854 88.1110 7450.5254 12820.3506 57.1010 7449.2498 12819.3848 57.1010 7576.9940 12650.6854 88.1110 7578.2696 12651.6513 88.1110 7450.5254 12820.3506 57.1010 7577.6318 12651.1684 88.9110 7449.8876 12819.8677 57.9010 7449.8876 12819.8677 56.3010 7577.6318 12651.1684 88.9110 7449.8876 12819.8677 56.3010 7577.6318 12651.1684 87.3110 7449.2498 12819.3848 57.1010 7331.3337 12977.7731 27.4580 7330.0581 12976.8073 27.4580 7449.2498 12819.3848 57.1010 7450.5254 12820.3506 57.1010 7331.3337 12977.7731 27.4580 7449.8876 12819.8677 57.9010 7330.6959 12977.2902 28.2580 7330.6959 12977.2902 26.6580 7449.8876 12819.8677 57.9010 7330.6959 12977.2902 26.6580 7449.8876 12819.8677 56.3010 7330.0568 12976.8089 27.4580 7222.7996 13121.8930 -0.2210 7221.5215 13120.9304 -0.2210 7330.0568 12976.8089 27.4580 7331.3349 12977.7714 27.4580 7222.7996 13121.8930 -0.2210 7330.6959 12977.2902 28.2580 7222.1605 13121.4117 0.5790 7222.1605 13121.4117 -1.0210 7330.6959 12977.2902 28.2580 7222.1605 13121.4117 -1.0210 7330.6959 12977.2902 26.6580 7221.5186 13120.9343 -0.2210 7127.0256 13250.6924 -25.3190 7125.7417 13249.7376 -25.3190 7221.5186 13120.9343 -0.2210 7222.8025 13121.8891 -0.2210 7127.0256 13250.6924 -25.3190 7222.1605 13121.4117 0.5790 7126.3836 13250.2150 -24.5190 7126.3836 13250.2150 -26.1190 7222.1605 13121.4117 0.5790 7126.3836 13250.2150 -26.1190 7222.1605 13121.4117 -1.0210 7125.7362 13249.7450 -25.3190 7046.1047 13362.1656 -47.2050 7044.8099 13361.2257 -47.2050 7125.7362 13249.7450 -25.3190 7127.0310 13250.6850 -25.3190 7046.1047 13362.1656 -47.2050 7126.3836 13250.2150 -24.5190 7045.4573 13361.6957 -46.4050 7045.4573 13361.6957 -48.0050 7126.3836 13250.2150 -24.5190 7045.4573 13361.6957 -48.0050 7126.3836 13250.2150 -26.1190 7044.8001 13361.2394 -47.2050 6982.2804 13454.0929 -65.2540 6980.9661 13453.1804 -65.2540 7044.8001 13361.2394 -47.2050 7046.1144 13362.1519 -47.2050 6982.2804 13454.0929 -65.2540 7045.4573 13361.6957 -46.4050 6981.6233 13453.6367 -64.4540 6981.6233 13453.6367 -66.0540 7045.4573 13361.6957 -46.4050 6981.6233 13453.6367 -66.0540 7045.4573 13361.6957 -48.0050 -0.4264 0.6769 0.0000 91.6804 56.8081 16.6160 90.8276 58.1619 16.6160 -0.4264 0.6769 0.0000 0.4264 -0.6769 0.0000 91.6804 56.8081 16.6160 0.0000 0.0000 0.8000 91.2540 57.4850 17.4160 91.2540 57.4850 15.8160 0.0000 0.0000 0.8000 91.2540 57.4850 15.8160 0.0000 0.0000 -0.8000 90.8386 58.1687 16.6160 197.0654 120.8423 35.3660 196.2346 122.2097 35.3660 90.8386 58.1687 16.6160 91.6694 56.8013 16.6160 197.0654 120.8423 35.3660 91.2540 57.4850 17.4160 196.6500 121.5260 36.1660 196.6500 121.5260 34.5660 91.2540 57.4850 17.4160 196.6500 121.5260 34.5660 91.2540 57.4850 15.8160 196.2421 122.2142 35.3660 315.6309 191.1098 56.0060 314.8151 192.4862 56.0060 196.2421 122.2142 35.3660 197.0579 120.8378 35.3660 315.6309 191.1098 56.0060 196.6500 121.5260 36.1660 315.2230 191.7980 56.8060 315.2230 191.7980 55.2060 196.6500 121.5260 36.1660 315.2230 191.7980 55.2060 196.6500 121.5260 34.5660 314.8204 192.4893 56.0060 446.4106 267.2837 78.2860 445.6054 268.6663 78.2860 314.8204 192.4893 56.0060 315.6256 191.1067 56.0060 446.4106 267.2837 78.2860 315.2230 191.7980 56.8060 446.0080 267.9750 79.0860 446.0080 267.9750 77.4860 315.2230 191.7980 56.8060 446.0080 267.9750 77.4860 315.2230 191.7980 55.2060 445.6089 268.6683 78.2860 588.4411 349.0367 101.9570 587.6429 350.4233 101.9570 445.6089 268.6683 78.2860 446.4071 267.2817 78.2860 588.4411 349.0367 101.9570 446.0080 267.9750 79.0860 588.0420 349.7300 102.7570 588.0420 349.7300 101.1570 446.0080 267.9750 79.0860 588.0420 349.7300 101.1570 446.0080 267.9750 77.4860 587.6452 350.4247 101.9570 740.7568 436.0433 126.7720 739.9632 437.4327 126.7720 587.6452 350.4247 101.9570 588.4388 349.0353 101.9570 740.7568 436.0433 126.7720 588.0420 349.7300 102.7570 740.3600 436.7380 127.5720 740.3600 436.7380 125.9720 588.0420 349.7300 102.7570 740.3600 436.7380 125.9720 588.0420 349.7300 101.1570 739.9645 437.4334 126.7720 902.3935 527.9766 152.4880 901.6025 529.3674 152.4880 739.9645 437.4334 126.7720 740.7555 436.0426 126.7720 902.3935 527.9766 152.4880 740.3600 436.7380 127.5720 901.9980 528.6720 153.2880 901.9980 528.6720 151.6880 740.3600 436.7380 127.5720 901.9980 528.6720 151.6880 740.3600 436.7380 125.9720 901.6030 529.3677 152.4880 1072.3860 624.5113 178.8680 1071.5960 625.9027 178.8680 901.6030 529.3677 152.4880 902.3930 527.9763 152.4880 1072.3860 624.5113 178.8680 901.9980 528.6720 153.2880 1071.9910 625.2070 179.6680 1071.9910 625.2070 178.0680 901.9980 528.6720 153.2880 1071.9910 625.2070 178.0680 901.9980 528.6720 151.6880 1071.5957 625.9025 178.8680 1249.7693 725.3195 205.6850 1248.9787 726.7105 205.6850 1071.5957 625.9025 178.8680 1072.3863 624.5115 178.8680 1249.7693 725.3195 205.6850 1071.9910 625.2070 179.6680 1249.3740 726.0150 206.4850 1249.3740 726.0150 204.8850 1071.9910 625.2070 179.6680 1249.3740 726.0150 204.8850 1071.9910 625.2070 178.0680 1248.9779 726.7100 205.6850 1433.5801 830.0770 232.7210 1432.7879 831.4670 232.7210 1248.9779 726.7100 205.6850 1249.7701 725.3200 205.6850 1433.5801 830.0770 232.7210 1249.3740 726.0150 206.4850 1433.1840 830.7720 233.5210 1433.1840 830.7720 231.9210 1249.3740 726.0150 206.4850 1433.1840 830.7720 231.9210 1249.3740 726.0150 204.8850 1432.7865 831.4662 232.7210 1622.8545 938.4578 259.7700 1622.0595 939.8462 259.7700 1432.7865 831.4662 232.7210 1433.5815 830.0778 232.7210 1622.8545 938.4578 259.7700 1433.1840 830.7720 233.5210 1622.4570 939.1520 260.5700 1622.4570 939.1520 258.9700 1433.1840 830.7720 233.5210 1622.4570 939.1520 258.9700 1433.1840 830.7720 231.9210 1622.0575 939.8451 259.7700 1816.6265 1050.1339 286.6390 1815.8275 1051.5201 286.6390 1622.0575 939.8451 259.7700 1622.8565 938.4589 259.7700 1816.6265 1050.1339 286.6390 1622.4570 939.1520 260.5700 1816.2270 1050.8270 287.4390 1816.2270 1050.8270 285.8390 1622.4570 939.1520 260.5700 1816.2270 1050.8270 285.8390 1622.4570 939.1520 258.9700 1815.8251 1051.5187 286.6390 2013.9319 1164.7813 313.1500 2013.1281 1166.1647 313.1500 1815.8251 1051.5187 286.6390 1816.6289 1050.1353 286.6390 2013.9319 1164.7813 313.1500 1816.2270 1050.8270 287.4390 2013.5300 1165.4730 313.9500 2013.5300 1165.4730 312.3500 1816.2270 1050.8270 287.4390 2013.5300 1165.4730 312.3500 1816.2270 1050.8270 285.8390 2013.1251 1166.1630 313.1500 2213.8079 1282.0720 339.1380 2212.9981 1283.4520 339.1380 2013.1251 1166.1630 313.1500 2013.9349 1164.7830 313.1500 2213.8079 1282.0720 339.1380 2013.5300 1165.4730 313.9500 2213.4030 1282.7620 339.9380 2213.4030 1282.7620 338.3380 2013.5300 1165.4730 313.9500 2213.4030 1282.7620 338.3380 2013.5300 1165.4730 312.3500 2212.9946 1283.4499 339.1380 2415.2884 1401.6811 364.4540 2414.4716 1403.0569 364.4540 2212.9946 1283.4499 339.1380 2213.8114 1282.0741 339.1380 2415.2884 1401.6811 364.4540 2213.4030 1282.7620 339.9380 2414.8800 1402.3690 365.2540 2414.8800 1402.3690 363.6540 2213.4030 1282.7620 339.9380 2414.8800 1402.3690 363.6540 2213.4030 1282.7620 338.3380 2414.4676 1403.0545 364.4540 2617.4094 1523.2835 388.9670 2616.5846 1524.6545 388.9670 2414.4676 1403.0545 364.4540 2415.2924 1401.6835 364.4540 2617.4094 1523.2835 388.9670 2414.8800 1402.3690 365.2540 2616.9970 1523.9690 389.7670 2616.9970 1523.9690 388.1670 2414.8800 1402.3690 365.2540 2616.9970 1523.9690 388.1670 2414.8800 1402.3690 363.6540 2616.5800 1524.6517 388.9670 2819.2080 1646.5513 412.5610 2818.3740 1647.9167 412.5610 2616.5800 1524.6517 388.9670 2617.4140 1523.2863 388.9670 2819.2080 1646.5513 412.5610 2616.9970 1523.9690 389.7670 2818.7910 1647.2340 413.3610 2818.7910 1647.2340 411.7610 2616.9970 1523.9690 389.7670 2818.7910 1647.2340 411.7610 2616.9970 1523.9690 388.1670 2818.3687 1647.9135 412.5610 3019.7173 1771.1585 435.1360 3018.8727 1772.5175 435.1360 2818.3687 1647.9135 412.5610 2819.2133 1646.5545 412.5610 3019.7173 1771.1585 435.1360 2818.7910 1647.2340 413.3610 3019.2950 1771.8380 435.9360 3019.2950 1771.8380 434.3360 2818.7910 1647.2340 413.3610 3019.2950 1771.8380 434.3360 2818.7910 1647.2340 411.7610 3018.8668 1772.5138 435.1360 3217.9752 1896.7812 456.6110 3217.1188 1898.1328 456.6110 3018.8668 1772.5138 435.1360 3019.7232 1771.1622 435.1360 3217.9752 1896.7812 456.6110 3019.2950 1771.8380 435.9360 3217.5470 1897.4570 457.4110 3217.5470 1897.4570 455.8110 3019.2950 1771.8380 435.9360 3217.5470 1897.4570 455.8110 3019.2950 1771.8380 434.3360 3217.1121 1898.1285 456.6110 3413.0169 2023.0915 476.9190 3412.1471 2024.4345 476.9190 3217.1121 1898.1285 456.6110 3217.9819 1896.7855 456.6110 3413.0169 2023.0915 476.9190 3217.5470 1897.4570 457.4110 3412.5820 2023.7630 477.7190 3412.5820 2023.7630 476.1190 3217.5470 1897.4570 457.4110 3412.5820 2023.7630 476.1190 3217.5470 1897.4570 455.8110 3412.1396 2024.4296 476.9190 3603.8784 2149.7644 496.0110 3602.9936 2151.0976 496.0110 3412.1396 2024.4296 476.9190 3413.0244 2023.0964 476.9190 3603.8784 2149.7644 496.0110 3412.5820 2023.7630 477.7190 3603.4360 2150.4310 496.8110 3603.4360 2150.4310 495.2110 3412.5820 2023.7630 477.7190 3603.4360 2150.4310 495.2110 3412.5820 2023.7630 476.1190 3602.9851 2151.0918 496.0110 3789.5939 2276.4732 513.8540 3788.6921 2277.7948 513.8540 3602.9851 2151.0918 496.0110 3603.8869 2149.7702 496.0110 3789.5939 2276.4732 513.8540 3603.4360 2150.4310 496.8110 3789.1430 2277.1340 514.6540 3789.1430 2277.1340 513.0540 3603.4360 2150.4310 496.8110 3789.1430 2277.1340 513.0540 3603.4360 2150.4310 495.2110 3788.6825 2277.7882 513.8540 3969.2005 2402.8918 530.4280 3968.2795 2404.2002 530.4280 3788.6825 2277.7882 513.8540 3789.6035 2276.4798 513.8540 3969.2005 2402.8918 530.4280 3789.1430 2277.1340 514.6540 3968.7400 2403.5460 531.2280 3968.7400 2403.5460 529.6280 3789.1430 2277.1340 514.6540 3968.7400 2403.5460 529.6280 3789.1430 2277.1340 513.0540 3968.2687 2404.1924 530.4280 4141.7343 2528.6956 545.7300 4140.7917 2529.9884 545.7300 3968.2687 2404.1924 530.4280 3969.2113 2402.8996 530.4280 4141.7343 2528.6956 545.7300 3968.7400 2403.5460 531.2280 4141.2630 2529.3420 546.5300 4141.2630 2529.3420 544.9300 3968.7400 2403.5460 531.2280 4141.2630 2529.3420 544.9300 3968.7400 2403.5460 529.6280 4140.7793 2529.9792 545.7300 4306.2297 2653.5578 559.7670 4305.2623 2654.8322 559.7670 4140.7793 2529.9792 545.7300 4141.7467 2528.7048 545.7300 4306.2297 2653.5578 559.7670 4141.2630 2529.3420 546.5300 4305.7460 2654.1950 560.5670 4305.7460 2654.1950 558.9670 4141.2630 2529.3420 546.5300 4305.7460 2654.1950 558.9670 4141.2630 2529.3420 544.9300 4305.2482 2654.8213 559.7670 4461.7238 2777.1537 572.5620 4460.7282 2778.4063 572.5620 4305.2482 2654.8213 559.7670 4306.2438 2653.5687 559.7670 4461.7238 2777.1537 572.5620 4305.7460 2654.1950 560.5670 4461.2260 2777.7800 573.3620 4461.2260 2777.7800 571.7620 4305.7460 2654.1950 560.5670 4461.2260 2777.7800 571.7620 4305.7460 2654.1950 558.9670 4460.7120 2778.3931 572.5620 4607.2520 2899.1569 584.1480 4606.2240 2900.3831 584.1480 4460.7120 2778.3931 572.5620 4461.7400 2777.1669 572.5620 4607.2520 2899.1569 584.1480 4461.2260 2777.7800 573.3620 4606.7380 2899.7700 584.9480 4606.7380 2899.7700 583.3480 4461.2260 2777.7800 573.3620 4606.7380 2899.7700 583.3480 4461.2260 2777.7800 571.7620 4606.2054 2900.3670 584.1480 4741.8506 3019.2410 594.5660 4740.7854 3020.4350 594.5660 4606.2054 2900.3670 584.1480 4607.2706 2899.1730 584.1480 4741.8506 3019.2410 594.5660 4606.7380 2899.7700 584.9480 4741.3180 3019.8380 595.3660 4741.3180 3019.8380 593.7660 4606.7380 2899.7700 584.9480 4741.3180 3019.8380 593.7660 4606.7380 2899.7700 583.3480 4740.7639 3020.4150 594.5660 4864.5551 3137.0830 603.8680 4863.4469 3138.2370 603.8680 4740.7639 3020.4150 594.5660 4741.8721 3019.2610 594.5660 4864.5551 3137.0830 603.8680 4741.3180 3019.8380 595.3660 4864.0010 3137.6600 604.6680 4864.0010 3137.6600 603.0680 4741.3180 3019.8380 595.3660 4864.0010 3137.6600 603.0680 4741.3180 3019.8380 593.7660 4863.4182 3138.2080 603.8680 5026.4238 3309.2360 615.9460 5025.2582 3310.3320 615.9460 4863.4182 3138.2080 603.8680 4864.5838 3137.1120 603.8680 5026.4238 3309.2360 615.9460 4864.0010 3137.6600 604.6680 5025.8410 3309.7840 616.7460 5025.8410 3309.7840 615.1460 4864.0010 3137.6600 604.6680 5025.8410 3309.7840 615.1460 4864.0010 3137.6600 603.0680 5025.2272 3310.2971 615.9460 5175.0558 3487.0159 626.8390 5173.8282 3488.0421 626.8390 5025.2272 3310.2971 615.9460 5026.4548 3309.2709 615.9460 5175.0558 3487.0159 626.8390 5025.8410 3309.7840 616.7460 5174.4420 3487.5290 627.6390 5174.4420 3487.5290 626.0390 5025.8410 3309.7840 616.7460 5174.4420 3487.5290 626.0390 5025.8410 3309.7840 615.1460 5173.8011 3488.0077 626.8390 5311.4679 3669.6393 636.6340 5310.1861 3670.5967 636.6340 5173.8011 3488.0077 626.8390 5175.0829 3487.0503 626.8390 5311.4679 3669.6393 636.6340 5174.4420 3487.5290 627.6390 5310.8270 3670.1180 637.4340 5310.8270 3670.1180 635.8340 5174.4420 3487.5290 627.6390 5310.8270 3670.1180 635.8340 5174.4420 3487.5290 626.0390 5310.1626 3670.5636 636.6340 5436.6844 3856.3274 645.4020 5435.3556 3857.2186 645.4020 5310.1626 3670.5636 636.6340 5311.4914 3669.6724 636.6340 5436.6844 3856.3274 645.4020 5310.8270 3670.1180 637.4340 5436.0200 3856.7730 646.2020 5436.0200 3856.7730 644.6020 5310.8270 3670.1180 637.4340 5436.0200 3856.7730 644.6020 5310.8270 3670.1180 635.8340 5435.3357 3857.1874 645.4020 5551.7293 4046.3026 653.1930 5550.3607 4047.1314 653.1930 5435.3357 3857.1874 645.4020 5436.7043 3856.3586 645.4020 5551.7293 4046.3026 653.1930 5436.0200 3856.7730 646.2020 5551.0450 4046.7170 653.9930 5551.0450 4046.7170 652.3930 5436.0200 3856.7730 646.2020 5551.0450 4046.7170 652.3930 5436.0200 3856.7730 644.6020 5550.3441 4047.1026 653.1930 5657.6249 4238.7884 660.0490 5656.2231 4239.5596 660.0490 5550.3441 4047.1026 653.1930 5551.7459 4046.3314 653.1930 5657.6249 4238.7884 660.0490 5551.0450 4046.7170 653.9930 5656.9240 4239.1740 660.8490 5656.9240 4239.1740 659.2490 5551.0450 4046.7170 653.9930 5656.9240 4239.1740 659.2490 5551.0450 4046.7170 652.3930 5656.2094 4239.5337 660.0490 5755.3956 4433.0063 666.0010 5753.9664 4433.7257 666.0010 5656.2094 4239.5337 660.0490 5657.6386 4238.8143 660.0490 5755.3956 4433.0063 666.0010 5656.9240 4239.1740 660.8490 5754.6810 4433.3660 666.8010 5754.6810 4433.3660 665.2010 5656.9240 4239.1740 660.8490 5754.6810 4433.3660 665.2010 5656.9240 4239.1740 659.2490 5753.9555 4433.7030 666.0010 5846.0635 4628.1790 671.0740 5844.6125 4628.8530 671.0740 5753.9555 4433.7030 666.0010 5755.4065 4433.0290 666.0010 5846.0635 4628.1790 671.0740 5754.6810 4433.3660 666.8010 5845.3380 4628.5160 671.8740 5845.3380 4628.5160 670.2740 5754.6810 4433.3660 666.8010 5845.3380 4628.5160 670.2740 5754.6810 4433.3660 665.2010 5844.6039 4628.8339 671.0740 5930.6551 4823.5291 675.2940 5929.1869 4824.1649 675.2940 5844.6039 4628.8339 671.0740 5846.0721 4628.1981 671.0740 5930.6551 4823.5291 675.2940 5845.3380 4628.5160 671.8740 5929.9210 4823.8470 676.0940 5929.9210 4823.8470 674.4940 5845.3380 4628.5160 671.8740 5929.9210 4823.8470 674.4940 5845.3380 4628.5160 670.2740 5929.1804 4824.1495 675.2940 6010.1906 5018.2805 678.6820 6008.7094 5018.8855 678.6820 5929.1804 4824.1495 675.2940 5930.6616 4823.5445 675.2940 6010.1906 5018.2805 678.6820 5929.9210 4823.8470 676.0940 6009.4500 5018.5830 679.4820 6009.4500 5018.5830 677.8820 5929.9210 4823.8470 676.0940 6009.4500 5018.5830 677.8820 5929.9210 4823.8470 674.4940 6008.7048 5018.8740 678.6820 6085.6962 5211.6540 681.2640 6084.2058 5212.2360 681.2640 6008.7048 5018.8740 678.6820 6010.1952 5018.2920 678.6820 6085.6962 5211.6540 681.2640 6009.4500 5018.5830 679.4820 6084.9510 5211.9450 682.0640 6084.9510 5211.9450 680.4640 6009.4500 5018.5830 679.4820 6084.9510 5211.9450 680.4640 6009.4500 5018.5830 677.8820 6084.2030 5212.2286 681.2640 6158.1950 5402.8734 683.0680 6156.6990 5403.4406 683.0680 6084.2030 5212.2286 681.2640 6085.6990 5211.6614 681.2640 6158.1950 5402.8734 683.0680 6084.9510 5211.9450 682.0640 6157.4470 5403.1570 683.8680 6157.4470 5403.1570 682.2680 6084.9510 5211.9450 682.0640 6157.4470 5403.1570 682.2680 6084.9510 5211.9450 680.4640 6156.6978 5403.4376 683.0680 6228.7082 5591.1614 684.1270 6227.2098 5591.7226 684.1270 6156.6978 5403.4376 683.0680 6158.1962 5402.8764 683.0680 6228.7082 5591.1614 684.1270 6157.4470 5403.1570 683.8680 6227.9590 5591.4420 684.9270 6227.9590 5591.4420 683.3270 6157.4470 5403.1570 683.8680 6227.9590 5591.4420 683.3270 6157.4470 5403.1570 682.2680 6227.2104 5591.7241 684.1270 6298.2616 5775.7399 684.4760 6296.7644 5776.3041 684.4760 6227.2104 5591.7241 684.1270 6228.7076 5591.1599 684.1270 6298.2616 5775.7399 684.4760 6227.9590 5591.4420 684.9270 6297.5130 5776.0220 685.2760 6297.5130 5776.0220 683.6760 6227.9590 5591.4420 684.9270 6297.5130 5776.0220 683.6760 6227.9590 5591.4420 683.3270 6296.7668 5776.3104 684.4760 6367.8772 5955.8326 684.1560 6366.3848 5956.4094 684.1560 6296.7668 5776.3104 684.4760 6298.2592 5775.7336 684.4760 6367.8772 5955.8326 684.1560 6297.5130 5776.0220 685.2760 6367.1310 5956.1210 684.9560 6367.1310 5956.1210 683.3560 6297.5130 5776.0220 685.2760 6367.1310 5956.1210 683.3560 6297.5130 5776.0220 683.6760 6366.3893 5956.4209 684.1560 6438.5777 6130.6621 683.2110 6437.0943 6131.2619 683.2110 6366.3893 5956.4209 684.1560 6367.8727 5955.8211 684.1560 6438.5777 6130.6621 683.2110 6367.1310 5956.1210 684.9560 6437.8360 6130.9620 684.0110 6437.8360 6130.9620 682.4110 6367.1310 5956.1210 684.9560 6437.8360 6130.9620 682.4110 6367.1310 5956.1210 683.3560 6437.1014 6131.2789 683.2110 6511.3866 6299.4501 681.6900 6509.9174 6300.0839 681.6900 6437.1014 6131.2789 683.2110 6438.5706 6130.6451 683.2110 6511.3866 6299.4501 681.6900 6437.8360 6130.9620 684.0110 6510.6520 6299.7670 682.4900 6510.6520 6299.7670 680.8900 6437.8360 6130.9620 684.0110 6510.6520 6299.7670 680.8900 6437.8360 6130.9620 682.4110 6509.9277 6300.1066 681.6900 6587.3273 6461.4204 679.6400 6585.8787 6462.0996 679.6400 6509.9277 6300.1066 681.6900 6511.3763 6299.4274 681.6900 6587.3273 6461.4204 679.6400 6510.6520 6299.7670 682.4900 6586.6030 6461.7600 680.4400 6586.6030 6461.7600 678.8400 6510.6520 6299.7670 682.4900 6586.6030 6461.7600 678.8400 6510.6520 6299.7670 680.8900 6585.8929 6462.1284 679.6400 6667.4201 6615.7946 677.1080 6665.9999 6616.5314 677.1080 6585.8929 6462.1284 679.6400 6587.3131 6461.3916 679.6400 6667.4201 6615.7946 677.1080 6586.6030 6461.7600 680.4400 6666.7100 6616.1630 677.9080 6666.7100 6616.1630 676.3080 6586.6030 6461.7600 680.4400 6666.7100 6616.1630 676.3080 6586.6030 6461.7600 678.8400 6666.0192 6616.5665 677.1080 6752.6898 6761.7955 674.1370 6751.3082 6762.6025 674.1370 6666.0192 6616.5665 677.1080 6667.4008 6615.7595 677.1080 6752.6898 6761.7955 674.1370 6666.7100 6616.1630 677.9080 6751.9990 6762.1990 674.9370 6751.9990 6762.1990 673.3370 6666.7100 6616.1630 677.9080 6751.9990 6762.1990 673.3370 6666.7100 6616.1630 676.3080 6751.3288 6762.6358 674.1370 6889.6342 6971.8952 668.8060 6888.2938 6972.7688 668.8060 6751.3288 6762.6358 674.1370 6752.6692 6761.7622 674.1370 6889.6342 6971.8952 668.8060 6751.9990 6762.1990 674.9370 6888.9640 6972.3320 669.6060 6888.9640 6972.3320 668.0060 6751.9990 6762.1990 674.9370 6888.9640 6972.3320 668.0060 6751.9990 6762.1990 673.3370 6888.3114 6972.7947 668.8060 7028.4076 7167.5993 662.6730 7027.1024 7168.5247 662.6730 6888.3114 6972.7947 668.8060 6889.6166 6971.8693 668.8060 7028.4076 7167.5993 662.6730 6888.9640 6972.3320 669.6060 7027.7550 7168.0620 663.4730 7027.7550 7168.0620 661.8730 6888.9640 6972.3320 669.6060 7027.7550 7168.0620 661.8730 6888.9640 6972.3320 668.0060 7027.1192 7168.5476 662.6730 7168.0218 7350.4104 655.8440 7166.7502 7351.3816 655.8440 7027.1192 7168.5476 662.6730 7028.3908 7167.5764 662.6730 7168.0218 7350.4104 655.8440 7027.7550 7168.0620 663.4730 7167.3860 7350.8960 656.6440 7167.3860 7350.8960 655.0440 7027.7550 7168.0620 663.4730 7167.3860 7350.8960 655.0440 7027.7550 7168.0620 661.8730 7166.7654 7351.4009 655.8440 7307.4916 7521.8351 648.4080 7306.2504 7522.8449 648.4080 7166.7654 7351.4009 655.8440 7168.0066 7350.3911 655.8440 7307.4916 7521.8351 648.4080 7167.3860 7350.8960 656.6440 7306.8710 7522.3400 649.2080 7306.8710 7522.3400 647.6080 7167.3860 7350.8960 656.6440 7306.8710 7522.3400 647.6080 7167.3860 7350.8960 655.0440 7306.2634 7522.8603 648.4080 7445.8286 7683.3807 640.4420 7444.6134 7684.4213 640.4420 7306.2634 7522.8603 648.4080 7307.4786 7521.8197 648.4080 7445.8286 7683.3807 640.4420 7306.8710 7522.3400 649.2080 7445.2210 7683.9010 641.2420 7445.2210 7683.9010 639.6420 7306.8710 7522.3400 649.2080 7445.2210 7683.9010 639.6420 7306.8710 7522.3400 647.6080 7444.6232 7684.4326 640.4420 7582.0488 7836.5544 632.0140 7580.8532 7837.6176 632.0140 7444.6232 7684.4326 640.4420 7445.8188 7683.3694 640.4420 7582.0488 7836.5544 632.0140 7445.2210 7683.9010 641.2420 7581.4510 7837.0860 632.8140 7581.4510 7837.0860 631.2140 7445.2210 7683.9010 641.2420 7581.4510 7837.0860 631.2140 7445.2210 7683.9010 639.6420 7580.8593 7837.6244 632.0140 7715.1647 7982.8636 623.1810 7713.9813 7983.9404 623.1810 7580.8593 7837.6244 632.0140 7582.0427 7836.5476 632.0140 7715.1647 7982.8636 623.1810 7581.4510 7837.0860 632.8140 7714.5730 7983.4020 623.9810 7714.5730 7983.4020 622.3810 7581.4510 7837.0860 632.8140 7714.5730 7983.4020 622.3810 7581.4510 7837.0860 631.2140 7713.9829 7983.9422 623.1810 7844.1921 8123.8148 613.9970 7843.0119 8124.8952 613.9970 7713.9829 7983.9422 623.1810 7715.1631 7982.8618 623.1810 7844.1921 8123.8148 613.9970 7714.5730 7983.4020 623.9810 7843.6020 8124.3550 614.7970 7843.6020 8124.3550 613.1970 7714.5730 7983.4020 623.9810 7843.6020 8124.3550 613.1970 7714.5730 7983.4020 622.3810 7843.0086 8124.8915 613.9970 7968.1424 8260.9145 604.5040 7966.9556 8261.9875 604.5040 7843.0086 8124.8915 613.9970 7844.1954 8123.8185 613.9970 7968.1424 8260.9145 604.5040 7843.6020 8124.3550 614.7970 7967.5490 8261.4510 605.3040 7967.5490 8261.4510 603.7040 7843.6020 8124.3550 614.7970 7967.5490 8261.4510 603.7040 7843.6020 8124.3550 613.1970 7966.9469 8261.9777 604.5040 8086.0311 8395.6723 594.7360 8084.8269 8396.7257 594.7360 7966.9469 8261.9777 604.5040 7968.1511 8260.9243 604.5040 8086.0311 8395.6723 594.7360 7967.5490 8261.4510 605.3040 8085.4290 8396.1990 595.5360 8085.4290 8396.1990 593.9360 7967.5490 8261.4510 605.3040 8085.4290 8396.1990 593.9360 7967.5490 8261.4510 603.7040 8084.8127 8396.7091 594.7360 8196.8703 8529.5929 584.7150 8195.6377 8530.6131 584.7150 8084.8127 8396.7091 594.7360 8086.0453 8395.6889 594.7360 8196.8703 8529.5929 584.7150 8085.4290 8396.1990 595.5360 8196.2540 8530.1030 585.5150 8196.2540 8530.1030 583.9150 8085.4290 8396.1990 595.5360 8196.2540 8530.1030 583.9150 8085.4290 8396.1990 593.9360 8195.6182 8530.5886 584.7150 8299.6738 8664.1864 574.4430 8298.4022 8665.1576 574.4430 8195.6182 8530.5886 584.7150 8196.8898 8529.6174 584.7150 8299.6738 8664.1864 574.4430 8196.2540 8530.1030 585.5150 8299.0380 8664.6720 575.2430 8299.0380 8664.6720 573.6430 8196.2540 8530.1030 585.5150 8299.0380 8664.6720 573.6430 8196.2540 8530.1030 583.9150 8298.3782 8665.1244 574.4430 8393.4538 8800.9586 563.8970 8392.1342 8801.8634 563.8970 8298.3782 8665.1244 574.4430 8299.6978 8664.2196 574.4430 8393.4538 8800.9586 563.8970 8299.0380 8664.6720 575.2430 8392.7940 8801.4110 564.6970 8392.7940 8801.4110 563.0970 8299.0380 8664.6720 575.2430 8392.7940 8801.4110 563.0970 8299.0380 8664.6720 573.6430 8392.1446 8801.8782 563.8970 8542.4974 9008.1258 546.7200 8541.1986 9009.0602 546.7200 8392.1446 8801.8782 563.8970 8393.4434 8800.9438 563.8970 8542.4974 9008.1258 546.7200 8392.7940 8801.4110 564.6970 8541.8480 9008.5930 547.5200 8541.8480 9008.5930 545.9200 8392.7940 8801.4110 564.6970 8541.8480 9008.5930 545.9200 8392.7940 8801.4110 563.0970 8541.2357 9009.1079 546.7200 8693.7143 9187.9641 529.8910 8692.4897 9188.9939 529.8910 8541.2357 9009.1079 546.7200 8542.4603 9008.0781 546.7200 8693.7143 9187.9641 529.8910 8541.8480 9008.5930 547.5200 8693.1020 9188.4790 530.6910 8693.1020 9188.4790 529.0910 8541.8480 9008.5930 547.5200 8693.1020 9188.4790 529.0910 8541.8480 9008.5930 545.9200 8692.4984 9189.0040 529.8910 8836.7476 9352.4050 513.4180 8835.5404 9353.4550 513.4180 8692.4984 9189.0040 529.8910 8693.7056 9187.9540 529.8910 8836.7476 9352.4050 513.4180 8693.1020 9188.4790 530.6910 8836.1440 9352.9300 514.2180 8836.1440 9352.9300 512.6180 8693.1020 9188.4790 530.6910 8836.1440 9352.9300 512.6180 8693.1020 9188.4790 529.0910 8835.5112 9353.4194 513.4180 8961.1948 9513.3146 497.2950 8959.9292 9514.2934 497.2950 8835.5112 9353.4194 513.4180 8836.7768 9352.4406 513.4180 8961.1948 9513.3146 497.2950 8836.1440 9352.9300 514.2180 8960.5620 9513.8040 498.0950 8960.5620 9513.8040 496.4950 8836.1440 9352.9300 514.2180 8960.5620 9513.8040 496.4950 8836.1440 9352.9300 512.6180 8959.8651 9514.1969 497.2950 9056.6389 9682.5661 481.2230 9055.2451 9683.3519 481.2230 8959.8651 9514.1969 497.2950 8961.2589 9513.4111 497.2950 9056.6389 9682.5661 481.2230 8960.5620 9513.8040 498.0950 9055.9420 9682.9590 482.0230 9055.9420 9682.9590 480.4230 8960.5620 9513.8040 498.0950 9055.9420 9682.9590 480.4230 8960.5620 9513.8040 496.4950 9055.1748 9683.1857 481.2230 9112.6402 9872.0273 464.2080 9111.1058 9872.4807 464.2080 9055.1748 9683.1857 481.2230 9056.7092 9682.7323 481.2230 9112.6402 9872.0273 464.2080 9055.9420 9682.9590 482.0230 9111.8730 9872.2540 465.0080 9111.8730 9872.2540 463.4080 9055.9420 9682.9590 482.0230 9111.8730 9872.2540 463.4080 9055.9420 9682.9590 480.4230 9111.0733 9872.2759 464.2080 9118.7407 10093.5261 444.3110 9117.1413 10093.5699 444.3110 9111.0733 9872.2759 464.2080 9112.6727 9872.2321 464.2080 9118.7407 10093.5261 444.3110 9111.8730 9872.2540 465.0080 9117.9410 10093.5480 445.1110 9117.9410 10093.5480 443.5110 9111.8730 9872.2540 465.0080 9117.9410 10093.5480 443.5110 9111.8730 9872.2540 463.4080 9117.1572 10093.3878 444.3110 9064.5198 10358.8582 418.8180 9062.9522 10358.5378 418.8180 9117.1572 10093.3878 444.3110 9118.7248 10093.7082 444.3110 9064.5198 10358.8582 418.8180 9117.9410 10093.5480 445.1110 9063.7360 10358.6980 419.6180 9063.7360 10358.6980 418.0180 9117.9410 10093.5480 445.1110 9063.7360 10358.6980 418.0180 9117.9410 10093.5480 443.5110 9062.9833 10358.4269 418.8180 9017.3817 10489.7341 405.2260 9015.8763 10489.1919 405.2260 9062.9833 10358.4269 418.8180 9064.4887 10358.9691 418.8180 9017.3817 10489.7341 405.2260 9063.7360 10358.6980 419.6180 9016.6290 10489.4630 406.0260 9016.6290 10489.4630 404.4260 9063.7360 10358.6980 419.6180 9016.6290 10489.4630 404.4260 9063.7360 10358.6980 418.0180 9015.9001 10489.1333 405.2260 8951.3919 10635.6557 389.1510 8949.9341 10634.9963 389.1510 9015.9001 10489.1333 405.2260 9017.3579 10489.7927 405.2260 8951.3919 10635.6557 389.1510 9016.6290 10489.4630 406.0260 8950.6630 10635.3260 389.9510 8950.6630 10635.3260 388.3510 9016.6290 10489.4630 406.0260 8950.6630 10635.3260 388.3510 9016.6290 10489.4630 404.4260 8949.9534 10634.9567 389.1510 8868.6566 10794.6253 370.6260 8867.2374 10793.8867 370.6260 8949.9534 10634.9567 389.1510 8951.3726 10635.6953 389.1510 8868.6566 10794.6253 370.6260 8950.6630 10635.3260 389.9510 8867.9470 10794.2560 371.4260 8867.9470 10794.2560 369.8260 8950.6630 10635.3260 389.9510 8867.9470 10794.2560 369.8260 8950.6630 10635.3260 388.3510 8867.2528 10793.8584 370.6260 8771.2842 10964.6216 349.7290 8769.8958 10963.8264 349.7290 8867.2528 10793.8584 370.6260 8868.6412 10794.6536 370.6260 8771.2842 10964.6216 349.7290 8867.9470 10794.2560 371.4260 8770.5900 10964.2240 350.5290 8770.5900 10964.2240 348.9290 8867.9470 10794.2560 371.4260 8770.5900 10964.2240 348.9290 8867.9470 10794.2560 369.8260 8769.9082 10963.8054 349.7290 8661.3848 11143.6186 326.5750 8660.0212 11142.7814 326.5750 8769.9082 10963.8054 349.7290 8771.2718 10964.6426 349.7290 8661.3848 11143.6186 326.5750 8770.5900 10964.2240 350.5290 8660.7030 11143.2000 327.3750 8660.7030 11143.2000 325.7750 8770.5900 10964.2240 350.5290 8660.7030 11143.2000 325.7750 8770.5900 10964.2240 348.9290 8660.0313 11142.7654 326.5750 8541.0647 11329.5886 301.3190 8539.7213 11328.7194 301.3190 8660.0313 11142.7654 326.5750 8661.3747 11143.6346 326.5750 8541.0647 11329.5886 301.3190 8660.7030 11143.2000 327.3750 8540.3930 11329.1540 302.1190 8540.3930 11329.1540 300.5190 8660.7030 11143.2000 327.3750 8540.3930 11329.1540 300.5190 8660.7030 11143.2000 325.7750 8539.7295 11328.7070 301.3190 8412.4345 11520.5030 274.1570 8411.1075 11519.6090 274.1570 8539.7295 11328.7070 301.3190 8541.0565 11329.6010 301.3190 8412.4345 11520.5030 274.1570 8540.3930 11329.1540 302.1190 8411.7710 11520.0560 274.9570 8411.7710 11520.0560 273.3570 8540.3930 11329.1540 302.1190 8411.7710 11520.0560 273.3570 8540.3930 11329.1540 300.5190 8411.1143 11519.5992 274.1570 8277.6037 11714.3328 245.3310 8276.2903 11713.4192 245.3310 8411.1143 11519.5992 274.1570 8412.4277 11520.5128 274.1570 8277.6037 11714.3328 245.3310 8411.7710 11520.0560 274.9570 8276.9470 11713.8760 246.1310 8276.9470 11713.8760 244.5310 8411.7710 11520.0560 274.9570 8276.9470 11713.8760 244.5310 8411.7710 11520.0560 273.3570 8276.2958 11713.4114 245.3310 8138.6802 11909.0486 215.1320 8137.3778 11908.1194 215.1320 8276.2958 11713.4114 245.3310 8277.5982 11714.3406 245.3310 8138.6802 11909.0486 215.1320 8276.9470 11713.8760 246.1310 8138.0290 11908.5840 215.9320 8138.0290 11908.5840 214.3320 8276.9470 11713.8760 246.1310 8138.0290 11908.5840 214.3320 8276.9470 11713.8760 244.5310 8137.3822 11908.1132 215.1320 7997.7738 12102.6208 183.8960 7996.4802 12101.6792 183.8960 8137.3822 11908.1132 215.1320 8138.6758 11909.0548 215.1320 7997.7738 12102.6208 183.8960 8138.0290 11908.5840 215.9320 7997.1270 12102.1500 184.6960 7997.1270 12102.1500 183.0960 8138.0290 11908.5840 215.9320 7997.1270 12102.1500 183.0960 8138.0290 11908.5840 214.3320 7996.4837 12101.6744 183.8960 7856.9933 12293.0196 152.0150 7855.7067 12292.0684 152.0150 7996.4837 12101.6744 183.8960 7997.7703 12102.6256 183.8960 7856.9933 12293.0196 152.0150 7997.1270 12102.1500 184.6960 7856.3500 12292.5440 152.8150 7856.3500 12292.5440 151.2150 7997.1270 12102.1500 184.6960 7856.3500 12292.5440 151.2150 7997.1270 12102.1500 183.0960 7855.7094 12292.0648 152.0150 7718.4496 12478.2152 119.9250 7717.1684 12477.2568 119.9250 7855.7094 12292.0648 152.0150 7856.9906 12293.0232 152.0150 7718.4496 12478.2152 119.9250 7856.3500 12292.5440 152.8150 7717.8090 12477.7360 120.7250 7717.8090 12477.7360 119.1250 7856.3500 12292.5440 152.8150 7717.8090 12477.7360 119.1250 7856.3500 12292.5440 151.2150 7717.1703 12477.2543 119.9250 7584.2497 12656.1777 88.1110 7582.9723 12655.2143 88.1110 7717.1703 12477.2543 119.9250 7718.4477 12478.2177 119.9250 7584.2497 12656.1777 88.1110 7717.8090 12477.7360 120.7250 7583.6110 12655.6960 88.9110 7583.6110 12655.6960 87.3110 7717.8090 12477.7360 120.7250 7583.6110 12655.6960 87.3110 7717.8090 12477.7360 119.1250 7582.9732 12655.2131 88.1110 7456.5048 12824.8779 57.1010 7455.2292 12823.9121 57.1010 7582.9732 12655.2131 88.1110 7584.2488 12656.1789 88.1110 7456.5048 12824.8779 57.1010 7583.6110 12655.6960 88.9110 7455.8670 12824.3950 57.9010 7455.8670 12824.3950 56.3010 7583.6110 12655.6960 88.9110 7455.8670 12824.3950 56.3010 7583.6110 12655.6960 87.3110 7455.2292 12823.9121 57.1010 7337.3248 12982.2849 27.4580 7336.0492 12981.3191 27.4580 7455.2292 12823.9121 57.1010 7456.5048 12824.8779 57.1010 7337.3248 12982.2849 27.4580 7455.8670 12824.3950 57.9010 7336.6870 12981.8020 28.2580 7336.6870 12981.8020 26.6580 7455.8670 12824.3950 57.9010 7336.6870 12981.8020 26.6580 7455.8670 12824.3950 56.3010 7336.0479 12981.3207 27.4580 7228.8181 13126.3683 -0.2210 7227.5399 13125.4057 -0.2210 7336.0479 12981.3207 27.4580 7337.3261 12982.2833 27.4580 7228.8181 13126.3683 -0.2210 7336.6870 12981.8020 28.2580 7228.1790 13125.8870 0.5790 7228.1790 13125.8870 -1.0210 7336.6870 12981.8020 28.2580 7228.1790 13125.8870 -1.0210 7336.6870 12981.8020 26.6580 7227.5370 13125.4096 -0.2210 7133.0950 13255.0984 -25.3190 7131.8110 13254.1436 -25.3190 7227.5370 13125.4096 -0.2210 7228.8210 13126.3644 -0.2210 7133.0950 13255.0984 -25.3190 7228.1790 13125.8870 0.5790 7132.4530 13254.6210 -24.5190 7132.4530 13254.6210 -26.1190 7228.1790 13125.8870 0.5790 7132.4530 13254.6210 -26.1190 7228.1790 13125.8870 -1.0210 7131.8056 13254.1510 -25.3190 7052.2654 13366.4430 -47.2050 7050.9706 13365.5030 -47.2050 7131.8056 13254.1510 -25.3190 7133.1004 13255.0910 -25.3190 7052.2654 13366.4430 -47.2050 7132.4530 13254.6210 -24.5190 7051.6180 13365.9730 -46.4050 7051.6180 13365.9730 -48.0050 7132.4530 13254.6210 -24.5190 7051.6180 13365.9730 -48.0050 7132.4530 13254.6210 -26.1190 7050.9609 13365.5168 -47.2050 6988.4411 13458.3702 -65.2540 6987.1269 13457.4578 -65.2540 7050.9609 13365.5168 -47.2050 7052.2751 13366.4292 -47.2050 6988.4411 13458.3702 -65.2540 7051.6180 13365.9730 -46.4050 6987.7840 13457.9140 -64.4540 6987.7840 13457.9140 -66.0540 7051.6180 13365.9730 -46.4050 6987.7840 13457.9140 -66.0540 7051.6180 13365.9730 -48.0050 3.3206 -6.7722 0.0000 0.6769 0.4264 0.0000 -0.6769 -0.4264 0.0000 3.3206 -6.7722 0.0000 4.6744 -5.9194 0.0000 0.6769 0.4264 0.0000 3.9975 -6.3458 0.8000 0.0000 0.0000 0.8000 0.0000 0.0000 -0.8000 3.9975 -6.3458 0.8000 0.0000 0.0000 -0.8000 3.9975 -6.3458 -0.8000 -0.6769 -0.4264 0.0000 -3.3206 6.7722 0.0000 -4.6744 5.9194 0.0000 -0.6769 -0.4264 0.0000 0.6769 0.4264 0.0000 -3.3206 6.7722 0.0000 0.0000 0.0000 0.8000 -3.9975 6.3458 0.8000 -3.9975 6.3458 -0.8000 0.0000 0.0000 0.8000 -3.9975 6.3458 -0.8000 0.0000 0.0000 -0.8000 94.4649 50.6600 16.6160 91.9377 57.9004 16.6160 90.5703 57.0696 16.6160 94.4649 50.6600 16.6160 95.8323 51.4909 16.6160 91.9377 57.9004 16.6160 95.1486 51.0755 17.4160 91.2540 57.4850 17.4160 91.2540 57.4850 15.8160 95.1486 51.0755 17.4160 91.2540 57.4850 15.8160 95.1486 51.0755 15.8160 90.5703 57.0696 16.6160 88.0431 64.3100 16.6160 86.6757 63.4791 16.6160 90.5703 57.0696 16.6160 91.9377 57.9004 16.6160 88.0431 64.3100 16.6160 91.2540 57.4850 17.4160 87.3594 63.8945 17.4160 87.3594 63.8945 15.8160 91.2540 57.4850 17.4160 87.3594 63.8945 15.8160 91.2540 57.4850 15.8160 199.7856 114.6661 35.3660 197.3382 121.9339 35.3660 195.9618 121.1181 35.3660 199.7856 114.6661 35.3660 201.1620 115.4818 35.3660 197.3382 121.9339 35.3660 200.4738 115.0740 36.1660 196.6500 121.5260 36.1660 196.6500 121.5260 34.5660 200.4738 115.0740 36.1660 196.6500 121.5260 34.5660 200.4738 115.0740 34.5660 195.9618 121.1181 35.3660 193.5144 128.3859 35.3660 192.1380 127.5702 35.3660 195.9618 121.1181 35.3660 197.3382 121.9339 35.3660 193.5144 128.3859 35.3660 196.6500 121.5260 36.1660 192.8262 127.9780 36.1660 192.8262 127.9780 34.5660 196.6500 121.5260 36.1660 192.8262 127.9780 34.5660 196.6500 121.5260 34.5660 318.3065 184.9145 56.0060 315.9143 192.2006 56.0060 314.5317 191.3954 56.0060 318.3065 184.9145 56.0060 319.6891 185.7198 56.0060 315.9143 192.2006 56.0060 318.9978 185.3172 56.8060 315.2230 191.7980 56.8060 315.2230 191.7980 55.2060 318.9978 185.3172 56.8060 315.2230 191.7980 55.2060 318.9978 185.3172 55.2060 314.5317 191.3954 56.0060 312.1395 198.6815 56.0060 310.7569 197.8762 56.0060 314.5317 191.3954 56.0060 315.9143 192.2006 56.0060 312.1395 198.6815 56.0060 315.2230 191.7980 56.8060 311.4482 198.2788 56.8060 311.4482 198.2788 55.2060 315.2230 191.7980 56.8060 311.4482 198.2788 55.2060 315.2230 191.7980 55.2060 449.0561 261.0758 78.2860 446.7013 268.3741 78.2860 445.3147 267.5759 78.2860 449.0561 261.0758 78.2860 450.4428 261.8740 78.2860 446.7013 268.3741 78.2860 449.7495 261.4749 79.0860 446.0080 267.9750 79.0860 446.0080 267.9750 77.4860 449.7495 261.4749 79.0860 446.0080 267.9750 77.4860 449.7495 261.4749 77.4860 445.3147 267.5759 78.2860 442.9599 274.8742 78.2860 441.5732 274.0760 78.2860 445.3147 267.5759 78.2860 446.7013 268.3741 78.2860 442.9599 274.8742 78.2860 446.0080 267.9750 79.0860 442.2665 274.4751 79.0860 442.2665 274.4751 77.4860 446.0080 267.9750 79.0860 442.2665 274.4751 77.4860 446.0080 267.9750 77.4860 591.0674 342.8208 101.9570 588.7367 350.1268 101.9570 587.3473 349.3332 101.9570 591.0674 342.8208 101.9570 592.4567 343.6144 101.9570 588.7367 350.1268 101.9570 591.7620 343.2176 102.7570 588.0420 349.7300 102.7570 588.0420 349.7300 101.1570 591.7620 343.2176 102.7570 588.0420 349.7300 101.1570 591.7620 343.2176 101.1570 587.3473 349.3332 101.9570 585.0166 356.6392 101.9570 583.6273 355.8456 101.9570 587.3473 349.3332 101.9570 588.7367 350.1268 101.9570 585.0166 356.6392 101.9570 588.0420 349.7300 102.7570 584.3220 356.2424 102.7570 584.3220 356.2424 101.1570 588.0420 349.7300 102.7570 584.3220 356.2424 101.1570 588.0420 349.7300 101.1570 743.3726 429.8232 126.7720 741.0554 437.1335 126.7720 739.6646 436.3425 126.7720 743.3726 429.8232 126.7720 744.7633 430.6142 126.7720 741.0554 437.1335 126.7720 744.0679 430.2187 127.5720 740.3600 436.7380 127.5720 740.3600 436.7380 125.9720 744.0679 430.2187 127.5720 740.3600 436.7380 125.9720 744.0679 430.2187 125.9720 739.6646 436.3425 126.7720 737.3474 443.6528 126.7720 735.9567 442.8618 126.7720 739.6646 436.3425 126.7720 741.0554 437.1335 126.7720 737.3474 443.6528 126.7720 740.3600 436.7380 127.5720 736.6521 443.2573 127.5720 736.6521 443.2573 125.9720 740.3600 436.7380 127.5720 736.6521 443.2573 125.9720 740.3600 436.7380 125.9720 905.0059 521.7552 152.4880 902.6937 529.0670 152.4880 901.3023 528.2770 152.4880 905.0059 521.7552 152.4880 906.3972 522.5453 152.4880 902.6937 529.0670 152.4880 905.7016 522.1502 153.2880 901.9980 528.6720 153.2880 901.9980 528.6720 151.6880 905.7016 522.1502 153.2880 901.9980 528.6720 151.6880 905.7016 522.1502 151.6880 901.3023 528.2770 152.4880 898.9901 535.5888 152.4880 897.5988 534.7987 152.4880 901.3023 528.2770 152.4880 902.6937 529.0670 152.4880 898.9901 535.5888 152.4880 901.9980 528.6720 153.2880 898.2944 535.1938 153.2880 898.2944 535.1938 151.6880 901.9980 528.6720 153.2880 898.2944 535.1938 151.6880 901.9980 528.6720 151.6880 1075.0012 618.2912 178.8680 1072.6865 625.6023 178.8680 1071.2955 624.8117 178.8680 1075.0012 618.2912 178.8680 1076.3922 619.0817 178.8680 1072.6865 625.6023 178.8680 1075.6967 618.6864 179.6680 1071.9910 625.2070 179.6680 1071.9910 625.2070 178.0680 1075.6967 618.6864 179.6680 1071.9910 625.2070 178.0680 1075.6967 618.6864 178.0680 1071.2955 624.8117 178.8680 1068.9808 632.1228 178.8680 1067.5898 631.3323 178.8680 1071.2955 624.8117 178.8680 1072.6865 625.6023 178.8680 1068.9808 632.1228 178.8680 1071.9910 625.2070 179.6680 1068.2853 631.7276 179.6680 1068.2853 631.7276 178.0680 1071.9910 625.2070 179.6680 1068.2853 631.7276 178.0680 1071.9910 625.2070 178.0680 1252.3926 719.1028 205.6850 1250.0690 726.4111 205.6850 1248.6790 725.6189 205.6850 1252.3926 719.1028 205.6850 1253.7827 719.8951 205.6850 1250.0690 726.4111 205.6850 1253.0876 719.4989 206.4850 1249.3740 726.0150 206.4850 1249.3740 726.0150 204.8850 1253.0876 719.4989 206.4850 1249.3740 726.0150 204.8850 1253.0876 719.4989 204.8850 1248.6790 725.6189 205.6850 1246.3554 732.9272 205.6850 1244.9653 732.1349 205.6850 1248.6790 725.6189 205.6850 1250.0690 726.4111 205.6850 1246.3554 732.9272 205.6850 1249.3740 726.0150 206.4850 1245.6604 732.5311 206.4850 1245.6604 732.5311 204.8850 1249.3740 726.0150 206.4850 1245.6604 732.5311 204.8850 1249.3740 726.0150 204.8850 1436.2166 823.8660 232.7210 1433.8782 831.1695 232.7210 1432.4898 830.3745 232.7210 1436.2166 823.8660 232.7210 1437.6051 824.6610 232.7210 1433.8782 831.1695 232.7210 1436.9108 824.2635 233.5210 1433.1840 830.7720 233.5210 1433.1840 830.7720 231.9210 1436.9108 824.2635 233.5210 1433.1840 830.7720 231.9210 1436.9108 824.2635 231.9210 1432.4898 830.3745 232.7210 1430.1514 837.6780 232.7210 1428.7629 836.8830 232.7210 1432.4898 830.3745 232.7210 1433.8782 831.1695 232.7210 1430.1514 837.6780 232.7210 1433.1840 830.7720 233.5210 1429.4572 837.2805 233.5210 1429.4572 837.2805 231.9210 1433.1840 830.7720 233.5210 1429.4572 837.2805 231.9210 1433.1840 830.7720 231.9210 1625.5089 932.2545 259.7700 1623.1501 939.5515 259.7700 1621.7639 938.7525 259.7700 1625.5089 932.2545 259.7700 1626.8951 933.0534 259.7700 1623.1501 939.5515 259.7700 1626.2020 932.6539 260.5700 1622.4570 939.1520 260.5700 1622.4570 939.1520 258.9700 1626.2020 932.6539 260.5700 1622.4570 939.1520 258.9700 1626.2020 932.6539 258.9700 1621.7639 938.7525 259.7700 1619.4051 946.0495 259.7700 1618.0189 945.2506 259.7700 1621.7639 938.7525 259.7700 1623.1501 939.5515 259.7700 1619.4051 946.0495 259.7700 1622.4570 939.1520 260.5700 1618.7120 945.6501 260.5700 1618.7120 945.6501 258.9700 1622.4570 939.1520 260.5700 1618.7120 945.6501 258.9700 1622.4570 939.1520 258.9700 1819.3034 1043.9403 286.6390 1816.9187 1051.2289 286.6390 1815.5353 1050.4251 286.6390 1819.3034 1043.9403 286.6390 1820.6868 1044.7442 286.6390 1816.9187 1051.2289 286.6390 1819.9951 1044.3423 287.4390 1816.2270 1050.8270 287.4390 1816.2270 1050.8270 285.8390 1819.9951 1044.3423 287.4390 1816.2270 1050.8270 285.8390 1819.9951 1044.3423 285.8390 1815.5353 1050.4251 286.6390 1813.1506 1057.7137 286.6390 1811.7672 1056.9098 286.6390 1815.5353 1050.4251 286.6390 1816.9187 1051.2289 286.6390 1813.1506 1057.7137 286.6390 1816.2270 1050.8270 287.4390 1812.4589 1057.3117 287.4390 1812.4589 1057.3117 285.8390 1816.2270 1050.8270 287.4390 1812.4589 1057.3117 285.8390 1816.2270 1050.8270 285.8390 2016.6359 1158.5996 313.1500 2014.2200 1165.8779 313.1500 2012.8400 1165.0681 313.1500 2016.6359 1158.5996 313.1500 2018.0158 1159.4094 313.1500 2014.2200 1165.8779 313.1500 2017.3258 1159.0045 313.9500 2013.5300 1165.4730 313.9500 2013.5300 1165.4730 312.3500 2017.3258 1159.0045 313.9500 2013.5300 1165.4730 312.3500 2017.3258 1159.0045 312.3500 2012.8400 1165.0681 313.1500 2010.4241 1172.3464 313.1500 2009.0442 1171.5366 313.1500 2012.8400 1165.0681 313.1500 2014.2200 1165.8779 313.1500 2010.4241 1172.3464 313.1500 2013.5300 1165.4730 313.9500 2009.7342 1171.9415 313.9500 2009.7342 1171.9415 312.3500 2013.5300 1165.4730 313.9500 2009.7342 1171.9415 312.3500 2013.5300 1165.4730 312.3500 2216.5437 1275.9044 339.1380 2214.0909 1283.1704 339.1380 2212.7151 1282.3536 339.1380 2216.5437 1275.9044 339.1380 2217.9195 1276.7212 339.1380 2214.0909 1283.1704 339.1380 2217.2316 1276.3128 339.9380 2213.4030 1282.7620 339.9380 2213.4030 1282.7620 338.3380 2217.2316 1276.3128 339.9380 2213.4030 1282.7620 338.3380 2217.2316 1276.3128 338.3380 2212.7151 1282.3536 339.1380 2210.2623 1289.6196 339.1380 2208.8865 1288.8028 339.1380 2212.7151 1282.3536 339.1380 2214.0909 1283.1704 339.1380 2210.2623 1289.6196 339.1380 2213.4030 1282.7620 339.9380 2209.5744 1289.2112 339.9380 2209.5744 1289.2112 338.3380 2213.4030 1282.7620 339.9380 2209.5744 1289.2112 338.3380 2213.4030 1282.7620 338.3380 2418.0609 1395.5300 364.4540 2415.5655 1402.7814 364.4540 2414.1945 1401.9566 364.4540 2418.0609 1395.5300 364.4540 2419.4319 1396.3549 364.4540 2415.5655 1402.7814 364.4540 2418.7464 1395.9424 365.2540 2414.8800 1402.3690 365.2540 2414.8800 1402.3690 363.6540 2418.7464 1395.9424 365.2540 2414.8800 1402.3690 363.6540 2418.7464 1395.9424 363.6540 2414.1945 1401.9566 364.4540 2411.6991 1409.2080 364.4540 2410.3281 1408.3831 364.4540 2414.1945 1401.9566 364.4540 2415.5655 1402.7814 364.4540 2411.6991 1409.2080 364.4540 2414.8800 1402.3690 365.2540 2411.0136 1408.7956 365.2540 2411.0136 1408.7956 363.6540 2414.8800 1402.3690 365.2540 2411.0136 1408.7956 363.6540 2414.8800 1402.3690 363.6540 2620.2239 1517.1516 388.9670 2617.6797 1524.3860 388.9670 2616.3143 1523.5520 388.9670 2620.2239 1517.1516 388.9670 2621.5893 1517.9857 388.9670 2617.6797 1524.3860 388.9670 2620.9066 1517.5686 389.7670 2616.9970 1523.9690 389.7670 2616.9970 1523.9690 388.1670 2620.9066 1517.5686 389.7670 2616.9970 1523.9690 388.1670 2620.9066 1517.5686 388.1670 2616.3143 1523.5520 388.9670 2613.7701 1530.7864 388.9670 2612.4047 1529.9523 388.9670 2616.3143 1523.5520 388.9670 2617.6797 1524.3860 388.9670 2613.7701 1530.7864 388.9670 2616.9970 1523.9690 389.7670 2613.0874 1530.3694 389.7670 2613.0874 1530.3694 388.1670 2616.9970 1523.9690 389.7670 2613.0874 1530.3694 388.1670 2616.9970 1523.9690 388.1670 2822.0703 1640.4416 412.5610 2819.4705 1647.6563 412.5610 2818.1115 1646.8117 412.5610 2822.0703 1640.4416 412.5610 2823.4292 1641.2861 412.5610 2819.4705 1647.6563 412.5610 2822.7497 1640.8639 413.3610 2818.7910 1647.2340 413.3610 2818.7910 1647.2340 411.7610 2822.7497 1640.8639 413.3610 2818.7910 1647.2340 411.7610 2822.7497 1640.8639 411.7610 2818.1115 1646.8117 412.5610 2815.5117 1654.0264 412.5610 2814.1528 1653.1819 412.5610 2818.1115 1646.8117 412.5610 2819.4705 1647.6563 412.5610 2815.5117 1654.0264 412.5610 2818.7910 1647.2340 413.3610 2814.8323 1653.6041 413.3610 2814.8323 1653.6041 411.7610 2818.7910 1647.2340 413.3610 2814.8323 1653.6041 411.7610 2818.7910 1647.2340 411.7610 3022.6335 1765.0745 435.1360 3019.9708 1772.2662 435.1360 3018.6192 1771.4098 435.1360 3022.6335 1765.0745 435.1360 3023.9850 1765.9309 435.1360 3019.9708 1772.2662 435.1360 3023.3092 1765.5027 435.9360 3019.2950 1771.8380 435.9360 3019.2950 1771.8380 434.3360 3023.3092 1765.5027 435.9360 3019.2950 1771.8380 434.3360 3023.3092 1765.5027 434.3360 3018.6192 1771.4098 435.1360 3015.9565 1778.6015 435.1360 3014.6050 1777.7451 435.1360 3018.6192 1771.4098 435.1360 3019.9708 1772.2662 435.1360 3015.9565 1778.6015 435.1360 3019.2950 1771.8380 435.9360 3015.2808 1778.1733 435.9360 3015.2808 1778.1733 434.3360 3019.2950 1771.8380 435.9360 3015.2808 1778.1733 434.3360 3019.2950 1771.8380 434.3360 3220.9523 1890.7269 456.6110 3218.2185 1897.8919 456.6110 3216.8755 1897.0221 456.6110 3220.9523 1890.7269 456.6110 3222.2953 1891.5967 456.6110 3218.2185 1897.8919 456.6110 3221.6238 1891.1618 457.4110 3217.5470 1897.4570 457.4110 3217.5470 1897.4570 455.8110 3221.6238 1891.1618 457.4110 3217.5470 1897.4570 455.8110 3221.6238 1891.1618 455.8110 3216.8755 1897.0221 456.6110 3214.1417 1904.1871 456.6110 3212.7987 1903.3173 456.6110 3216.8755 1897.0221 456.6110 3218.2185 1897.8919 456.6110 3214.1417 1904.1871 456.6110 3217.5470 1897.4570 457.4110 3213.4702 1903.7522 457.4110 3213.4702 1903.7522 455.8110 3217.5470 1897.4570 457.4110 3213.4702 1903.7522 455.8110 3217.5470 1897.4570 455.8110 3416.0628 2017.0717 476.9190 3413.2486 2024.2054 476.9190 3411.9154 2023.3206 476.9190 3416.0628 2017.0717 476.9190 3417.3959 2017.9564 476.9190 3413.2486 2024.2054 476.9190 3416.7294 2017.5141 477.7190 3412.5820 2023.7630 477.7190 3412.5820 2023.7630 476.1190 3416.7294 2017.5141 477.7190 3412.5820 2023.7630 476.1190 3416.7294 2017.5141 476.1190 3411.9154 2023.3206 476.9190 3409.1012 2030.4543 476.9190 3407.7681 2029.5696 476.9190 3411.9154 2023.3206 476.9190 3413.2486 2024.2054 476.9190 3409.1012 2030.4543 476.9190 3412.5820 2023.7630 477.7190 3408.4346 2030.0119 477.7190 3408.4346 2030.0119 476.1190 3412.5820 2023.7630 477.7190 3408.4346 2030.0119 476.1190 3412.5820 2023.7630 476.1190 3607.0021 2143.7847 496.0110 3604.0968 2150.8819 496.0110 3602.7752 2149.9801 496.0110 3607.0021 2143.7847 496.0110 3608.3238 2144.6865 496.0110 3604.0968 2150.8819 496.0110 3607.6630 2144.2356 496.8110 3603.4360 2150.4310 496.8110 3603.4360 2150.4310 495.2110 3607.6630 2144.2356 496.8110 3603.4360 2150.4310 495.2110 3607.6630 2144.2356 495.2110 3602.7752 2149.9801 496.0110 3599.8699 2157.0773 496.0110 3598.5482 2156.1755 496.0110 3602.7752 2149.9801 496.0110 3604.0968 2150.8819 496.0110 3599.8699 2157.0773 496.0110 3603.4360 2150.4310 496.8110 3599.2090 2156.6264 496.8110 3599.2090 2156.6264 495.2110 3603.4360 2150.4310 496.8110 3599.2090 2156.6264 495.2110 3603.4360 2150.4310 495.2110 3792.8057 2270.5405 513.8540 3789.7972 2277.5945 513.8540 3788.4888 2276.6735 513.8540 3792.8057 2270.5405 513.8540 3794.1141 2271.4614 513.8540 3789.7972 2277.5945 513.8540 3793.4599 2271.0009 514.6540 3789.1430 2277.1340 514.6540 3789.1430 2277.1340 513.0540 3793.4599 2271.0009 514.6540 3789.1430 2277.1340 513.0540 3793.4599 2271.0009 513.0540 3788.4888 2276.6735 513.8540 3785.4803 2283.7275 513.8540 3784.1719 2282.8066 513.8540 3788.4888 2276.6735 513.8540 3789.7972 2277.5945 513.8540 3785.4803 2283.7275 513.8540 3789.1430 2277.1340 514.6540 3784.8261 2283.2671 514.6540 3784.8261 2283.2671 513.0540 3789.1430 2277.1340 514.6540 3784.8261 2283.2671 513.0540 3789.1430 2277.1340 513.0540 3972.5123 2397.0146 530.4280 3969.3864 2404.0173 530.4280 3968.0936 2403.0747 530.4280 3972.5123 2397.0146 530.4280 3973.8052 2397.9572 530.4280 3969.3864 2404.0173 530.4280 3973.1587 2397.4859 531.2280 3968.7400 2403.5460 531.2280 3968.7400 2403.5460 529.6280 3973.1587 2397.4859 531.2280 3968.7400 2403.5460 529.6280 3973.1587 2397.4859 529.6280 3968.0936 2403.0747 530.4280 3964.9677 2410.0774 530.4280 3963.6748 2409.1348 530.4280 3968.0936 2403.0747 530.4280 3969.3864 2404.0173 530.4280 3964.9677 2410.0774 530.4280 3968.7400 2403.5460 531.2280 3964.3213 2409.6061 531.2280 3964.3213 2409.6061 529.6280 3968.7400 2403.5460 531.2280 3964.3213 2409.6061 529.6280 3968.7400 2403.5460 529.6280 4145.1604 2522.8844 545.7300 4141.9002 2529.8257 545.7300 4140.6258 2528.8583 545.7300 4145.1604 2522.8844 545.7300 4146.4348 2523.8518 545.7300 4141.9002 2529.8257 545.7300 4145.7976 2523.3681 546.5300 4141.2630 2529.3420 546.5300 4141.2630 2529.3420 544.9300 4145.7976 2523.3681 546.5300 4141.2630 2529.3420 544.9300 4145.7976 2523.3681 544.9300 4140.6258 2528.8583 545.7300 4137.3656 2535.7996 545.7300 4136.0912 2534.8322 545.7300 4140.6258 2528.8583 545.7300 4141.9002 2529.8257 545.7300 4137.3656 2535.7996 545.7300 4141.2630 2529.3420 546.5300 4136.7284 2535.3159 546.5300 4136.7284 2535.3159 544.9300 4141.2630 2529.3420 546.5300 4136.7284 2535.3159 544.9300 4141.2630 2529.3420 544.9300 4309.7865 2647.8260 559.7670 4306.3723 2654.6928 559.7670 4305.1197 2653.6972 559.7670 4309.7865 2647.8260 559.7670 4311.0391 2648.8216 559.7670 4306.3723 2654.6928 559.7670 4310.4128 2648.3238 560.5670 4305.7460 2654.1950 560.5670 4305.7460 2654.1950 558.9670 4310.4128 2648.3238 560.5670 4305.7460 2654.1950 558.9670 4310.4128 2648.3238 558.9670 4305.1197 2653.6972 559.7670 4301.7055 2660.5640 559.7670 4300.4529 2659.5684 559.7670 4305.1197 2653.6972 559.7670 4306.3723 2654.6928 559.7670 4301.7055 2660.5640 559.7670 4305.7460 2654.1950 560.5670 4301.0792 2660.0662 560.5670 4301.0792 2660.0662 558.9670 4305.7460 2654.1950 560.5670 4301.0792 2660.0662 558.9670 4305.7460 2654.1950 558.9670 4465.4313 2771.5186 572.5620 4461.8391 2778.2940 572.5620 4460.6129 2777.2660 572.5620 4465.4313 2771.5186 572.5620 4466.6574 2772.5465 572.5620 4461.8391 2778.2940 572.5620 4466.0444 2772.0325 573.3620 4461.2260 2777.7800 573.3620 4461.2260 2777.7800 571.7620 4466.0444 2772.0325 573.3620 4461.2260 2777.7800 571.7620 4466.0444 2772.0325 571.7620 4460.6129 2777.2660 572.5620 4457.0207 2784.0414 572.5620 4455.7946 2783.0135 572.5620 4460.6129 2777.2660 572.5620 4461.8391 2778.2940 572.5620 4457.0207 2784.0414 572.5620 4461.2260 2777.7800 573.3620 4456.4076 2783.5275 573.3620 4456.4076 2783.5275 571.7620 4461.2260 2777.7800 573.3620 4456.4076 2783.5275 571.7620 4461.2260 2777.7800 571.7620 4611.1340 2893.6410 584.1480 4607.3350 2900.3026 584.1480 4606.1410 2899.2374 584.1480 4611.1340 2893.6410 584.1480 4612.3279 2894.7061 584.1480 4607.3350 2900.3026 584.1480 4611.7310 2894.1736 584.9480 4606.7380 2899.7700 584.9480 4606.7380 2899.7700 583.3480 4611.7310 2894.1736 584.9480 4606.7380 2899.7700 583.3480 4611.7310 2894.1736 583.3480 4606.1410 2899.2374 584.1480 4602.3420 2905.8990 584.1480 4601.1481 2904.8339 584.1480 4606.1410 2899.2374 584.1480 4607.3350 2900.3026 584.1480 4602.3420 2905.8990 584.1480 4606.7380 2899.7700 584.9480 4601.7450 2905.3664 584.9480 4601.7450 2905.3664 583.3480 4606.7380 2899.7700 584.9480 4601.7450 2905.3664 583.3480 4606.7380 2899.7700 583.3480 4745.9361 3013.8745 594.5660 4741.8950 3020.3921 594.5660 4740.7410 3019.2839 594.5660 4745.9361 3013.8745 594.5660 4747.0901 3014.9828 594.5660 4741.8950 3020.3921 594.5660 4746.5131 3014.4286 595.3660 4741.3180 3019.8380 595.3660 4741.3180 3019.8380 593.7660 4746.5131 3014.4286 595.3660 4741.3180 3019.8380 593.7660 4746.5131 3014.4286 593.7660 4740.7410 3019.2839 594.5660 4736.6999 3025.8015 594.5660 4735.5459 3024.6932 594.5660 4740.7410 3019.2839 594.5660 4741.8950 3020.3921 594.5660 4736.6999 3025.8015 594.5660 4741.3180 3019.8380 595.3660 4736.1229 3025.2474 595.3660 4736.1229 3025.2474 593.7660 4741.3180 3019.8380 595.3660 4736.1229 3025.2474 593.7660 4741.3180 3019.8380 593.7660 4868.9170 3131.9396 603.8680 4864.5490 3138.2428 603.8680 4863.4530 3137.0772 603.8680 4868.9170 3131.9396 603.8680 4870.0130 3133.1053 603.8680 4864.5490 3138.2428 603.8680 4869.4650 3132.5224 604.6680 4864.0010 3137.6600 604.6680 4864.0010 3137.6600 603.0680 4869.4650 3132.5224 604.6680 4864.0010 3137.6600 603.0680 4869.4650 3132.5224 603.0680 4863.4530 3137.0772 603.8680 4859.0850 3143.3804 603.8680 4857.9890 3142.2147 603.8680 4863.4530 3137.0772 603.8680 4864.5490 3138.2428 603.8680 4859.0850 3143.3804 603.8680 4864.0010 3137.6600 604.6680 4858.5370 3142.7976 604.6680 4858.5370 3142.7976 603.0680 4864.0010 3137.6600 604.6680 4858.5370 3142.7976 603.0680 4864.0010 3137.6600 603.0680 5031.0819 3304.3597 615.9460 5026.3541 3310.3978 615.9460 5025.3279 3309.1702 615.9460 5031.0819 3304.3597 615.9460 5032.1081 3305.5872 615.9460 5026.3541 3310.3978 615.9460 5031.5950 3304.9734 616.7460 5025.8410 3309.7840 616.7460 5025.8410 3309.7840 615.1460 5031.5950 3304.9734 616.7460 5025.8410 3309.7840 615.1460 5031.5950 3304.9734 615.1460 5025.3279 3309.1702 615.9460 5020.6001 3315.2083 615.9460 5019.5739 3313.9808 615.9460 5025.3279 3309.1702 615.9460 5026.3541 3310.3978 615.9460 5020.6001 3315.2083 615.9460 5025.8410 3309.7840 616.7460 5020.0870 3314.5946 616.7460 5020.0870 3314.5946 615.1460 5025.8410 3309.7840 616.7460 5020.0870 3314.5946 615.1460 5025.8410 3309.7840 615.1460 5179.9720 3482.3998 626.8390 5174.9207 3488.1699 626.8390 5173.9633 3486.8881 626.8390 5179.9720 3482.3998 626.8390 5180.9295 3483.6817 626.8390 5174.9207 3488.1699 626.8390 5180.4508 3483.0407 627.6390 5174.4420 3487.5290 627.6390 5174.4420 3487.5290 626.0390 5180.4508 3483.0407 627.6390 5174.4420 3487.5290 626.0390 5180.4508 3483.0407 626.0390 5173.9633 3486.8881 626.8390 5168.9120 3492.6582 626.8390 5167.9545 3491.3763 626.8390 5173.9633 3486.8881 626.8390 5174.9207 3488.1699 626.8390 5168.9120 3492.6582 626.8390 5174.4420 3487.5290 627.6390 5168.4332 3492.0173 627.6390 5168.4332 3492.0173 626.0390 5174.4420 3487.5290 627.6390 5168.4332 3492.0173 626.0390 5174.4420 3487.5290 626.0390 5316.6101 3665.2759 636.6340 5311.2726 3670.7824 636.6340 5310.3814 3669.4536 636.6340 5316.6101 3665.2759 636.6340 5317.5013 3666.6047 636.6340 5311.2726 3670.7824 636.6340 5317.0557 3665.9403 637.4340 5310.8270 3670.1180 637.4340 5310.8270 3670.1180 635.8340 5317.0557 3665.9403 637.4340 5310.8270 3670.1180 635.8340 5317.0557 3665.9403 635.8340 5310.3814 3669.4536 636.6340 5305.0439 3674.9601 636.6340 5304.1527 3673.6313 636.6340 5310.3814 3669.4536 636.6340 5311.2726 3670.7824 636.6340 5305.0439 3674.9601 636.6340 5310.8270 3670.1180 637.4340 5304.5983 3674.2957 637.4340 5304.5983 3674.2957 635.8340 5310.8270 3670.1180 637.4340 5304.5983 3674.2957 635.8340 5310.8270 3670.1180 635.8340 5442.0210 3852.2037 645.4020 5436.4344 3857.4573 645.4020 5435.6056 3856.0887 645.4020 5442.0210 3852.2037 645.4020 5442.8498 3853.5723 645.4020 5436.4344 3857.4573 645.4020 5442.4354 3852.8880 646.2020 5436.0200 3856.7730 646.2020 5436.0200 3856.7730 644.6020 5442.4354 3852.8880 646.2020 5436.0200 3856.7730 644.6020 5442.4354 3852.8880 644.6020 5435.6056 3856.0887 645.4020 5430.0190 3861.3423 645.4020 5429.1902 3859.9737 645.4020 5435.6056 3856.0887 645.4020 5436.4344 3857.4573 645.4020 5430.0190 3861.3423 645.4020 5436.0200 3856.7730 646.2020 5429.6046 3860.6580 646.2020 5429.6046 3860.6580 644.6020 5436.0200 3856.7730 646.2020 5429.6046 3860.6580 644.6020 5436.0200 3856.7730 644.6020 5557.2306 4042.4010 653.1930 5551.4306 4047.4179 653.1930 5550.6594 4046.0161 653.1930 5557.2306 4042.4010 653.1930 5558.0018 4043.8028 653.1930 5551.4306 4047.4179 653.1930 5557.6162 4043.1019 653.9930 5551.0450 4046.7170 653.9930 5551.0450 4046.7170 652.3930 5557.6162 4043.1019 653.9930 5551.0450 4046.7170 652.3930 5557.6162 4043.1019 652.3930 5550.6594 4046.0161 653.1930 5544.8594 4051.0330 653.1930 5544.0882 4049.6312 653.1930 5550.6594 4046.0161 653.1930 5551.4306 4047.4179 653.1930 5544.8594 4051.0330 653.1930 5551.0450 4046.7170 653.9930 5544.4738 4050.3321 653.9930 5544.4738 4050.3321 652.3930 5551.0450 4046.7170 653.9930 5544.4738 4050.3321 652.3930 5551.0450 4046.7170 652.3930 5663.2633 4235.0871 660.0490 5657.2837 4239.8886 660.0490 5656.5643 4238.4594 660.0490 5663.2633 4235.0871 660.0490 5663.9828 4236.5162 660.0490 5657.2837 4239.8886 660.0490 5663.6231 4235.8017 660.8490 5656.9240 4239.1740 660.8490 5656.9240 4239.1740 659.2490 5663.6231 4235.8017 660.8490 5656.9240 4239.1740 659.2490 5663.6231 4235.8017 659.2490 5656.5643 4238.4594 660.0490 5650.5847 4243.2609 660.0490 5649.8652 4241.8318 660.0490 5656.5643 4238.4594 660.0490 5657.2837 4239.8886 660.0490 5650.5847 4243.2609 660.0490 5656.9240 4239.1740 660.8490 5650.2249 4242.5463 660.8490 5650.2249 4242.5463 659.2490 5656.9240 4239.1740 660.8490 5650.2249 4242.5463 659.2490 5656.9240 4239.1740 659.2490 5761.1458 4429.4807 666.0010 5755.0180 4434.0915 666.0010 5754.3440 4432.6405 666.0010 5761.1458 4429.4807 666.0010 5761.8199 4430.9317 666.0010 5755.0180 4434.0915 666.0010 5761.4829 4430.2062 666.8010 5754.6810 4433.3660 666.8010 5754.6810 4433.3660 665.2010 5761.4829 4430.2062 666.8010 5754.6810 4433.3660 665.2010 5761.4829 4430.2062 665.2010 5754.3440 4432.6405 666.0010 5748.2162 4437.2513 666.0010 5747.5421 4435.8003 666.0010 5754.3440 4432.6405 666.0010 5755.0180 4434.0915 666.0010 5748.2162 4437.2513 666.0010 5754.6810 4433.3660 666.8010 5747.8791 4436.5258 666.8010 5747.8791 4436.5258 665.2010 5754.6810 4433.3660 666.8010 5747.8791 4436.5258 665.2010 5754.6810 4433.3660 665.2010 5851.9025 4624.8016 671.0740 5845.6559 4629.2501 671.0740 5845.0201 4627.7819 671.0740 5851.9025 4624.8016 671.0740 5852.5383 4626.2699 671.0740 5845.6559 4629.2501 671.0740 5852.2204 4625.5357 671.8740 5845.3380 4628.5160 671.8740 5845.3380 4628.5160 670.2740 5852.2204 4625.5357 671.8740 5845.3380 4628.5160 670.2740 5852.2204 4625.5357 670.2740 5845.0201 4627.7819 671.0740 5838.7735 4632.2304 671.0740 5838.1377 4630.7621 671.0740 5845.0201 4627.7819 671.0740 5845.6559 4629.2501 671.0740 5838.7735 4632.2304 671.0740 5845.3380 4628.5160 671.8740 5838.4556 4631.4963 671.8740 5838.4556 4631.4963 670.2740 5845.3380 4628.5160 671.8740 5838.4556 4631.4963 670.2740 5845.3380 4628.5160 670.2740 5936.5618 4820.2708 675.2940 5930.2235 4824.5876 675.2940 5929.6185 4823.1064 675.2940 5936.5618 4820.2708 675.2940 5937.1668 4821.7520 675.2940 5930.2235 4824.5876 675.2940 5936.8643 4821.0114 676.0940 5929.9210 4823.8470 676.0940 5929.9210 4823.8470 674.4940 5936.8643 4821.0114 676.0940 5929.9210 4823.8470 674.4940 5936.8643 4821.0114 674.4940 5929.6185 4823.1064 675.2940 5923.2802 4827.4232 675.2940 5922.6752 4825.9420 675.2940 5929.6185 4823.1064 675.2940 5930.2235 4824.5876 675.2940 5923.2802 4827.4232 675.2940 5929.9210 4823.8470 676.0940 5922.9777 4826.6826 676.0940 5922.9777 4826.6826 674.4940 5929.9210 4823.8470 676.0940 5922.9777 4826.6826 674.4940 5929.9210 4823.8470 674.4940 6016.1453 5015.1099 678.6820 6009.7410 5019.3282 678.6820 6009.1590 5017.8378 678.6820 6016.1453 5015.1099 678.6820 6016.7273 5016.6003 678.6820 6009.7410 5019.3282 678.6820 6016.4363 5015.8551 679.4820 6009.4500 5018.5830 679.4820 6009.4500 5018.5830 677.8820 6016.4363 5015.8551 679.4820 6009.4500 5018.5830 677.8820 6016.4363 5015.8551 677.8820 6009.1590 5017.8378 678.6820 6002.7547 5022.0561 678.6820 6002.1727 5020.5657 678.6820 6009.1590 5017.8378 678.6820 6009.7410 5019.3282 678.6820 6002.7547 5022.0561 678.6820 6009.4500 5018.5830 679.4820 6002.4637 5021.3109 679.4820 6002.4637 5021.3109 677.8820 6009.4500 5018.5830 679.4820 6002.4637 5021.3109 677.8820 6009.4500 5018.5830 677.8820 6091.6803 5208.5381 681.2640 6085.2346 5212.6930 681.2640 6084.6674 5211.1970 681.2640 6091.6803 5208.5381 681.2640 6092.2475 5210.0342 681.2640 6085.2346 5212.6930 681.2640 6091.9639 5209.2861 682.0640 6084.9510 5211.9450 682.0640 6084.9510 5211.9450 680.4640 6091.9639 5209.2861 682.0640 6084.9510 5211.9450 680.4640 6091.9639 5209.2861 680.4640 6084.6674 5211.1970 681.2640 6078.2217 5215.3519 681.2640 6077.6545 5213.8558 681.2640 6084.6674 5211.1970 681.2640 6085.2346 5212.6930 681.2640 6078.2217 5215.3519 681.2640 6084.9510 5211.9450 682.0640 6077.9381 5214.6039 682.0640 6077.9381 5214.6039 680.4640 6084.9510 5211.9450 682.0640 6077.9381 5214.6039 680.4640 6084.9510 5211.9450 680.4640 6164.1901 5399.7775 683.0680 6157.7276 5403.9062 683.0680 6157.1664 5402.4078 683.0680 6164.1901 5399.7775 683.0680 6164.7512 5401.2759 683.0680 6157.7276 5403.9062 683.0680 6164.4706 5400.5267 683.8680 6157.4470 5403.1570 683.8680 6157.4470 5403.1570 682.2680 6164.4706 5400.5267 683.8680 6157.4470 5403.1570 682.2680 6164.4706 5400.5267 682.2680 6157.1664 5402.4078 683.0680 6150.7039 5406.5365 683.0680 6150.1428 5405.0381 683.0680 6157.1664 5402.4078 683.0680 6157.7276 5403.9062 683.0680 6150.7039 5406.5365 683.0680 6157.4470 5403.1570 683.8680 6150.4234 5405.7873 683.8680 6150.4234 5405.7873 682.2680 6157.4470 5403.1570 683.8680 6150.4234 5405.7873 682.2680 6157.4470 5403.1570 682.2680 6234.6952 5588.0487 684.1270 6228.2411 5592.1906 684.1270 6227.6769 5590.6934 684.1270 6234.6952 5588.0487 684.1270 6235.2593 5589.5460 684.1270 6228.2411 5592.1906 684.1270 6234.9773 5588.7974 684.9270 6227.9590 5591.4420 684.9270 6227.9590 5591.4420 683.3270 6234.9773 5588.7974 684.9270 6227.9590 5591.4420 683.3270 6234.9773 5588.7974 683.3270 6227.6769 5590.6934 684.1270 6221.2228 5594.8353 684.1270 6220.6587 5593.3380 684.1270 6227.6769 5590.6934 684.1270 6228.2411 5592.1906 684.1270 6221.2228 5594.8353 684.1270 6227.9590 5591.4420 684.9270 6220.9407 5594.0866 684.9270 6220.9407 5594.0866 683.3270 6227.9590 5591.4420 684.9270 6220.9407 5594.0866 683.3270 6227.9590 5591.4420 683.3270 6304.2201 5772.5717 684.4760 6297.8014 5776.7682 684.4760 6297.2246 5775.2758 684.4760 6304.2201 5772.5717 684.4760 6304.7970 5774.0640 684.4760 6297.8014 5776.7682 684.4760 6304.5085 5773.3178 685.2760 6297.5130 5776.0220 685.2760 6297.5130 5776.0220 683.6760 6304.5085 5773.3178 685.2760 6297.5130 5776.0220 683.6760 6304.5085 5773.3178 683.6760 6297.2246 5775.2758 684.4760 6290.8059 5779.4723 684.4760 6290.2290 5777.9800 684.4760 6297.2246 5775.2758 684.4760 6297.8014 5776.7682 684.4760 6290.8059 5779.4723 684.4760 6297.5130 5776.0220 685.2760 6290.5175 5778.7262 685.2760 6290.5175 5778.7262 683.6760 6297.5130 5776.0220 685.2760 6290.5175 5778.7262 683.6760 6297.5130 5776.0220 683.6760 6373.7841 5952.5676 684.1560 6367.4309 5956.8627 684.1560 6366.8311 5955.3793 684.1560 6373.7841 5952.5676 684.1560 6374.3839 5954.0509 684.1560 6367.4309 5956.8627 684.1560 6374.0840 5953.3092 684.9560 6367.1310 5956.1210 684.9560 6367.1310 5956.1210 683.3560 6374.0840 5953.3092 684.9560 6367.1310 5956.1210 683.3560 6374.0840 5953.3092 683.3560 6366.8311 5955.3793 684.1560 6360.4779 5959.6744 684.1560 6359.8781 5958.1911 684.1560 6366.8311 5955.3793 684.1560 6367.4309 5956.8627 684.1560 6360.4779 5959.6744 684.1560 6367.1310 5956.1210 684.9560 6360.1780 5958.9328 684.9560 6360.1780 5958.9328 683.3560 6367.1310 5956.1210 684.9560 6360.1780 5958.9328 683.3560 6367.1310 5956.1210 683.3560 6444.4057 6127.2568 683.2110 6438.1529 6131.6966 683.2110 6437.5191 6130.2274 683.2110 6444.4057 6127.2568 683.2110 6445.0395 6128.7260 683.2110 6438.1529 6131.6966 683.2110 6444.7226 6127.9914 684.0110 6437.8360 6130.9620 684.0110 6437.8360 6130.9620 682.4110 6444.7226 6127.9914 684.0110 6437.8360 6130.9620 682.4110 6444.7226 6127.9914 682.4110 6437.5191 6130.2274 683.2110 6431.2663 6134.6672 683.2110 6430.6325 6133.1980 683.2110 6437.5191 6130.2274 683.2110 6438.1529 6131.6966 683.2110 6431.2663 6134.6672 683.2110 6437.8360 6130.9620 684.0110 6430.9494 6133.9326 684.0110 6430.9494 6133.9326 682.4110 6437.8360 6130.9620 684.0110 6430.9494 6133.9326 682.4110 6437.8360 6130.9620 682.4110 6517.1031 6295.8588 681.6900 6510.9916 6300.4913 681.6900 6510.3124 6299.0427 681.6900 6517.1031 6295.8588 681.6900 6517.7823 6297.3075 681.6900 6510.9916 6300.4913 681.6900 6517.4427 6296.5832 682.4900 6510.6520 6299.7670 682.4900 6510.6520 6299.7670 680.8900 6517.4427 6296.5832 682.4900 6510.6520 6299.7670 680.8900 6517.4427 6296.5832 680.8900 6510.3124 6299.0427 681.6900 6504.2009 6303.6752 681.6900 6503.5217 6302.2265 681.6900 6510.3124 6299.0427 681.6900 6510.9916 6300.4913 681.6900 6504.2009 6303.6752 681.6900 6510.6520 6299.7670 682.4900 6503.8613 6302.9508 682.4900 6503.8613 6302.9508 680.8900 6510.6520 6299.7670 682.4900 6503.8613 6302.9508 680.8900 6510.6520 6299.7670 680.8900 6592.8919 6457.5959 679.6400 6586.9714 6462.4701 679.6400 6586.2346 6461.0499 679.6400 6592.8919 6457.5959 679.6400 6593.6288 6459.0162 679.6400 6586.9714 6462.4701 679.6400 6593.2603 6458.3061 680.4400 6586.6030 6461.7600 680.4400 6586.6030 6461.7600 678.8400 6593.2603 6458.3061 680.4400 6586.6030 6461.7600 678.8400 6593.2603 6458.3061 678.8400 6586.2346 6461.0499 679.6400 6580.3141 6465.9241 679.6400 6579.5772 6464.5038 679.6400 6586.2346 6461.0499 679.6400 6586.9714 6462.4701 679.6400 6580.3141 6465.9241 679.6400 6586.6030 6461.7600 680.4400 6579.9457 6465.2139 680.4400 6579.9457 6465.2139 678.8400 6586.6030 6461.7600 680.4400 6579.9457 6465.2139 678.8400 6586.6030 6461.7600 678.8400 6672.7829 6611.6898 677.1080 6667.1135 6616.8538 677.1080 6666.3065 6615.4722 677.1080 6672.7829 6611.6898 677.1080 6673.5898 6613.0714 677.1080 6667.1135 6616.8538 677.1080 6673.1864 6612.3806 677.9080 6666.7100 6616.1630 677.9080 6666.7100 6616.1630 676.3080 6673.1864 6612.3806 677.9080 6666.7100 6616.1630 676.3080 6673.1864 6612.3806 676.3080 6666.3065 6615.4722 677.1080 6660.6371 6620.6362 677.1080 6659.8302 6619.2546 677.1080 6666.3065 6615.4722 677.1080 6667.1135 6616.8538 677.1080 6660.6371 6620.6362 677.1080 6666.7100 6616.1630 677.9080 6660.2336 6619.9454 677.9080 6660.2336 6619.9454 676.3080 6666.7100 6616.1630 677.9080 6660.2336 6619.9454 676.3080 6666.7100 6616.1630 676.3080 6757.8453 6757.4334 674.1370 6752.4358 6762.8692 674.1370 6751.5622 6761.5288 674.1370 6757.8453 6757.4334 674.1370 6758.7190 6758.7738 674.1370 6752.4358 6762.8692 674.1370 6758.2821 6758.1036 674.9370 6751.9990 6762.1990 674.9370 6751.9990 6762.1990 673.3370 6758.2821 6758.1036 674.9370 6751.9990 6762.1990 673.3370 6758.2821 6758.1036 673.3370 6751.5622 6761.5288 674.1370 6746.1527 6766.9646 674.1370 6745.2790 6765.6242 674.1370 6751.5622 6761.5288 674.1370 6752.4358 6762.8692 674.1370 6746.1527 6766.9646 674.1370 6751.9990 6762.1990 674.9370 6745.7159 6766.2944 674.9370 6745.7159 6766.2944 673.3370 6751.9990 6762.1990 674.9370 6745.7159 6766.2944 673.3370 6751.9990 6762.1990 673.3370 6894.6192 6967.3412 668.8060 6889.4267 6972.9846 668.8060 6888.5013 6971.6794 668.8060 6894.6192 6967.3412 668.8060 6895.5447 6968.6464 668.8060 6889.4267 6972.9846 668.8060 6895.0820 6967.9938 669.6060 6888.9640 6972.3320 669.6060 6888.9640 6972.3320 668.0060 6895.0820 6967.9938 669.6060 6888.9640 6972.3320 668.0060 6895.0820 6967.9938 668.0060 6888.5013 6971.6794 668.8060 6883.3088 6977.3228 668.8060 6882.3833 6976.0176 668.8060 6888.5013 6971.6794 668.8060 6889.4267 6972.9846 668.8060 6883.3088 6977.3228 668.8060 6888.9640 6972.3320 669.6060 6882.8460 6976.6702 669.6060 6882.8460 6976.6702 668.0060 6888.9640 6972.3320 669.6060 6882.8460 6976.6702 668.0060 6888.9640 6972.3320 668.0060 7033.2300 7162.8741 662.6730 7028.2406 7168.6978 662.6730 7027.2694 7167.4262 662.6730 7033.2300 7162.8741 662.6730 7034.2011 7164.1457 662.6730 7028.2406 7168.6978 662.6730 7033.7156 7163.5099 663.4730 7027.7550 7168.0620 663.4730 7027.7550 7168.0620 661.8730 7033.7156 7163.5099 663.4730 7027.7550 7168.0620 661.8730 7033.7156 7163.5099 661.8730 7027.2694 7167.4262 662.6730 7022.2800 7173.2499 662.6730 7021.3089 7171.9783 662.6730 7027.2694 7167.4262 662.6730 7028.2406 7168.6978 662.6730 7022.2800 7173.2499 662.6730 7027.7550 7168.0620 663.4730 7021.7944 7172.6141 663.4730 7021.7944 7172.6141 661.8730 7027.7550 7168.0620 663.4730 7021.7944 7172.6141 661.8730 7027.7550 7168.0620 661.8730 7172.6989 7345.5422 655.8440 7167.8909 7351.5166 655.8440 7166.8811 7350.2754 655.8440 7172.6989 7345.5422 655.8440 7173.7086 7346.7833 655.8440 7167.8909 7351.5166 655.8440 7173.2038 7346.1627 656.6440 7167.3860 7350.8960 656.6440 7167.3860 7350.8960 655.0440 7173.2038 7346.1627 656.6440 7167.3860 7350.8960 655.0440 7173.2038 7346.1627 655.0440 7166.8811 7350.2754 655.8440 7162.0731 7356.2498 655.8440 7161.0634 7355.0087 655.8440 7166.8811 7350.2754 655.8440 7167.8909 7351.5166 655.8440 7162.0731 7356.2498 655.8440 7167.3860 7350.8960 656.6440 7161.5682 7355.6293 656.6440 7161.5682 7355.6293 655.0440 7167.3860 7350.8960 656.6440 7161.5682 7355.6293 655.0440 7167.3860 7350.8960 655.0440 7312.0474 7516.8541 648.4080 7307.3913 7522.9476 648.4080 7306.3507 7521.7324 648.4080 7312.0474 7516.8541 648.4080 7313.0881 7518.0694 648.4080 7307.3913 7522.9476 648.4080 7312.5677 7517.4617 649.2080 7306.8710 7522.3400 649.2080 7306.8710 7522.3400 647.6080 7312.5677 7517.4617 649.2080 7306.8710 7522.3400 647.6080 7312.5677 7517.4617 647.6080 7306.3507 7521.7324 648.4080 7301.6946 7527.8259 648.4080 7300.6539 7526.6106 648.4080 7306.3507 7521.7324 648.4080 7307.3913 7522.9476 648.4080 7301.6946 7527.8259 648.4080 7306.8710 7522.3400 649.2080 7301.1743 7527.2183 649.2080 7301.1743 7527.2183 647.6080 7306.8710 7522.3400 649.2080 7301.1743 7527.2183 647.6080 7306.8710 7522.3400 647.6080 7450.2937 7678.3191 640.4420 7445.7526 7684.4988 640.4420 7444.6894 7683.3032 640.4420 7450.2937 7678.3191 640.4420 7451.3570 7679.5147 640.4420 7445.7526 7684.4988 640.4420 7450.8254 7678.9169 641.2420 7445.2210 7683.9010 641.2420 7445.2210 7683.9010 639.6420 7450.8254 7678.9169 641.2420 7445.2210 7683.9010 639.6420 7450.8254 7678.9169 639.6420 7444.6894 7683.3032 640.4420 7440.1483 7689.4829 640.4420 7439.0850 7688.2873 640.4420 7444.6894 7683.3032 640.4420 7445.7526 7684.4988 640.4420 7440.1483 7689.4829 640.4420 7445.2210 7683.9010 641.2420 7439.6166 7688.8851 641.2420 7439.6166 7688.8851 639.6420 7445.2210 7683.9010 641.2420 7439.6166 7688.8851 639.6420 7445.2210 7683.9010 639.6420 7586.4601 7831.4470 632.0140 7581.9894 7837.6777 632.0140 7580.9126 7836.4943 632.0140 7586.4601 7831.4470 632.0140 7587.5369 7832.6305 632.0140 7581.9894 7837.6777 632.0140 7586.9985 7832.0387 632.8140 7581.4510 7837.0860 632.8140 7581.4510 7837.0860 631.2140 7586.9985 7832.0387 632.8140 7581.4510 7837.0860 631.2140 7586.9985 7832.0387 631.2140 7580.9126 7836.4943 632.0140 7576.4419 7842.7250 632.0140 7575.3651 7841.5415 632.0140 7580.9126 7836.4943 632.0140 7581.9894 7837.6777 632.0140 7576.4419 7842.7250 632.0140 7581.4510 7837.0860 632.8140 7575.9035 7842.1333 632.8140 7575.9035 7842.1333 631.2140 7581.4510 7837.0860 632.8140 7575.9035 7842.1333 631.2140 7581.4510 7837.0860 631.2140 7719.5650 7977.7478 623.1810 7715.1132 7983.9921 623.1810 7714.0328 7982.8119 623.1810 7719.5650 7977.7478 623.1810 7720.6453 7978.9280 623.1810 7715.1132 7983.9921 623.1810 7720.1051 7978.3379 623.9810 7714.5730 7983.4020 623.9810 7714.5730 7983.4020 622.3810 7720.1051 7978.3379 623.9810 7714.5730 7983.4020 622.3810 7720.1051 7978.3379 622.3810 7714.0328 7982.8119 623.1810 7709.5810 7989.0562 623.1810 7708.5007 7987.8760 623.1810 7714.0328 7982.8119 623.1810 7715.1132 7983.9921 623.1810 7709.5810 7989.0562 623.1810 7714.5730 7983.4020 623.9810 7709.0409 7988.4661 623.9810 7709.0409 7988.4661 622.3810 7714.5730 7983.4020 623.9810 7709.0409 7988.4661 622.3810 7714.5730 7983.4020 622.3810 7848.6289 8118.7318 613.9970 7844.1385 8124.9484 613.9970 7843.0655 8123.7616 613.9970 7848.6289 8118.7318 613.9970 7849.7019 8119.9186 613.9970 7844.1385 8124.9484 613.9970 7849.1654 8119.3252 614.7970 7843.6020 8124.3550 614.7970 7843.6020 8124.3550 613.1970 7849.1654 8119.3252 614.7970 7843.6020 8124.3550 613.1970 7849.1654 8119.3252 613.1970 7843.0655 8123.7616 613.9970 7838.5751 8129.9782 613.9970 7837.5021 8128.7914 613.9970 7843.0655 8123.7616 613.9970 7844.1385 8124.9484 613.9970 7838.5751 8129.9782 613.9970 7843.6020 8124.3550 614.7970 7838.0386 8129.3848 614.7970 7838.0386 8129.3848 613.1970 7843.6020 8124.3550 614.7970 7838.0386 8129.3848 613.1970 7843.6020 8124.3550 613.1970 7972.6671 8255.9107 604.5040 7968.0757 8262.0531 604.5040 7967.0223 8260.8489 604.5040 7972.6671 8255.9107 604.5040 7973.7206 8257.1149 604.5040 7968.0757 8262.0531 604.5040 7973.1938 8256.5128 605.3040 7967.5490 8261.4510 605.3040 7967.5490 8261.4510 603.7040 7973.1938 8256.5128 605.3040 7967.5490 8261.4510 603.7040 7973.1938 8256.5128 603.7040 7967.0223 8260.8489 604.5040 7962.4309 8266.9913 604.5040 7961.3774 8265.7871 604.5040 7967.0223 8260.8489 604.5040 7968.0757 8262.0531 604.5040 7962.4309 8266.9913 604.5040 7967.5490 8261.4510 605.3040 7961.9042 8266.3892 605.3040 7961.9042 8266.3892 603.7040 7967.5490 8261.4510 605.3040 7961.9042 8266.3892 603.7040 7967.5490 8261.4510 603.7040 8090.6967 8390.8007 594.7360 8085.9391 8396.8153 594.7360 8084.9189 8395.5827 594.7360 8090.6967 8390.8007 594.7360 8091.7169 8392.0333 594.7360 8085.9391 8396.8153 594.7360 8091.2068 8391.4170 595.5360 8085.4290 8396.1990 595.5360 8085.4290 8396.1990 593.9360 8091.2068 8391.4170 595.5360 8085.4290 8396.1990 593.9360 8091.2068 8391.4170 593.9360 8084.9189 8395.5827 594.7360 8080.1613 8401.5973 594.7360 8079.1411 8400.3647 594.7360 8084.9189 8395.5827 594.7360 8085.9391 8396.8153 594.7360 8080.1613 8401.5973 594.7360 8085.4290 8396.1990 595.5360 8079.6512 8400.9810 595.5360 8079.6512 8400.9810 593.9360 8085.4290 8396.1990 595.5360 8079.6512 8400.9810 593.9360 8085.4290 8396.1990 593.9360 8201.7287 8524.9148 584.7150 8196.7396 8530.7388 584.7150 8195.7684 8529.4672 584.7150 8201.7287 8524.9148 584.7150 8202.6999 8526.1863 584.7150 8196.7396 8530.7388 584.7150 8202.2143 8525.5505 585.5150 8196.2540 8530.1030 585.5150 8196.2540 8530.1030 583.9150 8202.2143 8525.5505 585.5150 8196.2540 8530.1030 583.9150 8202.2143 8525.5505 583.9150 8195.7684 8529.4672 584.7150 8190.7793 8535.2912 584.7150 8189.8081 8534.0197 584.7150 8195.7684 8529.4672 584.7150 8196.7396 8530.7388 584.7150 8190.7793 8535.2912 584.7150 8196.2540 8530.1030 585.5150 8190.2937 8534.6555 585.5150 8190.2937 8534.6555 583.9150 8196.2540 8530.1030 585.5150 8190.2937 8534.6555 583.9150 8196.2540 8530.1030 583.9150 8304.7712 8659.7710 574.4430 8299.4904 8665.3318 574.4430 8298.5856 8664.0122 574.4430 8304.7712 8659.7710 574.4430 8305.6760 8661.0906 574.4430 8299.4904 8665.3318 574.4430 8305.2236 8660.4308 575.2430 8299.0380 8664.6720 575.2430 8299.0380 8664.6720 573.6430 8305.2236 8660.4308 575.2430 8299.0380 8664.6720 573.6430 8305.2236 8660.4308 573.6430 8298.5856 8664.0122 574.4430 8293.3048 8669.5730 574.4430 8292.4000 8668.2534 574.4430 8298.5856 8664.0122 574.4430 8299.4904 8665.3318 574.4430 8293.3048 8669.5730 574.4430 8299.0380 8664.6720 575.2430 8292.8524 8668.9132 575.2430 8292.8524 8668.9132 573.6430 8299.0380 8664.6720 575.2430 8292.8524 8668.9132 573.6430 8299.0380 8664.6720 573.6430 8398.4149 8796.3816 563.8970 8393.2612 8802.0604 563.8970 8392.3268 8800.7616 563.8970 8398.4149 8796.3816 563.8970 8399.3493 8797.6804 563.8970 8393.2612 8802.0604 563.8970 8398.8821 8797.0310 564.6970 8392.7940 8801.4110 564.6970 8392.7940 8801.4110 563.0970 8398.8821 8797.0310 564.6970 8392.7940 8801.4110 563.0970 8398.8821 8797.0310 563.0970 8392.3268 8800.7616 563.8970 8387.1731 8806.4404 563.8970 8386.2387 8805.1416 563.8970 8392.3268 8800.7616 563.8970 8393.2612 8802.0604 563.8970 8387.1731 8806.4404 563.8970 8392.7940 8801.4110 564.6970 8386.7059 8805.7910 564.6970 8386.7059 8805.7910 563.0970 8392.7940 8801.4110 564.6970 8386.7059 8805.7910 563.0970 8392.7940 8801.4110 563.0970 8547.0736 9003.1539 546.7200 8542.3629 9009.2053 546.7200 8541.3331 9007.9807 546.7200 8547.0736 9003.1539 546.7200 8548.1033 9004.3786 546.7200 8542.3629 9009.2053 546.7200 8547.5884 9003.7663 547.5200 8541.8480 9008.5930 547.5200 8541.8480 9008.5930 545.9200 8547.5884 9003.7663 547.5200 8541.8480 9008.5930 545.9200 8547.5884 9003.7663 545.9200 8541.3331 9007.9807 546.7200 8536.6224 9014.0321 546.7200 8535.5927 9012.8074 546.7200 8541.3331 9007.9807 546.7200 8542.3629 9009.2053 546.7200 8536.6224 9014.0321 546.7200 8541.8480 9008.5930 547.5200 8536.1076 9013.4197 547.5200 8536.1076 9013.4197 545.9200 8541.8480 9008.5930 547.5200 8536.1076 9013.4197 545.9200 8541.8480 9008.5930 545.9200 8698.2358 9182.9532 529.8910 8693.6270 9189.0826 529.8910 8692.5770 9187.8754 529.8910 8698.2358 9182.9532 529.8910 8699.2859 9184.1605 529.8910 8693.6270 9189.0826 529.8910 8698.7608 9183.5569 530.6910 8693.1020 9188.4790 530.6910 8693.1020 9188.4790 529.0910 8698.7608 9183.5569 530.6910 8693.1020 9188.4790 529.0910 8698.7608 9183.5569 529.0910 8692.5770 9187.8754 529.8910 8687.9682 9194.0048 529.8910 8686.9181 9192.7975 529.8910 8692.5770 9187.8754 529.8910 8693.6270 9189.0826 529.8910 8687.9682 9194.0048 529.8910 8693.1020 9188.4790 530.6910 8687.4432 9193.4011 530.6910 8687.4432 9193.4011 529.0910 8693.1020 9188.4790 530.6910 8687.4432 9193.4011 529.0910 8693.1020 9188.4790 529.0910 8841.5873 9347.7089 513.4180 8836.6334 9353.5628 513.4180 8835.6546 9352.2972 513.4180 8841.5873 9347.7089 513.4180 8842.5662 9348.9745 513.4180 8836.6334 9353.5628 513.4180 8842.0767 9348.3417 514.2180 8836.1440 9352.9300 514.2180 8836.1440 9352.9300 512.6180 8842.0767 9348.3417 514.2180 8836.1440 9352.9300 512.6180 8842.0767 9348.3417 512.6180 8835.6546 9352.2972 513.4180 8830.7007 9358.1511 513.4180 8829.7218 9356.8855 513.4180 8835.6546 9352.2972 513.4180 8836.6334 9353.5628 513.4180 8830.7007 9358.1511 513.4180 8836.1440 9352.9300 514.2180 8830.2113 9357.5183 514.2180 8830.2113 9357.5183 512.6180 8836.1440 9352.9300 514.2180 8830.2113 9357.5183 512.6180 8836.1440 9352.9300 512.6180 8966.7021 9509.4234 497.2950 8960.9549 9514.5009 497.2950 8960.1691 9513.1071 497.2950 8966.7021 9509.4234 497.2950 8967.4879 9510.8171 497.2950 8960.9549 9514.5009 497.2950 8967.0950 9510.1203 498.0950 8960.5620 9513.8040 498.0950 8960.5620 9513.8040 496.4950 8967.0950 9510.1203 498.0950 8960.5620 9513.8040 496.4950 8967.0950 9510.1203 496.4950 8960.1691 9513.1071 497.2950 8954.4219 9518.1846 497.2950 8953.6361 9516.7909 497.2950 8960.1691 9513.1071 497.2950 8960.9549 9514.5009 497.2950 8954.4219 9518.1846 497.2950 8960.5620 9513.8040 498.0950 8954.0290 9517.4877 498.0950 8954.0290 9517.4877 496.4950 8960.5620 9513.8040 498.0950 8954.0290 9517.4877 496.4950 8960.5620 9513.8040 496.4950 9062.9079 9680.0666 481.2230 9056.1687 9683.7262 481.2230 9055.7153 9682.1918 481.2230 9062.9079 9680.0666 481.2230 9063.3613 9681.6010 481.2230 9056.1687 9683.7262 481.2230 9063.1346 9680.8338 482.0230 9055.9420 9682.9590 482.0230 9055.9420 9682.9590 480.4230 9063.1346 9680.8338 482.0230 9055.9420 9682.9590 480.4230 9063.1346 9680.8338 480.4230 9055.7153 9682.1918 481.2230 9048.9761 9685.8514 481.2230 9048.5227 9684.3170 481.2230 9055.7153 9682.1918 481.2230 9056.1687 9683.7262 481.2230 9048.9761 9685.8514 481.2230 9055.9420 9682.9590 482.0230 9048.7494 9685.0842 482.0230 9048.7494 9685.0842 480.4230 9055.9420 9682.9590 482.0230 9048.7494 9685.0842 480.4230 9055.9420 9682.9590 480.4230 9119.3483 9871.2487 464.2080 9111.8949 9873.0537 464.2080 9111.8511 9871.4543 464.2080 9119.3483 9871.2487 464.2080 9119.3921 9872.8481 464.2080 9111.8949 9873.0537 464.2080 9119.3702 9872.0484 465.0080 9111.8730 9872.2540 465.0080 9111.8730 9872.2540 463.4080 9119.3702 9872.0484 465.0080 9111.8730 9872.2540 463.4080 9119.3702 9872.0484 463.4080 9111.8511 9871.4543 464.2080 9104.3977 9873.2593 464.2080 9104.3539 9871.6599 464.2080 9111.8511 9871.4543 464.2080 9111.8949 9873.0537 464.2080 9104.3977 9873.2593 464.2080 9111.8730 9872.2540 465.0080 9104.3758 9872.4596 465.0080 9104.3758 9872.4596 463.4080 9111.8730 9872.2540 465.0080 9104.3758 9872.4596 463.4080 9111.8730 9872.2540 463.4080 9125.4493 10094.2664 444.3110 9117.7808 10094.3318 444.3110 9118.1012 10092.7642 444.3110 9125.4493 10094.2664 444.3110 9125.1288 10095.8340 444.3110 9117.7808 10094.3318 444.3110 9125.2890 10095.0502 445.1110 9117.9410 10093.5480 445.1110 9117.9410 10093.5480 443.5110 9125.2890 10095.0502 445.1110 9117.9410 10093.5480 443.5110 9125.2890 10095.0502 443.5110 9118.1012 10092.7642 444.3110 9110.4327 10092.8296 444.3110 9110.7532 10091.2620 444.3110 9118.1012 10092.7642 444.3110 9117.7808 10094.3318 444.3110 9110.4327 10092.8296 444.3110 9117.9410 10093.5480 445.1110 9110.5930 10092.0458 445.1110 9110.5930 10092.0458 443.5110 9117.9410 10093.5480 445.1110 9110.5930 10092.0458 443.5110 9117.9410 10093.5480 443.5110 9071.0632 10360.4873 418.8180 9063.4649 10359.4507 418.8180 9064.0071 10357.9453 418.8180 9071.0632 10360.4873 418.8180 9070.5210 10361.9926 418.8180 9063.4649 10359.4507 418.8180 9070.7921 10361.2399 419.6180 9063.7360 10358.6980 419.6180 9063.7360 10358.6980 418.0180 9070.7921 10361.2399 419.6180 9063.7360 10358.6980 418.0180 9070.7921 10361.2399 418.0180 9064.0071 10357.9453 418.8180 9056.4088 10356.9087 418.8180 9056.9510 10355.4034 418.8180 9064.0071 10357.9453 418.8180 9063.4649 10359.4507 418.8180 9056.4088 10356.9087 418.8180 9063.7360 10358.6980 419.6180 9056.6799 10356.1561 419.6180 9056.6799 10356.1561 418.0180 9063.7360 10358.6980 419.6180 9056.6799 10356.1561 418.0180 9063.7360 10358.6980 418.0180 9023.7923 10491.8246 405.2260 9016.2993 10490.1919 405.2260 9016.9587 10488.7341 405.2260 9023.7923 10491.8246 405.2260 9023.1330 10493.2824 405.2260 9016.2993 10490.1919 405.2260 9023.4627 10492.5535 406.0260 9016.6290 10489.4630 406.0260 9016.6290 10489.4630 404.4260 9023.4627 10492.5535 406.0260 9016.6290 10489.4630 404.4260 9023.4627 10492.5535 404.4260 9016.9587 10488.7341 405.2260 9009.4657 10487.1014 405.2260 9010.1250 10485.6436 405.2260 9016.9587 10488.7341 405.2260 9016.2993 10490.1919 405.2260 9009.4657 10487.1014 405.2260 9016.6290 10489.4630 406.0260 9009.7953 10486.3725 406.0260 9009.7953 10486.3725 404.4260 9016.6290 10489.4630 406.0260 9009.7953 10486.3725 404.4260 9016.6290 10489.4630 404.4260 8957.6852 10638.0789 389.1510 8950.2937 10636.0356 389.1510 8951.0323 10634.6164 389.1510 8957.6852 10638.0789 389.1510 8956.9465 10639.4982 389.1510 8950.2937 10636.0356 389.1510 8957.3159 10638.7885 389.9510 8950.6630 10635.3260 389.9510 8950.6630 10635.3260 388.3510 8957.3159 10638.7885 389.9510 8950.6630 10635.3260 388.3510 8957.3159 10638.7885 388.3510 8951.0323 10634.6164 389.1510 8943.6408 10632.5731 389.1510 8944.3795 10631.1538 389.1510 8951.0323 10634.6164 389.1510 8950.2937 10636.0356 389.1510 8943.6408 10632.5731 389.1510 8950.6630 10635.3260 389.9510 8944.0101 10631.8635 389.9510 8944.0101 10631.8635 388.3510 8950.6630 10635.3260 389.9510 8944.0101 10631.8635 388.3510 8950.6630 10635.3260 388.3510 8874.8526 10797.2896 370.6260 8867.5494 10794.9502 370.6260 8868.3446 10793.5618 370.6260 8874.8526 10797.2896 370.6260 8874.0574 10798.6779 370.6260 8867.5494 10794.9502 370.6260 8874.4550 10797.9837 371.4260 8867.9470 10794.2560 371.4260 8867.9470 10794.2560 369.8260 8874.4550 10797.9837 371.4260 8867.9470 10794.2560 369.8260 8874.4550 10797.9837 369.8260 8868.3446 10793.5618 370.6260 8861.0414 10791.2224 370.6260 8861.8366 10789.8341 370.6260 8868.3446 10793.5618 370.6260 8867.5494 10794.9502 370.6260 8861.0414 10791.2224 370.6260 8867.9470 10794.2560 371.4260 8861.4390 10790.5283 371.4260 8861.4390 10790.5283 369.8260 8867.9470 10794.2560 371.4260 8861.4390 10790.5283 369.8260 8867.9470 10794.2560 369.8260 8777.4000 10967.4664 349.7290 8770.1714 10964.9058 349.7290 8771.0086 10963.5422 349.7290 8777.4000 10967.4664 349.7290 8776.5629 10968.8300 349.7290 8770.1714 10964.9058 349.7290 8776.9815 10968.1482 350.5290 8770.5900 10964.2240 350.5290 8770.5900 10964.2240 348.9290 8776.9815 10968.1482 350.5290 8770.5900 10964.2240 348.9290 8776.9815 10968.1482 348.9290 8771.0086 10963.5422 349.7290 8763.7800 10960.9816 349.7290 8764.6171 10959.6180 349.7290 8771.0086 10963.5422 349.7290 8770.1714 10964.9058 349.7290 8763.7800 10960.9816 349.7290 8770.5900 10964.2240 350.5290 8764.1985 10960.2998 350.5290 8764.1985 10960.2998 348.9290 8770.5900 10964.2240 350.5290 8764.1985 10960.2998 348.9290 8770.5900 10964.2240 348.9290 8667.4345 11146.6024 326.5750 8660.2684 11143.8717 326.5750 8661.1376 11142.5283 326.5750 8667.4345 11146.6024 326.5750 8666.5654 11147.9457 326.5750 8660.2684 11143.8717 326.5750 8667.0000 11147.2741 327.3750 8660.7030 11143.2000 327.3750 8660.7030 11143.2000 325.7750 8667.0000 11147.2741 327.3750 8660.7030 11143.2000 325.7750 8667.0000 11147.2741 325.7750 8661.1376 11142.5283 326.5750 8653.9715 11139.7976 326.5750 8654.8406 11138.4543 326.5750 8661.1376 11142.5283 326.5750 8660.2684 11143.8717 326.5750 8653.9715 11139.7976 326.5750 8660.7030 11143.2000 327.3750 8654.4060 11139.1259 327.3750 8654.4060 11139.1259 325.7750 8660.7030 11143.2000 327.3750 8654.4060 11139.1259 325.7750 8660.7030 11143.2000 325.7750 8547.0600 11332.6813 301.3190 8539.9460 11329.8175 301.3190 8540.8400 11328.4905 301.3190 8547.0600 11332.6813 301.3190 8546.1659 11334.0082 301.3190 8539.9460 11329.8175 301.3190 8546.6129 11333.3447 302.1190 8540.3930 11329.1540 302.1190 8540.3930 11329.1540 300.5190 8546.6129 11333.3447 302.1190 8540.3930 11329.1540 300.5190 8546.6129 11333.3447 300.5190 8540.8400 11328.4905 301.3190 8533.7260 11325.6267 301.3190 8534.6201 11324.2998 301.3190 8540.8400 11328.4905 301.3190 8539.9460 11329.8175 301.3190 8533.7260 11325.6267 301.3190 8540.3930 11329.1540 302.1190 8534.1731 11324.9633 302.1190 8534.1731 11324.9633 300.5190 8540.3930 11329.1540 302.1190 8534.1731 11324.9633 300.5190 8540.3930 11329.1540 300.5190 8418.3847 11523.6821 274.1570 8411.3142 11520.7127 274.1570 8412.2278 11519.3993 274.1570 8418.3847 11523.6821 274.1570 8417.4711 11524.9956 274.1570 8411.3142 11520.7127 274.1570 8417.9279 11524.3388 274.9570 8411.7710 11520.0560 274.9570 8411.7710 11520.0560 273.3570 8417.9279 11524.3388 274.9570 8411.7710 11520.0560 273.3570 8417.9279 11524.3388 273.3570 8412.2278 11519.3993 274.1570 8405.1573 11516.4299 274.1570 8406.0709 11515.1164 274.1570 8412.2278 11519.3993 274.1570 8411.3142 11520.7127 274.1570 8405.1573 11516.4299 274.1570 8411.7710 11520.0560 274.9570 8405.6141 11515.7732 274.9570 8405.6141 11515.7732 273.3570 8411.7710 11520.0560 274.9570 8405.6141 11515.7732 273.3570 8411.7710 11520.0560 273.3570 8283.5170 11717.5807 245.3310 8276.4824 11714.5272 245.3310 8277.4116 11713.2248 245.3310 8283.5170 11717.5807 245.3310 8282.5877 11718.8832 245.3310 8276.4824 11714.5272 245.3310 8283.0524 11718.2320 246.1310 8276.9470 11713.8760 246.1310 8276.9470 11713.8760 244.5310 8283.0524 11718.2320 246.1310 8276.9470 11713.8760 244.5310 8283.0524 11718.2320 244.5310 8277.4116 11713.2248 245.3310 8270.3770 11710.1713 245.3310 8271.3063 11708.8688 245.3310 8277.4116 11713.2248 245.3310 8276.4824 11714.5272 245.3310 8270.3770 11710.1713 245.3310 8276.9470 11713.8760 246.1310 8270.8416 11709.5200 246.1310 8270.8416 11709.5200 244.5310 8276.9470 11713.8760 246.1310 8270.8416 11709.5200 244.5310 8276.9470 11713.8760 244.5310 8144.5634 11912.3511 215.1320 8137.5582 11909.2308 215.1320 8138.4998 11907.9372 215.1320 8144.5634 11912.3511 215.1320 8143.6218 11913.6447 215.1320 8137.5582 11909.2308 215.1320 8144.0926 11912.9979 215.9320 8138.0290 11908.5840 215.9320 8138.0290 11908.5840 214.3320 8144.0926 11912.9979 215.9320 8138.0290 11908.5840 214.3320 8144.0926 11912.9979 214.3320 8138.4998 11907.9372 215.1320 8131.4946 11904.8169 215.1320 8132.4362 11903.5233 215.1320 8138.4998 11907.9372 215.1320 8137.5582 11909.2308 215.1320 8131.4946 11904.8169 215.1320 8138.0290 11908.5840 215.9320 8131.9654 11904.1701 215.9320 8131.9654 11904.1701 214.3320 8138.0290 11908.5840 215.9320 8131.9654 11904.1701 214.3320 8138.0290 11908.5840 214.3320 8003.6332 12105.9657 183.8960 7996.6514 12102.7933 183.8960 7997.6026 12101.5067 183.8960 8003.6332 12105.9657 183.8960 8002.6819 12107.2522 183.8960 7996.6514 12102.7933 183.8960 8003.1575 12106.6090 184.6960 7997.1270 12102.1500 184.6960 7997.1270 12102.1500 183.0960 8003.1575 12106.6090 184.6960 7997.1270 12102.1500 183.0960 8003.1575 12106.6090 183.0960 7997.6026 12101.5067 183.8960 7990.6208 12098.3343 183.8960 7991.5721 12097.0478 183.8960 7997.6026 12101.5067 183.8960 7996.6514 12102.7933 183.8960 7990.6208 12098.3343 183.8960 7997.1270 12102.1500 184.6960 7991.0965 12097.6910 184.6960 7991.0965 12097.6910 183.0960 7997.1270 12102.1500 184.6960 7991.0965 12097.6910 183.0960 7997.1270 12102.1500 183.0960 7862.8347 12296.3961 152.0150 7855.8708 12293.1846 152.0150 7856.8292 12291.9034 152.0150 7862.8347 12296.3961 152.0150 7861.8763 12297.6773 152.0150 7855.8708 12293.1846 152.0150 7862.3555 12297.0367 152.8150 7856.3500 12292.5440 152.8150 7856.3500 12292.5440 151.2150 7862.3555 12297.0367 152.8150 7856.3500 12292.5440 151.2150 7862.3555 12297.0367 151.2150 7856.8292 12291.9034 152.0150 7849.8653 12288.6919 152.0150 7850.8237 12287.4107 152.0150 7856.8292 12291.9034 152.0150 7855.8708 12293.1846 152.0150 7849.8653 12288.6919 152.0150 7856.3500 12292.5440 152.8150 7850.3445 12288.0513 152.8150 7850.3445 12288.0513 151.2150 7856.3500 12292.5440 152.8150 7850.3445 12288.0513 151.2150 7856.3500 12292.5440 151.2150 7724.2789 12481.6129 119.9250 7717.3273 12478.3747 119.9250 7718.2907 12477.0973 119.9250 7724.2789 12481.6129 119.9250 7723.3156 12482.8904 119.9250 7717.3273 12478.3747 119.9250 7723.7972 12482.2517 120.7250 7717.8090 12477.7360 120.7250 7717.8090 12477.7360 119.1250 7723.7972 12482.2517 120.7250 7717.8090 12477.7360 119.1250 7723.7972 12482.2517 119.1250 7718.2907 12477.0973 119.9250 7711.3391 12473.8591 119.9250 7712.3024 12472.5816 119.9250 7718.2907 12477.0973 119.9250 7717.3273 12478.3747 119.9250 7711.3391 12473.8591 119.9250 7717.8090 12477.7360 120.7250 7711.8208 12473.2203 120.7250 7711.8208 12473.2203 119.1250 7717.8090 12477.7360 120.7250 7711.8208 12473.2203 119.1250 7717.8090 12477.7360 119.1250 7590.0731 12659.5858 88.1110 7583.1281 12656.3338 88.1110 7584.0939 12655.0582 88.1110 7590.0731 12659.5858 88.1110 7589.1072 12660.8614 88.1110 7583.1281 12656.3338 88.1110 7589.5902 12660.2236 88.9110 7583.6110 12655.6960 88.9110 7583.6110 12655.6960 87.3110 7589.5902 12660.2236 88.9110 7583.6110 12655.6960 87.3110 7589.5902 12660.2236 87.3110 7584.0939 12655.0582 88.1110 7577.1489 12651.8062 88.1110 7578.1148 12650.5306 88.1110 7584.0939 12655.0582 88.1110 7583.1281 12656.3338 88.1110 7577.1489 12651.8062 88.1110 7583.6110 12655.6960 88.9110 7577.6318 12651.1684 88.9110 7577.6318 12651.1684 87.3110 7583.6110 12655.6960 88.9110 7577.6318 12651.1684 87.3110 7583.6110 12655.6960 87.3110 7462.3293 12828.2845 57.1010 7455.3841 12825.0328 57.1010 7456.3499 12823.7572 57.1010 7462.3293 12828.2845 57.1010 7461.3635 12829.5601 57.1010 7455.3841 12825.0328 57.1010 7461.8464 12828.9223 57.9010 7455.8670 12824.3950 57.9010 7455.8670 12824.3950 56.3010 7461.8464 12828.9223 57.9010 7455.8670 12824.3950 56.3010 7461.8464 12828.9223 56.3010 7456.3499 12823.7572 57.1010 7449.4047 12820.5055 57.1010 7450.3705 12819.2299 57.1010 7456.3499 12823.7572 57.1010 7455.3841 12825.0328 57.1010 7449.4047 12820.5055 57.1010 7455.8670 12824.3950 57.9010 7449.8876 12819.8677 57.9010 7449.8876 12819.8677 56.3010 7455.8670 12824.3950 57.9010 7449.8876 12819.8677 56.3010 7455.8670 12824.3950 56.3010 7343.1594 12985.6748 27.4580 7336.2057 12982.4411 27.4580 7337.1683 12981.1629 27.4580 7343.1594 12985.6748 27.4580 7342.1969 12986.9529 27.4580 7336.2057 12982.4411 27.4580 7342.6781 12986.3138 28.2580 7336.6870 12981.8020 28.2580 7336.6870 12981.8020 26.6580 7342.6781 12986.3138 28.2580 7336.6870 12981.8020 26.6580 7342.6781 12986.3138 26.6580 7337.1683 12981.1629 27.4580 7330.2146 12977.9292 27.4580 7331.1771 12976.6511 27.4580 7337.1683 12981.1629 27.4580 7336.2057 12982.4411 27.4580 7330.2146 12977.9292 27.4580 7336.6870 12981.8020 28.2580 7330.6959 12977.2902 28.2580 7330.6959 12977.2902 26.6580 7336.6870 12981.8020 28.2580 7330.6959 12977.2902 26.6580 7336.6870 12981.8020 26.6580 7234.6748 13129.7203 -0.2210 7227.7016 13126.5290 -0.2210 7228.6564 13125.2450 -0.2210 7234.6748 13129.7203 -0.2210 7233.7201 13131.0043 -0.2210 7227.7016 13126.5290 -0.2210 7234.1975 13130.3623 0.5790 7228.1790 13125.8870 0.5790 7228.1790 13125.8870 -1.0210 7234.1975 13130.3623 0.5790 7228.1790 13125.8870 -1.0210 7234.1975 13130.3623 -1.0210 7228.6564 13125.2450 -0.2210 7221.6832 13122.0537 -0.2210 7222.6379 13120.7697 -0.2210 7228.6564 13125.2450 -0.2210 7227.7016 13126.5290 -0.2210 7221.6832 13122.0537 -0.2210 7228.1790 13125.8870 0.5790 7222.1605 13121.4117 0.5790 7222.1605 13121.4117 -1.0210 7228.1790 13125.8870 0.5790 7222.1605 13121.4117 -1.0210 7228.1790 13125.8870 -1.0210 7138.9923 13258.3796 -25.3190 7131.9830 13255.2684 -25.3190 7132.9230 13253.9736 -25.3190 7138.9923 13258.3796 -25.3190 7138.0524 13259.6744 -25.3190 7131.9830 13255.2684 -25.3190 7138.5224 13259.0270 -24.5190 7132.4530 13254.6210 -24.5190 7132.4530 13254.6210 -26.1190 7138.5224 13259.0270 -24.5190 7132.4530 13254.6210 -26.1190 7138.5224 13259.0270 -26.1190 7132.9230 13253.9736 -25.3190 7125.9137 13250.8624 -25.3190 7126.8536 13249.5676 -25.3190 7132.9230 13253.9736 -25.3190 7131.9830 13255.2684 -25.3190 7125.9137 13250.8624 -25.3190 7132.4530 13254.6210 -24.5190 7126.3836 13250.2150 -24.5190 7126.3836 13250.2150 -26.1190 7132.4530 13254.6210 -24.5190 7126.3836 13250.2150 -26.1190 7132.4530 13254.6210 -26.1190 7058.2350 13369.5932 -47.2050 7051.1618 13366.6301 -47.2050 7052.0742 13365.3159 -47.2050 7058.2350 13369.5932 -47.2050 7057.3225 13370.9075 -47.2050 7051.1618 13366.6301 -47.2050 7057.7787 13370.2503 -46.4050 7051.6180 13365.9730 -46.4050 7051.6180 13365.9730 -48.0050 7057.7787 13370.2503 -46.4050 7051.6180 13365.9730 -48.0050 7057.7787 13370.2503 -48.0050 7052.0742 13365.3159 -47.2050 7045.0010 13362.3528 -47.2050 7045.9135 13361.0385 -47.2050 7052.0742 13365.3159 -47.2050 7051.1618 13366.6301 -47.2050 7045.0010 13362.3528 -47.2050 7051.6180 13365.9730 -46.4050 7045.4573 13361.6957 -46.4050 7045.4573 13361.6957 -48.0050 7051.6180 13365.9730 -46.4050 7045.4573 13361.6957 -48.0050 7051.6180 13365.9730 -48.0050 6994.4010 13461.5342 -65.2540 6987.3278 13458.5711 -65.2540 6988.2402 13457.2569 -65.2540 6994.4010 13461.5342 -65.2540 6993.4885 13462.8485 -65.2540 6987.3278 13458.5711 -65.2540 6993.9447 13462.1913 -64.4540 6987.7840 13457.9140 -64.4540 6987.7840 13457.9140 -66.0540 6993.9447 13462.1913 -64.4540 6987.7840 13457.9140 -66.0540 6993.9447 13462.1913 -66.0540 6988.2402 13457.2569 -65.2540 6981.1670 13454.2938 -65.2540 6982.0795 13452.9795 -65.2540 6988.2402 13457.2569 -65.2540 6987.3278 13458.5711 -65.2540 6981.1670 13454.2938 -65.2540 6987.7840 13457.9140 -64.4540 6981.6233 13453.6367 -64.4540 6981.6233 13453.6367 -66.0540 6987.7840 13457.9140 -64.4540 6981.6233 13453.6367 -66.0540 6987.7840 13457.9140 -66.0540</float_array>
          <technique_common>
            <accessor source="#portal_arc_a999-mesh-positions-array" count="5364" stride="3">
              <param name="X" type="float"/>
              <param name="Y" type="float"/>
              <param name="Z" type="float"/>
            </accessor>
          </technique_common>
        </source>
        <source id="portal_arc_a999-mesh-normals">
          <float_array id="portal_arc_a999-mesh-normals-array" count="16092">-0.1290 -0.0812 0.9883 -0.1290 -0.0812 0.9883 -0.1290 -0.0812 0.9883 -0.1290 -0.0812 0.9883 -0.1290 -0.0812 0.9883 -0.1290 -0.0812 0.9883 -0.5330 0.8461 0.0000 -0.5330 0.8461 0.0000 -0.5330 0.8461 0.0000 -0.5330 0.8461 0.0000 -0.5330 0.8461 0.0000 -0.5330 0.8461 0.0000 -0.1285 -0.0781 0.9886 -0.1285 -0.0781 0.9886 -0.1285 -0.0781 0.9886 -0.1285 -0.0781 0.9886 -0.1285 -0.0781 0.9886 -0.1285 -0.0781 0.9886 -0.5193 0.8546 0.0000 -0.5193 0.8546 0.0000 -0.5193 0.8546 0.0000 -0.5193 0.8546 0.0000 -0.5193 0.8546 0.0000 -0.5193 0.8546 0.0000 -0.1275 -0.0755 0.9890 -0.1275 -0.0755 0.9890 -0.1275 -0.0755 0.9890 -0.1275 -0.0755 0.9890 -0.1275 -0.0755 0.9890 -0.1275 -0.0755 0.9890 -0.5098 0.8603 0.0000 -0.5098 0.8603 0.0000 -0.5098 0.8603 0.0000 -0.5098 0.8603 0.0000 -0.5098 0.8603 0.0000 -0.5098 0.8603 0.0000 -0.1259 -0.0733 0.9893 -0.1259 -0.0733 0.9893 -0.1259 -0.0733 0.9893 -0.1259 -0.0733 0.9893 -0.1259 -0.0733 0.9893 -0.1259 -0.0733 0.9893 -0.5033 0.8641 0.0000 -0.5033 0.8641 0.0000 -0.5033 0.8641 0.0000 -0.5033 0.8641 0.0000 -0.5033 0.8641 0.0000 -0.5033 0.8641 0.0000 -0.1239 -0.0713 0.9897 -0.1239 -0.0713 0.9897 -0.1239 -0.0713 0.9897 -0.1239 -0.0713 0.9897 -0.1239 -0.0713 0.9897 -0.1239 -0.0713 0.9897 -0.4989 0.8667 0.0000 -0.4989 0.8667 0.0000 -0.4989 0.8667 0.0000 -0.4989 0.8667 0.0000 -0.4989 0.8667 0.0000 -0.4989 0.8667 0.0000 -0.1216 -0.0695 0.9901 -0.1216 -0.0695 0.9901 -0.1216 -0.0695 0.9901 -0.1216 -0.0695 0.9901 -0.1216 -0.0695 0.9901 -0.1216 -0.0695 0.9901 -0.4960 0.8683 0.0000 -0.4960 0.8683 0.0000 -0.4960 0.8683 0.0000 -0.4960 0.8683 0.0000 -0.4960 0.8683 0.0000 -0.4960 0.8683 0.0000 -0.1191 -0.0677 0.9906 -0.1191 -0.0677 0.9906 -0.1191 -0.0677 0.9906 -0.1191 -0.0677 0.9906 -0.1191 -0.0677 0.9906 -0.1191 -0.0677 0.9906 -0.4944 0.8692 0.0000 -0.4944 0.8692 0.0000 -0.4944 0.8692 0.0000 -0.4944 0.8692 0.0000 -0.4944 0.8692 0.0000 -0.4944 0.8692 0.0000 -0.1163 -0.0660 0.9910 -0.1163 -0.0660 0.9910 -0.1163 -0.0660 0.9910 -0.1163 -0.0660 0.9910 -0.1163 -0.0660 0.9910 -0.1163 -0.0660 0.9910 -0.4938 0.8696 0.0000 -0.4938 0.8696 0.0000 -0.4938 0.8696 0.0000 -0.4938 0.8696 0.0000 -0.4938 0.8696 0.0000 -0.4938 0.8696 0.0000 -0.1133 -0.0644 0.9915 -0.1133 -0.0644 0.9915 -0.1133 -0.0644 0.9915 -0.1133 -0.0644 0.9915 -0.1133 -0.0644 0.9915 -0.1133 -0.0644 0.9915 -0.4941 0.8694 0.0000 -0.4941 0.8694 0.0000 -0.4941 0.8694 0.0000 -0.4941 0.8694 0.0000 -0.4941 0.8694 0.0000 -0.4941 0.8694 0.0000 -0.1101 -0.0628 0.9919 -0.1101 -0.0628 0.9919 -0.1101 -0.0628 0.9919 -0.1101 -0.0628 0.9919 -0.1101 -0.0628 0.9919 -0.1101 -0.0628 0.9919 -0.4952 0.8688 0.0000 -0.4952 0.8688 0.0000 -0.4952 0.8688 0.0000 -0.4952 0.8688 0.0000 -0.4952 0.8688 0.0000 -0.4952 0.8688 0.0000 -0.1068 -0.0612 0.9924 -0.1068 -0.0612 0.9924 -0.1068 -0.0612 0.9924 -0.1068 -0.0612 0.9924 -0.1068 -0.0612 0.9924 -0.1068 -0.0612 0.9924 -0.4969 0.8678 0.0000 -0.4969 0.8678 0.0000 -0.4969 0.8678 0.0000 -0.4969 0.8678 0.0000 -0.4969 0.8678 0.0000 -0.4969 0.8678 0.0000 -0.1033 -0.0596 0.9929 -0.1033 -0.0596 0.9929 -0.1033 -0.0596 0.9929 -0.1033 -0.0596 0.9929 -0.1033 -0.0596 0.9929 -0.1033 -0.0596 0.9929 -0.4993 0.8664 0.0000 -0.4993 0.8664 0.0000 -0.4993 0.8664 0.0000 -0.4993 0.8664 0.0000 -0.4993 0.8664 0.0000 -0.4993 0.8664 0.0000 -0.0998 -0.0580 0.9933 -0.0998 -0.0580 0.9933 -0.0998 -0.0580 0.9933 -0.0998 -0.0580 0.9933 -0.0998 -0.0580 0.9933 -0.0998 -0.0580 0.9933 -0.5024 0.8646 0.0000 -0.5024 0.8646 0.0000 -0.5024 0.8646 0.0000 -0.5024 0.8646 0.0000 -0.5024 0.8646 0.0000 -0.5024 0.8646 0.0000 -0.0961 -0.0564 0.9938 -0.0961 -0.0564 0.9938 -0.0961 -0.0564 0.9938 -0.0961 -0.0564 0.9938 -0.0961 -0.0564 0.9938 -0.0961 -0.0564 0.9938 -0.5061 0.8625 0.0000 -0.5061 0.8625 0.0000 -0.5061 0.8625 0.0000 -0.5061 0.8625 0.0000 -0.5061 0.8625 0.0000 -0.5061 0.8625 0.0000 -0.0924 -0.0548 0.9942 -0.0924 -0.0548 0.9942 -0.0924 -0.0548 0.9942 -0.0924 -0.0548 0.9942 -0.0924 -0.0548 0.9942 -0.0924 -0.0548 0.9942 -0.5105 0.8599 0.0000 -0.5105 0.8599 0.0000 -0.5105 0.8599 0.0000 -0.5105 0.8599 0.0000 -0.5105 0.8599 0.0000 -0.5105 0.8599 0.0000 -0.0886 -0.0533 0.9946 -0.0886 -0.0533 0.9946 -0.0886 -0.0533 0.9946 -0.0886 -0.0533 0.9946 -0.0886 -0.0533 0.9946 -0.0886 -0.0533 0.9946 -0.5155 0.8569 0.0000 -0.5155 0.8569 0.0000 -0.5155 0.8569 0.0000 -0.5155 0.8569 0.0000 -0.5155 0.8569 0.0000 -0.5155 0.8569 0.0000 -0.0847 -0.0517 0.9951 -0.0847 -0.0517 0.9951 -0.0847 -0.0517 0.9951 -0.0847 -0.0517 0.9951 -0.0847 -0.0517 0.9951 -0.0847 -0.0517 0.9951 -0.5213 0.8534 0.0000 -0.5213 0.8534 0.0000 -0.5213 0.8534 0.0000 -0.5213 0.8534 0.0000 -0.5213 0.8534 0.0000 -0.5213 0.8534 0.0000 -0.0808 -0.0502 0.9955 -0.0808 -0.0502 0.9955 -0.0808 -0.0502 0.9955 -0.0808 -0.0502 0.9955 -0.0808 -0.0502 0.9955 -0.0808 -0.0502 0.9955 -0.5278 0.8493 0.0000 -0.5278 0.8493 0.0000 -0.5278 0.8493 0.0000 -0.5278 0.8493 0.0000 -0.5278 0.8493 0.0000 -0.5278 0.8493 0.0000 -0.0769 -0.0488 0.9958 -0.0769 -0.0488 0.9958 -0.0769 -0.0488 0.9958 -0.0769 -0.0488 0.9958 -0.0769 -0.0488 0.9958 -0.0769 -0.0488 0.9958 -0.5352 0.8447 0.0000 -0.5352 0.8447 0.0000 -0.5352 0.8447 0.0000 -0.5352 0.8447 0.0000 -0.5352 0.8447 0.0000 -0.5352 0.8447 0.0000 -0.0731 -0.0473 0.9962 -0.0731 -0.0473 0.9962 -0.0731 -0.0473 0.9962 -0.0731 -0.0473 0.9962 -0.0731 -0.0473 0.9962 -0.0731 -0.0473 0.9962 -0.5436 0.8394 0.0000 -0.5436 0.8394 0.0000 -0.5436 0.8394 0.0000 -0.5436 0.8394 0.0000 -0.5436 0.8394 0.0000 -0.5436 0.8394 0.0000 -0.0692 -0.0459 0.9965 -0.0692 -0.0459 0.9965 -0.0692 -0.0459 0.9965 -0.0692 -0.0459 0.9965 -0.0692 -0.0459 0.9965 -0.0692 -0.0459 0.9965 -0.5530 0.8332 0.0000 -0.5530 0.8332 0.0000 -0.5530 0.8332 0.0000 -0.5530 0.8332 0.0000 -0.5530 0.8332 0.0000 -0.5530 0.8332 0.0000 -0.0653 -0.0446 0.9969 -0.0653 -0.0446 0.9969 -0.0653 -0.0446 0.9969 -0.0653 -0.0446 0.9969 -0.0653 -0.0446 0.9969 -0.0653 -0.0446 0.9969 -0.5636 0.8261 0.0000 -0.5636 0.8261 0.0000 -0.5636 0.8261 0.0000 -0.5636 0.8261 0.0000 -0.5636 0.8261 0.0000 -0.5636 0.8261 0.0000 -0.0615 -0.0433 0.9972 -0.0615 -0.0433 0.9972 -0.0615 -0.0433 0.9972 -0.0615 -0.0433 0.9972 -0.0615 -0.0433 0.9972 -0.0615 -0.0433 0.9972 -0.5756 0.8177 0.0000 -0.5756 0.8177 0.0000 -0.5756 0.8177 0.0000 -0.5756 0.8177 0.0000 -0.5756 0.8177 0.0000 -0.5756 0.8177 0.0000 -0.0577 -0.0421 0.9974 -0.0577 -0.0421 0.9974 -0.0577 -0.0421 0.9974 -0.0577 -0.0421 0.9974 -0.0577 -0.0421 0.9974 -0.0577 -0.0421 0.9974 -0.5892 0.8080 0.0000 -0.5892 0.8080 0.0000 -0.5892 0.8080 0.0000 -0.5892 0.8080 0.0000 -0.5892 0.8080 0.0000 -0.5892 0.8080 0.0000 -0.0540 -0.0410 0.9977 -0.0540 -0.0410 0.9977 -0.0540 -0.0410 0.9977 -0.0540 -0.0410 0.9977 -0.0540 -0.0410 0.9977 -0.0540 -0.0410 0.9977 -0.6046 0.7965 0.0000 -0.6046 0.7965 0.0000 -0.6046 0.7965 0.0000 -0.6046 0.7965 0.0000 -0.6046 0.7965 0.0000 -0.6046 0.7965 0.0000 -0.0503 -0.0400 0.9979 -0.0503 -0.0400 0.9979 -0.0503 -0.0400 0.9979 -0.0503 -0.0400 0.9979 -0.0503 -0.0400 0.9979 -0.0503 -0.0400 0.9979 -0.6222 0.7828 0.0000 -0.6222 0.7828 0.0000 -0.6222 0.7828 0.0000 -0.6222 0.7828 0.0000 -0.6222 0.7828 0.0000 -0.6222 0.7828 0.0000 -0.0466 -0.0391 0.9981 -0.0466 -0.0391 0.9981 -0.0466 -0.0391 0.9981 -0.0466 -0.0391 0.9981 -0.0466 -0.0391 0.9981 -0.0466 -0.0391 0.9981 -0.6425 0.7663 0.0000 -0.6425 0.7663 0.0000 -0.6425 0.7663 0.0000 -0.6425 0.7663 0.0000 -0.6425 0.7663 0.0000 -0.6425 0.7663 0.0000 -0.0430 -0.0383 0.9983 -0.0430 -0.0383 0.9983 -0.0430 -0.0383 0.9983 -0.0430 -0.0383 0.9983 -0.0430 -0.0383 0.9983 -0.0430 -0.0383 0.9983 -0.6658 0.7462 0.0000 -0.6658 0.7462 0.0000 -0.6658 0.7462 0.0000 -0.6658 0.7462 0.0000 -0.6658 0.7462 0.0000 -0.6658 0.7462 0.0000 -0.0393 -0.0377 0.9985 -0.0393 -0.0377 0.9985 -0.0393 -0.0377 0.9985 -0.0393 -0.0377 0.9985 -0.0393 -0.0377 0.9985 -0.0393 -0.0377 0.9985 -0.6927 0.7212 0.0000 -0.6927 0.7212 0.0000 -0.6927 0.7212 0.0000 -0.6927 0.7212 0.0000 -0.6927 0.7212 0.0000 -0.6927 0.7212 0.0000 -0.0349 -0.0371 0.9987 -0.0349 -0.0371 0.9987 -0.0349 -0.0371 0.9987 -0.0349 -0.0371 0.9987 -0.0349 -0.0371 0.9987 -0.0349 -0.0371 0.9987 -0.7286 0.6850 0.0000 -0.7286 0.6850 0.0000 -0.7286 0.6850 0.0000 -0.7286 0.6850 0.0000 -0.7286 0.6850 0.0000 -0.7286 0.6850 0.0000 -0.0301 -0.0360 0.9989 -0.0301 -0.0360 0.9989 -0.0301 -0.0360 0.9989 -0.0301 -0.0360 0.9989 -0.0301 -0.0360 0.9989 -0.0301 -0.0360 0.9989 -0.7672 0.6414 0.0000 -0.7672 0.6414 0.0000 -0.7672 0.6414 0.0000 -0.7672 0.6414 0.0000 -0.7672 0.6414 0.0000 -0.7672 0.6414 0.0000 -0.0257 -0.0343 0.9991 -0.0257 -0.0343 0.9991 -0.0257 -0.0343 0.9991 -0.0257 -0.0343 0.9991 -0.0257 -0.0343 0.9991 -0.0257 -0.0343 0.9991 -0.8012 0.5984 0.0000 -0.8012 0.5984 0.0000 -0.8012 0.5984 0.0000 -0.8012 0.5984 0.0000 -0.8012 0.5984 0.0000 -0.8012 0.5984 0.0000 -0.0217 -0.0323 0.9992 -0.0217 -0.0323 0.9992 -0.0217 -0.0323 0.9992 -0.0217 -0.0323 0.9992 -0.0217 -0.0323 0.9992 -0.0217 -0.0323 0.9992 -0.8305 0.5570 0.0000 -0.8305 0.5570 0.0000 -0.8305 0.5570 0.0000 -0.8305 0.5570 0.0000 -0.8305 0.5570 0.0000 -0.8305 0.5570 0.0000 -0.0181 -0.0300 0.9994 -0.0181 -0.0300 0.9994 -0.0181 -0.0300 0.9994 -0.0181 -0.0300 0.9994 -0.0181 -0.0300 0.9994 -0.0181 -0.0300 0.9994 -0.8554 0.5180 0.0000 -0.8554 0.5180 0.0000 -0.8554 0.5180 0.0000 -0.8554 0.5180 0.0000 -0.8554 0.5180 0.0000 -0.8554 0.5180 0.0000 -0.0150 -0.0273 0.9995 -0.0150 -0.0273 0.9995 -0.0150 -0.0273 0.9995 -0.0150 -0.0273 0.9995 -0.0150 -0.0273 0.9995 -0.0150 -0.0273 0.9995 -0.8762 0.4820 0.0000 -0.8762 0.4820 0.0000 -0.8762 0.4820 0.0000 -0.8762 0.4820 0.0000 -0.8762 0.4820 0.0000 -0.8762 0.4820 0.0000 -0.0123 -0.0244 0.9996 -0.0123 -0.0244 0.9996 -0.0123 -0.0244 0.9996 -0.0123 -0.0244 0.9996 -0.0123 -0.0244 0.9996 -0.0123 -0.0244 0.9996 -0.8932 0.4496 0.0000 -0.8932 0.4496 0.0000 -0.8932 0.4496 0.0000 -0.8932 0.4496 0.0000 -0.8932 0.4496 0.0000 -0.8932 0.4496 0.0000 -0.0099 -0.0214 0.9997 -0.0099 -0.0214 0.9997 -0.0099 -0.0214 0.9997 -0.0099 -0.0214 0.9997 -0.0099 -0.0214 0.9997 -0.0099 -0.0214 0.9997 -0.9069 0.4213 0.0000 -0.9069 0.4213 0.0000 -0.9069 0.4213 0.0000 -0.9069 0.4213 0.0000 -0.9069 0.4213 0.0000 -0.9069 0.4213 0.0000 -0.0079 -0.0182 0.9998 -0.0079 -0.0182 0.9998 -0.0079 -0.0182 0.9998 -0.0079 -0.0182 0.9998 -0.0079 -0.0182 0.9998 -0.0079 -0.0182 0.9998 -0.9177 0.3974 0.0000 -0.9177 0.3974 0.0000 -0.9177 0.3974 0.0000 -0.9177 0.3974 0.0000 -0.9177 0.3974 0.0000 -0.9177 0.3974 0.0000 -0.0061 -0.0149 0.9999 -0.0061 -0.0149 0.9999 -0.0061 -0.0149 0.9999 -0.0061 -0.0149 0.9999 -0.0061 -0.0149 0.9999 -0.0061 -0.0149 0.9999 -0.9258 0.3781 0.0000 -0.9258 0.3781 0.0000 -0.9258 0.3781 0.0000 -0.9258 0.3781 0.0000 -0.9258 0.3781 0.0000 -0.9258 0.3781 0.0000 -0.0045 -0.0116 0.9999 -0.0045 -0.0116 0.9999 -0.0045 -0.0116 0.9999 -0.0045 -0.0116 0.9999 -0.0045 -0.0116 0.9999 -0.0045 -0.0116 0.9999 -0.9315 0.3637 0.0000 -0.9315 0.3637 0.0000 -0.9315 0.3637 0.0000 -0.9315 0.3637 0.0000 -0.9315 0.3637 0.0000 -0.9315 0.3637 0.0000 -0.0031 -0.0082 1.0000 -0.0031 -0.0082 1.0000 -0.0031 -0.0082 1.0000 -0.0031 -0.0082 1.0000 -0.0031 -0.0082 1.0000 -0.0031 -0.0082 1.0000 -0.9351 0.3545 0.0000 -0.9351 0.3545 0.0000 -0.9351 0.3545 0.0000 -0.9351 0.3545 0.0000 -0.9351 0.3545 0.0000 -0.9351 0.3545 0.0000 -0.0018 -0.0049 1.0000 -0.0018 -0.0049 1.0000 -0.0018 -0.0049 1.0000 -0.0018 -0.0049 1.0000 -0.0018 -0.0049 1.0000 -0.0018 -0.0049 1.0000 -0.9365 0.3507 0.0000 -0.9365 0.3507 0.0000 -0.9365 0.3507 0.0000 -0.9365 0.3507 0.0000 -0.9365 0.3507 0.0000 -0.9365 0.3507 0.0000 -0.0006 -0.0017 1.0000 -0.0006 -0.0017 1.0000 -0.0006 -0.0017 1.0000 -0.0006 -0.0017 1.0000 -0.0006 -0.0017 1.0000 -0.0006 -0.0017 1.0000 -0.9358 0.3526 0.0000 -0.9358 0.3526 0.0000 -0.9358 0.3526 0.0000 -0.9358 0.3526 0.0000 -0.9358 0.3526 0.0000 -0.9358 0.3526 0.0000 0.0006 0.0015 1.0000 0.0006 0.0015 1.0000 0.0006 0.0015 1.0000 0.0006 0.0015 1.0000 0.0006 0.0015 1.0000 0.0006 0.0015 1.0000 -0.9327 0.3605 0.0000 -0.9327 0.3605 0.0000 -0.9327 0.3605 0.0000 -0.9327 0.3605 0.0000 -0.9327 0.3605 0.0000 -0.9327 0.3605 0.0000 0.0019 0.0046 1.0000 0.0019 0.0046 1.0000 0.0019 0.0046 1.0000 0.0019 0.0046 1.0000 0.0019 0.0046 1.0000 0.0019 0.0046 1.0000 -0.9271 0.3749 0.0000 -0.9271 0.3749 0.0000 -0.9271 0.3749 0.0000 -0.9271 0.3749 0.0000 -0.9271 0.3749 0.0000 -0.9271 0.3749 0.0000 0.0033 0.0076 1.0000 0.0033 0.0076 1.0000 0.0033 0.0076 1.0000 0.0033 0.0076 1.0000 0.0033 0.0076 1.0000 0.0033 0.0076 1.0000 -0.9182 0.3961 0.0000 -0.9182 0.3961 0.0000 -0.9182 0.3961 0.0000 -0.9182 0.3961 0.0000 -0.9182 0.3961 0.0000 -0.9182 0.3961 0.0000 0.0049 0.0104 0.9999 0.0049 0.0104 0.9999 0.0049 0.0104 0.9999 0.0049 0.0104 0.9999 0.0049 0.0104 0.9999 0.0049 0.0104 0.9999 -0.9054 0.4245 0.0000 -0.9054 0.4245 0.0000 -0.9054 0.4245 0.0000 -0.9054 0.4245 0.0000 -0.9054 0.4245 0.0000 -0.9054 0.4245 0.0000 0.0067 0.0129 0.9999 0.0067 0.0129 0.9999 0.0067 0.0129 0.9999 0.0067 0.0129 0.9999 0.0067 0.0129 0.9999 0.0067 0.0129 0.9999 -0.8877 0.4605 0.0000 -0.8877 0.4605 0.0000 -0.8877 0.4605 0.0000 -0.8877 0.4605 0.0000 -0.8877 0.4605 0.0000 -0.8877 0.4605 0.0000 0.0089 0.0152 0.9998 0.0089 0.0152 0.9998 0.0089 0.0152 0.9998 0.0089 0.0152 0.9998 0.0089 0.0152 0.9998 0.0089 0.0152 0.9998 -0.8635 0.5043 0.0000 -0.8635 0.5043 0.0000 -0.8635 0.5043 0.0000 -0.8635 0.5043 0.0000 -0.8635 0.5043 0.0000 -0.8635 0.5043 0.0000 0.0116 0.0178 0.9998 0.0116 0.0178 0.9998 0.0116 0.0178 0.9998 0.0116 0.0178 0.9998 0.0116 0.0178 0.9998 0.0116 0.0178 0.9998 -0.8378 0.5460 0.0000 -0.8378 0.5460 0.0000 -0.8378 0.5460 0.0000 -0.8378 0.5460 0.0000 -0.8378 0.5460 0.0000 -0.8378 0.5460 0.0000 0.0148 0.0209 0.9997 0.0148 0.0209 0.9997 0.0148 0.0209 0.9997 0.0148 0.0209 0.9997 0.0148 0.0209 0.9997 0.0148 0.0209 0.9997 -0.8157 0.5784 0.0000 -0.8157 0.5784 0.0000 -0.8157 0.5784 0.0000 -0.8157 0.5784 0.0000 -0.8157 0.5784 0.0000 -0.8157 0.5784 0.0000 0.0180 0.0236 0.9996 0.0180 0.0236 0.9996 0.0180 0.0236 0.9996 0.0180 0.0236 0.9996 0.0180 0.0236 0.9996 0.0180 0.0236 0.9996 -0.7948 0.6069 0.0000 -0.7948 0.6069 0.0000 -0.7948 0.6069 0.0000 -0.7948 0.6069 0.0000 -0.7948 0.6069 0.0000 -0.7948 0.6069 0.0000 0.0212 0.0261 0.9994 0.0212 0.0261 0.9994 0.0212 0.0261 0.9994 0.0212 0.0261 0.9994 0.0212 0.0261 0.9994 0.0212 0.0261 0.9994 -0.7757 0.6311 0.0000 -0.7757 0.6311 0.0000 -0.7757 0.6311 0.0000 -0.7757 0.6311 0.0000 -0.7757 0.6311 0.0000 -0.7757 0.6311 0.0000 0.0244 0.0284 0.9993 0.0244 0.0284 0.9993 0.0244 0.0284 0.9993 0.0244 0.0284 0.9993 0.0244 0.0284 0.9993 0.0244 0.0284 0.9993 -0.7596 0.6504 0.0000 -0.7596 0.6504 0.0000 -0.7596 0.6504 0.0000 -0.7596 0.6504 0.0000 -0.7596 0.6504 0.0000 -0.7596 0.6504 0.0000 0.0273 0.0307 0.9992 0.0273 0.0307 0.9992 0.0273 0.0307 0.9992 0.0273 0.0307 0.9992 0.0273 0.0307 0.9992 0.0273 0.0307 0.9992 -0.7473 0.6645 0.0000 -0.7473 0.6645 0.0000 -0.7473 0.6645 0.0000 -0.7473 0.6645 0.0000 -0.7473 0.6645 0.0000 -0.7473 0.6645 0.0000 0.0300 0.0330 0.9990 0.0300 0.0330 0.9990 0.0300 0.0330 0.9990 0.0300 0.0330 0.9990 0.0300 0.0330 0.9990 0.0300 0.0330 0.9990 -0.7397 0.6730 0.0000 -0.7397 0.6730 0.0000 -0.7397 0.6730 0.0000 -0.7397 0.6730 0.0000 -0.7397 0.6730 0.0000 -0.7397 0.6730 0.0000 0.0324 0.0354 0.9988 0.0324 0.0354 0.9988 0.0324 0.0354 0.9988 0.0324 0.0354 0.9988 0.0324 0.0354 0.9988 0.0324 0.0354 0.9988 -0.7376 0.6752 0.0000 -0.7376 0.6752 0.0000 -0.7376 0.6752 0.0000 -0.7376 0.6752 0.0000 -0.7376 0.6752 0.0000 -0.7376 0.6752 0.0000 0.0344 0.0380 0.9987 0.0344 0.0380 0.9987 0.0344 0.0380 0.9987 0.0344 0.0380 0.9987 0.0344 0.0380 0.9987 0.0344 0.0380 0.9987 -0.7418 0.6706 0.0000 -0.7418 0.6706 0.0000 -0.7418 0.6706 0.0000 -0.7418 0.6706 0.0000 -0.7418 0.6706 0.0000 -0.7418 0.6706 0.0000 0.0358 0.0410 0.9985 0.0358 0.0410 0.9985 0.0358 0.0410 0.9985 0.0358 0.0410 0.9985 0.0358 0.0410 0.9985 0.0358 0.0410 0.9985 -0.7527 0.6584 0.0000 -0.7527 0.6584 0.0000 -0.7527 0.6584 0.0000 -0.7527 0.6584 0.0000 -0.7527 0.6584 0.0000 -0.7527 0.6584 0.0000 0.0366 0.0443 0.9983 0.0366 0.0443 0.9983 0.0366 0.0443 0.9983 0.0366 0.0443 0.9983 0.0366 0.0443 0.9983 0.0366 0.0443 0.9983 -0.7704 0.6376 0.0000 -0.7704 0.6376 0.0000 -0.7704 0.6376 0.0000 -0.7704 0.6376 0.0000 -0.7704 0.6376 0.0000 -0.7704 0.6376 0.0000 0.0367 0.0480 0.9982 0.0367 0.0480 0.9982 0.0367 0.0480 0.9982 0.0367 0.0480 0.9982 0.0367 0.0480 0.9982 0.0367 0.0480 0.9982 -0.7947 0.6070 0.0000 -0.7947 0.6070 0.0000 -0.7947 0.6070 0.0000 -0.7947 0.6070 0.0000 -0.7947 0.6070 0.0000 -0.7947 0.6070 0.0000 0.0359 0.0524 0.9980 0.0359 0.0524 0.9980 0.0359 0.0524 0.9980 0.0359 0.0524 0.9980 0.0359 0.0524 0.9980 0.0359 0.0524 0.9980 -0.8248 0.5655 0.0000 -0.8248 0.5655 0.0000 -0.8248 0.5655 0.0000 -0.8248 0.5655 0.0000 -0.8248 0.5655 0.0000 -0.8248 0.5655 0.0000 0.0393 0.0546 0.9977 0.0393 0.0546 0.9977 0.0393 0.0546 0.9977 0.0393 0.0546 0.9977 0.0393 0.0546 0.9977 0.0393 0.0546 0.9977 -0.8118 0.5839 0.0000 -0.8118 0.5839 0.0000 -0.8118 0.5839 0.0000 -0.8118 0.5839 0.0000 -0.8118 0.5839 0.0000 -0.8118 0.5839 0.0000 0.0460 0.0547 0.9974 0.0460 0.0547 0.9974 0.0460 0.0547 0.9974 0.0460 0.0547 0.9974 0.0460 0.0547 0.9974 0.0460 0.0547 0.9974 -0.7654 0.6436 0.0000 -0.7654 0.6436 0.0000 -0.7654 0.6436 0.0000 -0.7654 0.6436 0.0000 -0.7654 0.6436 0.0000 -0.7654 0.6436 0.0000 0.0494 0.0568 0.9972 0.0494 0.0568 0.9972 0.0494 0.0568 0.9972 0.0494 0.0568 0.9972 0.0494 0.0568 0.9972 0.0494 0.0568 0.9972 -0.7545 0.6562 0.0000 -0.7545 0.6562 0.0000 -0.7545 0.6562 0.0000 -0.7545 0.6562 0.0000 -0.7545 0.6562 0.0000 -0.7545 0.6562 0.0000 0.0481 0.0622 0.9969 0.0481 0.0622 0.9969 0.0481 0.0622 0.9969 0.0481 0.0622 0.9969 0.0481 0.0622 0.9969 0.0481 0.0622 0.9969 -0.7913 0.6115 0.0000 -0.7913 0.6115 0.0000 -0.7913 0.6115 0.0000 -0.7913 0.6115 0.0000 -0.7913 0.6115 0.0000 -0.7913 0.6115 0.0000 0.0401 0.0713 0.9967 0.0401 0.0713 0.9967 0.0401 0.0713 0.9967 0.0401 0.0713 0.9967 0.0401 0.0713 0.9967 0.0401 0.0713 0.9967 -0.8715 0.4903 0.0000 -0.8715 0.4903 0.0000 -0.8715 0.4903 0.0000 -0.8715 0.4903 0.0000 -0.8715 0.4903 0.0000 -0.8715 0.4903 0.0000 0.0240 0.0816 0.9964 0.0240 0.0816 0.9964 0.0240 0.0816 0.9964 0.0240 0.0816 0.9964 0.0240 0.0816 0.9964 0.0240 0.0816 0.9964 -0.9594 0.2821 0.0000 -0.9594 0.2821 0.0000 -0.9594 0.2821 0.0000 -0.9594 0.2821 0.0000 -0.9594 0.2821 0.0000 -0.9594 0.2821 0.0000 0.0024 0.0888 0.9960 0.0024 0.0888 0.9960 0.0024 0.0888 0.9960 0.0024 0.0888 0.9960 0.0024 0.0888 0.9960 0.0024 0.0888 0.9960 -0.9996 0.0265 0.0000 -0.9996 0.0265 0.0000 -0.9996 0.0265 0.0000 -0.9996 0.0265 0.0000 -0.9996 0.0265 0.0000 -0.9996 0.0265 0.0000 -0.0187 0.0915 0.9956 -0.0187 0.0915 0.9956 -0.0187 0.0915 0.9956 -0.0187 0.0915 0.9956 -0.0187 0.0915 0.9956 -0.0187 0.0915 0.9956 -0.9797 -0.2006 0.0000 -0.9797 -0.2006 0.0000 -0.9797 -0.2006 0.0000 -0.9797 -0.2006 -0.0000 -0.9797 -0.2006 -0.0000 -0.9797 -0.2006 -0.0000 -0.0329 0.0912 0.9953 -0.0329 0.0912 0.9953 -0.0329 0.0912 0.9953 -0.0329 0.0912 0.9953 -0.0329 0.0912 0.9953 -0.0329 0.0912 0.9953 -0.9408 -0.3391 0.0000 -0.9408 -0.3391 0.0000 -0.9408 -0.3391 0.0000 -0.9408 -0.3391 -0.0000 -0.9408 -0.3391 -0.0000 -0.9408 -0.3391 -0.0000 -0.0411 0.0908 0.9950 -0.0411 0.0908 0.9950 -0.0411 0.0908 0.9950 -0.0411 0.0908 0.9950 -0.0411 0.0908 0.9950 -0.0411 0.0908 0.9950 -0.9111 -0.4121 0.0000 -0.9111 -0.4121 0.0000 -0.9111 -0.4121 0.0000 -0.9111 -0.4121 -0.0000 -0.9111 -0.4121 -0.0000 -0.9111 -0.4121 -0.0000 -0.0474 0.0911 0.9947 -0.0474 0.0911 0.9947 -0.0474 0.0911 0.9947 -0.0474 0.0911 0.9947 -0.0474 0.0911 0.9947 -0.0474 0.0911 0.9947 -0.8870 -0.4617 0.0000 -0.8870 -0.4617 0.0000 -0.8870 -0.4617 0.0000 -0.8870 -0.4617 -0.0000 -0.8870 -0.4617 -0.0000 -0.8870 -0.4617 -0.0000 -0.0527 0.0919 0.9944 -0.0527 0.0919 0.9944 -0.0527 0.0919 0.9944 -0.0527 0.0919 0.9944 -0.0527 0.0919 0.9944 -0.0527 0.0919 0.9944 -0.8677 -0.4970 0.0000 -0.8677 -0.4970 0.0000 -0.8677 -0.4970 0.0000 -0.8677 -0.4970 -0.0000 -0.8677 -0.4970 -0.0000 -0.8677 -0.4970 -0.0000 -0.0573 0.0933 0.9940 -0.0573 0.0933 0.9940 -0.0573 0.0933 0.9940 -0.0573 0.0933 0.9940 -0.0573 0.0933 0.9940 -0.0573 0.0933 0.9940 -0.8522 -0.5232 0.0000 -0.8522 -0.5232 0.0000 -0.8522 -0.5232 0.0000 -0.8522 -0.5232 -0.0000 -0.8522 -0.5232 -0.0000 -0.8522 -0.5232 -0.0000 -0.0615 0.0951 0.9936 -0.0615 0.0951 0.9936 -0.0615 0.0951 0.9936 -0.0615 0.0951 0.9936 -0.0615 0.0951 0.9936 -0.0615 0.0951 0.9936 -0.8396 -0.5432 0.0000 -0.8396 -0.5432 0.0000 -0.8396 -0.5432 0.0000 -0.8396 -0.5432 -0.0000 -0.8396 -0.5432 -0.0000 -0.8396 -0.5432 -0.0000 -0.0654 0.0971 0.9931 -0.0654 0.0971 0.9931 -0.0654 0.0971 0.9931 -0.0654 0.0971 0.9931 -0.0654 0.0971 0.9931 -0.0654 0.0971 0.9931 -0.8293 -0.5588 0.0000 -0.8293 -0.5588 0.0000 -0.8293 -0.5588 0.0000 -0.8293 -0.5588 -0.0000 -0.8293 -0.5588 -0.0000 -0.8293 -0.5588 -0.0000 -0.0692 0.0995 0.9926 -0.0692 0.0995 0.9926 -0.0692 0.0995 0.9926 -0.0692 0.0995 0.9926 -0.0692 0.0995 0.9926 -0.0692 0.0995 0.9926 -0.8209 -0.5710 0.0000 -0.8209 -0.5710 0.0000 -0.8209 -0.5710 0.0000 -0.8209 -0.5710 -0.0000 -0.8209 -0.5710 -0.0000 -0.8209 -0.5710 -0.0000 -0.0727 0.1019 0.9921 -0.0727 0.1019 0.9921 -0.0727 0.1019 0.9921 -0.0727 0.1019 0.9921 -0.0727 0.1019 0.9921 -0.0727 0.1019 0.9921 -0.8140 -0.5808 0.0000 -0.8140 -0.5808 0.0000 -0.8140 -0.5808 0.0000 -0.8140 -0.5808 -0.0000 -0.8140 -0.5808 -0.0000 -0.8140 -0.5808 -0.0000 -0.0761 0.1046 0.9916 -0.0761 0.1046 0.9916 -0.0761 0.1046 0.9916 -0.0761 0.1046 0.9916 -0.0761 0.1046 0.9916 -0.0761 0.1046 0.9916 -0.8085 -0.5885 0.0000 -0.8085 -0.5885 0.0000 -0.8085 -0.5885 0.0000 -0.8085 -0.5885 -0.0000 -0.8085 -0.5885 -0.0000 -0.8085 -0.5885 -0.0000 -0.0793 0.1073 0.9911 -0.0793 0.1073 0.9911 -0.0793 0.1073 0.9911 -0.0793 0.1073 0.9911 -0.0793 0.1073 0.9911 -0.0793 0.1073 0.9911 -0.8041 -0.5945 0.0000 -0.8041 -0.5945 0.0000 -0.8041 -0.5945 0.0000 -0.8041 -0.5945 -0.0000 -0.8041 -0.5945 -0.0000 -0.8041 -0.5945 -0.0000 -0.0823 0.1100 0.9905 -0.0823 0.1100 0.9905 -0.0823 0.1100 0.9905 -0.0823 0.1100 0.9905 -0.0823 0.1100 0.9905 -0.0823 0.1100 0.9905 -0.8007 -0.5990 0.0000 -0.8007 -0.5990 0.0000 -0.8007 -0.5990 0.0000 -0.8007 -0.5990 -0.0000 -0.8007 -0.5990 -0.0000 -0.8007 -0.5990 -0.0000 -0.0851 0.1128 0.9900 -0.0851 0.1128 0.9900 -0.0851 0.1128 0.9900 -0.0851 0.1128 0.9900 -0.0851 0.1128 0.9900 -0.0851 0.1128 0.9900 -0.7984 -0.6021 0.0000 -0.7984 -0.6021 0.0000 -0.7984 -0.6021 0.0000 -0.7984 -0.6021 -0.0000 -0.7984 -0.6021 -0.0000 -0.7984 -0.6021 -0.0000 -0.0875 0.1156 0.9894 -0.0875 0.1156 0.9894 -0.0875 0.1156 0.9894 -0.0875 0.1156 0.9894 -0.0875 0.1156 0.9894 -0.0875 0.1156 0.9894 -0.7972 -0.6037 0.0000 -0.7972 -0.6037 0.0000 -0.7972 -0.6037 0.0000 -0.7972 -0.6037 -0.0000 -0.7972 -0.6037 -0.0000 -0.7972 -0.6037 -0.0000 -0.0896 0.1184 0.9889 -0.0896 0.1184 0.9889 -0.0896 0.1184 0.9889 -0.0896 0.1184 0.9889 -0.0896 0.1184 0.9889 -0.0896 0.1184 0.9889 -0.7973 -0.6036 0.0000 -0.7973 -0.6036 0.0000 -0.7973 -0.6036 0.0000 -0.7973 -0.6036 -0.0000 -0.7973 -0.6036 -0.0000 -0.7973 -0.6036 -0.0000 -0.0913 0.1212 0.9884 -0.0913 0.1212 0.9884 -0.0913 0.1212 0.9884 -0.0913 0.1212 0.9884 -0.0913 0.1212 0.9884 -0.0913 0.1212 0.9884 -0.7988 -0.6016 0.0000 -0.7988 -0.6016 0.0000 -0.7988 -0.6016 0.0000 -0.7988 -0.6016 -0.0000 -0.7988 -0.6016 -0.0000 -0.7988 -0.6016 -0.0000 -0.0923 0.1241 0.9880 -0.0923 0.1241 0.9880 -0.0923 0.1241 0.9880 -0.0923 0.1241 0.9880 -0.0923 0.1241 0.9880 -0.0923 0.1241 0.9880 -0.8025 -0.5967 0.0000 -0.8025 -0.5967 0.0000 -0.8025 -0.5967 0.0000 -0.8025 -0.5967 -0.0000 -0.8025 -0.5967 -0.0000 -0.8025 -0.5967 -0.0000 -0.0924 0.1273 0.9876 -0.0924 0.1273 0.9876 -0.0924 0.1273 0.9876 -0.0924 0.1273 0.9876 -0.0924 0.1273 0.9876 -0.0924 0.1273 0.9876 -0.8092 -0.5875 0.0000 -0.8092 -0.5875 0.0000 -0.8092 -0.5875 0.0000 -0.8092 -0.5875 -0.0000 -0.8092 -0.5875 -0.0000 -0.8092 -0.5875 -0.0000 -0.0908 0.1308 0.9872 -0.0908 0.1308 0.9872 -0.0908 0.1308 0.9872 -0.0908 0.1308 0.9872 -0.0908 0.1308 0.9872 -0.0908 0.1308 0.9872 -0.8214 -0.5703 0.0000 -0.8214 -0.5703 0.0000 -0.8214 -0.5703 0.0000 -0.8214 -0.5703 -0.0000 -0.8214 -0.5703 -0.0000 -0.8214 -0.5703 -0.0000 -0.1287 -0.0811 0.9884 -0.1287 -0.0811 0.9884 -0.1287 -0.0811 0.9884 -0.1287 -0.0811 0.9884 -0.1287 -0.0811 0.9884 -0.1287 -0.0811 0.9884 -0.5330 0.8461 0.0000 -0.5330 0.8461 0.0000 -0.5330 0.8461 0.0000 -0.5330 0.8461 0.0000 -0.5330 0.8461 0.0000 -0.5330 0.8461 0.0000 -0.1284 -0.0780 0.9887 -0.1284 -0.0780 0.9887 -0.1284 -0.0780 0.9887 -0.1284 -0.0780 0.9887 -0.1284 -0.0780 0.9887 -0.1284 -0.0780 0.9887 -0.5193 0.8546 0.0000 -0.5193 0.8546 0.0000 -0.5193 0.8546 0.0000 -0.5193 0.8546 0.0000 -0.5193 0.8546 0.0000 -0.5193 0.8546 0.0000 -0.1274 -0.0755 0.9890 -0.1274 -0.0755 0.9890 -0.1274 -0.0755 0.9890 -0.1274 -0.0755 0.9890 -0.1274 -0.0755 0.9890 -0.1274 -0.0755 0.9890 -0.5098 0.8603 0.0000 -0.5098 0.8603 0.0000 -0.5098 0.8603 0.0000 -0.5098 0.8603 0.0000 -0.5098 0.8603 0.0000 -0.5098 0.8603 0.0000 -0.1258 -0.0733 0.9893 -0.1258 -0.0733 0.9893 -0.1258 -0.0733 0.9893 -0.1258 -0.0733 0.9893 -0.1258 -0.0733 0.9893 -0.1258 -0.0733 0.9893 -0.5033 0.8641 0.0000 -0.5033 0.8641 0.0000 -0.5033 0.8641 0.0000 -0.5033 0.8641 0.0000 -0.5033 0.8641 0.0000 -0.5033 0.8641 0.0000 -0.1239 -0.0713 0.9897 -0.1239 -0.0713 0.9897 -0.1239 -0.0713 0.9897 -0.1239 -0.0713 0.9897 -0.1239 -0.0713 0.9897 -0.1239 -0.0713 0.9897 -0.4989 0.8667 0.0000 -0.4989 0.8667 0.0000 -0.4989 0.8667 0.0000 -0.4989 0.8667 0.0000 -0.4989 0.8667 0.0000 -0.4989 0.8667 0.0000 -0.1216 -0.0695 0.9901 -0.1216 -0.0695 0.9901 -0.1216 -0.0695 0.9901 -0.1216 -0.0695 0.9901 -0.1216 -0.0695 0.9901 -0.1216 -0.0695 0.9901 -0.4960 0.8683 0.0000 -0.4960 0.8683 0.0000 -0.4960 0.8683 0.0000 -0.4960 0.8683 0.0000 -0.4960 0.8683 0.0000 -0.4960 0.8683 0.0000 -0.1191 -0.0677 0.9906 -0.1191 -0.0677 0.9906 -0.1191 -0.0677 0.9906 -0.1191 -0.0677 0.9906 -0.1191 -0.0677 0.9906 -0.1191 -0.0677 0.9906 -0.4944 0.8692 0.0000 -0.4944 0.8692 0.0000 -0.4944 0.8692 0.0000 -0.4944 0.8692 0.0000 -0.4944 0.8692 0.0000 -0.4944 0.8692 0.0000 -0.1163 -0.0660 0.9910 -0.1163 -0.0660 0.9910 -0.1163 -0.0660 0.9910 -0.1163 -0.0660 0.9910 -0.1163 -0.0660 0.9910 -0.1163 -0.0660 0.9910 -0.4938 0.8696 0.0000 -0.4938 0.8696 0.0000 -0.4938 0.8696 0.0000 -0.4938 0.8696 0.0000 -0.4938 0.8696 0.0000 -0.4938 0.8696 0.0000 -0.1133 -0.0644 0.9915 -0.1133 -0.0644 0.9915 -0.1133 -0.0644 0.9915 -0.1133 -0.0644 0.9915 -0.1133 -0.0644 0.9915 -0.1133 -0.0644 0.9915 -0.4941 0.8694 0.0000 -0.4941 0.8694 0.0000 -0.4941 0.8694 0.0000 -0.4941 0.8694 0.0000 -0.4941 0.8694 0.0000 -0.4941 0.8694 0.0000 -0.1101 -0.0628 0.9919 -0.1101 -0.0628 0.9919 -0.1101 -0.0628 0.9919 -0.1101 -0.0628 0.9919 -0.1101 -0.0628 0.9919 -0.1101 -0.0628 0.9919 -0.4952 0.8688 0.0000 -0.4952 0.8688 0.0000 -0.4952 0.8688 0.0000 -0.4952 0.8688 0.0000 -0.4952 0.8688 0.0000 -0.4952 0.8688 0.0000 -0.1068 -0.0612 0.9924 -0.1068 -0.0612 0.9924 -0.1068 -0.0612 0.9924 -0.1068 -0.0612 0.9924 -0.1068 -0.0612 0.9924 -0.1068 -0.0612 0.9924 -0.4969 0.8678 0.0000 -0.4969 0.8678 0.0000 -0.4969 0.8678 0.0000 -0.4969 0.8678 0.0000 -0.4969 0.8678 0.0000 -0.4969 0.8678 0.0000 -0.1034 -0.0596 0.9929 -0.1034 -0.0596 0.9929 -0.1034 -0.0596 0.9929 -0.1034 -0.0596 0.9929 -0.1034 -0.0596 0.9929 -0.1034 -0.0596 0.9929 -0.4993 0.8664 0.0000 -0.4993 0.8664 0.0000 -0.4993 0.8664 0.0000 -0.4993 0.8664 0.0000 -0.4993 0.8664 0.0000 -0.4993 0.8664 0.0000 -0.0998 -0.0580 0.9933 -0.0998 -0.0580 0.9933 -0.0998 -0.0580 0.9933 -0.0998 -0.0580 0.9933 -0.0998 -0.0580 0.9933 -0.0998 -0.0580 0.9933 -0.5024 0.8646 0.0000 -0.5024 0.8646 0.0000 -0.5024 0.8646 0.0000 -0.5024 0.8646 0.0000 -0.5024 0.8646 0.0000 -0.5024 0.8646 0.0000 -0.0961 -0.0564 0.9938 -0.0961 -0.0564 0.9938 -0.0961 -0.0564 0.9938 -0.0961 -0.0564 0.9938 -0.0961 -0.0564 0.9938 -0.0961 -0.0564 0.9938 -0.5061 0.8625 0.0000 -0.5061 0.8625 0.0000 -0.5061 0.8625 0.0000 -0.5061 0.8625 0.0000 -0.5061 0.8625 0.0000 -0.5061 0.8625 0.0000 -0.0924 -0.0548 0.9942 -0.0924 -0.0548 0.9942 -0.0924 -0.0548 0.9942 -0.0924 -0.0548 0.9942 -0.0924 -0.0548 0.9942 -0.0924 -0.0548 0.9942 -0.5105 0.8599 0.0000 -0.5105 0.8599 0.0000 -0.5105 0.8599 0.0000 -0.5105 0.8599 0.0000 -0.5105 0.8599 0.0000 -0.5105 0.8599 0.0000 -0.0886 -0.0533 0.9946 -0.0886 -0.0533 0.9946 -0.0886 -0.0533 0.9946 -0.0886 -0.0533 0.9946 -0.0886 -0.0533 0.9946 -0.0886 -0.0533 0.9946 -0.5155 0.8569 0.0000 -0.5155 0.8569 0.0000 -0.5155 0.8569 0.0000 -0.5155 0.8569 0.0000 -0.5155 0.8569 0.0000 -0.5155 0.8569 0.0000 -0.0847 -0.0518 0.9951 -0.0847 -0.0518 0.9951 -0.0847 -0.0518 0.9951 -0.0847 -0.0518 0.9951 -0.0847 -0.0518 0.9951 -0.0847 -0.0518 0.9951 -0.5213 0.8534 0.0000 -0.5213 0.8534 0.0000 -0.5213 0.8534 0.0000 -0.5213 0.8534 0.0000 -0.5213 0.8534 0.0000 -0.5213 0.8534 0.0000 -0.0809 -0.0503 0.9955 -0.0809 -0.0503 0.9955 -0.0809 -0.0503 0.9955 -0.0809 -0.0503 0.9955 -0.0809 -0.0503 0.9955 -0.0809 -0.0503 0.9955 -0.5278 0.8493 0.0000 -0.5278 0.8493 0.0000 -0.5278 0.8493 0.0000 -0.5278 0.8493 0.0000 -0.5278 0.8493 0.0000 -0.5278 0.8493 0.0000 -0.0770 -0.0488 0.9958 -0.0770 -0.0488 0.9958 -0.0770 -0.0488 0.9958 -0.0770 -0.0488 0.9958 -0.0770 -0.0488 0.9958 -0.0770 -0.0488 0.9958 -0.5352 0.8447 0.0000 -0.5352 0.8447 0.0000 -0.5352 0.8447 0.0000 -0.5352 0.8447 0.0000 -0.5352 0.8447 0.0000 -0.5352 0.8447 0.0000 -0.0731 -0.0473 0.9962 -0.0731 -0.0473 0.9962 -0.0731 -0.0473 0.9962 -0.0731 -0.0473 0.9962 -0.0731 -0.0473 0.9962 -0.0731 -0.0473 0.9962 -0.5436 0.8394 0.0000 -0.5436 0.8394 0.0000 -0.5436 0.8394 0.0000 -0.5436 0.8394 0.0000 -0.5436 0.8394 0.0000 -0.5436 0.8394 0.0000 -0.0692 -0.0459 0.9965 -0.0692 -0.0459 0.9965 -0.0692 -0.0459 0.9965 -0.0692 -0.0459 0.9965 -0.0692 -0.0459 0.9965 -0.0692 -0.0459 0.9965 -0.5530 0.8332 0.0000 -0.5530 0.8332 0.0000 -0.5530 0.8332 0.0000 -0.5530 0.8332 0.0000 -0.5530 0.8332 0.0000 -0.5530 0.8332 0.0000 -0.0654 -0.0446 0.9969 -0.0654 -0.0446 0.9969 -0.0654 -0.0446 0.9969 -0.0654 -0.0446 0.9969 -0.0654 -0.0446 0.9969 -0.0654 -0.0446 0.9969 -0.5636 0.8261 0.0000 -0.5636 0.8261 0.0000 -0.5636 0.8261 0.0000 -0.5636 0.8261 0.0000 -0.5636 0.8261 0.0000 -0.5636 0.8261 0.0000 -0.0616 -0.0433 0.9972 -0.0616 -0.0433 0.9972 -0.0616 -0.0433 0.9972 -0.0616 -0.0433 0.9972 -0.0616 -0.0433 0.9972 -0.0616 -0.0433 0.9972 -0.5756 0.8177 0.0000 -0.5756 0.8177 0.0000 -0.5756 0.8177 0.0000 -0.5756 0.8177 0.0000 -0.5756 0.8177 0.0000 -0.5756 0.8177 0.0000 -0.0578 -0.0421 0.9974 -0.0578 -0.0421 0.9974 -0.0578 -0.0421 0.9974 -0.0578 -0.0421 0.9974 -0.0578 -0.0421 0.9974 -0.0578 -0.0421 0.9974 -0.5892 0.8080 0.0000 -0.5892 0.8080 0.0000 -0.5892 0.8080 0.0000 -0.5892 0.8080 0.0000 -0.5892 0.8080 0.0000 -0.5892 0.8080 0.0000 -0.0541 -0.0410 0.9977 -0.0541 -0.0410 0.9977 -0.0541 -0.0410 0.9977 -0.0541 -0.0410 0.9977 -0.0541 -0.0410 0.9977 -0.0541 -0.0410 0.9977 -0.6046 0.7965 0.0000 -0.6046 0.7965 0.0000 -0.6046 0.7965 0.0000 -0.6046 0.7965 0.0000 -0.6046 0.7965 0.0000 -0.6046 0.7965 0.0000 -0.0504 -0.0400 0.9979 -0.0504 -0.0400 0.9979 -0.0504 -0.0400 0.9979 -0.0504 -0.0400 0.9979 -0.0504 -0.0400 0.9979 -0.0504 -0.0400 0.9979 -0.6222 0.7828 0.0000 -0.6222 0.7828 0.0000 -0.6222 0.7828 0.0000 -0.6222 0.7828 0.0000 -0.6222 0.7828 0.0000 -0.6222 0.7828 0.0000 -0.0467 -0.0392 0.9981 -0.0467 -0.0392 0.9981 -0.0467 -0.0392 0.9981 -0.0467 -0.0392 0.9981 -0.0467 -0.0392 0.9981 -0.0467 -0.0392 0.9981 -0.6424 0.7663 0.0000 -0.6424 0.7663 0.0000 -0.6424 0.7663 0.0000 -0.6424 0.7663 0.0000 -0.6424 0.7663 0.0000 -0.6424 0.7663 0.0000 -0.0431 -0.0384 0.9983 -0.0431 -0.0384 0.9983 -0.0431 -0.0384 0.9983 -0.0431 -0.0384 0.9983 -0.0431 -0.0384 0.9983 -0.0431 -0.0384 0.9983 -0.6657 0.7462 0.0000 -0.6657 0.7462 0.0000 -0.6657 0.7462 0.0000 -0.6657 0.7462 0.0000 -0.6657 0.7462 0.0000 -0.6657 0.7462 0.0000 -0.0395 -0.0379 0.9985 -0.0395 -0.0379 0.9985 -0.0395 -0.0379 0.9985 -0.0395 -0.0379 0.9985 -0.0395 -0.0379 0.9985 -0.0395 -0.0379 0.9985 -0.6926 0.7213 0.0000 -0.6926 0.7213 0.0000 -0.6926 0.7213 0.0000 -0.6926 0.7213 0.0000 -0.6926 0.7213 0.0000 -0.6926 0.7213 0.0000 -0.0350 -0.0373 0.9987 -0.0350 -0.0373 0.9987 -0.0350 -0.0373 0.9987 -0.0350 -0.0373 0.9987 -0.0350 -0.0373 0.9987 -0.0350 -0.0373 0.9987 -0.7285 0.6850 0.0000 -0.7285 0.6850 0.0000 -0.7285 0.6850 0.0000 -0.7285 0.6850 0.0000 -0.7285 0.6850 0.0000 -0.7285 0.6850 0.0000 -0.0302 -0.0361 0.9989 -0.0302 -0.0361 0.9989 -0.0302 -0.0361 0.9989 -0.0302 -0.0361 0.9989 -0.0302 -0.0361 0.9989 -0.0302 -0.0361 0.9989 -0.7672 0.6414 0.0000 -0.7672 0.6414 0.0000 -0.7672 0.6414 0.0000 -0.7672 0.6414 0.0000 -0.7672 0.6414 0.0000 -0.7672 0.6414 0.0000 -0.0257 -0.0345 0.9991 -0.0257 -0.0345 0.9991 -0.0257 -0.0345 0.9991 -0.0257 -0.0345 0.9991 -0.0257 -0.0345 0.9991 -0.0257 -0.0345 0.9991 -0.8011 0.5985 0.0000 -0.8011 0.5985 0.0000 -0.8011 0.5985 0.0000 -0.8011 0.5985 0.0000 -0.8011 0.5985 0.0000 -0.8011 0.5985 0.0000 -0.0217 -0.0324 0.9992 -0.0217 -0.0324 0.9992 -0.0217 -0.0324 0.9992 -0.0217 -0.0324 0.9992 -0.0217 -0.0324 0.9992 -0.0217 -0.0324 0.9992 -0.8305 0.5571 0.0000 -0.8305 0.5571 0.0000 -0.8305 0.5571 0.0000 -0.8305 0.5571 0.0000 -0.8305 0.5571 0.0000 -0.8305 0.5571 0.0000 -0.0182 -0.0300 0.9994 -0.0182 -0.0300 0.9994 -0.0182 -0.0300 0.9994 -0.0182 -0.0300 0.9994 -0.0182 -0.0300 0.9994 -0.0182 -0.0300 0.9994 -0.8554 0.5180 0.0000 -0.8554 0.5180 0.0000 -0.8554 0.5180 0.0000 -0.8554 0.5180 0.0000 -0.8554 0.5180 0.0000 -0.8554 0.5180 0.0000 -0.0151 -0.0274 0.9995 -0.0151 -0.0274 0.9995 -0.0151 -0.0274 0.9995 -0.0151 -0.0274 0.9995 -0.0151 -0.0274 0.9995 -0.0151 -0.0274 0.9995 -0.8762 0.4820 0.0000 -0.8762 0.4820 0.0000 -0.8762 0.4820 0.0000 -0.8762 0.4820 0.0000 -0.8762 0.4820 0.0000 -0.8762 0.4820 0.0000 -0.0123 -0.0245 0.9996 -0.0123 -0.0245 0.9996 -0.0123 -0.0245 0.9996 -0.0123 -0.0245 0.9996 -0.0123 -0.0245 0.9996 -0.0123 -0.0245 0.9996 -0.8932 0.4497 0.0000 -0.8932 0.4497 0.0000 -0.8932 0.4497 0.0000 -0.8932 0.4497 0.0000 -0.8932 0.4497 0.0000 -0.8932 0.4497 0.0000 -0.0099 -0.0214 0.9997 -0.0099 -0.0214 0.9997 -0.0099 -0.0214 0.9997 -0.0099 -0.0214 0.9997 -0.0099 -0.0214 0.9997 -0.0099 -0.0214 0.9997 -0.9069 0.4213 0.0000 -0.9069 0.4213 0.0000 -0.9069 0.4213 0.0000 -0.9069 0.4213 0.0000 -0.9069 0.4213 0.0000 -0.9069 0.4213 0.0000 -0.0079 -0.0182 0.9998 -0.0079 -0.0182 0.9998 -0.0079 -0.0182 0.9998 -0.0079 -0.0182 0.9998 -0.0079 -0.0182 0.9998 -0.0079 -0.0182 0.9998 -0.9177 0.3974 0.0000 -0.9177 0.3974 0.0000 -0.9177 0.3974 0.0000 -0.9177 0.3974 0.0000 -0.9177 0.3974 0.0000 -0.9177 0.3974 0.0000 -0.0061 -0.0149 0.9999 -0.0061 -0.0149 0.9999 -0.0061 -0.0149 0.9999 -0.0061 -0.0149 0.9999 -0.0061 -0.0149 0.9999 -0.0061 -0.0149 0.9999 -0.9258 0.3781 0.0000 -0.9258 0.3781 0.0000 -0.9258 0.3781 0.0000 -0.9258 0.3781 0.0000 -0.9258 0.3781 0.0000 -0.9258 0.3781 0.0000 -0.0045 -0.0116 0.9999 -0.0045 -0.0116 0.9999 -0.0045 -0.0116 0.9999 -0.0045 -0.0116 0.9999 -0.0045 -0.0116 0.9999 -0.0045 -0.0116 0.9999 -0.9315 0.3637 0.0000 -0.9315 0.3637 0.0000 -0.9315 0.3637 0.0000 -0.9315 0.3637 0.0000 -0.9315 0.3637 0.0000 -0.9315 0.3637 0.0000 -0.0031 -0.0082 1.0000 -0.0031 -0.0082 1.0000 -0.0031 -0.0082 1.0000 -0.0031 -0.0082 1.0000 -0.0031 -0.0082 1.0000 -0.0031 -0.0082 1.0000 -0.9351 0.3545 0.0000 -0.9351 0.3545 0.0000 -0.9351 0.3545 0.0000 -0.9351 0.3545 0.0000 -0.9351 0.3545 0.0000 -0.9351 0.3545 0.0000 -0.0018 -0.0049 1.0000 -0.0018 -0.0049 1.0000 -0.0018 -0.0049 1.0000 -0.0018 -0.0049 1.0000 -0.0018 -0.0049 1.0000 -0.0018 -0.0049 1.0000 -0.9365 0.3507 0.0000 -0.9365 0.3507 0.0000 -0.9365 0.3507 0.0000 -0.9365 0.3507 0.0000 -0.9365 0.3507 0.0000 -0.9365 0.3507 0.0000 -0.0006 -0.0017 1.0000 -0.0006 -0.0017 1.0000 -0.0006 -0.0017 1.0000 -0.0006 -0.0017 1.0000 -0.0006 -0.0017 1.0000 -0.0006 -0.0017 1.0000 -0.9358 0.3526 0.0000 -0.9358 0.3526 0.0000 -0.9358 0.3526 0.0000 -0.9358 0.3526 0.0000 -0.9358 0.3526 0.0000 -0.9358 0.3526 0.0000 0.0006 0.0015 1.0000 0.0006 0.0015 1.0000 0.0006 0.0015 1.0000 0.0006 0.0015 1.0000 0.0006 0.0015 1.0000 0.0006 0.0015 1.0000 -0.9327 0.3606 0.0000 -0.9327 0.3606 0.0000 -0.9327 0.3606 0.0000 -0.9327 0.3606 0.0000 -0.9327 0.3606 0.0000 -0.9327 0.3606 0.0000 0.0019 0.0046 1.0000 0.0019 0.0046 1.0000 0.0019 0.0046 1.0000 0.0019 0.0046 1.0000 0.0019 0.0046 1.0000 0.0019 0.0046 1.0000 -0.9271 0.3749 0.0000 -0.9271 0.3749 0.0000 -0.9271 0.3749 0.0000 -0.9271 0.3749 0.0000 -0.9271 0.3749 0.0000 -0.9271 0.3749 0.0000 0.0033 0.0076 1.0000 0.0033 0.0076 1.0000 0.0033 0.0076 1.0000 0.0033 0.0076 1.0000 0.0033 0.0076 1.0000 0.0033 0.0076 1.0000 -0.9182 0.3961 0.0000 -0.9182 0.3961 0.0000 -0.9182 0.3961 0.0000 -0.9182 0.3961 0.0000 -0.9182 0.3961 0.0000 -0.9182 0.3961 0.0000 0.0049 0.0104 0.9999 0.0049 0.0104 0.9999 0.0049 0.0104 0.9999 0.0049 0.0104 0.9999 0.0049 0.0104 0.9999 0.0049 0.0104 0.9999 -0.9054 0.4245 0.0000 -0.9054 0.4245 0.0000 -0.9054 0.4245 0.0000 -0.9054 0.4245 0.0000 -0.9054 0.4245 0.0000 -0.9054 0.4245 0.0000 0.0067 0.0129 0.9999 0.0067 0.0129 0.9999 0.0067 0.0129 0.9999 0.0067 0.0129 0.9999 0.0067 0.0129 0.9999 0.0067 0.0129 0.9999 -0.8876 0.4606 0.0000 -0.8876 0.4606 0.0000 -0.8876 0.4606 0.0000 -0.8876 0.4606 0.0000 -0.8876 0.4606 0.0000 -0.8876 0.4606 0.0000 0.0088 0.0151 0.9998 0.0088 0.0151 0.9998 0.0088 0.0151 0.9998 0.0088 0.0151 0.9998 0.0088 0.0151 0.9998 0.0088 0.0151 0.9998 -0.8635 0.5044 0.0000 -0.8635 0.5044 0.0000 -0.8635 0.5044 0.0000 -0.8635 0.5044 0.0000 -0.8635 0.5044 0.0000 -0.8635 0.5044 0.0000 0.0116 0.0178 0.9998 0.0116 0.0178 0.9998 0.0116 0.0178 0.9998 0.0116 0.0178 0.9998 0.0116 0.0178 0.9998 0.0116 0.0178 0.9998 -0.8377 0.5461 0.0000 -0.8377 0.5461 0.0000 -0.8377 0.5461 0.0000 -0.8377 0.5461 0.0000 -0.8377 0.5461 0.0000 -0.8377 0.5461 0.0000 0.0148 0.0208 0.9997 0.0148 0.0208 0.9997 0.0148 0.0208 0.9997 0.0148 0.0208 0.9997 0.0148 0.0208 0.9997 0.0148 0.0208 0.9997 -0.8157 0.5784 0.0000 -0.8157 0.5784 0.0000 -0.8157 0.5784 0.0000 -0.8157 0.5784 0.0000 -0.8157 0.5784 0.0000 -0.8157 0.5784 0.0000 0.0180 0.0236 0.9996 0.0180 0.0236 0.9996 0.0180 0.0236 0.9996 0.0180 0.0236 0.9996 0.0180 0.0236 0.9996 0.0180 0.0236 0.9996 -0.7947 0.6070 0.0000 -0.7947 0.6070 0.0000 -0.7947 0.6070 0.0000 -0.7947 0.6070 0.0000 -0.7947 0.6070 0.0000 -0.7947 0.6070 0.0000 0.0212 0.0261 0.9994 0.0212 0.0261 0.9994 0.0212 0.0261 0.9994 0.0212 0.0261 0.9994 0.0212 0.0261 0.9994 0.0212 0.0261 0.9994 -0.7757 0.6311 0.0000 -0.7757 0.6311 0.0000 -0.7757 0.6311 0.0000 -0.7757 0.6311 0.0000 -0.7757 0.6311 0.0000 -0.7757 0.6311 0.0000 0.0243 0.0284 0.9993 0.0243 0.0284 0.9993 0.0243 0.0284 0.9993 0.0243 0.0284 0.9993 0.0243 0.0284 0.9993 0.0243 0.0284 0.9993 -0.7596 0.6504 0.0000 -0.7596 0.6504 0.0000 -0.7596 0.6504 0.0000 -0.7596 0.6504 0.0000 -0.7596 0.6504 0.0000 -0.7596 0.6504 0.0000 0.0273 0.0307 0.9992 0.0273 0.0307 0.9992 0.0273 0.0307 0.9992 0.0273 0.0307 0.9992 0.0273 0.0307 0.9992 0.0273 0.0307 0.9992 -0.7472 0.6645 0.0000 -0.7472 0.6645 0.0000 -0.7472 0.6645 0.0000 -0.7472 0.6645 0.0000 -0.7472 0.6645 0.0000 -0.7472 0.6645 0.0000 0.0300 0.0330 0.9990 0.0300 0.0330 0.9990 0.0300 0.0330 0.9990 0.0300 0.0330 0.9990 0.0300 0.0330 0.9990 0.0300 0.0330 0.9990 -0.7397 0.6730 0.0000 -0.7397 0.6730 0.0000 -0.7397 0.6730 0.0000 -0.7397 0.6730 0.0000 -0.7397 0.6730 0.0000 -0.7397 0.6730 0.0000 0.0324 0.0354 0.9988 0.0324 0.0354 0.9988 0.0324 0.0354 0.9988 0.0324 0.0354 0.9988 0.0324 0.0354 0.9988 0.0324 0.0354 0.9988 -0.7376 0.6752 0.0000 -0.7376 0.6752 0.0000 -0.7376 0.6752 0.0000 -0.7376 0.6752 0.0000 -0.7376 0.6752 0.0000 -0.7376 0.6752 0.0000 0.0344 0.0381 0.9987 0.0344 0.0381 0.9987 0.0344 0.0381 0.9987 0.0344 0.0381 0.9987 0.0344 0.0381 0.9987 0.0344 0.0381 0.9987 -0.7418 0.6706 0.0000 -0.7418 0.6706 0.0000 -0.7418 0.6706 0.0000 -0.7418 0.6706 0.0000 -0.7418 0.6706 0.0000 -0.7418 0.6706 0.0000 0.0359 0.0410 0.9985 0.0359 0.0410 0.9985 0.0359 0.0410 0.9985 0.0359 0.0410 0.9985 0.0359 0.0410 0.9985 0.0359 0.0410 0.9985 -0.7526 0.6584 0.0000 -0.7526 0.6584 0.0000 -0.7526 0.6584 0.0000 -0.7526 0.6584 0.0000 -0.7526 0.6584 0.0000 -0.7526 0.6584 0.0000 0.0368 0.0444 0.9983 0.0368 0.0444 0.9983 0.0368 0.0444 0.9983 0.0368 0.0444 0.9983 0.0368 0.0444 0.9983 0.0368 0.0444 0.9983 -0.7704 0.6376 0.0000 -0.7704 0.6376 0.0000 -0.7704 0.6376 0.0000 -0.7704 0.6376 0.0000 -0.7704 0.6376 0.0000 -0.7704 0.6376 0.0000 0.0368 0.0482 0.9982 0.0368 0.0482 0.9982 0.0368 0.0482 0.9982 0.0368 0.0482 0.9982 0.0368 0.0482 0.9982 0.0368 0.0482 0.9982 -0.7947 0.6070 0.0000 -0.7947 0.6070 0.0000 -0.7947 0.6070 0.0000 -0.7947 0.6070 0.0000 -0.7947 0.6070 0.0000 -0.7947 0.6070 0.0000 0.0359 0.0523 0.9980 0.0359 0.0523 0.9980 0.0359 0.0523 0.9980 0.0359 0.0523 0.9980 0.0359 0.0523 0.9980 0.0359 0.0523 0.9980 -0.8247 0.5655 0.0000 -0.8247 0.5655 0.0000 -0.8247 0.5655 0.0000 -0.8247 0.5655 0.0000 -0.8247 0.5655 0.0000 -0.8247 0.5655 0.0000 0.0391 0.0544 0.9978 0.0391 0.0544 0.9978 0.0391 0.0544 0.9978 0.0391 0.0544 0.9978 0.0391 0.0544 0.9978 0.0391 0.0544 0.9978 -0.8117 0.5841 0.0000 -0.8117 0.5841 0.0000 -0.8117 0.5841 0.0000 -0.8117 0.5841 0.0000 -0.8117 0.5841 0.0000 -0.8117 0.5841 0.0000 0.0459 0.0546 0.9974 0.0459 0.0546 0.9974 0.0459 0.0546 0.9974 0.0459 0.0546 0.9974 0.0459 0.0546 0.9974 0.0459 0.0546 0.9974 -0.7654 0.6436 0.0000 -0.7654 0.6436 0.0000 -0.7654 0.6436 0.0000 -0.7654 0.6436 0.0000 -0.7654 0.6436 0.0000 -0.7654 0.6436 0.0000 0.0496 0.0570 0.9971 0.0496 0.0570 0.9971 0.0496 0.0570 0.9971 0.0496 0.0570 0.9971 0.0496 0.0570 0.9971 0.0496 0.0570 0.9971 -0.7545 0.6563 0.0000 -0.7545 0.6563 0.0000 -0.7545 0.6563 0.0000 -0.7545 0.6563 0.0000 -0.7545 0.6563 0.0000 -0.7545 0.6563 0.0000 0.0486 0.0628 0.9968 0.0486 0.0628 0.9968 0.0486 0.0628 0.9968 0.0486 0.0628 0.9968 0.0486 0.0628 0.9968 0.0486 0.0628 0.9968 -0.7908 0.6121 0.0000 -0.7908 0.6121 0.0000 -0.7908 0.6121 0.0000 -0.7908 0.6121 0.0000 -0.7908 0.6121 0.0000 -0.7908 0.6121 0.0000 0.0409 0.0724 0.9965 0.0409 0.0724 0.9965 0.0409 0.0724 0.9965 0.0409 0.0724 0.9965 0.0409 0.0724 0.9965 0.0409 0.0724 0.9965 -0.8706 0.4920 0.0000 -0.8706 0.4920 0.0000 -0.8706 0.4920 0.0000 -0.8706 0.4920 0.0000 -0.8706 0.4920 0.0000 -0.8706 0.4920 0.0000 0.0247 0.0831 0.9962 0.0247 0.0831 0.9962 0.0247 0.0831 0.9962 0.0247 0.0831 0.9962 0.0247 0.0831 0.9962 0.0247 0.0831 0.9962 -0.9586 0.2846 0.0000 -0.9586 0.2846 0.0000 -0.9586 0.2846 0.0000 -0.9586 0.2846 0.0000 -0.9586 0.2846 0.0000 -0.9586 0.2846 0.0000 0.0026 0.0902 0.9959 0.0026 0.0902 0.9959 0.0026 0.0902 0.9959 0.0026 0.0902 0.9959 0.0026 0.0902 0.9959 0.0026 0.0902 0.9959 -0.9996 0.0283 0.0000 -0.9996 0.0283 0.0000 -0.9996 0.0283 0.0000 -0.9996 0.0283 0.0000 -0.9996 0.0283 0.0000 -0.9996 0.0283 0.0000 -0.0188 0.0923 0.9956 -0.0188 0.0923 0.9956 -0.0188 0.0923 0.9956 -0.0188 0.0923 0.9956 -0.0188 0.0923 0.9956 -0.0188 0.0923 0.9956 -0.9798 -0.2000 0.0000 -0.9798 -0.2000 0.0000 -0.9798 -0.2000 0.0000 -0.9798 -0.2000 -0.0000 -0.9798 -0.2000 -0.0000 -0.9798 -0.2000 -0.0000 -0.0331 0.0920 0.9952 -0.0331 0.0920 0.9952 -0.0331 0.0920 0.9952 -0.0331 0.0920 0.9952 -0.0331 0.0920 0.9952 -0.0331 0.0920 0.9952 -0.9409 -0.3388 0.0000 -0.9409 -0.3388 0.0000 -0.9409 -0.3388 0.0000 -0.9409 -0.3388 -0.0000 -0.9409 -0.3388 -0.0000 -0.9409 -0.3388 -0.0000 -0.0413 0.0913 0.9950 -0.0413 0.0913 0.9950 -0.0413 0.0913 0.9950 -0.0413 0.0913 0.9950 -0.0413 0.0913 0.9950 -0.0413 0.0913 0.9950 -0.9112 -0.4120 0.0000 -0.9112 -0.4120 0.0000 -0.9112 -0.4120 0.0000 -0.9112 -0.4120 -0.0000 -0.9112 -0.4120 -0.0000 -0.9112 -0.4120 -0.0000 -0.0476 0.0914 0.9947 -0.0476 0.0914 0.9947 -0.0476 0.0914 0.9947 -0.0476 0.0914 0.9947 -0.0476 0.0914 0.9947 -0.0476 0.0914 0.9947 -0.8871 -0.4616 0.0000 -0.8871 -0.4616 0.0000 -0.8871 -0.4616 0.0000 -0.8871 -0.4616 -0.0000 -0.8871 -0.4616 -0.0000 -0.8871 -0.4616 -0.0000 -0.0528 0.0922 0.9943 -0.0528 0.0922 0.9943 -0.0528 0.0922 0.9943 -0.0528 0.0922 0.9943 -0.0528 0.0922 0.9943 -0.0528 0.0922 0.9943 -0.8677 -0.4970 0.0000 -0.8677 -0.4970 0.0000 -0.8677 -0.4970 0.0000 -0.8677 -0.4970 -0.0000 -0.8677 -0.4970 -0.0000 -0.8677 -0.4970 -0.0000 -0.0574 0.0935 0.9940 -0.0574 0.0935 0.9940 -0.0574 0.0935 0.9940 -0.0574 0.0935 0.9940 -0.0574 0.0935 0.9940 -0.0574 0.0935 0.9940 -0.8522 -0.5232 0.0000 -0.8522 -0.5232 0.0000 -0.8522 -0.5232 0.0000 -0.8522 -0.5232 -0.0000 -0.8522 -0.5232 -0.0000 -0.8522 -0.5232 -0.0000 -0.0616 0.0952 0.9936 -0.0616 0.0952 0.9936 -0.0616 0.0952 0.9936 -0.0616 0.0952 0.9936 -0.0616 0.0952 0.9936 -0.0616 0.0952 0.9936 -0.8396 -0.5432 0.0000 -0.8396 -0.5432 0.0000 -0.8396 -0.5432 0.0000 -0.8396 -0.5432 -0.0000 -0.8396 -0.5432 -0.0000 -0.8396 -0.5432 -0.0000 -0.0655 0.0972 0.9931 -0.0655 0.0972 0.9931 -0.0655 0.0972 0.9931 -0.0655 0.0972 0.9931 -0.0655 0.0972 0.9931 -0.0655 0.0972 0.9931 -0.8293 -0.5588 0.0000 -0.8293 -0.5588 0.0000 -0.8293 -0.5588 0.0000 -0.8293 -0.5588 -0.0000 -0.8293 -0.5588 -0.0000 -0.8293 -0.5588 -0.0000 -0.0692 0.0995 0.9926 -0.0692 0.0995 0.9926 -0.0692 0.0995 0.9926 -0.0692 0.0995 0.9926 -0.0692 0.0995 0.9926 -0.0692 0.0995 0.9926 -0.8209 -0.5710 0.0000 -0.8209 -0.5710 0.0000 -0.8209 -0.5710 0.0000 -0.8209 -0.5710 -0.0000 -0.8209 -0.5710 -0.0000 -0.8209 -0.5710 -0.0000 -0.0728 0.1020 0.9921 -0.0728 0.1020 0.9921 -0.0728 0.1020 0.9921 -0.0728 0.1020 0.9921 -0.0728 0.1020 0.9921 -0.0728 0.1020 0.9921 -0.8140 -0.5808 0.0000 -0.8140 -0.5808 0.0000 -0.8140 -0.5808 0.0000 -0.8140 -0.5808 -0.0000 -0.8140 -0.5808 -0.0000 -0.8140 -0.5808 -0.0000 -0.0762 0.1046 0.9916 -0.0762 0.1046 0.9916 -0.0762 0.1046 0.9916 -0.0762 0.1046 0.9916 -0.0762 0.1046 0.9916 -0.0762 0.1046 0.9916 -0.8085 -0.5885 0.0000 -0.8085 -0.5885 0.0000 -0.8085 -0.5885 0.0000 -0.8085 -0.5885 -0.0000 -0.8085 -0.5885 -0.0000 -0.8085 -0.5885 -0.0000 -0.0793 0.1073 0.9911 -0.0793 0.1073 0.9911 -0.0793 0.1073 0.9911 -0.0793 0.1073 0.9911 -0.0793 0.1073 0.9911 -0.0793 0.1073 0.9911 -0.8041 -0.5945 0.0000 -0.8041 -0.5945 0.0000 -0.8041 -0.5945 0.0000 -0.8041 -0.5945 -0.0000 -0.8041 -0.5945 -0.0000 -0.8041 -0.5945 -0.0000 -0.0823 0.1101 0.9905 -0.0823 0.1101 0.9905 -0.0823 0.1101 0.9905 -0.0823 0.1101 0.9905 -0.0823 0.1101 0.9905 -0.0823 0.1101 0.9905 -0.8007 -0.5990 0.0000 -0.8007 -0.5990 0.0000 -0.8007 -0.5990 0.0000 -0.8007 -0.5990 -0.0000 -0.8007 -0.5990 -0.0000 -0.8007 -0.5990 -0.0000 -0.0851 0.1128 0.9900 -0.0851 0.1128 0.9900 -0.0851 0.1128 0.9900 -0.0851 0.1128 0.9900 -0.0851 0.1128 0.9900 -0.0851 0.1128 0.9900 -0.7984 -0.6021 0.0000 -0.7984 -0.6021 0.0000 -0.7984 -0.6021 0.0000 -0.7984 -0.6021 -0.0000 -0.7984 -0.6021 -0.0000 -0.7984 -0.6021 -0.0000 -0.0875 0.1156 0.9894 -0.0875 0.1156 0.9894 -0.0875 0.1156 0.9894 -0.0875 0.1156 0.9894 -0.0875 0.1156 0.9894 -0.0875 0.1156 0.9894 -0.7972 -0.6037 0.0000 -0.7972 -0.6037 0.0000 -0.7972 -0.6037 0.0000 -0.7972 -0.6037 -0.0000 -0.7972 -0.6037 -0.0000 -0.7972 -0.6037 -0.0000 -0.0896 0.1184 0.9889 -0.0896 0.1184 0.9889 -0.0896 0.1184 0.9889 -0.0896 0.1184 0.9889 -0.0896 0.1184 0.9889 -0.0896 0.1184 0.9889 -0.7973 -0.6036 0.0000 -0.7973 -0.6036 0.0000 -0.7973 -0.6036 0.0000 -0.7973 -0.6036 -0.0000 -0.7973 -0.6036 -0.0000 -0.7973 -0.6036 -0.0000 -0.0912 0.1211 0.9884 -0.0912 0.1211 0.9884 -0.0912 0.1211 0.9884 -0.0912 0.1211 0.9884 -0.0912 0.1211 0.9884 -0.0912 0.1211 0.9884 -0.7988 -0.6016 0.0000 -0.7988 -0.6016 0.0000 -0.7988 -0.6016 0.0000 -0.7988 -0.6016 -0.0000 -0.7988 -0.6016 -0.0000 -0.7988 -0.6016 -0.0000 -0.0922 0.1240 0.9880 -0.0922 0.1240 0.9880 -0.0922 0.1240 0.9880 -0.0922 0.1240 0.9880 -0.0922 0.1240 0.9880 -0.0922 0.1240 0.9880 -0.8025 -0.5967 0.0000 -0.8025 -0.5967 0.0000 -0.8025 -0.5967 0.0000 -0.8025 -0.5967 -0.0000 -0.8025 -0.5967 -0.0000 -0.8025 -0.5967 -0.0000 -0.0922 0.1270 0.9876 -0.0922 0.1270 0.9876 -0.0922 0.1270 0.9876 -0.0922 0.1270 0.9876 -0.0922 0.1270 0.9876 -0.0922 0.1270 0.9876 -0.8093 -0.5875 0.0000 -0.8093 -0.5875 0.0000 -0.8093 -0.5875 0.0000 -0.8093 -0.5875 -0.0000 -0.8093 -0.5875 -0.0000 -0.8093 -0.5875 -0.0000 -0.0908 0.1308 0.9872 -0.0908 0.1308 0.9872 -0.0908 0.1308 0.9872 -0.0908 0.1308 0.9872 -0.0908 0.1308 0.9872 -0.0908 0.1308 0.9872 -0.8214 -0.5703 0.0000 -0.8214 -0.5703 0.0000 -0.8214 -0.5703 0.0000 -0.8214 -0.5703 -0.0000 -0.8214 -0.5703 -0.0000 -0.8214 -0.5703 -0.0000 -0.1288 -0.0812 0.9883 -0.1288 -0.0812 0.9883 -0.1288 -0.0812 0.9883 -0.1288 -0.0812 0.9883 -0.1288 -0.0812 0.9883 -0.1288 -0.0812 0.9883 -0.5330 0.8461 0.0000 -0.5330 0.8461 0.0000 -0.5330 0.8461 0.0000 -0.5330 0.8461 0.0000 -0.5330 0.8461 0.0000 -0.5330 0.8461 0.0000 -0.1285 -0.0781 0.9886 -0.1285 -0.0781 0.9886 -0.1285 -0.0781 0.9886 -0.1285 -0.0781 0.9886 -0.1285 -0.0781 0.9886 -0.1285 -0.0781 0.9886 -0.5193 0.8546 0.0000 -0.5193 0.8546 0.0000 -0.5193 0.8546 0.0000 -0.5193 0.8546 0.0000 -0.5193 0.8546 0.0000 -0.5193 0.8546 0.0000 -0.1274 -0.0755 0.9890 -0.1274 -0.0755 0.9890 -0.1274 -0.0755 0.9890 -0.1274 -0.0755 0.9890 -0.1274 -0.0755 0.9890 -0.1274 -0.0755 0.9890 -0.5098 0.8603 0.0000 -0.5098 0.8603 0.0000 -0.5098 0.8603 0.0000 -0.5098 0.8603 0.0000 -0.5098 0.8603 0.0000 -0.5098 0.8603 0.0000 -0.1258 -0.0733 0.9893 -0.1258 -0.0733 0.9893 -0.1258 -0.0733 0.9893 -0.1258 -0.0733 0.9893 -0.1258 -0.0733 0.9893 -0.1258 -0.0733 0.9893 -0.5033 0.8641 0.0000 -0.5033 0.8641 0.0000 -0.5033 0.8641 0.0000 -0.5033 0.8641 0.0000 -0.5033 0.8641 0.0000 -0.5033 0.8641 0.0000 -0.1239 -0.0713 0.9897 -0.1239 -0.0713 0.9897 -0.1239 -0.0713 0.9897 -0.1239 -0.0713 0.9897 -0.1239 -0.0713 0.9897 -0.1239 -0.0713 0.9897 -0.4989 0.8667 0.0000 -0.4989 0.8667 0.0000 -0.4989 0.8667 0.0000 -0.4989 0.8667 0.0000 -0.4989 0.8667 0.0000 -0.4989 0.8667 0.0000 -0.1216 -0.0695 0.9901 -0.1216 -0.0695 0.9901 -0.1216 -0.0695 0.9901 -0.1216 -0.0695 0.9901 -0.1216 -0.0695 0.9901 -0.1216 -0.0695 0.9901 -0.4960 0.8683 0.0000 -0.4960 0.8683 0.0000 -0.4960 0.8683 0.0000 -0.4960 0.8683 0.0000 -0.4960 0.8683 0.0000 -0.4960 0.8683 0.0000 -0.1191 -0.0677 0.9906 -0.1191 -0.0677 0.9906 -0.1191 -0.0677 0.9906 -0.1191 -0.0677 0.9906 -0.1191 -0.0677 0.9906 -0.1191 -0.0677 0.9906 -0.4944 0.8692 0.0000 -0.4944 0.8692 0.0000 -0.4944 0.8692 0.0000 -0.4944 0.8692 0.0000 -0.4944 0.8692 0.0000 -0.4944 0.8692 0.0000 -0.1163 -0.0660 0.9910 -0.1163 -0.0660 0.9910 -0.1163 -0.0660 0.9910 -0.1163 -0.0660 0.9910 -0.1163 -0.0660 0.9910 -0.1163 -0.0660 0.9910 -0.4938 0.8696 0.0000 -0.4938 0.8696 0.0000 -0.4938 0.8696 0.0000 -0.4938 0.8696 0.0000 -0.4938 0.8696 0.0000 -0.4938 0.8696 0.0000 -0.1133 -0.0644 0.9915 -0.1133 -0.0644 0.9915 -0.1133 -0.0644 0.9915 -0.1133 -0.0644 0.9915 -0.1133 -0.0644 0.9915 -0.1133 -0.0644 0.9915 -0.4941 0.8694 0.0000 -0.4941 0.8694 0.0000 -0.4941 0.8694 0.0000 -0.4941 0.8694 0.0000 -0.4941 0.8694 0.0000 -0.4941 0.8694 0.0000 -0.1101 -0.0628 0.9919 -0.1101 -0.0628 0.9919 -0.1101 -0.0628 0.9919 -0.1101 -0.0628 0.9919 -0.1101 -0.0628 0.9919 -0.1101 -0.0628 0.9919 -0.4952 0.8688 0.0000 -0.4952 0.8688 0.0000 -0.4952 0.8688 0.0000 -0.4952 0.8688 0.0000 -0.4952 0.8688 0.0000 -0.4952 0.8688 0.0000 -0.1068 -0.0612 0.9924 -0.1068 -0.0612 0.9924 -0.1068 -0.0612 0.9924 -0.1068 -0.0612 0.9924 -0.1068 -0.0612 0.9924 -0.1068 -0.0612 0.9924 -0.4969 0.8678 0.0000 -0.4969 0.8678 0.0000 -0.4969 0.8678 0.0000 -0.4969 0.8678 0.0000 -0.4969 0.8678 0.0000 -0.4969 0.8678 0.0000 -0.1033 -0.0596 0.9929 -0.1033 -0.0596 0.9929 -0.1033 -0.0596 0.9929 -0.1033 -0.0596 0.9929 -0.1033 -0.0596 0.9929 -0.1033 -0.0596 0.9929 -0.4993 0.8664 0.0000 -0.4993 0.8664 0.0000 -0.4993 0.8664 0.0000 -0.4993 0.8664 0.0000 -0.4993 0.8664 0.0000 -0.4993 0.8664 0.0000 -0.0998 -0.0580 0.9933 -0.0998 -0.0580 0.9933 -0.0998 -0.0580 0.9933 -0.0998 -0.0580 0.9933 -0.0998 -0.0580 0.9933 -0.0998 -0.0580 0.9933 -0.5024 0.8646 0.0000 -0.5024 0.8646 0.0000 -0.5024 0.8646 0.0000 -0.5024 0.8646 0.0000 -0.5024 0.8646 0.0000 -0.5024 0.8646 0.0000 -0.0961 -0.0564 0.9938 -0.0961 -0.0564 0.9938 -0.0961 -0.0564 0.9938 -0.0961 -0.0564 0.9938 -0.0961 -0.0564 0.9938 -0.0961 -0.0564 0.9938 -0.5061 0.8625 0.0000 -0.5061 0.8625 0.0000 -0.5061 0.8625 0.0000 -0.5061 0.8625 0.0000 -0.5061 0.8625 0.0000 -0.5061 0.8625 0.0000 -0.0924 -0.0548 0.9942 -0.0924 -0.0548 0.9942 -0.0924 -0.0548 0.9942 -0.0924 -0.0548 0.9942 -0.0924 -0.0548 0.9942 -0.0924 -0.0548 0.9942 -0.5105 0.8599 0.0000 -0.5105 0.8599 0.0000 -0.5105 0.8599 0.0000 -0.5105 0.8599 0.0000 -0.5105 0.8599 0.0000 -0.5105 0.8599 0.0000 -0.0886 -0.0533 0.9946 -0.0886 -0.0533 0.9946 -0.0886 -0.0533 0.9946 -0.0886 -0.0533 0.9946 -0.0886 -0.0533 0.9946 -0.0886 -0.0533 0.9946 -0.5155 0.8569 0.0000 -0.5155 0.8569 0.0000 -0.5155 0.8569 0.0000 -0.5155 0.8569 0.0000 -0.5155 0.8569 0.0000 -0.5155 0.8569 0.0000 -0.0847 -0.0518 0.9951 -0.0847 -0.0518 0.9951 -0.0847 -0.0518 0.9951 -0.0847 -0.0518 0.9951 -0.0847 -0.0518 0.9951 -0.0847 -0.0518 0.9951 -0.5213 0.8534 0.0000 -0.5213 0.8534 0.0000 -0.5213 0.8534 0.0000 -0.5213 0.8534 0.0000 -0.5213 0.8534 0.0000 -0.5213 0.8534 0.0000 -0.0809 -0.0502 0.9955 -0.0809 -0.0502 0.9955 -0.0809 -0.0502 0.9955 -0.0809 -0.0502 0.9955 -0.0809 -0.0502 0.9955 -0.0809 -0.0502 0.9955 -0.5278 0.8493 0.0000 -0.5278 0.8493 0.0000 -0.5278 0.8493 0.0000 -0.5278 0.8493 0.0000 -0.5278 0.8493 0.0000 -0.5278 0.8493 0.0000 -0.0770 -0.0488 0.9958 -0.0770 -0.0488 0.9958 -0.0770 -0.0488 0.9958 -0.0770 -0.0488 0.9958 -0.0770 -0.0488 0.9958 -0.0770 -0.0488 0.9958 -0.5352 0.8447 0.0000 -0.5352 0.8447 0.0000 -0.5352 0.8447 0.0000 -0.5352 0.8447 0.0000 -0.5352 0.8447 0.0000 -0.5352 0.8447 0.0000 -0.0731 -0.0473 0.9962 -0.0731 -0.0473 0.9962 -0.0731 -0.0473 0.9962 -0.0731 -0.0473 0.9962 -0.0731 -0.0473 0.9962 -0.0731 -0.0473 0.9962 -0.5436 0.8394 0.0000 -0.5436 0.8394 0.0000 -0.5436 0.8394 0.0000 -0.5436 0.8394 0.0000 -0.5436 0.8394 0.0000 -0.5436 0.8394 0.0000 -0.0692 -0.0459 0.9965 -0.0692 -0.0459 0.9965 -0.0692 -0.0459 0.9965 -0.0692 -0.0459 0.9965 -0.0692 -0.0459 0.9965 -0.0692 -0.0459 0.9965 -0.5530 0.8332 0.0000 -0.5530 0.8332 0.0000 -0.5530 0.8332 0.0000 -0.5530 0.8332 0.0000 -0.5530 0.8332 0.0000 -0.5530 0.8332 0.0000 -0.0654 -0.0446 0.9969 -0.0654 -0.0446 0.9969 -0.0654 -0.0446 0.9969 -0.0654 -0.0446 0.9969 -0.0654 -0.0446 0.9969 -0.0654 -0.0446 0.9969 -0.5636 0.8261 0.0000 -0.5636 0.8261 0.0000 -0.5636 0.8261 0.0000 -0.5636 0.8261 0.0000 -0.5636 0.8261 0.0000 -0.5636 0.8261 0.0000 -0.0615 -0.0433 0.9972 -0.0615 -0.0433 0.9972 -0.0615 -0.0433 0.9972 -0.0615 -0.0433 0.9972 -0.0615 -0.0433 0.9972 -0.0615 -0.0433 0.9972 -0.5756 0.8177 0.0000 -0.5756 0.8177 0.0000 -0.5756 0.8177 0.0000 -0.5756 0.8177 0.0000 -0.5756 0.8177 0.0000 -0.5756 0.8177 0.0000 -0.0578 -0.0421 0.9974 -0.0578 -0.0421 0.9974 -0.0578 -0.0421 0.9974 -0.0578 -0.0421 0.9974 -0.0578 -0.0421 0.9974 -0.0578 -0.0421 0.9974 -0.5892 0.8080 0.0000 -0.5892 0.8080 0.0000 -0.5892 0.8080 0.0000 -0.5892 0.8080 0.0000 -0.5892 0.8080 0.0000 -0.5892 0.8080 0.0000 -0.0540 -0.0410 0.9977 -0.0540 -0.0410 0.9977 -0.0540 -0.0410 0.9977 -0.0540 -0.0410 0.9977 -0.0540 -0.0410 0.9977 -0.0540 -0.0410 0.9977 -0.6046 0.7965 0.0000 -0.6046 0.7965 0.0000 -0.6046 0.7965 0.0000 -0.6046 0.7965 0.0000 -0.6046 0.7965 0.0000 -0.6046 0.7965 0.0000 -0.0503 -0.0400 0.9979 -0.0503 -0.0400 0.9979 -0.0503 -0.0400 0.9979 -0.0503 -0.0400 0.9979 -0.0503 -0.0400 0.9979 -0.0503 -0.0400 0.9979 -0.6222 0.7828 0.0000 -0.6222 0.7828 0.0000 -0.6222 0.7828 0.0000 -0.6222 0.7828 0.0000 -0.6222 0.7828 0.0000 -0.6222 0.7828 0.0000 -0.0467 -0.0391 0.9981 -0.0467 -0.0391 0.9981 -0.0467 -0.0391 0.9981 -0.0467 -0.0391 0.9981 -0.0467 -0.0391 0.9981 -0.0467 -0.0391 0.9981 -0.6425 0.7663 0.0000 -0.6425 0.7663 0.0000 -0.6425 0.7663 0.0000 -0.6425 0.7663 0.0000 -0.6425 0.7663 0.0000 -0.6425 0.7663 0.0000 -0.0430 -0.0384 0.9983 -0.0430 -0.0384 0.9983 -0.0430 -0.0384 0.9983 -0.0430 -0.0384 0.9983 -0.0430 -0.0384 0.9983 -0.0430 -0.0384 0.9983 -0.6657 0.7462 0.0000 -0.6657 0.7462 0.0000 -0.6657 0.7462 0.0000 -0.6657 0.7462 0.0000 -0.6657 0.7462 0.0000 -0.6657 0.7462 0.0000 -0.0394 -0.0378 0.9985 -0.0394 -0.0378 0.9985 -0.0394 -0.0378 0.9985 -0.0394 -0.0378 0.9985 -0.0394 -0.0378 0.9985 -0.0394 -0.0378 0.9985 -0.6927 0.7213 0.0000 -0.6927 0.7213 0.0000 -0.6927 0.7213 0.0000 -0.6927 0.7213 0.0000 -0.6927 0.7213 0.0000 -0.6927 0.7213 0.0000 -0.0350 -0.0372 0.9987 -0.0350 -0.0372 0.9987 -0.0350 -0.0372 0.9987 -0.0350 -0.0372 0.9987 -0.0350 -0.0372 0.9987 -0.0350 -0.0372 0.9987 -0.7285 0.6850 0.0000 -0.7285 0.6850 0.0000 -0.7285 0.6850 0.0000 -0.7285 0.6850 0.0000 -0.7285 0.6850 0.0000 -0.7285 0.6850 0.0000 -0.0301 -0.0360 0.9989 -0.0301 -0.0360 0.9989 -0.0301 -0.0360 0.9989 -0.0301 -0.0360 0.9989 -0.0301 -0.0360 0.9989 -0.0301 -0.0360 0.9989 -0.7672 0.6414 0.0000 -0.7672 0.6414 0.0000 -0.7672 0.6414 0.0000 -0.7672 0.6414 0.0000 -0.7672 0.6414 0.0000 -0.7672 0.6414 0.0000 -0.0257 -0.0344 0.9991 -0.0257 -0.0344 0.9991 -0.0257 -0.0344 0.9991 -0.0257 -0.0344 0.9991 -0.0257 -0.0344 0.9991 -0.0257 -0.0344 0.9991 -0.8012 0.5984 0.0000 -0.8012 0.5984 0.0000 -0.8012 0.5984 0.0000 -0.8012 0.5984 0.0000 -0.8012 0.5984 0.0000 -0.8012 0.5984 0.0000 -0.0217 -0.0324 0.9992 -0.0217 -0.0324 0.9992 -0.0217 -0.0324 0.9992 -0.0217 -0.0324 0.9992 -0.0217 -0.0324 0.9992 -0.0217 -0.0324 0.9992 -0.8305 0.5570 0.0000 -0.8305 0.5570 0.0000 -0.8305 0.5570 0.0000 -0.8305 0.5570 0.0000 -0.8305 0.5570 0.0000 -0.8305 0.5570 0.0000 -0.0182 -0.0300 0.9994 -0.0182 -0.0300 0.9994 -0.0182 -0.0300 0.9994 -0.0182 -0.0300 0.9994 -0.0182 -0.0300 0.9994 -0.0182 -0.0300 0.9994 -0.8554 0.5180 0.0000 -0.8554 0.5180 0.0000 -0.8554 0.5180 0.0000 -0.8554 0.5180 0.0000 -0.8554 0.5180 0.0000 -0.8554 0.5180 0.0000 -0.0150 -0.0273 0.9995 -0.0150 -0.0273 0.9995 -0.0150 -0.0273 0.9995 -0.0150 -0.0273 0.9995 -0.0150 -0.0273 0.9995 -0.0150 -0.0273 0.9995 -0.8762 0.4820 0.0000 -0.8762 0.4820 0.0000 -0.8762 0.4820 0.0000 -0.8762 0.4820 0.0000 -0.8762 0.4820 0.0000 -0.8762 0.4820 0.0000 -0.0123 -0.0244 0.9996 -0.0123 -0.0244 0.9996 -0.0123 -0.0244 0.9996 -0.0123 -0.0244 0.9996 -0.0123 -0.0244 0.9996 -0.0123 -0.0244 0.9996 -0.8932 0.4496 0.0000 -0.8932 0.4496 0.0000 -0.8932 0.4496 0.0000 -0.8932 0.4496 0.0000 -0.8932 0.4496 0.0000 -0.8932 0.4496 0.0000 -0.0099 -0.0214 0.9997 -0.0099 -0.0214 0.9997 -0.0099 -0.0214 0.9997 -0.0099 -0.0214 0.9997 -0.0099 -0.0214 0.9997 -0.0099 -0.0214 0.9997 -0.9069 0.4213 0.0000 -0.9069 0.4213 0.0000 -0.9069 0.4213 0.0000 -0.9069 0.4213 0.0000 -0.9069 0.4213 0.0000 -0.9069 0.4213 0.0000 -0.0079 -0.0182 0.9998 -0.0079 -0.0182 0.9998 -0.0079 -0.0182 0.9998 -0.0079 -0.0182 0.9998 -0.0079 -0.0182 0.9998 -0.0079 -0.0182 0.9998 -0.9177 0.3974 0.0000 -0.9177 0.3974 0.0000 -0.9177 0.3974 0.0000 -0.9177 0.3974 0.0000 -0.9177 0.3974 0.0000 -0.9177 0.3974 0.0000 -0.0061 -0.0149 0.9999 -0.0061 -0.0149 0.9999 -0.0061 -0.0149 0.9999 -0.0061 -0.0149 0.9999 -0.0061 -0.0149 0.9999 -0.0061 -0.0149 0.9999 -0.9258 0.3781 0.0000 -0.9258 0.3781 0.0000 -0.9258 0.3781 0.0000 -0.9258 0.3781 0.0000 -0.9258 0.3781 0.0000 -0.9258 0.3781 0.0000 -0.0045 -0.0116 0.9999 -0.0045 -0.0116 0.9999 -0.0045 -0.0116 0.9999 -0.0045 -0.0116 0.9999 -0.0045 -0.0116 0.9999 -0.0045 -0.0116 0.9999 -0.9315 0.3637 0.0000 -0.9315 0.3637 0.0000 -0.9315 0.3637 0.0000 -0.9315 0.3637 0.0000 -0.9315 0.3637 0.0000 -0.9315 0.3637 0.0000 -0.0031 -0.0082 1.0000 -0.0031 -0.0082 1.0000 -0.0031 -0.0082 1.0000 -0.0031 -0.0082 1.0000 -0.0031 -0.0082 1.0000 -0.0031 -0.0082 1.0000 -0.9351 0.3545 0.0000 -0.9351 0.3545 0.0000 -0.9351 0.3545 0.0000 -0.9351 0.3545 0.0000 -0.9351 0.3545 0.0000 -0.9351 0.3545 0.0000 -0.0018 -0.0049 1.0000 -0.0018 -0.0049 1.0000 -0.0018 -0.0049 1.0000 -0.0018 -0.0049 1.0000 -0.0018 -0.0049 1.0000 -0.0018 -0.0049 1.0000 -0.9365 0.3507 0.0000 -0.9365 0.3507 0.0000 -0.9365 0.3507 0.0000 -0.9365 0.3507 0.0000 -0.9365 0.3507 0.0000 -0.9365 0.3507 0.0000 -0.0006 -0.0017 1.0000 -0.0006 -0.0017 1.0000 -0.0006 -0.0017 1.0000 -0.0006 -0.0017 1.0000 -0.0006 -0.0017 1.0000 -0.0006 -0.0017 1.0000 -0.9358 0.3526 0.0000 -0.9358 0.3526 0.0000 -0.9358 0.3526 0.0000 -0.9358 0.3526 0.0000 -0.9358 0.3526 0.0000 -0.9358 0.3526 0.0000 0.0006 0.0015 1.0000 0.0006 0.0015 1.0000 0.0006 0.0015 1.0000 0.0006 0.0015 1.0000 0.0006 0.0015 1.0000 0.0006 0.0015 1.0000 -0.9327 0.3606 0.0000 -0.9327 0.3606 0.0000 -0.9327 0.3606 0.0000 -0.9327 0.3606 0.0000 -0.9327 0.3606 0.0000 -0.9327 0.3606 0.0000 0.0019 0.0046 1.0000 0.0019 0.0046 1.0000 0.0019 0.0046 1.0000 0.0019 0.0046 1.0000 0.0019 0.0046 1.0000 0.0019 0.0046 1.0000 -0.9271 0.3749 0.0000 -0.9271 0.3749 0.0000 -0.9271 0.3749 0.0000 -0.9271 0.3749 0.0000 -0.9271 0.3749 0.0000 -0.9271 0.3749 0.0000 0.0033 0.0076 1.0000 0.0033 0.0076 1.0000 0.0033 0.0076 1.0000 0.0033 0.0076 1.0000 0.0033 0.0076 1.0000 0.0033 0.0076 1.0000 -0.9182 0.3961 0.0000 -0.9182 0.3961 0.0000 -0.9182 0.3961 0.0000 -0.9182 0.3961 0.0000 -0.9182 0.3961 0.0000 -0.9182 0.3961 0.0000 0.0049 0.0104 0.9999 0.0049 0.0104 0.9999 0.0049 0.0104 0.9999 0.0049 0.0104 0.9999 0.0049 0.0104 0.9999 0.0049 0.0104 0.9999 -0.9054 0.4245 0.0000 -0.9054 0.4245 0.0000 -0.9054 0.4245 0.0000 -0.9054 0.4245 0.0000 -0.9054 0.4245 0.0000 -0.9054 0.4245 0.0000 0.0067 0.0129 0.9999 0.0067 0.0129 0.9999 0.0067 0.0129 0.9999 0.0067 0.0129 0.9999 0.0067 0.0129 0.9999 0.0067 0.0129 0.9999 -0.8876 0.4605 0.0000 -0.8876 0.4605 0.0000 -0.8876 0.4605 0.0000 -0.8876 0.4605 0.0000 -0.8876 0.4605 0.0000 -0.8876 0.4605 0.0000 0.0089 0.0152 0.9998 0.0089 0.0152 0.9998 0.0089 0.0152 0.9998 0.0089 0.0152 0.9998 0.0089 0.0152 0.9998 0.0089 0.0152 0.9998 -0.8635 0.5043 0.0000 -0.8635 0.5043 0.0000 -0.8635 0.5043 0.0000 -0.8635 0.5043 0.0000 -0.8635 0.5043 0.0000 -0.8635 0.5043 0.0000 0.0116 0.0178 0.9998 0.0116 0.0178 0.9998 0.0116 0.0178 0.9998 0.0116 0.0178 0.9998 0.0116 0.0178 0.9998 0.0116 0.0178 0.9998 -0.8378 0.5460 0.0000 -0.8378 0.5460 0.0000 -0.8378 0.5460 0.0000 -0.8378 0.5460 0.0000 -0.8378 0.5460 0.0000 -0.8378 0.5460 0.0000 0.0148 0.0208 0.9997 0.0148 0.0208 0.9997 0.0148 0.0208 0.9997 0.0148 0.0208 0.9997 0.0148 0.0208 0.9997 0.0148 0.0208 0.9997 -0.8157 0.5784 0.0000 -0.8157 0.5784 0.0000 -0.8157 0.5784 0.0000 -0.8157 0.5784 0.0000 -0.8157 0.5784 0.0000 -0.8157 0.5784 0.0000 0.0180 0.0236 0.9996 0.0180 0.0236 0.9996 0.0180 0.0236 0.9996 0.0180 0.0236 0.9996 0.0180 0.0236 0.9996 0.0180 0.0236 0.9996 -0.7947 0.6069 0.0000 -0.7947 0.6069 0.0000 -0.7947 0.6069 0.0000 -0.7947 0.6069 0.0000 -0.7947 0.6069 0.0000 -0.7947 0.6069 0.0000 0.0212 0.0261 0.9994 0.0212 0.0261 0.9994 0.0212 0.0261 0.9994 0.0212 0.0261 0.9994 0.0212 0.0261 0.9994 0.0212 0.0261 0.9994 -0.7757 0.6311 0.0000 -0.7757 0.6311 0.0000 -0.7757 0.6311 0.0000 -0.7757 0.6311 0.0000 -0.7757 0.6311 0.0000 -0.7757 0.6311 0.0000 0.0243 0.0284 0.9993 0.0243 0.0284 0.9993 0.0243 0.0284 0.9993 0.0243 0.0284 0.9993 0.0243 0.0284 0.9993 0.0243 0.0284 0.9993 -0.7596 0.6504 0.0000 -0.7596 0.6504 0.0000 -0.7596 0.6504 0.0000 -0.7596 0.6504 0.0000 -0.7596 0.6504 0.0000 -0.7596 0.6504 0.0000 0.0273 0.0307 0.9992 0.0273 0.0307 0.9992 0.0273 0.0307 0.9992 0.0273 0.0307 0.9992 0.0273 0.0307 0.9992 0.0273 0.0307 0.9992 -0.7473 0.6645 0.0000 -0.7473 0.6645 0.0000 -0.7473 0.6645 0.0000 -0.7473 0.6645 0.0000 -0.7473 0.6645 0.0000 -0.7473 0.6645 0.0000 0.0300 0.0330 0.9990 0.0300 0.0330 0.9990 0.0300 0.0330 0.9990 0.0300 0.0330 0.9990 0.0300 0.0330 0.9990 0.0300 0.0330 0.9990 -0.7397 0.6730 0.0000 -0.7397 0.6730 0.0000 -0.7397 0.6730 0.0000 -0.7397 0.6730 0.0000 -0.7397 0.6730 0.0000 -0.7397 0.6730 0.0000 0.0324 0.0354 0.9988 0.0324 0.0354 0.9988 0.0324 0.0354 0.9988 0.0324 0.0354 0.9988 0.0324 0.0354 0.9988 0.0324 0.0354 0.9988 -0.7376 0.6752 0.0000 -0.7376 0.6752 0.0000 -0.7376 0.6752 0.0000 -0.7376 0.6752 0.0000 -0.7376 0.6752 0.0000 -0.7376 0.6752 0.0000 0.0344 0.0381 0.9987 0.0344 0.0381 0.9987 0.0344 0.0381 0.9987 0.0344 0.0381 0.9987 0.0344 0.0381 0.9987 0.0344 0.0381 0.9987 -0.7418 0.6706 0.0000 -0.7418 0.6706 0.0000 -0.7418 0.6706 0.0000 -0.7418 0.6706 0.0000 -0.7418 0.6706 0.0000 -0.7418 0.6706 0.0000 0.0359 0.0410 0.9985 0.0359 0.0410 0.9985 0.0359 0.0410 0.9985 0.0359 0.0410 0.9985 0.0359 0.0410 0.9985 0.0359 0.0410 0.9985 -0.7526 0.6584 0.0000 -0.7526 0.6584 0.0000 -0.7526 0.6584 0.0000 -0.7526 0.6584 0.0000 -0.7526 0.6584 0.0000 -0.7526 0.6584 0.0000 0.0367 0.0443 0.9983 0.0367 0.0443 0.9983 0.0367 0.0443 0.9983 0.0367 0.0443 0.9983 0.0367 0.0443 0.9983 0.0367 0.0443 0.9983 -0.7704 0.6376 0.0000 -0.7704 0.6376 0.0000 -0.7704 0.6376 0.0000 -0.7704 0.6376 0.0000 -0.7704 0.6376 0.0000 -0.7704 0.6376 0.0000 0.0368 0.0481 0.9982 0.0368 0.0481 0.9982 0.0368 0.0481 0.9982 0.0368 0.0481 0.9982 0.0368 0.0481 0.9982 0.0368 0.0481 0.9982 -0.7947 0.6070 0.0000 -0.7947 0.6070 0.0000 -0.7947 0.6070 0.0000 -0.7947 0.6070 0.0000 -0.7947 0.6070 0.0000 -0.7947 0.6070 0.0000 0.0359 0.0524 0.9980 0.0359 0.0524 0.9980 0.0359 0.0524 0.9980 0.0359 0.0524 0.9980 0.0359 0.0524 0.9980 0.0359 0.0524 0.9980 -0.8248 0.5655 0.0000 -0.8248 0.5655 0.0000 -0.8248 0.5655 0.0000 -0.8248 0.5655 0.0000 -0.8248 0.5655 0.0000 -0.8248 0.5655 0.0000 0.0392 0.0545 0.9977 0.0392 0.0545 0.9977 0.0392 0.0545 0.9977 0.0392 0.0545 0.9977 0.0392 0.0545 0.9977 0.0392 0.0545 0.9977 -0.8118 0.5840 0.0000 -0.8118 0.5840 0.0000 -0.8118 0.5840 0.0000 -0.8118 0.5840 0.0000 -0.8118 0.5840 0.0000 -0.8118 0.5840 0.0000 0.0460 0.0547 0.9974 0.0460 0.0547 0.9974 0.0460 0.0547 0.9974 0.0460 0.0547 0.9974 0.0460 0.0547 0.9974 0.0460 0.0547 0.9974 -0.7654 0.6436 0.0000 -0.7654 0.6436 0.0000 -0.7654 0.6436 0.0000 -0.7654 0.6436 0.0000 -0.7654 0.6436 0.0000 -0.7654 0.6436 0.0000 0.0495 0.0569 0.9972 0.0495 0.0569 0.9972 0.0495 0.0569 0.9972 0.0495 0.0569 0.9972 0.0495 0.0569 0.9972 0.0495 0.0569 0.9972 -0.7545 0.6563 0.0000 -0.7545 0.6563 0.0000 -0.7545 0.6563 0.0000 -0.7545 0.6563 0.0000 -0.7545 0.6563 0.0000 -0.7545 0.6563 0.0000 0.0483 0.0625 0.9969 0.0483 0.0625 0.9969 0.0483 0.0625 0.9969 0.0483 0.0625 0.9969 0.0483 0.0625 0.9969 0.0483 0.0625 0.9969 -0.7910 0.6118 0.0000 -0.7910 0.6118 0.0000 -0.7910 0.6118 0.0000 -0.7910 0.6118 0.0000 -0.7910 0.6118 0.0000 -0.7910 0.6118 0.0000 0.0405 0.0718 0.9966 0.0405 0.0718 0.9966 0.0405 0.0718 0.9966 0.0405 0.0718 0.9966 0.0405 0.0718 0.9966 0.0405 0.0718 0.9966 -0.8711 0.4912 0.0000 -0.8711 0.4912 0.0000 -0.8711 0.4912 0.0000 -0.8711 0.4912 0.0000 -0.8711 0.4912 0.0000 -0.8711 0.4912 0.0000 0.0243 0.0824 0.9963 0.0243 0.0824 0.9963 0.0243 0.0824 0.9963 0.0243 0.0824 0.9963 0.0243 0.0824 0.9963 0.0243 0.0824 0.9963 -0.9590 0.2834 0.0000 -0.9590 0.2834 0.0000 -0.9590 0.2834 0.0000 -0.9590 0.2834 0.0000 -0.9590 0.2834 0.0000 -0.9590 0.2834 0.0000 0.0025 0.0895 0.9960 0.0025 0.0895 0.9960 0.0025 0.0895 0.9960 0.0025 0.0895 0.9960 0.0025 0.0895 0.9960 0.0025 0.0895 0.9960 -0.9996 0.0274 0.0000 -0.9996 0.0274 0.0000 -0.9996 0.0274 0.0000 -0.9996 0.0274 0.0000 -0.9996 0.0274 0.0000 -0.9996 0.0274 0.0000 -0.0188 0.0919 0.9956 -0.0188 0.0919 0.9956 -0.0188 0.0919 0.9956 -0.0188 0.0919 0.9956 -0.0188 0.0919 0.9956 -0.0188 0.0919 0.9956 -0.9797 -0.2003 0.0000 -0.9797 -0.2003 0.0000 -0.9797 -0.2003 0.0000 -0.9797 -0.2003 -0.0000 -0.9797 -0.2003 -0.0000 -0.9797 -0.2003 -0.0000 -0.0330 0.0916 0.9953 -0.0330 0.0916 0.9953 -0.0330 0.0916 0.9953 -0.0330 0.0916 0.9953 -0.0330 0.0916 0.9953 -0.0330 0.0916 0.9953 -0.9408 -0.3389 0.0000 -0.9408 -0.3389 0.0000 -0.9408 -0.3389 0.0000 -0.9408 -0.3389 -0.0000 -0.9408 -0.3389 -0.0000 -0.9408 -0.3389 -0.0000 -0.0412 0.0910 0.9950 -0.0412 0.0910 0.9950 -0.0412 0.0910 0.9950 -0.0412 0.0910 0.9950 -0.0412 0.0910 0.9950 -0.0412 0.0910 0.9950 -0.9112 -0.4121 0.0000 -0.9112 -0.4121 0.0000 -0.9112 -0.4121 0.0000 -0.9112 -0.4121 -0.0000 -0.9112 -0.4121 -0.0000 -0.9112 -0.4121 -0.0000 -0.0475 0.0912 0.9947 -0.0475 0.0912 0.9947 -0.0475 0.0912 0.9947 -0.0475 0.0912 0.9947 -0.0475 0.0912 0.9947 -0.0475 0.0912 0.9947 -0.8871 -0.4617 0.0000 -0.8871 -0.4617 0.0000 -0.8871 -0.4617 0.0000 -0.8871 -0.4617 -0.0000 -0.8871 -0.4617 -0.0000 -0.8871 -0.4617 -0.0000 -0.0527 0.0921 0.9944 -0.0527 0.0921 0.9944 -0.0527 0.0921 0.9944 -0.0527 0.0921 0.9944 -0.0527 0.0921 0.9944 -0.0527 0.0921 0.9944 -0.8677 -0.4970 0.0000 -0.8677 -0.4970 0.0000 -0.8677 -0.4970 0.0000 -0.8677 -0.4970 -0.0000 -0.8677 -0.4970 -0.0000 -0.8677 -0.4970 -0.0000 -0.0573 0.0934 0.9940 -0.0573 0.0934 0.9940 -0.0573 0.0934 0.9940 -0.0573 0.0934 0.9940 -0.0573 0.0934 0.9940 -0.0573 0.0934 0.9940 -0.8522 -0.5232 0.0000 -0.8522 -0.5232 0.0000 -0.8522 -0.5232 0.0000 -0.8522 -0.5232 -0.0000 -0.8522 -0.5232 -0.0000 -0.8522 -0.5232 -0.0000 -0.0615 0.0951 0.9936 -0.0615 0.0951 0.9936 -0.0615 0.0951 0.9936 -0.0615 0.0951 0.9936 -0.0615 0.0951 0.9936 -0.0615 0.0951 0.9936 -0.8396 -0.5432 0.0000 -0.8396 -0.5432 0.0000 -0.8396 -0.5432 0.0000 -0.8396 -0.5432 -0.0000 -0.8396 -0.5432 -0.0000 -0.8396 -0.5432 -0.0000 -0.0655 0.0972 0.9931 -0.0655 0.0972 0.9931 -0.0655 0.0972 0.9931 -0.0655 0.0972 0.9931 -0.0655 0.0972 0.9931 -0.0655 0.0972 0.9931 -0.8293 -0.5588 0.0000 -0.8293 -0.5588 0.0000 -0.8293 -0.5588 0.0000 -0.8293 -0.5588 -0.0000 -0.8293 -0.5588 -0.0000 -0.8293 -0.5588 -0.0000 -0.0692 0.0995 0.9926 -0.0692 0.0995 0.9926 -0.0692 0.0995 0.9926 -0.0692 0.0995 0.9926 -0.0692 0.0995 0.9926 -0.0692 0.0995 0.9926 -0.8209 -0.5710 0.0000 -0.8209 -0.5710 0.0000 -0.8209 -0.5710 0.0000 -0.8209 -0.5710 -0.0000 -0.8209 -0.5710 -0.0000 -0.8209 -0.5710 -0.0000 -0.0728 0.1020 0.9921 -0.0728 0.1020 0.9921 -0.0728 0.1020 0.9921 -0.0728 0.1020 0.9921 -0.0728 0.1020 0.9921 -0.0728 0.1020 0.9921 -0.8140 -0.5808 0.0000 -0.8140 -0.5808 0.0000 -0.8140 -0.5808 0.0000 -0.8140 -0.5808 -0.0000 -0.8140 -0.5808 -0.0000 -0.8140 -0.5808 -0.0000 -0.0761 0.1046 0.9916 -0.0761 0.1046 0.9916 -0.0761 0.1046 0.9916 -0.0761 0.1046 0.9916 -0.0761 0.1046 0.9916 -0.0761 0.1046 0.9916 -0.8085 -0.5885 0.0000 -0.8085 -0.5885 0.0000 -0.8085 -0.5885 0.0000 -0.8085 -0.5885 -0.0000 -0.8085 -0.5885 -0.0000 -0.8085 -0.5885 -0.0000 -0.0793 0.1073 0.9911 -0.0793 0.1073 0.9911 -0.0793 0.1073 0.9911 -0.0793 0.1073 0.9911 -0.0793 0.1073 0.9911 -0.0793 0.1073 0.9911 -0.8041 -0.5945 0.0000 -0.8041 -0.5945 0.0000 -0.8041 -0.5945 0.0000 -0.8041 -0.5945 -0.0000 -0.8041 -0.5945 -0.0000 -0.8041 -0.5945 -0.0000 -0.0823 0.1100 0.9905 -0.0823 0.1100 0.9905 -0.0823 0.1100 0.9905 -0.0823 0.1100 0.9905 -0.0823 0.1100 0.9905 -0.0823 0.1100 0.9905 -0.8007 -0.5990 0.0000 -0.8007 -0.5990 0.0000 -0.8007 -0.5990 0.0000 -0.8007 -0.5990 -0.0000 -0.8007 -0.5990 -0.0000 -0.8007 -0.5990 -0.0000 -0.0851 0.1128 0.9900 -0.0851 0.1128 0.9900 -0.0851 0.1128 0.9900 -0.0851 0.1128 0.9900 -0.0851 0.1128 0.9900 -0.0851 0.1128 0.9900 -0.7984 -0.6021 0.0000 -0.7984 -0.6021 0.0000 -0.7984 -0.6021 0.0000 -0.7984 -0.6021 -0.0000 -0.7984 -0.6021 -0.0000 -0.7984 -0.6021 -0.0000 -0.0875 0.1156 0.9894 -0.0875 0.1156 0.9894 -0.0875 0.1156 0.9894 -0.0875 0.1156 0.9894 -0.0875 0.1156 0.9894 -0.0875 0.1156 0.9894 -0.7972 -0.6037 0.0000 -0.7972 -0.6037 0.0000 -0.7972 -0.6037 0.0000 -0.7972 -0.6037 -0.0000 -0.7972 -0.6037 -0.0000 -0.7972 -0.6037 -0.0000 -0.0896 0.1184 0.9889 -0.0896 0.1184 0.9889 -0.0896 0.1184 0.9889 -0.0896 0.1184 0.9889 -0.0896 0.1184 0.9889 -0.0896 0.1184 0.9889 -0.7973 -0.6036 0.0000 -0.7973 -0.6036 0.0000 -0.7973 -0.6036 0.0000 -0.7973 -0.6036 -0.0000 -0.7973 -0.6036 -0.0000 -0.7973 -0.6036 -0.0000 -0.0912 0.1212 0.9884 -0.0912 0.1212 0.9884 -0.0912 0.1212 0.9884 -0.0912 0.1212 0.9884 -0.0912 0.1212 0.9884 -0.0912 0.1212 0.9884 -0.7988 -0.6016 0.0000 -0.7988 -0.6016 0.0000 -0.7988 -0.6016 0.0000 -0.7988 -0.6016 -0.0000 -0.7988 -0.6016 -0.0000 -0.7988 -0.6016 -0.0000 -0.0922 0.1240 0.9880 -0.0922 0.1240 0.9880 -0.0922 0.1240 0.9880 -0.0922 0.1240 0.9880 -0.0922 0.1240 0.9880 -0.0922 0.1240 0.9880 -0.8025 -0.5967 0.0000 -0.8025 -0.5967 0.0000 -0.8025 -0.5967 0.0000 -0.8025 -0.5967 -0.0000 -0.8025 -0.5967 -0.0000 -0.8025 -0.5967 -0.0000 -0.0923 0.1271 0.9876 -0.0923 0.1271 0.9876 -0.0923 0.1271 0.9876 -0.0923 0.1271 0.9876 -0.0923 0.1271 0.9876 -0.0923 0.1271 0.9876 -0.8092 -0.5875 0.0000 -0.8092 -0.5875 0.0000 -0.8092 -0.5875 0.0000 -0.8092 -0.5875 -0.0000 -0.8092 -0.5875 -0.0000 -0.8092 -0.5875 -0.0000 -0.0908 0.1308 0.9872 -0.0908 0.1308 0.9872 -0.0908 0.1308 0.9872 -0.0908 0.1308 0.9872 -0.0908 0.1308 0.9872 -0.0908 0.1308 0.9872 -0.8214 -0.5703 0.0000 -0.8214 -0.5703 0.0000 -0.8214 -0.5703 0.0000 -0.8214 -0.5703 -0.0000 -0.8214 -0.5703 -0.0000 -0.8214 -0.5703 -0.0000 0.0000 0.0000 1.0000 0.0000 0.0000 1.0000 0.0000 0.0000 1.0000 0.0000 -0.0000 1.0000 0.0000 -0.0000 1.0000 0.0000 -0.0000 1.0000 -0.8461 -0.5330 0.0000 -0.8461 -0.5330 0.0000 -0.8461 -0.5330 0.0000 -0.8461 -0.5330 -0.0000 -0.8461 -0.5330 -0.0000 -0.8461 -0.5330 -0.0000 0.0000 0.0000 1.0000 0.0000 0.0000 1.0000 0.0000 0.0000 1.0000 0.0000 -0.0000 1.0000 0.0000 -0.0000 1.0000 0.0000 -0.0000 1.0000 -0.8461 -0.5330 0.0000 -0.8461 -0.5330 0.0000 -0.8461 -0.5330 0.0000 -0.8461 -0.5330 -0.0000 -0.8461 -0.5330 -0.0000 -0.8461 -0.5330 -0.0000 0.0000 0.0000 1.0000 0.0000 0.0000 1.0000 0.0000 0.0000 1.0000 0.0000 -0.0000 1.0000 0.0000 -0.0000 1.0000 0.0000 -0.0000 1.0000 -0.8546 -0.5193 0.0000 -0.8546 -0.5193 0.0000 -0.8546 -0.5193 0.0000 -0.8546 -0.5193 -0.0000 -0.8546 -0.5193 -0.0000 -0.8546 -0.5193 -0.0000 0.0000 0.0000 1.0000 0.0000 0.0000 1.0000 0.0000 0.0000 1.0000 0.0000 -0.0000 1.0000 0.0000 -0.0000 1.0000 0.0000 -0.0000 1.0000 -0.8546 -0.5193 0.0000 -0.8546 -0.5193 0.0000 -0.8546 -0.5193 0.0000 -0.8546 -0.5193 -0.0000 -0.8546 -0.5193 -0.0000 -0.8546 -0.5193 -0.0000 0.0000 0.0000 1.0000 0.0000 0.0000 1.0000 0.0000 0.0000 1.0000 0.0000 -0.0000 1.0000 0.0000 -0.0000 1.0000 0.0000 -0.0000 1.0000 -0.8603 -0.5098 0.0000 -0.8603 -0.5098 0.0000 -0.8603 -0.5098 0.0000 -0.8603 -0.5098 -0.0000 -0.8603 -0.5098 -0.0000 -0.8603 -0.5098 -0.0000 0.0000 0.0000 1.0000 0.0000 0.0000 1.0000 0.0000 0.0000 1.0000 0.0000 -0.0000 1.0000 0.0000 -0.0000 1.0000 0.0000 -0.0000 1.0000 -0.8603 -0.5098 0.0000 -0.8603 -0.5098 0.0000 -0.8603 -0.5098 0.0000 -0.8603 -0.5098 -0.0000 -0.8603 -0.5098 -0.0000 -0.8603 -0.5098 -0.0000 0.0000 0.0000 1.0000 0.0000 0.0000 1.0000 0.0000 0.0000 1.0000 0.0000 -0.0000 1.0000 0.0000 -0.0000 1.0000 0.0000 -0.0000 1.0000 -0.8641 -0.5033 0.0000 -0.8641 -0.5033 0.0000 -0.8641 -0.5033 0.0000 -0.8641 -0.5033 -0.0000 -0.8641 -0.5033 -0.0000 -0.8641 -0.5033 -0.0000 0.0000 0.0000 1.0000 0.0000 0.0000 1.0000 0.0000 0.0000 1.0000 0.0000 -0.0000 1.0000 0.0000 -0.0000 1.0000 0.0000 -0.0000 1.0000 -0.8641 -0.5033 0.0000 -0.8641 -0.5033 0.0000 -0.8641 -0.5033 0.0000 -0.8641 -0.5033 -0.0000 -0.8641 -0.5033 -0.0000 -0.8641 -0.5033 -0.0000 0.0000 0.0000 1.0000 0.0000 0.0000 1.0000 0.0000 0.0000 1.0000 0.0000 -0.0000 1.0000 0.0000 -0.0000 1.0000 0.0000 -0.0000 1.0000 -0.8667 -0.4989 0.0000 -0.8667 -0.4989 0.0000 -0.8667 -0.4989 0.0000 -0.8667 -0.4989 -0.0000 -0.8667 -0.4989 -0.0000 -0.8667 -0.4989 -0.0000 0.0000 0.0000 1.0000 0.0000 0.0000 1.0000 0.0000 0.0000 1.0000 0.0000 -0.0000 1.0000 0.0000 -0.0000 1.0000 0.0000 -0.0000 1.0000 -0.8667 -0.4989 0.0000 -0.8667 -0.4989 0.0000 -0.8667 -0.4989 0.0000 -0.8667 -0.4989 -0.0000 -0.8667 -0.4989 -0.0000 -0.8667 -0.4989 -0.0000 0.0000 0.0000 1.0000 0.0000 0.0000 1.0000 0.0000 0.0000 1.0000 0.0000 -0.0000 1.0000 0.0000 -0.0000 1.0000 0.0000 -0.0000 1.0000 -0.8683 -0.4960 0.0000 -0.8683 -0.4960 0.0000 -0.8683 -0.4960 0.0000 -0.8683 -0.4960 -0.0000 -0.8683 -0.4960 -0.0000 -0.8683 -0.4960 -0.0000 0.0000 0.0000 1.0000 0.0000 0.0000 1.0000 0.0000 0.0000 1.0000 0.0000 -0.0000 1.0000 0.0000 -0.0000 1.0000 0.0000 -0.0000 1.0000 -0.8683 -0.4960 0.0000 -0.8683 -0.4960 0.0000 -0.8683 -0.4960 0.0000 -0.8683 -0.4960 -0.0000 -0.8683 -0.4960 -0.0000 -0.8683 -0.4960 -0.0000 0.0000 0.0000 1.0000 0.0000 0.0000 1.0000 0.0000 0.0000 1.0000 0.0000 -0.0000 1.0000 0.0000 -0.0000 1.0000 0.0000 -0.0000 1.0000 -0.8692 -0.4944 0.0000 -0.8692 -0.4944 0.0000 -0.8692 -0.4944 0.0000 -0.8692 -0.4944 -0.0000 -0.8692 -0.4944 -0.0000 -0.8692 -0.4944 -0.0000 0.0000 0.0000 1.0000 0.0000 0.0000 1.0000 0.0000 0.0000 1.0000 0.0000 -0.0000 1.0000 0.0000 -0.0000 1.0000 0.0000 -0.0000 1.0000 -0.8692 -0.4944 0.0000 -0.8692 -0.4944 0.0000 -0.8692 -0.4944 0.0000 -0.8692 -0.4944 -0.0000 -0.8692 -0.4944 -0.0000 -0.8692 -0.4944 -0.0000 0.0000 0.0000 1.0000 0.0000 0.0000 1.0000 0.0000 0.0000 1.0000 0.0000 -0.0000 1.0000 0.0000 -0.0000 1.0000 0.0000 -0.0000 1.0000 -0.8696 -0.4938 0.0000 -0.8696 -0.4938 0.0000 -0.8696 -0.4938 0.0000 -0.8696 -0.4938 -0.0000 -0.8696 -0.4938 -0.0000 -0.8696 -0.4938 -0.0000 0.0000 0.0000 1.0000 0.0000 0.0000 1.0000 0.0000 0.0000 1.0000 0.0000 -0.0000 1.0000 0.0000 -0.0000 1.0000 0.0000 -0.0000 1.0000 -0.8696 -0.4938 0.0000 -0.8696 -0.4938 0.0000 -0.8696 -0.4938 0.0000 -0.8696 -0.4938 -0.0000 -0.8696 -0.4938 -0.0000 -0.8696 -0.4938 -0.0000 0.0000 0.0000 1.0000 0.0000 0.0000 1.0000 0.0000 0.0000 1.0000 0.0000 -0.0000 1.0000 0.0000 -0.0000 1.0000 0.0000 -0.0000 1.0000 -0.8694 -0.4941 0.0000 -0.8694 -0.4941 0.0000 -0.8694 -0.4941 0.0000 -0.8694 -0.4941 -0.0000 -0.8694 -0.4941 -0.0000 -0.8694 -0.4941 -0.0000 0.0000 0.0000 1.0000 0.0000 0.0000 1.0000 0.0000 0.0000 1.0000 0.0000 -0.0000 1.0000 0.0000 -0.0000 1.0000 0.0000 -0.0000 1.0000 -0.8694 -0.4941 0.0000 -0.8694 -0.4941 0.0000 -0.8694 -0.4941 0.0000 -0.8694 -0.4941 -0.0000 -0.8694 -0.4941 -0.0000 -0.8694 -0.4941 -0.0000 0.0000 0.0000 1.0000 0.0000 0.0000 1.0000 0.0000 0.0000 1.0000 0.0000 -0.0000 1.0000 0.0000 -0.0000 1.0000 0.0000 -0.0000 1.0000 -0.8688 -0.4952 0.0000 -0.8688 -0.4952 0.0000 -0.8688 -0.4952 0.0000 -0.8688 -0.4952 -0.0000 -0.8688 -0.4952 -0.0000 -0.8688 -0.4952 -0.0000 0.0000 0.0000 1.0000 0.0000 0.0000 1.0000 0.0000 0.0000 1.0000 0.0000 -0.0000 1.0000 0.0000 -0.0000 1.0000 0.0000 -0.0000 1.0000 -0.8688 -0.4952 0.0000 -0.8688 -0.4952 0.0000 -0.8688 -0.4952 0.0000 -0.8688 -0.4952 -0.0000 -0.8688 -0.4952 -0.0000 -0.8688 -0.4952 -0.0000 0.0000 0.0000 1.0000 0.0000 0.0000 1.0000 0.0000 0.0000 1.0000 0.0000 -0.0000 1.0000 0.0000 -0.0000 1.0000 0.0000 -0.0000 1.0000 -0.8678 -0.4969 0.0000 -0.8678 -0.4969 0.0000 -0.8678 -0.4969 0.0000 -0.8678 -0.4969 -0.0000 -0.8678 -0.4969 -0.0000 -0.8678 -0.4969 -0.0000 0.0000 0.0000 1.0000 0.0000 0.0000 1.0000 0.0000 0.0000 1.0000 0.0000 -0.0000 1.0000 0.0000 -0.0000 1.0000 0.0000 -0.0000 1.0000 -0.8678 -0.4969 0.0000 -0.8678 -0.4969 0.0000 -0.8678 -0.4969 0.0000 -0.8678 -0.4969 -0.0000 -0.8678 -0.4969 -0.0000 -0.8678 -0.4969 -0.0000 0.0000 0.0000 1.0000 0.0000 0.0000 1.0000 0.0000 0.0000 1.0000 0.0000 -0.0000 1.0000 0.0000 -0.0000 1.0000 0.0000 -0.0000 1.0000 -0.8664 -0.4993 0.0000 -0.8664 -0.4993 0.0000 -0.8664 -0.4993 0.0000 -0.8664 -0.4993 -0.0000 -0.8664 -0.4993 -0.0000 -0.8664 -0.4993 -0.0000 0.0000 0.0000 1.0000 0.0000 0.0000 1.0000 0.0000 0.0000 1.0000 0.0000 -0.0000 1.0000 0.0000 -0.0000 1.0000 0.0000 -0.0000 1.0000 -0.8664 -0.4993 0.0000 -0.8664 -0.4993 0.0000 -0.8664 -0.4993 0.0000 -0.8664 -0.4993 -0.0000 -0.8664 -0.4993 -0.0000 -0.8664 -0.4993 -0.0000 0.0000 0.0000 1.0000 0.0000 0.0000 1.0000 0.0000 0.0000 1.0000 0.0000 -0.0000 1.0000 0.0000 -0.0000 1.0000 0.0000 -0.0000 1.0000 -0.8646 -0.5024 0.0000 -0.8646 -0.5024 0.0000 -0.8646 -0.5024 0.0000 -0.8646 -0.5024 -0.0000 -0.8646 -0.5024 -0.0000 -0.8646 -0.5024 -0.0000 0.0000 0.0000 1.0000 0.0000 0.0000 1.0000 0.0000 0.0000 1.0000 0.0000 -0.0000 1.0000 0.0000 -0.0000 1.0000 0.0000 -0.0000 1.0000 -0.8646 -0.5024 0.0000 -0.8646 -0.5024 0.0000 -0.8646 -0.5024 0.0000 -0.8646 -0.5024 -0.0000 -0.8646 -0.5024 -0.0000 -0.8646 -0.5024 -0.0000 0.0000 0.0000 1.0000 0.0000 0.0000 1.0000 0.0000 0.0000 1.0000 0.0000 -0.0000 1.0000 0.0000 -0.0000 1.0000 0.0000 -0.0000 1.0000 -0.8625 -0.5061 0.0000 -0.8625 -0.5061 0.0000 -0.8625 -0.5061 0.0000 -0.8625 -0.5061 -0.0000 -0.8625 -0.5061 -0.0000 -0.8625 -0.5061 -0.0000 0.0000 0.0000 1.0000 0.0000 0.0000 1.0000 0.0000 0.0000 1.0000 0.0000 -0.0000 1.0000 0.0000 -0.0000 1.0000 0.0000 -0.0000 1.0000 -0.8625 -0.5061 0.0000 -0.8625 -0.5061 0.0000 -0.8625 -0.5061 0.0000 -0.8625 -0.5061 -0.0000 -0.8625 -0.5061 -0.0000 -0.8625 -0.5061 -0.0000 0.0000 0.0000 1.0000 0.0000 0.0000 1.0000 0.0000 0.0000 1.0000 0.0000 -0.0000 1.0000 0.0000 -0.0000 1.0000 0.0000 -0.0000 1.0000 -0.8599 -0.5105 0.0000 -0.8599 -0.5105 0.0000 -0.8599 -0.5105 0.0000 -0.8599 -0.5105 -0.0000 -0.8599 -0.5105 -0.0000 -0.8599 -0.5105 -0.0000 0.0000 0.0000 1.0000 0.0000 0.0000 1.0000 0.0000 0.0000 1.0000 0.0000 -0.0000 1.0000 0.0000 -0.0000 1.0000 0.0000 -0.0000 1.0000 -0.8599 -0.5105 0.0000 -0.8599 -0.5105 0.0000 -0.8599 -0.5105 0.0000 -0.8599 -0.5105 -0.0000 -0.8599 -0.5105 -0.0000 -0.8599 -0.5105 -0.0000 0.0000 0.0000 1.0000 0.0000 0.0000 1.0000 0.0000 0.0000 1.0000 0.0000 -0.0000 1.0000 0.0000 -0.0000 1.0000 0.0000 -0.0000 1.0000 -0.8569 -0.5155 0.0000 -0.8569 -0.5155 0.0000 -0.8569 -0.5155 0.0000 -0.8569 -0.5155 -0.0000 -0.8569 -0.5155 -0.0000 -0.8569 -0.5155 -0.0000 0.0000 0.0000 1.0000 0.0000 0.0000 1.0000 0.0000 0.0000 1.0000 0.0000 -0.0000 1.0000 0.0000 -0.0000 1.0000 0.0000 -0.0000 1.0000 -0.8569 -0.5155 0.0000 -0.8569 -0.5155 0.0000 -0.8569 -0.5155 0.0000 -0.8569 -0.5155 -0.0000 -0.8569 -0.5155 -0.0000 -0.8569 -0.5155 -0.0000 0.0000 0.0000 1.0000 0.0000 0.0000 1.0000 0.0000 0.0000 1.0000 0.0000 -0.0000 1.0000 0.0000 -0.0000 1.0000 0.0000 -0.0000 1.0000 -0.8534 -0.5213 0.0000 -0.8534 -0.5213 0.0000 -0.8534 -0.5213 0.0000 -0.8534 -0.5213 -0.0000 -0.8534 -0.5213 -0.0000 -0.8534 -0.5213 -0.0000 0.0000 0.0000 1.0000 0.0000 0.0000 1.0000 0.0000 0.0000 1.0000 0.0000 -0.0000 1.0000 0.0000 -0.0000 1.0000 0.0000 -0.0000 1.0000 -0.8534 -0.5213 0.0000 -0.8534 -0.5213 0.0000 -0.8534 -0.5213 0.0000 -0.8534 -0.5213 -0.0000 -0.8534 -0.5213 -0.0000 -0.8534 -0.5213 -0.0000 0.0000 0.0000 1.0000 0.0000 0.0000 1.0000 0.0000 0.0000 1.0000 0.0000 -0.0000 1.0000 0.0000 -0.0000 1.0000 0.0000 -0.0000 1.0000 -0.8493 -0.5278 0.0000 -0.8493 -0.5278 0.0000 -0.8493 -0.5278 0.0000 -0.8493 -0.5278 -0.0000 -0.8493 -0.5278 -0.0000 -0.8493 -0.5278 -0.0000 0.0000 0.0000 1.0000 0.0000 0.0000 1.0000 0.0000 0.0000 1.0000 0.0000 -0.0000 1.0000 0.0000 -0.0000 1.0000 0.0000 -0.0000 1.0000 -0.8493 -0.5278 0.0000 -0.8493 -0.5278 0.0000 -0.8493 -0.5278 0.0000 -0.8493 -0.5278 -0.0000 -0.8493 -0.5278 -0.0000 -0.8493 -0.5278 -0.0000 0.0000 0.0000 1.0000 0.0000 0.0000 1.0000 0.0000 0.0000 1.0000 0.0000 -0.0000 1.0000 0.0000 -0.0000 1.0000 0.0000 -0.0000 1.0000 -0.8447 -0.5352 0.0000 -0.8447 -0.5352 0.0000 -0.8447 -0.5352 0.0000 -0.8447 -0.5352 -0.0000 -0.8447 -0.5352 -0.0000 -0.8447 -0.5352 -0.0000 0.0000 0.0000 1.0000 0.0000 0.0000 1.0000 0.0000 0.0000 1.0000 0.0000 -0.0000 1.0000 0.0000 -0.0000 1.0000 0.0000 -0.0000 1.0000 -0.8447 -0.5352 0.0000 -0.8447 -0.5352 0.0000 -0.8447 -0.5352 0.0000 -0.8447 -0.5352 -0.0000 -0.8447 -0.5352 -0.0000 -0.8447 -0.5352 -0.0000 0.0000 0.0000 1.0000 0.0000 0.0000 1.0000 0.0000 0.0000 1.0000 0.0000 -0.0000 1.0000 0.0000 -0.0000 1.0000 0.0000 -0.0000 1.0000 -0.8394 -0.5436 0.0000 -0.8394 -0.5436 0.0000 -0.8394 -0.5436 0.0000 -0.8394 -0.5436 -0.0000 -0.8394 -0.5436 -0.0000 -0.8394 -0.5436 -0.0000 0.0000 0.0000 1.0000 0.0000 0.0000 1.0000 0.0000 0.0000 1.0000 0.0000 -0.0000 1.0000 0.0000 -0.0000 1.0000 0.0000 -0.0000 1.0000 -0.8394 -0.5436 0.0000 -0.8394 -0.5436 0.0000 -0.8394 -0.5436 0.0000 -0.8394 -0.5436 -0.0000 -0.8394 -0.5436 -0.0000 -0.8394 -0.5436 -0.0000 0.0000 0.0000 1.0000 0.0000 0.0000 1.0000 0.0000 0.0000 1.0000 0.0000 -0.0000 1.0000 0.0000 -0.0000 1.0000 0.0000 -0.0000 1.0000 -0.8332 -0.5530 0.0000 -0.8332 -0.5530 0.0000 -0.8332 -0.5530 0.0000 -0.8332 -0.5530 -0.0000 -0.8332 -0.5530 -0.0000 -0.8332 -0.5530 -0.0000 0.0000 0.0000 1.0000 0.0000 0.0000 1.0000 0.0000 0.0000 1.0000 0.0000 -0.0000 1.0000 0.0000 -0.0000 1.0000 0.0000 -0.0000 1.0000 -0.8332 -0.5530 0.0000 -0.8332 -0.5530 0.0000 -0.8332 -0.5530 0.0000 -0.8332 -0.5530 -0.0000 -0.8332 -0.5530 -0.0000 -0.8332 -0.5530 -0.0000 0.0000 0.0000 1.0000 0.0000 0.0000 1.0000 0.0000 0.0000 1.0000 0.0000 -0.0000 1.0000 0.0000 -0.0000 1.0000 0.0000 -0.0000 1.0000 -0.8261 -0.5636 0.0000 -0.8261 -0.5636 0.0000 -0.8261 -0.5636 0.0000 -0.8261 -0.5636 -0.0000 -0.8261 -0.5636 -0.0000 -0.8261 -0.5636 -0.0000 0.0000 0.0000 1.0000 0.0000 0.0000 1.0000 0.0000 0.0000 1.0000 0.0000 -0.0000 1.0000 0.0000 -0.0000 1.0000 0.0000 -0.0000 1.0000 -0.8261 -0.5636 0.0000 -0.8261 -0.5636 0.0000 -0.8261 -0.5636 0.0000 -0.8261 -0.5636 -0.0000 -0.8261 -0.5636 -0.0000 -0.8261 -0.5636 -0.0000 0.0000 0.0000 1.0000 0.0000 0.0000 1.0000 0.0000 0.0000 1.0000 0.0000 -0.0000 1.0000 0.0000 -0.0000 1.0000 0.0000 -0.0000 1.0000 -0.8177 -0.5756 0.0000 -0.8177 -0.5756 0.0000 -0.8177 -0.5756 0.0000 -0.8177 -0.5756 -0.0000 -0.8177 -0.5756 -0.0000 -0.8177 -0.5756 -0.0000 0.0000 0.0000 1.0000 0.0000 0.0000 1.0000 0.0000 0.0000 1.0000 0.0000 -0.0000 1.0000 0.0000 -0.0000 1.0000 0.0000 -0.0000 1.0000 -0.8177 -0.5756 0.0000 -0.8177 -0.5756 0.0000 -0.8177 -0.5756 0.0000 -0.8177 -0.5756 -0.0000 -0.8177 -0.5756 -0.0000 -0.8177 -0.5756 -0.0000 0.0000 0.0000 1.0000 0.0000 0.0000 1.0000 0.0000 0.0000 1.0000 0.0000 -0.0000 1.0000 0.0000 -0.0000 1.0000 0.0000 -0.0000 1.0000 -0.8080 -0.5892 0.0000 -0.8080 -0.5892 0.0000 -0.8080 -0.5892 0.0000 -0.8080 -0.5892 -0.0000 -0.8080 -0.5892 -0.0000 -0.8080 -0.5892 -0.0000 0.0000 0.0000 1.0000 0.0000 0.0000 1.0000 0.0000 0.0000 1.0000 0.0000 -0.0000 1.0000 0.0000 -0.0000 1.0000 0.0000 -0.0000 1.0000 -0.8080 -0.5892 0.0000 -0.8080 -0.5892 0.0000 -0.8080 -0.5892 0.0000 -0.8080 -0.5892 -0.0000 -0.8080 -0.5892 -0.0000 -0.8080 -0.5892 -0.0000 0.0000 0.0000 1.0000 0.0000 0.0000 1.0000 0.0000 0.0000 1.0000 0.0000 -0.0000 1.0000 0.0000 -0.0000 1.0000 0.0000 -0.0000 1.0000 -0.7965 -0.6046 0.0000 -0.7965 -0.6046 0.0000 -0.7965 -0.6046 0.0000 -0.7965 -0.6046 -0.0000 -0.7965 -0.6046 -0.0000 -0.7965 -0.6046 -0.0000 0.0000 0.0000 1.0000 0.0000 0.0000 1.0000 0.0000 0.0000 1.0000 0.0000 -0.0000 1.0000 0.0000 -0.0000 1.0000 0.0000 -0.0000 1.0000 -0.7965 -0.6046 0.0000 -0.7965 -0.6046 0.0000 -0.7965 -0.6046 0.0000 -0.7965 -0.6046 -0.0000 -0.7965 -0.6046 -0.0000 -0.7965 -0.6046 -0.0000 0.0000 0.0000 1.0000 0.0000 0.0000 1.0000 0.0000 0.0000 1.0000 0.0000 -0.0000 1.0000 0.0000 -0.0000 1.0000 0.0000 -0.0000 1.0000 -0.7828 -0.6222 0.0000 -0.7828 -0.6222 0.0000 -0.7828 -0.6222 0.0000 -0.7828 -0.6222 -0.0000 -0.7828 -0.6222 -0.0000 -0.7828 -0.6222 -0.0000 0.0000 0.0000 1.0000 0.0000 0.0000 1.0000 0.0000 0.0000 1.0000 0.0000 -0.0000 1.0000 0.0000 -0.0000 1.0000 0.0000 -0.0000 1.0000 -0.7828 -0.6222 0.0000 -0.7828 -0.6222 0.0000 -0.7828 -0.6222 0.0000 -0.7828 -0.6222 -0.0000 -0.7828 -0.6222 -0.0000 -0.7828 -0.6222 -0.0000 0.0000 0.0000 1.0000 0.0000 0.0000 1.0000 0.0000 0.0000 1.0000 0.0000 -0.0000 1.0000 0.0000 -0.0000 1.0000 0.0000 -0.0000 1.0000 -0.7663 -0.6425 0.0000 -0.7663 -0.6425 0.0000 -0.7663 -0.6425 0.0000 -0.7663 -0.6425 -0.0000 -0.7663 -0.6425 -0.0000 -0.7663 -0.6425 -0.0000 0.0000 0.0000 1.0000 0.0000 0.0000 1.0000 0.0000 0.0000 1.0000 0.0000 -0.0000 1.0000 0.0000 -0.0000 1.0000 0.0000 -0.0000 1.0000 -0.7663 -0.6425 0.0000 -0.7663 -0.6425 0.0000 -0.7663 -0.6425 0.0000 -0.7663 -0.6425 -0.0000 -0.7663 -0.6425 -0.0000 -0.7663 -0.6425 -0.0000 0.0000 0.0000 1.0000 0.0000 0.0000 1.0000 0.0000 0.0000 1.0000 0.0000 -0.0000 1.0000 0.0000 -0.0000 1.0000 0.0000 -0.0000 1.0000 -0.7462 -0.6657 0.0000 -0.7462 -0.6657 0.0000 -0.7462 -0.6657 0.0000 -0.7462 -0.6657 -0.0000 -0.7462 -0.6657 -0.0000 -0.7462 -0.6657 -0.0000 0.0000 0.0000 1.0000 0.0000 0.0000 1.0000 0.0000 0.0000 1.0000 0.0000 -0.0000 1.0000 0.0000 -0.0000 1.0000 0.0000 -0.0000 1.0000 -0.7462 -0.6657 0.0000 -0.7462 -0.6657 0.0000 -0.7462 -0.6657 0.0000 -0.7462 -0.6657 -0.0000 -0.7462 -0.6657 -0.0000 -0.7462 -0.6657 -0.0000 0.0000 0.0000 1.0000 0.0000 0.0000 1.0000 0.0000 0.0000 1.0000 0.0000 -0.0000 1.0000 0.0000 -0.0000 1.0000 0.0000 -0.0000 1.0000 -0.7213 -0.6927 0.0000 -0.7213 -0.6927 0.0000 -0.7213 -0.6927 0.0000 -0.7213 -0.6927 -0.0000 -0.7213 -0.6927 -0.0000 -0.7213 -0.6927 -0.0000 0.0000 0.0000 1.0000 0.0000 0.0000 1.0000 0.0000 0.0000 1.0000 0.0000 -0.0000 1.0000 0.0000 -0.0000 1.0000 0.0000 -0.0000 1.0000 -0.7213 -0.6927 0.0000 -0.7213 -0.6927 0.0000 -0.7213 -0.6927 0.0000 -0.7213 -0.6927 -0.0000 -0.7213 -0.6927 -0.0000 -0.7213 -0.6927 -0.0000 0.0000 0.0000 1.0000 0.0000 0.0000 1.0000 0.0000 0.0000 1.0000 0.0000 -0.0000 1.0000 0.0000 -0.0000 1.0000 0.0000 -0.0000 1.0000 -0.6850 -0.7285 0.0000 -0.6850 -0.7285 0.0000 -0.6850 -0.7285 0.0000 -0.6850 -0.7285 -0.0000 -0.6850 -0.7285 -0.0000 -0.6850 -0.7285 -0.0000 0.0000 0.0000 1.0000 0.0000 0.0000 1.0000 0.0000 0.0000 1.0000 0.0000 -0.0000 1.0000 0.0000 -0.0000 1.0000 0.0000 -0.0000 1.0000 -0.6850 -0.7285 0.0000 -0.6850 -0.7285 0.0000 -0.6850 -0.7285 0.0000 -0.6850 -0.7285 -0.0000 -0.6850 -0.7285 -0.0000 -0.6850 -0.7285 -0.0000 0.0000 0.0000 1.0000 0.0000 0.0000 1.0000 0.0000 0.0000 1.0000 0.0000 -0.0000 1.0000 0.0000 -0.0000 1.0000 0.0000 -0.0000 1.0000 -0.6414 -0.7672 0.0000 -0.6414 -0.7672 0.0000 -0.6414 -0.7672 0.0000 -0.6414 -0.7672 -0.0000 -0.6414 -0.7672 -0.0000 -0.6414 -0.7672 -0.0000 0.0000 0.0000 1.0000 0.0000 0.0000 1.0000 0.0000 0.0000 1.0000 0.0000 -0.0000 1.0000 0.0000 -0.0000 1.0000 0.0000 -0.0000 1.0000 -0.6414 -0.7672 0.0000 -0.6414 -0.7672 0.0000 -0.6414 -0.7672 0.0000 -0.6414 -0.7672 -0.0000 -0.6414 -0.7672 -0.0000 -0.6414 -0.7672 -0.0000 0.0000 0.0000 1.0000 0.0000 0.0000 1.0000 0.0000 0.0000 1.0000 0.0000 -0.0000 1.0000 0.0000 -0.0000 1.0000 0.0000 -0.0000 1.0000 -0.5984 -0.8012 0.0000 -0.5984 -0.8012 0.0000 -0.5984 -0.8012 0.0000 -0.5984 -0.8012 -0.0000 -0.5984 -0.8012 -0.0000 -0.5984 -0.8012 -0.0000 0.0000 0.0000 1.0000 0.0000 0.0000 1.0000 0.0000 0.0000 1.0000 0.0000 -0.0000 1.0000 0.0000 -0.0000 1.0000 0.0000 -0.0000 1.0000 -0.5984 -0.8012 0.0000 -0.5984 -0.8012 0.0000 -0.5984 -0.8012 0.0000 -0.5984 -0.8012 -0.0000 -0.5984 -0.8012 -0.0000 -0.5984 -0.8012 -0.0000 0.0000 0.0000 1.0000 0.0000 0.0000 1.0000 0.0000 0.0000 1.0000 0.0000 -0.0000 1.0000 0.0000 -0.0000 1.0000 0.0000 -0.0000 1.0000 -0.5570 -0.8305 0.0000 -0.5570 -0.8305 0.0000 -0.5570 -0.8305 0.0000 -0.5570 -0.8305 -0.0000 -0.5570 -0.8305 -0.0000 -0.5570 -0.8305 -0.0000 0.0000 0.0000 1.0000 0.0000 0.0000 1.0000 0.0000 0.0000 1.0000 0.0000 -0.0000 1.0000 0.0000 -0.0000 1.0000 0.0000 -0.0000 1.0000 -0.5570 -0.8305 0.0000 -0.5570 -0.8305 0.0000 -0.5570 -0.8305 0.0000 -0.5570 -0.8305 -0.0000 -0.5570 -0.8305 -0.0000 -0.5570 -0.8305 -0.0000 0.0000 0.0000 1.0000 0.0000 0.0000 1.0000 0.0000 0.0000 1.0000 0.0000 -0.0000 1.0000 0.0000 -0.0000 1.0000 0.0000 -0.0000 1.0000 -0.5180 -0.8554 0.0000 -0.5180 -0.8554 0.0000 -0.5180 -0.8554 0.0000 -0.5180 -0.8554 -0.0000 -0.5180 -0.8554 -0.0000 -0.5180 -0.8554 -0.0000 0.0000 0.0000 1.0000 0.0000 0.0000 1.0000 0.0000 0.0000 1.0000 0.0000 -0.0000 1.0000 0.0000 -0.0000 1.0000 0.0000 -0.0000 1.0000 -0.5180 -0.8554 0.0000 -0.5180 -0.8554 0.0000 -0.5180 -0.8554 0.0000 -0.5180 -0.8554 -0.0000 -0.5180 -0.8554 -0.0000 -0.5180 -0.8554 -0.0000 0.0000 0.0000 1.0000 0.0000 0.0000 1.0000 0.0000 0.0000 1.0000 0.0000 -0.0000 1.0000 0.0000 -0.0000 1.0000 0.0000 -0.0000 1.0000 -0.4820 -0.8762 0.0000 -0.4820 -0.8762 0.0000 -0.4820 -0.8762 0.0000 -0.4820 -0.8762 -0.0000 -0.4820 -0.8762 -0.0000 -0.4820 -0.8762 -0.0000 0.0000 0.0000 1.0000 0.0000 0.0000 1.0000 0.0000 0.0000 1.0000 0.0000 -0.0000 1.0000 0.0000 -0.0000 1.0000 0.0000 -0.0000 1.0000 -0.4820 -0.8762 0.0000 -0.4820 -0.8762 0.0000 -0.4820 -0.8762 0.0000 -0.4820 -0.8762 -0.0000 -0.4820 -0.8762 -0.0000 -0.4820 -0.8762 -0.0000 0.0000 0.0000 1.0000 0.0000 0.0000 1.0000 0.0000 0.0000 1.0000 0.0000 -0.0000 1.0000 0.0000 -0.0000 1.0000 0.0000 -0.0000 1.0000 -0.4496 -0.8932 0.0000 -0.4496 -0.8932 0.0000 -0.4496 -0.8932 0.0000 -0.4496 -0.8932 -0.0000 -0.4496 -0.8932 -0.0000 -0.4496 -0.8932 -0.0000 0.0000 0.0000 1.0000 0.0000 0.0000 1.0000 0.0000 0.0000 1.0000 0.0000 -0.0000 1.0000 0.0000 -0.0000 1.0000 0.0000 -0.0000 1.0000 -0.4496 -0.8932 0.0000 -0.4496 -0.8932 0.0000 -0.4496 -0.8932 0.0000 -0.4496 -0.8932 -0.0000 -0.4496 -0.8932 -0.0000 -0.4496 -0.8932 -0.0000 0.0000 0.0000 1.0000 0.0000 0.0000 1.0000 0.0000 0.0000 1.0000 0.0000 -0.0000 1.0000 0.0000 -0.0000 1.0000 0.0000 -0.0000 1.0000 -0.4213 -0.9069 0.0000 -0.4213 -0.9069 0.0000 -0.4213 -0.9069 0.0000 -0.4213 -0.9069 -0.0000 -0.4213 -0.9069 -0.0000 -0.4213 -0.9069 -0.0000 0.0000 0.0000 1.0000 0.0000 0.0000 1.0000 0.0000 0.0000 1.0000 0.0000 -0.0000 1.0000 0.0000 -0.0000 1.0000 0.0000 -0.0000 1.0000 -0.4213 -0.9069 0.0000 -0.4213 -0.9069 0.0000 -0.4213 -0.9069 0.0000 -0.4213 -0.9069 -0.0000 -0.4213 -0.9069 -0.0000 -0.4213 -0.9069 -0.0000 0.0000 0.0000 1.0000 0.0000 0.0000 1.0000 0.0000 0.0000 1.0000 0.0000 -0.0000 1.0000 0.0000 -0.0000 1.0000 0.0000 -0.0000 1.0000 -0.3974 -0.9177 0.0000 -0.3974 -0.9177 0.0000 -0.3974 -0.9177 0.0000 -0.3974 -0.9177 -0.0000 -0.3974 -0.9177 -0.0000 -0.3974 -0.9177 -0.0000 0.0000 0.0000 1.0000 0.0000 0.0000 1.0000 0.0000 0.0000 1.0000 0.0000 -0.0000 1.0000 0.0000 -0.0000 1.0000 0.0000 -0.0000 1.0000 -0.3974 -0.9177 0.0000 -0.3974 -0.9177 0.0000 -0.3974 -0.9177 0.0000 -0.3974 -0.9177 -0.0000 -0.3974 -0.9177 -0.0000 -0.3974 -0.9177 -0.0000 0.0000 0.0000 1.0000 0.0000 0.0000 1.0000 0.0000 0.0000 1.0000 0.0000 -0.0000 1.0000 0.0000 -0.0000 1.0000 0.0000 -0.0000 1.0000 -0.3781 -0.9258 0.0000 -0.3781 -0.9258 0.0000 -0.3781 -0.9258 0.0000 -0.3781 -0.9258 -0.0000 -0.3781 -0.9258 -0.0000 -0.3781 -0.9258 -0.0000 0.0000 0.0000 1.0000 0.0000 0.0000 1.0000 0.0000 0.0000 1.0000 0.0000 -0.0000 1.0000 0.0000 -0.0000 1.0000 0.0000 -0.0000 1.0000 -0.3781 -0.9258 0.0000 -0.3781 -0.9258 0.0000 -0.3781 -0.9258 0.0000 -0.3781 -0.9258 -0.0000 -0.3781 -0.9258 -0.0000 -0.3781 -0.9258 -0.0000 0.0000 0.0000 1.0000 0.0000 0.0000 1.0000 0.0000 0.0000 1.0000 0.0000 -0.0000 1.0000 0.0000 -0.0000 1.0000 0.0000 -0.0000 1.0000 -0.3637 -0.9315 0.0000 -0.3637 -0.9315 0.0000 -0.3637 -0.9315 0.0000 -0.3637 -0.9315 -0.0000 -0.3637 -0.9315 -0.0000 -0.3637 -0.9315 -0.0000 0.0000 0.0000 1.0000 0.0000 0.0000 1.0000 0.0000 0.0000 1.0000 0.0000 -0.0000 1.0000 0.0000 -0.0000 1.0000 0.0000 -0.0000 1.0000 -0.3637 -0.9315 0.0000 -0.3637 -0.9315 0.0000 -0.3637 -0.9315 0.0000 -0.3637 -0.9315 -0.0000 -0.3637 -0.9315 -0.0000 -0.3637 -0.9315 -0.0000 0.0000 0.0000 1.0000 0.0000 0.0000 1.0000 0.0000 0.0000 1.0000 0.0000 -0.0000 1.0000 0.0000 -0.0000 1.0000 0.0000 -0.0000 1.0000 -0.3545 -0.9351 0.0000 -0.3545 -0.9351 0.0000 -0.3545 -0.9351 0.0000 -0.3545 -0.9351 -0.0000 -0.3545 -0.9351 -0.0000 -0.3545 -0.9351 -0.0000 0.0000 0.0000 1.0000 0.0000 0.0000 1.0000 0.0000 0.0000 1.0000 0.0000 -0.0000 1.0000 0.0000 -0.0000 1.0000 0.0000 -0.0000 1.0000 -0.3545 -0.9351 0.0000 -0.3545 -0.9351 0.0000 -0.3545 -0.9351 0.0000 -0.3545 -0.9351 -0.0000 -0.3545 -0.9351 -0.0000 -0.3545 -0.9351 -0.0000 0.0000 0.0000 1.0000 0.0000 0.0000 1.0000 0.0000 0.0000 1.0000 0.0000 -0.0000 1.0000 0.0000 -0.0000 1.0000 0.0000 -0.0000 1.0000 -0.3507 -0.9365 0.0000 -0.3507 -0.9365 0.0000 -0.3507 -0.9365 0.0000 -0.3507 -0.9365 -0.0000 -0.3507 -0.9365 -0.0000 -0.3507 -0.9365 -0.0000 0.0000 0.0000 1.0000 0.0000 0.0000 1.0000 0.0000 0.0000 1.0000 0.0000 -0.0000 1.0000 0.0000 -0.0000 1.0000 0.0000 -0.0000 1.0000 -0.3507 -0.9365 0.0000 -0.3507 -0.9365 0.0000 -0.3507 -0.9365 0.0000 -0.3507 -0.9365 -0.0000 -0.3507 -0.9365 -0.0000 -0.3507 -0.9365 -0.0000 0.0000 0.0000 1.0000 0.0000 0.0000 1.0000 0.0000 0.0000 1.0000 0.0000 -0.0000 1.0000 0.0000 -0.0000 1.0000 0.0000 -0.0000 1.0000 -0.3526 -0.9358 0.0000 -0.3526 -0.9358 0.0000 -0.3526 -0.9358 0.0000 -0.3526 -0.9358 -0.0000 -0.3526 -0.9358 -0.0000 -0.3526 -0.9358 -0.0000 0.0000 0.0000 1.0000 0.0000 0.0000 1.0000 0.0000 0.0000 1.0000 0.0000 -0.0000 1.0000 0.0000 -0.0000 1.0000 0.0000 -0.0000 1.0000 -0.3526 -0.9358 0.0000 -0.3526 -0.9358 0.0000 -0.3526 -0.9358 0.0000 -0.3526 -0.9358 -0.0000 -0.3526 -0.9358 -0.0000 -0.3526 -0.9358 -0.0000 0.0000 0.0000 1.0000 0.0000 0.0000 1.0000 0.0000 0.0000 1.0000 0.0000 -0.0000 1.0000 0.0000 -0.0000 1.0000 0.0000 -0.0000 1.0000 -0.3606 -0.9327 0.0000 -0.3606 -0.9327 0.0000 -0.3606 -0.9327 0.0000 -0.3606 -0.9327 -0.0000 -0.3606 -0.9327 -0.0000 -0.3606 -0.9327 -0.0000 0.0000 0.0000 1.0000 0.0000 0.0000 1.0000 0.0000 0.0000 1.0000 0.0000 -0.0000 1.0000 0.0000 -0.0000 1.0000 0.0000 -0.0000 1.0000 -0.3606 -0.9327 0.0000 -0.3606 -0.9327 0.0000 -0.3606 -0.9327 0.0000 -0.3606 -0.9327 -0.0000 -0.3606 -0.9327 -0.0000 -0.3606 -0.9327 -0.0000 0.0000 0.0000 1.0000 0.0000 0.0000 1.0000 0.0000 0.0000 1.0000 0.0000 -0.0000 1.0000 0.0000 -0.0000 1.0000 0.0000 -0.0000 1.0000 -0.3749 -0.9271 0.0000 -0.3749 -0.9271 0.0000 -0.3749 -0.9271 0.0000 -0.3749 -0.9271 -0.0000 -0.3749 -0.9271 -0.0000 -0.3749 -0.9271 -0.0000 0.0000 0.0000 1.0000 0.0000 0.0000 1.0000 0.0000 0.0000 1.0000 0.0000 -0.0000 1.0000 0.0000 -0.0000 1.0000 0.0000 -0.0000 1.0000 -0.3749 -0.9271 0.0000 -0.3749 -0.9271 0.0000 -0.3749 -0.9271 0.0000 -0.3749 -0.9271 -0.0000 -0.3749 -0.9271 -0.0000 -0.3749 -0.9271 -0.0000 0.0000 0.0000 1.0000 0.0000 0.0000 1.0000 0.0000 0.0000 1.0000 0.0000 -0.0000 1.0000 0.0000 -0.0000 1.0000 0.0000 -0.0000 1.0000 -0.3961 -0.9182 0.0000 -0.3961 -0.9182 0.0000 -0.3961 -0.9182 0.0000 -0.3961 -0.9182 -0.0000 -0.3961 -0.9182 -0.0000 -0.3961 -0.9182 -0.0000 0.0000 0.0000 1.0000 0.0000 0.0000 1.0000 0.0000 0.0000 1.0000 0.0000 -0.0000 1.0000 0.0000 -0.0000 1.0000 0.0000 -0.0000 1.0000 -0.3961 -0.9182 0.0000 -0.3961 -0.9182 0.0000 -0.3961 -0.9182 0.0000 -0.3961 -0.9182 -0.0000 -0.3961 -0.9182 -0.0000 -0.3961 -0.9182 -0.0000 0.0000 0.0000 1.0000 0.0000 0.0000 1.0000 0.0000 0.0000 1.0000 0.0000 -0.0000 1.0000 0.0000 -0.0000 1.0000 0.0000 -0.0000 1.0000 -0.4245 -0.9054 0.0000 -0.4245 -0.9054 0.0000 -0.4245 -0.9054 0.0000 -0.4245 -0.9054 -0.0000 -0.4245 -0.9054 -0.0000 -0.4245 -0.9054 -0.0000 0.0000 0.0000 1.0000 0.0000 0.0000 1.0000 0.0000 0.0000 1.0000 0.0000 -0.0000 1.0000 0.0000 -0.0000 1.0000 0.0000 -0.0000 1.0000 -0.4245 -0.9054 0.0000 -0.4245 -0.9054 0.0000 -0.4245 -0.9054 0.0000 -0.4245 -0.9054 -0.0000 -0.4245 -0.9054 -0.0000 -0.4245 -0.9054 -0.0000 0.0000 0.0000 1.0000 0.0000 0.0000 1.0000 0.0000 0.0000 1.0000 0.0000 -0.0000 1.0000 0.0000 -0.0000 1.0000 0.0000 -0.0000 1.0000 -0.4605 -0.8876 0.0000 -0.4605 -0.8876 0.0000 -0.4605 -0.8876 0.0000 -0.4605 -0.8876 -0.0000 -0.4605 -0.8876 -0.0000 -0.4605 -0.8876 -0.0000 0.0000 0.0000 1.0000 0.0000 0.0000 1.0000 0.0000 0.0000 1.0000 0.0000 -0.0000 1.0000 0.0000 -0.0000 1.0000 0.0000 -0.0000 1.0000 -0.4605 -0.8876 0.0000 -0.4605 -0.8876 0.0000 -0.4605 -0.8876 0.0000 -0.4605 -0.8876 -0.0000 -0.4605 -0.8876 -0.0000 -0.4605 -0.8876 -0.0000 0.0000 0.0000 1.0000 0.0000 0.0000 1.0000 0.0000 0.0000 1.0000 0.0000 -0.0000 1.0000 0.0000 -0.0000 1.0000 0.0000 -0.0000 1.0000 -0.5043 -0.8635 0.0000 -0.5043 -0.8635 0.0000 -0.5043 -0.8635 0.0000 -0.5043 -0.8635 -0.0000 -0.5043 -0.8635 -0.0000 -0.5043 -0.8635 -0.0000 0.0000 0.0000 1.0000 0.0000 0.0000 1.0000 0.0000 0.0000 1.0000 0.0000 -0.0000 1.0000 0.0000 -0.0000 1.0000 0.0000 -0.0000 1.0000 -0.5043 -0.8635 0.0000 -0.5043 -0.8635 0.0000 -0.5043 -0.8635 0.0000 -0.5043 -0.8635 -0.0000 -0.5043 -0.8635 -0.0000 -0.5043 -0.8635 -0.0000 0.0000 0.0000 1.0000 0.0000 0.0000 1.0000 0.0000 0.0000 1.0000 0.0000 -0.0000 1.0000 0.0000 -0.0000 1.0000 0.0000 -0.0000 1.0000 -0.5460 -0.8378 0.0000 -0.5460 -0.8378 0.0000 -0.5460 -0.8378 0.0000 -0.5460 -0.8378 -0.0000 -0.5460 -0.8378 -0.0000 -0.5460 -0.8378 -0.0000 0.0000 0.0000 1.0000 0.0000 0.0000 1.0000 0.0000 0.0000 1.0000 0.0000 -0.0000 1.0000 0.0000 -0.0000 1.0000 0.0000 -0.0000 1.0000 -0.5460 -0.8378 0.0000 -0.5460 -0.8378 0.0000 -0.5460 -0.8378 0.0000 -0.5460 -0.8378 -0.0000 -0.5460 -0.8378 -0.0000 -0.5460 -0.8378 -0.0000 0.0000 0.0000 1.0000 0.0000 0.0000 1.0000 0.0000 0.0000 1.0000 0.0000 -0.0000 1.0000 0.0000 -0.0000 1.0000 0.0000 -0.0000 1.0000 -0.5784 -0.8157 0.0000 -0.5784 -0.8157 0.0000 -0.5784 -0.8157 0.0000 -0.5784 -0.8157 -0.0000 -0.5784 -0.8157 -0.0000 -0.5784 -0.8157 -0.0000 0.0000 0.0000 1.0000 0.0000 0.0000 1.0000 0.0000 0.0000 1.0000 0.0000 -0.0000 1.0000 0.0000 -0.0000 1.0000 0.0000 -0.0000 1.0000 -0.5784 -0.8157 0.0000 -0.5784 -0.8157 0.0000 -0.5784 -0.8157 0.0000 -0.5784 -0.8157 -0.0000 -0.5784 -0.8157 -0.0000 -0.5784 -0.8157 -0.0000 0.0000 0.0000 1.0000 0.0000 0.0000 1.0000 0.0000 0.0000 1.0000 0.0000 -0.0000 1.0000 0.0000 -0.0000 1.0000 0.0000 -0.0000 1.0000 -0.6069 -0.7947 0.0000 -0.6069 -0.7947 0.0000 -0.6069 -0.7947 0.0000 -0.6069 -0.7947 -0.0000 -0.6069 -0.7947 -0.0000 -0.6069 -0.7947 -0.0000 0.0000 0.0000 1.0000 0.0000 0.0000 1.0000 0.0000 0.0000 1.0000 0.0000 -0.0000 1.0000 0.0000 -0.0000 1.0000 0.0000 -0.0000 1.0000 -0.6069 -0.7947 0.0000 -0.6069 -0.7947 0.0000 -0.6069 -0.7947 0.0000 -0.6069 -0.7947 -0.0000 -0.6069 -0.7947 -0.0000 -0.6069 -0.7947 -0.0000 0.0000 0.0000 1.0000 0.0000 0.0000 1.0000 0.0000 0.0000 1.0000 0.0000 -0.0000 1.0000 0.0000 -0.0000 1.0000 0.0000 -0.0000 1.0000 -0.6311 -0.7757 0.0000 -0.6311 -0.7757 0.0000 -0.6311 -0.7757 0.0000 -0.6311 -0.7757 -0.0000 -0.6311 -0.7757 -0.0000 -0.6311 -0.7757 -0.0000 0.0000 0.0000 1.0000 0.0000 0.0000 1.0000 0.0000 0.0000 1.0000 0.0000 -0.0000 1.0000 0.0000 -0.0000 1.0000 0.0000 -0.0000 1.0000 -0.6311 -0.7757 0.0000 -0.6311 -0.7757 0.0000 -0.6311 -0.7757 0.0000 -0.6311 -0.7757 -0.0000 -0.6311 -0.7757 -0.0000 -0.6311 -0.7757 -0.0000 0.0000 0.0000 1.0000 0.0000 0.0000 1.0000 0.0000 0.0000 1.0000 0.0000 -0.0000 1.0000 0.0000 -0.0000 1.0000 0.0000 -0.0000 1.0000 -0.6504 -0.7596 0.0000 -0.6504 -0.7596 0.0000 -0.6504 -0.7596 0.0000 -0.6504 -0.7596 -0.0000 -0.6504 -0.7596 -0.0000 -0.6504 -0.7596 -0.0000 0.0000 0.0000 1.0000 0.0000 0.0000 1.0000 0.0000 0.0000 1.0000 0.0000 -0.0000 1.0000 0.0000 -0.0000 1.0000 0.0000 -0.0000 1.0000 -0.6504 -0.7596 0.0000 -0.6504 -0.7596 0.0000 -0.6504 -0.7596 0.0000 -0.6504 -0.7596 -0.0000 -0.6504 -0.7596 -0.0000 -0.6504 -0.7596 -0.0000 0.0000 0.0000 1.0000 0.0000 0.0000 1.0000 0.0000 0.0000 1.0000 0.0000 -0.0000 1.0000 0.0000 -0.0000 1.0000 0.0000 -0.0000 1.0000 -0.6645 -0.7473 0.0000 -0.6645 -0.7473 0.0000 -0.6645 -0.7473 0.0000 -0.6645 -0.7473 -0.0000 -0.6645 -0.7473 -0.0000 -0.6645 -0.7473 -0.0000 0.0000 0.0000 1.0000 0.0000 0.0000 1.0000 0.0000 0.0000 1.0000 0.0000 -0.0000 1.0000 0.0000 -0.0000 1.0000 0.0000 -0.0000 1.0000 -0.6645 -0.7473 0.0000 -0.6645 -0.7473 0.0000 -0.6645 -0.7473 0.0000 -0.6645 -0.7473 -0.0000 -0.6645 -0.7473 -0.0000 -0.6645 -0.7473 -0.0000 0.0000 0.0000 1.0000 0.0000 0.0000 1.0000 0.0000 0.0000 1.0000 0.0000 -0.0000 1.0000 0.0000 -0.0000 1.0000 0.0000 -0.0000 1.0000 -0.6730 -0.7397 0.0000 -0.6730 -0.7397 0.0000 -0.6730 -0.7397 0.0000 -0.6730 -0.7397 -0.0000 -0.6730 -0.7397 -0.0000 -0.6730 -0.7397 -0.0000 0.0000 0.0000 1.0000 0.0000 0.0000 1.0000 0.0000 0.0000 1.0000 0.0000 -0.0000 1.0000 0.0000 -0.0000 1.0000 0.0000 -0.0000 1.0000 -0.6730 -0.7397 0.0000 -0.6730 -0.7397 0.0000 -0.6730 -0.7397 0.0000 -0.6730 -0.7397 -0.0000 -0.6730 -0.7397 -0.0000 -0.6730 -0.7397 -0.0000 0.0000 0.0000 1.0000 0.0000 0.0000 1.0000 0.0000 0.0000 1.0000 0.0000 -0.0000 1.0000 0.0000 -0.0000 1.0000 0.0000 -0.0000 1.0000 -0.6752 -0.7376 0.0000 -0.6752 -0.7376 0.0000 -0.6752 -0.7376 0.0000 -0.6752 -0.7376 -0.0000 -0.6752 -0.7376 -0.0000 -0.6752 -0.7376 -0.0000 0.0000 0.0000 1.0000 0.0000 0.0000 1.0000 0.0000 0.0000 1.0000 0.0000 -0.0000 1.0000 0.0000 -0.0000 1.0000 0.0000 -0.0000 1.0000 -0.6752 -0.7376 0.0000 -0.6752 -0.7376 0.0000 -0.6752 -0.7376 0.0000 -0.6752 -0.7376 -0.0000 -0.6752 -0.7376 -0.0000 -0.6752 -0.7376 -0.0000 0.0000 0.0000 1.0000 0.0000 0.0000 1.0000 0.0000 0.0000 1.0000 0.0000 -0.0000 1.0000 0.0000 -0.0000 1.0000 0.0000 -0.0000 1.0000 -0.6706 -0.7418 0.0000 -0.6706 -0.7418 0.0000 -0.6706 -0.7418 0.0000 -0.6706 -0.7418 -0.0000 -0.6706 -0.7418 -0.0000 -0.6706 -0.7418 -0.0000 0.0000 0.0000 1.0000 0.0000 0.0000 1.0000 0.0000 0.0000 1.0000 0.0000 -0.0000 1.0000 0.0000 -0.0000 1.0000 0.0000 -0.0000 1.0000 -0.6706 -0.7418 0.0000 -0.6706 -0.7418 0.0000 -0.6706 -0.7418 0.0000 -0.6706 -0.7418 -0.0000 -0.6706 -0.7418 -0.0000 -0.6706 -0.7418 -0.0000 0.0000 0.0000 1.0000 0.0000 0.0000 1.0000 0.0000 0.0000 1.0000 0.0000 -0.0000 1.0000 0.0000 -0.0000 1.0000 0.0000 -0.0000 1.0000 -0.6584 -0.7526 0.0000 -0.6584 -0.7526 0.0000 -0.6584 -0.7526 0.0000 -0.6584 -0.7526 -0.0000 -0.6584 -0.7526 -0.0000 -0.6584 -0.7526 -0.0000 0.0000 0.0000 1.0000 0.0000 0.0000 1.0000 0.0000 0.0000 1.0000 0.0000 -0.0000 1.0000 0.0000 -0.0000 1.0000 0.0000 -0.0000 1.0000 -0.6584 -0.7526 0.0000 -0.6584 -0.7526 0.0000 -0.6584 -0.7526 0.0000 -0.6584 -0.7526 -0.0000 -0.6584 -0.7526 -0.0000 -0.6584 -0.7526 -0.0000 0.0000 0.0000 1.0000 0.0000 0.0000 1.0000 0.0000 0.0000 1.0000 0.0000 -0.0000 1.0000 0.0000 -0.0000 1.0000 0.0000 -0.0000 1.0000 -0.6376 -0.7704 0.0000 -0.6376 -0.7704 0.0000 -0.6376 -0.7704 0.0000 -0.6376 -0.7704 -0.0000 -0.6376 -0.7704 -0.0000 -0.6376 -0.7704 -0.0000 0.0000 0.0000 1.0000 0.0000 0.0000 1.0000 0.0000 0.0000 1.0000 0.0000 -0.0000 1.0000 0.0000 -0.0000 1.0000 0.0000 -0.0000 1.0000 -0.6376 -0.7704 0.0000 -0.6376 -0.7704 0.0000 -0.6376 -0.7704 0.0000 -0.6376 -0.7704 -0.0000 -0.6376 -0.7704 -0.0000 -0.6376 -0.7704 -0.0000 0.0000 0.0000 1.0000 0.0000 0.0000 1.0000 0.0000 0.0000 1.0000 0.0000 -0.0000 1.0000 0.0000 -0.0000 1.0000 0.0000 -0.0000 1.0000 -0.6070 -0.7947 0.0000 -0.6070 -0.7947 0.0000 -0.6070 -0.7947 0.0000 -0.6070 -0.7947 -0.0000 -0.6070 -0.7947 -0.0000 -0.6070 -0.7947 -0.0000 0.0000 0.0000 1.0000 0.0000 0.0000 1.0000 0.0000 0.0000 1.0000 0.0000 -0.0000 1.0000 0.0000 -0.0000 1.0000 0.0000 -0.0000 1.0000 -0.6070 -0.7947 0.0000 -0.6070 -0.7947 0.0000 -0.6070 -0.7947 0.0000 -0.6070 -0.7947 -0.0000 -0.6070 -0.7947 -0.0000 -0.6070 -0.7947 -0.0000 0.0000 0.0000 1.0000 0.0000 0.0000 1.0000 0.0000 0.0000 1.0000 0.0000 -0.0000 1.0000 0.0000 -0.0000 1.0000 0.0000 -0.0000 1.0000 -0.5655 -0.8248 0.0000 -0.5655 -0.8248 0.0000 -0.5655 -0.8248 0.0000 -0.5655 -0.8248 -0.0000 -0.5655 -0.8248 -0.0000 -0.5655 -0.8248 -0.0000 0.0000 0.0000 1.0000 0.0000 0.0000 1.0000 0.0000 0.0000 1.0000 0.0000 -0.0000 1.0000 0.0000 -0.0000 1.0000 0.0000 -0.0000 1.0000 -0.5655 -0.8248 0.0000 -0.5655 -0.8248 0.0000 -0.5655 -0.8248 0.0000 -0.5655 -0.8248 -0.0000 -0.5655 -0.8248 -0.0000 -0.5655 -0.8248 -0.0000 0.0000 0.0000 1.0000 0.0000 0.0000 1.0000 0.0000 0.0000 1.0000 0.0000 -0.0000 1.0000 0.0000 -0.0000 1.0000 0.0000 -0.0000 1.0000 -0.5840 -0.8118 0.0000 -0.5840 -0.8118 0.0000 -0.5840 -0.8118 0.0000 -0.5840 -0.8118 -0.0000 -0.5840 -0.8118 -0.0000 -0.5840 -0.8118 -0.0000 0.0000 0.0000 1.0000 0.0000 0.0000 1.0000 0.0000 0.0000 1.0000 0.0000 -0.0000 1.0000 0.0000 -0.0000 1.0000 0.0000 -0.0000 1.0000 -0.5840 -0.8118 0.0000 -0.5840 -0.8118 0.0000 -0.5840 -0.8118 0.0000 -0.5840 -0.8118 -0.0000 -0.5840 -0.8118 -0.0000 -0.5840 -0.8118 -0.0000 0.0000 0.0000 1.0000 0.0000 0.0000 1.0000 0.0000 0.0000 1.0000 0.0000 -0.0000 1.0000 0.0000 -0.0000 1.0000 0.0000 -0.0000 1.0000 -0.6436 -0.7654 0.0000 -0.6436 -0.7654 0.0000 -0.6436 -0.7654 0.0000 -0.6436 -0.7654 -0.0000 -0.6436 -0.7654 -0.0000 -0.6436 -0.7654 -0.0000 0.0000 0.0000 1.0000 0.0000 0.0000 1.0000 0.0000 0.0000 1.0000 0.0000 -0.0000 1.0000 0.0000 -0.0000 1.0000 0.0000 -0.0000 1.0000 -0.6436 -0.7654 0.0000 -0.6436 -0.7654 0.0000 -0.6436 -0.7654 0.0000 -0.6436 -0.7654 -0.0000 -0.6436 -0.7654 -0.0000 -0.6436 -0.7654 -0.0000 0.0000 0.0000 1.0000 0.0000 0.0000 1.0000 0.0000 0.0000 1.0000 0.0000 -0.0000 1.0000 0.0000 -0.0000 1.0000 0.0000 -0.0000 1.0000 -0.6563 -0.7545 0.0000 -0.6563 -0.7545 0.0000 -0.6563 -0.7545 0.0000 -0.6563 -0.7545 -0.0000 -0.6563 -0.7545 -0.0000 -0.6563 -0.7545 -0.0000 0.0000 0.0000 1.0000 0.0000 0.0000 1.0000 0.0000 0.0000 1.0000 0.0000 -0.0000 1.0000 0.0000 -0.0000 1.0000 0.0000 -0.0000 1.0000 -0.6563 -0.7545 0.0000 -0.6563 -0.7545 0.0000 -0.6563 -0.7545 0.0000 -0.6563 -0.7545 -0.0000 -0.6563 -0.7545 -0.0000 -0.6563 -0.7545 -0.0000 0.0000 0.0000 1.0000 0.0000 0.0000 1.0000 0.0000 0.0000 1.0000 0.0000 -0.0000 1.0000 0.0000 -0.0000 1.0000 0.0000 -0.0000 1.0000 -0.6118 -0.7910 0.0000 -0.6118 -0.7910 0.0000 -0.6118 -0.7910 0.0000 -0.6118 -0.7910 -0.0000 -0.6118 -0.7910 -0.0000 -0.6118 -0.7910 -0.0000 0.0000 0.0000 1.0000 0.0000 0.0000 1.0000 0.0000 0.0000 1.0000 0.0000 -0.0000 1.0000 0.0000 -0.0000 1.0000 0.0000 -0.0000 1.0000 -0.6118 -0.7910 0.0000 -0.6118 -0.7910 0.0000 -0.6118 -0.7910 0.0000 -0.6118 -0.7910 -0.0000 -0.6118 -0.7910 -0.0000 -0.6118 -0.7910 -0.0000 0.0000 0.0000 1.0000 0.0000 0.0000 1.0000 0.0000 0.0000 1.0000 0.0000 -0.0000 1.0000 0.0000 -0.0000 1.0000 0.0000 -0.0000 1.0000 -0.4912 -0.8711 0.0000 -0.4912 -0.8711 0.0000 -0.4912 -0.8711 0.0000 -0.4912 -0.8711 -0.0000 -0.4912 -0.8711 -0.0000 -0.4912 -0.8711 -0.0000 0.0000 0.0000 1.0000 0.0000 0.0000 1.0000 0.0000 0.0000 1.0000 0.0000 -0.0000 1.0000 0.0000 -0.0000 1.0000 0.0000 -0.0000 1.0000 -0.4912 -0.8711 0.0000 -0.4912 -0.8711 0.0000 -0.4912 -0.8711 0.0000 -0.4912 -0.8711 -0.0000 -0.4912 -0.8711 -0.0000 -0.4912 -0.8711 -0.0000 0.0000 0.0000 1.0000 0.0000 0.0000 1.0000 0.0000 0.0000 1.0000 0.0000 -0.0000 1.0000 0.0000 -0.0000 1.0000 0.0000 -0.0000 1.0000 -0.2834 -0.9590 0.0000 -0.2834 -0.9590 0.0000 -0.2834 -0.9590 0.0000 -0.2834 -0.9590 -0.0000 -0.2834 -0.9590 -0.0000 -0.2834 -0.9590 -0.0000 0.0000 0.0000 1.0000 0.0000 0.0000 1.0000 0.0000 0.0000 1.0000 0.0000 -0.0000 1.0000 0.0000 -0.0000 1.0000 0.0000 -0.0000 1.0000 -0.2834 -0.9590 0.0000 -0.2834 -0.9590 0.0000 -0.2834 -0.9590 0.0000 -0.2834 -0.9590 -0.0000 -0.2834 -0.9590 -0.0000 -0.2834 -0.9590 -0.0000 0.0000 0.0000 1.0000 0.0000 0.0000 1.0000 0.0000 0.0000 1.0000 0.0000 -0.0000 1.0000 0.0000 -0.0000 1.0000 0.0000 -0.0000 1.0000 -0.0274 -0.9996 0.0000 -0.0274 -0.9996 0.0000 -0.0274 -0.9996 0.0000 -0.0274 -0.9996 -0.0000 -0.0274 -0.9996 -0.0000 -0.0274 -0.9996 -0.0000 0.0000 0.0000 1.0000 0.0000 0.0000 1.0000 0.0000 0.0000 1.0000 0.0000 -0.0000 1.0000 0.0000 -0.0000 1.0000 0.0000 -0.0000 1.0000 -0.0274 -0.9996 0.0000 -0.0274 -0.9996 0.0000 -0.0274 -0.9996 0.0000 -0.0274 -0.9996 -0.0000 -0.0274 -0.9996 -0.0000 -0.0274 -0.9996 -0.0000 0.0000 0.0000 1.0000 0.0000 0.0000 1.0000 0.0000 0.0000 1.0000 0.0000 0.0000 1.0000 0.0000 0.0000 1.0000 0.0000 0.0000 1.0000 0.2003 -0.9797 0.0000 0.2003 -0.9797 0.0000 0.2003 -0.9797 0.0000 0.2003 -0.9797 0.0000 0.2003 -0.9797 0.0000 0.2003 -0.9797 0.0000 0.0000 0.0000 1.0000 0.0000 0.0000 1.0000 0.0000 0.0000 1.0000 0.0000 0.0000 1.0000 0.0000 0.0000 1.0000 0.0000 0.0000 1.0000 0.2003 -0.9797 0.0000 0.2003 -0.9797 0.0000 0.2003 -0.9797 0.0000 0.2003 -0.9797 0.0000 0.2003 -0.9797 0.0000 0.2003 -0.9797 0.0000 0.0000 0.0000 1.0000 0.0000 0.0000 1.0000 0.0000 0.0000 1.0000 0.0000 0.0000 1.0000 0.0000 0.0000 1.0000 0.0000 0.0000 1.0000 0.3389 -0.9408 0.0000 0.3389 -0.9408 0.0000 0.3389 -0.9408 0.0000 0.3389 -0.9408 0.0000 0.3389 -0.9408 0.0000 0.3389 -0.9408 0.0000 0.0000 0.0000 1.0000 0.0000 0.0000 1.0000 0.0000 0.0000 1.0000 0.0000 0.0000 1.0000 0.0000 0.0000 1.0000 0.0000 0.0000 1.0000 0.3389 -0.9408 0.0000 0.3389 -0.9408 0.0000 0.3389 -0.9408 0.0000 0.3389 -0.9408 0.0000 0.3389 -0.9408 0.0000 0.3389 -0.9408 0.0000 0.0000 0.0000 1.0000 0.0000 0.0000 1.0000 0.0000 0.0000 1.0000 0.0000 0.0000 1.0000 0.0000 0.0000 1.0000 0.0000 0.0000 1.0000 0.4121 -0.9112 0.0000 0.4121 -0.9112 0.0000 0.4121 -0.9112 0.0000 0.4121 -0.9112 0.0000 0.4121 -0.9112 0.0000 0.4121 -0.9112 0.0000 0.0000 0.0000 1.0000 0.0000 0.0000 1.0000 0.0000 0.0000 1.0000 0.0000 0.0000 1.0000 0.0000 0.0000 1.0000 0.0000 0.0000 1.0000 0.4121 -0.9112 0.0000 0.4121 -0.9112 0.0000 0.4121 -0.9112 0.0000 0.4121 -0.9112 0.0000 0.4121 -0.9112 0.0000 0.4121 -0.9112 0.0000 0.0000 0.0000 1.0000 0.0000 0.0000 1.0000 0.0000 0.0000 1.0000 0.0000 0.0000 1.0000 0.0000 0.0000 1.0000 0.0000 0.0000 1.0000 0.4617 -0.8871 0.0000 0.4617 -0.8871 0.0000 0.4617 -0.8871 0.0000 0.4617 -0.8871 0.0000 0.4617 -0.8871 0.0000 0.4617 -0.8871 0.0000 0.0000 0.0000 1.0000 0.0000 0.0000 1.0000 0.0000 0.0000 1.0000 0.0000 0.0000 1.0000 0.0000 0.0000 1.0000 0.0000 0.0000 1.0000 0.4617 -0.8871 0.0000 0.4617 -0.8871 0.0000 0.4617 -0.8871 0.0000 0.4617 -0.8871 0.0000 0.4617 -0.8871 0.0000 0.4617 -0.8871 0.0000 0.0000 0.0000 1.0000 0.0000 0.0000 1.0000 0.0000 0.0000 1.0000 0.0000 0.0000 1.0000 0.0000 0.0000 1.0000 0.0000 0.0000 1.0000 0.4970 -0.8677 0.0000 0.4970 -0.8677 0.0000 0.4970 -0.8677 0.0000 0.4970 -0.8677 0.0000 0.4970 -0.8677 0.0000 0.4970 -0.8677 0.0000 0.0000 0.0000 1.0000 0.0000 0.0000 1.0000 0.0000 0.0000 1.0000 0.0000 0.0000 1.0000 0.0000 0.0000 1.0000 0.0000 0.0000 1.0000 0.4970 -0.8677 0.0000 0.4970 -0.8677 0.0000 0.4970 -0.8677 0.0000 0.4970 -0.8677 0.0000 0.4970 -0.8677 0.0000 0.4970 -0.8677 0.0000 0.0000 0.0000 1.0000 0.0000 0.0000 1.0000 0.0000 0.0000 1.0000 0.0000 0.0000 1.0000 0.0000 0.0000 1.0000 0.0000 0.0000 1.0000 0.5232 -0.8522 0.0000 0.5232 -0.8522 0.0000 0.5232 -0.8522 0.0000 0.5232 -0.8522 0.0000 0.5232 -0.8522 0.0000 0.5232 -0.8522 0.0000 0.0000 0.0000 1.0000 0.0000 0.0000 1.0000 0.0000 0.0000 1.0000 0.0000 0.0000 1.0000 0.0000 0.0000 1.0000 0.0000 0.0000 1.0000 0.5232 -0.8522 0.0000 0.5232 -0.8522 0.0000 0.5232 -0.8522 0.0000 0.5232 -0.8522 0.0000 0.5232 -0.8522 0.0000 0.5232 -0.8522 0.0000 0.0000 0.0000 1.0000 0.0000 0.0000 1.0000 0.0000 0.0000 1.0000 0.0000 0.0000 1.0000 0.0000 0.0000 1.0000 0.0000 0.0000 1.0000 0.5432 -0.8396 0.0000 0.5432 -0.8396 0.0000 0.5432 -0.8396 0.0000 0.5432 -0.8396 0.0000 0.5432 -0.8396 0.0000 0.5432 -0.8396 0.0000 0.0000 0.0000 1.0000 0.0000 0.0000 1.0000 0.0000 0.0000 1.0000 0.0000 0.0000 1.0000 0.0000 0.0000 1.0000 0.0000 0.0000 1.0000 0.5432 -0.8396 0.0000 0.5432 -0.8396 0.0000 0.5432 -0.8396 0.0000 0.5432 -0.8396 0.0000 0.5432 -0.8396 0.0000 0.5432 -0.8396 0.0000 0.0000 0.0000 1.0000 0.0000 0.0000 1.0000 0.0000 0.0000 1.0000 0.0000 0.0000 1.0000 0.0000 0.0000 1.0000 0.0000 0.0000 1.0000 0.5588 -0.8293 0.0000 0.5588 -0.8293 0.0000 0.5588 -0.8293 0.0000 0.5588 -0.8293 0.0000 0.5588 -0.8293 0.0000 0.5588 -0.8293 0.0000 0.0000 0.0000 1.0000 0.0000 0.0000 1.0000 0.0000 0.0000 1.0000 0.0000 0.0000 1.0000 0.0000 0.0000 1.0000 0.0000 0.0000 1.0000 0.5588 -0.8293 0.0000 0.5588 -0.8293 0.0000 0.5588 -0.8293 0.0000 0.5588 -0.8293 0.0000 0.5588 -0.8293 0.0000 0.5588 -0.8293 0.0000 0.0000 0.0000 1.0000 0.0000 0.0000 1.0000 0.0000 0.0000 1.0000 0.0000 0.0000 1.0000 0.0000 0.0000 1.0000 0.0000 0.0000 1.0000 0.5710 -0.8209 0.0000 0.5710 -0.8209 0.0000 0.5710 -0.8209 0.0000 0.5710 -0.8209 0.0000 0.5710 -0.8209 0.0000 0.5710 -0.8209 0.0000 0.0000 0.0000 1.0000 0.0000 0.0000 1.0000 0.0000 0.0000 1.0000 0.0000 0.0000 1.0000 0.0000 0.0000 1.0000 0.0000 0.0000 1.0000 0.5710 -0.8209 0.0000 0.5710 -0.8209 0.0000 0.5710 -0.8209 0.0000 0.5710 -0.8209 0.0000 0.5710 -0.8209 0.0000 0.5710 -0.8209 0.0000 0.0000 0.0000 1.0000 0.0000 0.0000 1.0000 0.0000 0.0000 1.0000 0.0000 0.0000 1.0000 0.0000 0.0000 1.0000 0.0000 0.0000 1.0000 0.5808 -0.8140 0.0000 0.5808 -0.8140 0.0000 0.5808 -0.8140 0.0000 0.5808 -0.8140 0.0000 0.5808 -0.8140 0.0000 0.5808 -0.8140 0.0000 0.0000 0.0000 1.0000 0.0000 0.0000 1.0000 0.0000 0.0000 1.0000 0.0000 0.0000 1.0000 0.0000 0.0000 1.0000 0.0000 0.0000 1.0000 0.5808 -0.8140 0.0000 0.5808 -0.8140 0.0000 0.5808 -0.8140 0.0000 0.5808 -0.8140 0.0000 0.5808 -0.8140 0.0000 0.5808 -0.8140 0.0000 0.0000 0.0000 1.0000 0.0000 0.0000 1.0000 0.0000 0.0000 1.0000 0.0000 0.0000 1.0000 0.0000 0.0000 1.0000 0.0000 0.0000 1.0000 0.5885 -0.8085 0.0000 0.5885 -0.8085 0.0000 0.5885 -0.8085 0.0000 0.5885 -0.8085 0.0000 0.5885 -0.8085 0.0000 0.5885 -0.8085 0.0000 0.0000 0.0000 1.0000 0.0000 0.0000 1.0000 0.0000 0.0000 1.0000 0.0000 0.0000 1.0000 0.0000 0.0000 1.0000 0.0000 0.0000 1.0000 0.5885 -0.8085 0.0000 0.5885 -0.8085 0.0000 0.5885 -0.8085 0.0000 0.5885 -0.8085 0.0000 0.5885 -0.8085 0.0000 0.5885 -0.8085 0.0000 0.0000 0.0000 1.0000 0.0000 0.0000 1.0000 0.0000 0.0000 1.0000 0.0000 0.0000 1.0000 0.0000 0.0000 1.0000 0.0000 0.0000 1.0000 0.5945 -0.8041 0.0000 0.5945 -0.8041 0.0000 0.5945 -0.8041 0.0000 0.5945 -0.8041 0.0000 0.5945 -0.8041 0.0000 0.5945 -0.8041 0.0000 0.0000 0.0000 1.0000 0.0000 0.0000 1.0000 0.0000 0.0000 1.0000 0.0000 0.0000 1.0000 0.0000 0.0000 1.0000 0.0000 0.0000 1.0000 0.5945 -0.8041 0.0000 0.5945 -0.8041 0.0000 0.5945 -0.8041 0.0000 0.5945 -0.8041 0.0000 0.5945 -0.8041 0.0000 0.5945 -0.8041 0.0000 0.0000 0.0000 1.0000 0.0000 0.0000 1.0000 0.0000 0.0000 1.0000 0.0000 0.0000 1.0000 0.0000 0.0000 1.0000 0.0000 0.0000 1.0000 0.5990 -0.8007 0.0000 0.5990 -0.8007 0.0000 0.5990 -0.8007 0.0000 0.5990 -0.8007 0.0000 0.5990 -0.8007 0.0000 0.5990 -0.8007 0.0000 0.0000 0.0000 1.0000 0.0000 0.0000 1.0000 0.0000 0.0000 1.0000 0.0000 0.0000 1.0000 0.0000 0.0000 1.0000 0.0000 0.0000 1.0000 0.5990 -0.8007 0.0000 0.5990 -0.8007 0.0000 0.5990 -0.8007 0.0000 0.5990 -0.8007 0.0000 0.5990 -0.8007 0.0000 0.5990 -0.8007 0.0000 0.0000 0.0000 1.0000 0.0000 0.0000 1.0000 0.0000 0.0000 1.0000 0.0000 0.0000 1.0000 0.0000 0.0000 1.0000 0.0000 0.0000 1.0000 0.6021 -0.7984 0.0000 0.6021 -0.7984 0.0000 0.6021 -0.7984 0.0000 0.6021 -0.7984 0.0000 0.6021 -0.7984 0.0000 0.6021 -0.7984 0.0000 0.0000 0.0000 1.0000 0.0000 0.0000 1.0000 0.0000 0.0000 1.0000 0.0000 0.0000 1.0000 0.0000 0.0000 1.0000 0.0000 0.0000 1.0000 0.6021 -0.7984 0.0000 0.6021 -0.7984 0.0000 0.6021 -0.7984 0.0000 0.6021 -0.7984 0.0000 0.6021 -0.7984 0.0000 0.6021 -0.7984 0.0000 0.0000 0.0000 1.0000 0.0000 0.0000 1.0000 0.0000 0.0000 1.0000 0.0000 0.0000 1.0000 0.0000 0.0000 1.0000 0.0000 0.0000 1.0000 0.6037 -0.7972 0.0000 0.6037 -0.7972 0.0000 0.6037 -0.7972 0.0000 0.6037 -0.7972 0.0000 0.6037 -0.7972 0.0000 0.6037 -0.7972 0.0000 0.0000 0.0000 1.0000 0.0000 0.0000 1.0000 0.0000 0.0000 1.0000 0.0000 0.0000 1.0000 0.0000 0.0000 1.0000 0.0000 0.0000 1.0000 0.6037 -0.7972 0.0000 0.6037 -0.7972 0.0000 0.6037 -0.7972 0.0000 0.6037 -0.7972 0.0000 0.6037 -0.7972 0.0000 0.6037 -0.7972 0.0000 0.0000 0.0000 1.0000 0.0000 0.0000 1.0000 0.0000 0.0000 1.0000 0.0000 0.0000 1.0000 0.0000 0.0000 1.0000 0.0000 0.0000 1.0000 0.6036 -0.7973 0.0000 0.6036 -0.7973 0.0000 0.6036 -0.7973 0.0000 0.6036 -0.7973 0.0000 0.6036 -0.7973 0.0000 0.6036 -0.7973 0.0000 0.0000 0.0000 1.0000 0.0000 0.0000 1.0000 0.0000 0.0000 1.0000 0.0000 0.0000 1.0000 0.0000 0.0000 1.0000 0.0000 0.0000 1.0000 0.6036 -0.7973 0.0000 0.6036 -0.7973 0.0000 0.6036 -0.7973 0.0000 0.6036 -0.7973 0.0000 0.6036 -0.7973 0.0000 0.6036 -0.7973 0.0000 0.0000 0.0000 1.0000 0.0000 0.0000 1.0000 0.0000 0.0000 1.0000 0.0000 0.0000 1.0000 0.0000 0.0000 1.0000 0.0000 0.0000 1.0000 0.6016 -0.7988 0.0000 0.6016 -0.7988 0.0000 0.6016 -0.7988 0.0000 0.6016 -0.7988 0.0000 0.6016 -0.7988 0.0000 0.6016 -0.7988 0.0000 0.0000 0.0000 1.0000 0.0000 0.0000 1.0000 0.0000 0.0000 1.0000 0.0000 0.0000 1.0000 0.0000 0.0000 1.0000 0.0000 0.0000 1.0000 0.6016 -0.7988 0.0000 0.6016 -0.7988 0.0000 0.6016 -0.7988 0.0000 0.6016 -0.7988 0.0000 0.6016 -0.7988 0.0000 0.6016 -0.7988 0.0000 0.0000 0.0000 1.0000 0.0000 0.0000 1.0000 0.0000 0.0000 1.0000 0.0000 0.0000 1.0000 0.0000 0.0000 1.0000 0.0000 0.0000 1.0000 0.5967 -0.8025 0.0000 0.5967 -0.8025 0.0000 0.5967 -0.8025 0.0000 0.5967 -0.8025 0.0000 0.5967 -0.8025 0.0000 0.5967 -0.8025 0.0000 0.0000 0.0000 1.0000 0.0000 0.0000 1.0000 0.0000 0.0000 1.0000 0.0000 0.0000 1.0000 0.0000 0.0000 1.0000 0.0000 0.0000 1.0000 0.5967 -0.8025 0.0000 0.5967 -0.8025 0.0000 0.5967 -0.8025 0.0000 0.5967 -0.8025 0.0000 0.5967 -0.8025 0.0000 0.5967 -0.8025 0.0000 0.0000 0.0000 1.0000 0.0000 0.0000 1.0000 0.0000 0.0000 1.0000 0.0000 0.0000 1.0000 0.0000 0.0000 1.0000 0.0000 0.0000 1.0000 0.5875 -0.8092 0.0000 0.5875 -0.8092 0.0000 0.5875 -0.8092 0.0000 0.5875 -0.8092 0.0000 0.5875 -0.8092 0.0000 0.5875 -0.8092 0.0000 0.0000 0.0000 1.0000 0.0000 0.0000 1.0000 0.0000 0.0000 1.0000 0.0000 0.0000 1.0000 0.0000 0.0000 1.0000 0.0000 0.0000 1.0000 0.5875 -0.8092 0.0000 0.5875 -0.8092 0.0000 0.5875 -0.8092 0.0000 0.5875 -0.8092 0.0000 0.5875 -0.8092 0.0000 0.5875 -0.8092 0.0000 0.0000 0.0000 1.0000 0.0000 0.0000 1.0000 0.0000 0.0000 1.0000 0.0000 0.0000 1.0000 0.0000 0.0000 1.0000 0.0000 0.0000 1.0000 0.5703 -0.8214 0.0000 0.5703 -0.8214 0.0000 0.5703 -0.8214 0.0000 0.5703 -0.8214 0.0000 0.5703 -0.8214 0.0000 0.5703 -0.8214 0.0000 0.0000 0.0000 1.0000 0.0000 0.0000 1.0000 0.0000 0.0000 1.0000 0.0000 0.0000 1.0000 0.0000 0.0000 1.0000 0.0000 0.0000 1.0000 0.5703 -0.8214 0.0000 0.5703 -0.8214 0.0000 0.5703 -0.8214 0.0000 0.5703 -0.8214 0.0000 0.5703 -0.8214 0.0000 0.5703 -0.8214 0.0000 0.0000 0.0000 1.0000 0.0000 0.0000 1.0000 0.0000 0.0000 1.0000 0.0000 0.0000 1.0000 0.0000 0.0000 1.0000 0.0000 0.0000 1.0000 0.5703 -0.8214 0.0000 0.5703 -0.8214 0.0000 0.5703 -0.8214 0.0000 0.5703 -0.8214 0.0000 0.5703 -0.8214 0.0000 0.5703 -0.8214 0.0000 0.0000 0.0000 1.0000 0.0000 0.0000 1.0000 0.0000 0.0000 1.0000 0.0000 0.0000 1.0000 0.0000 0.0000 1.0000 0.0000 0.0000 1.0000 0.5703 -0.8214 0.0000 0.5703 -0.8214 0.0000 0.5703 -0.8214 0.0000 0.5703 -0.8214 0.0000 0.5703 -0.8214 0.0000 0.5703 -0.8214 0.0000</float_array>
          <technique_common>
            <accessor source="#portal_arc_a999-mesh-normals-array" count="5364" stride="3">
              <param name="X" type="float"/>
              <param name="Y" type="float"/>
              <param name="Z" type="float"/>
            </accessor>
          </technique_common>
        </source>
        <source id="portal_arc_a999-mesh-map-0">
          <float_array id="portal_arc_a999-mesh-map-0-array" count="10728">0 0 0 0 0 0 0 0 0 0 0 0 0 0 0 0 0 0 0 0 0 0 0 0 0 0 0 0 0 0 0 0 0 0 0 0 0 0 0 0 0 0 0 0 0 0 0 0 0 0 0 0 0 0 0 0 0 0 0 0 0 0 0 0 0 0 0 0 0 0 0 0 0 0 0 0 0 0 0 0 0 0 0 0 0 0 0 0 0 0 0 0 0 0 0 0 0 0 0 0 0 0 0 0 0 0 0 0 0 0 0 0 0 0 0 0 0 0 0 0 0 0 0 0 0 0 0 0 0 0 0 0 0 0 0 0 0 0 0 0 0 0 0 0 0 0 0 0 0 0 0 0 0 0 0 0 0 0 0 0 0 0 0 0 0 0 0 0 0 0 0 0 0 0 0 0 0 0 0 0 0 0 0 0 0 0 0 0 0 0 0 0 0 0 0 0 0 0 0 0 0 0 0 0 0 0 0 0 0 0 0 0 0 0 0 0 0 0 0 0 0 0 0 0 0 0 0 0 0 0 0 0 0 0 0 0 0 0 0 0 0 0 0 0 0 0 0 0 0 0 0 0 0 0 0 0 0 0 0 0 0 0 0 0 0 0 0 0 0 0 0 0 0 0 0 0 0 0 0 0 0 0 0 0 0 0 0 0 0 0 0 0 0 0 0 0 0 0 0 0 0 0 0 0 0 0 0 0 0 0 0 0 0 0 0 0 0 0 0 0 0 0 0 0 0 0 0 0 0 0 0 0 0 0 0 0 0 0 0 0 0 0 0 0 0 0 0 0 0 0 0 0 0 0 0 0 0 0 0 0 0 0 0 0 0 0 0 0 0 0 0 0 0 0 0 0 0 0 0 0 0 0 0 0 0 0 0 0 0 0 0 0 0 0 0 0 0 0 0 0 0 0 0 0 0 0 0 0 0 0 0 0 0 0 0 0 0 0 0 0 0 0 0 0 0 0 0 0 0 0 0 0 0 0 0 0 0 0 0 0 0 0 0 0 0 0 0 0 0 0 0 0 0 0 0 0 0 0 0 0 0 0 0 0 0 0 0 0 0 0 0 0 0 0 0 0 0 0 0 0 0 0 0 0 0 0 0 0 0 0 0 0 0 0 0 0 0 0 0 0 0 0 0 0 0 0 0 0 0 0 0 0 0 0 0 0 0 0 0 0 0 0 0 0 0 0 0 0 0 0 0 0 0 0 0 0 0 0 0 0 0 0 0 0 0 0 0 0 0 0 0 0 0 0 0 0 0 0 0 0 0 0 0 0 0 0 0 0 0 0 0 0 0 0 0 0 0 0 0 0 0 0 0 0 0 0 0 0 0 0 0 0 0 0 0 0 0 0 0 0 0 0 0 0 0 0 0 0 0 0 0 0 0 0 0 0 0 0 0 0 0 0 0 0 0 0 0 0 0 0 0 0 0 0 0 0 0 0 0 0 0 0 0 0 0 0 0 0 0 0 0 0 0 0 0 0 0 0 0 0 0 0 0 0 0 0 0 0 0 0 0 0 0 0 0 0 0 0 0 0 0 0 0 0 0 0 0 0 0 0 0 0 0 0 0 0 0 0 0 0 0 0 0 0 0 0 0 0 0 0 0 0 0 0 0 0 0 0 0 0 0 0 0 0 0 0 0 0 0 0 0 0 0 0 0 0 0 0 0 0 0 0 0 0 0 0 0 0 0 0 0 0 0 0 0 0 0 0 0 0 0 0 0 0 0 0 0 0 0 0 0 0 0 0 0 0 0 0 0 0 0 0 0 0 0 0 0 0 0 0 0 0 0 0 0 0 0 0 0 0 0 0 0 0 0 0 0 0 0 0 0 0 0 0 0 0 0 0 0 0 0 0 0 0 0 0 0 0 0 0 0 0 0 0 0 0 0 0 0 0 0 0 0 0 0 0 0 0 0 0 0 0 0 0 0 0 0 0 0 0 0 0 0 0 0 0 0 0 0 0 0 0 0 0 0 0 0 0 0 0 0 0 0 0 0 0 0 0 0 0 0 0 0 0 0 0 0 0 0 0 0 0 0 0 0 0 0 0 0 0 0 0 0 0 0 0 0 0 0 0 0 0 0 0 0 0 0 0 0 0 0 0 0 0 0 0 0 0 0 0 0 0 0 0 0 0 0 0 0 0 0 0 0 0 0 0 0 0 0 0 0 0 0 0 0 0 0 0 0 0 0 0 0 0 0 0 0 0 0 0 0 0 0 0 0 0 0 0 0 0 0 0 0 0 0 0 0 0 0 0 0 0 0 0 0 0 0 0 0 0 0 0 0 0 0 0 0 0 0 0 0 0 0 0 0 0 0 0 0 0 0 0 0 0 0 0 0 0 0 0 0 0 0 0 0 0 0 0 0 0 0 0 0 0 0 0 0 0 0 0 0 0 0 0 0 0 0 0 0 0 0 0 0 0 0 0 0 0 0 0 0 0 0 0 0 0 0 0 0 0 0 0 0 0 0 0 0 0 0 0 0 0 0 0 0 0 0 0 0 0 0 0 0 0 0 0 0 0 0 0 0 0 0 0 0 0 0 0 0 0 0 0 0 0 0 0 0 0 0 0 0 0 0 0 0 0 0 0 0 0 0 0 0 0 0 0 0 0 0 0 0 0 0 0 0 0 0 0 0 0 0 0 0 0 0 0 0 0 0 0 0 0 0 0 0 0 0 0 0 0 0 0 0 0 0 0 0 0 0 0 0 0 0 0 0 0 0 0 0 0 0 0 0 0 0 0 0 0 0 0 0 0 0 0 0 0 0 0 0 0 0 0 0 0 0 0 0 0 0 0 0 0 0 0 0 0 0 0 0 0 0 0 0 0 0 0 0 0 0 0 0 0 0 0 0 0 0 0 0 0 0 0 0 0 0 0 0 0 0 0 0 0 0 0 0 0 0 0 0 0 0 0 0 0 0 0 0 0 0 0 0 0 0 0 0 0 0 0 0 0 0 0 0 0 0 0 0 0 0 0 0 0 0 0 0 0 0 0 0 0 0 0 0 0 0 0 0 0 0 0 0 0 0 0 0 0 0 0 0 0 0 0 0 0 0 0 0 0 0 0 0 0 0 0 0 0 0 0 0 0 0 0 0 0 0 0 0 0 0 0 0 0 0 0 0 0 0 0 0 0 0 0 0 0 0 0 0 0 0 0 0 0 0 0 0 0 0 0 0 0 0 0 0 0 0 0 0 0 0 0 0 0 0 0 0 0 0 0 0 0 0 0 0 0 0 0 0 0 0 0 0 0 0 0 0 0 0 0 0 0 0 0 0 0 0 0 0 0 0 0 0 0 0 0 0 0 0 0 0 0 0 0 0 0 0 0 0 0 0 0 0 0 0 0 0 0 0 0 0 0 0 0 0 0 0 0 0 0 0 0 0 0 0 0 0 0 0 0 0 0 0 0 0 0 0 0 0 0 0 0 0 0 0 0 0 0 0 0 0 0 0 0 0 0 0 0 0 0 0 0 0 0 0 0 0 0 0 0 0 0 0 0 0 0 0 0 0 0 0 0 0 0 0 0 0 0 0 0 0 0 0 0 0 0 0 0 0 0 0 0 0 0 0 0 0 0 0 0 0 0 0 0 0 0 0 0 0 0 0 0 0 0 0 0 0 0 0 0 0 0 0 0 0 0 0 0 0 0 0 0 0 0 0 0 0 0 0 0 0 0 0 0 0 0 0 0 0 0 0 0 0 0 0 0 0 0 0 0 0 0 0 0 0 0 0 0 0 0 0 0 0 0 0 0 0 0 0 0 0 0 0 0 0 0 0 0 0 0 0 0 0 0 0 0 0 0 0 0 0 0 0 0 0 0 0 0 0 0 0 0 0 0 0 0 0 0 0 0 0 0 0 0 0 0 0 0 0 0 0 0 0 0 0 0 0 0 0 0 0 0 0 0 0 0 0 0 0 0 0 0 0 0 0 0 0 0 0 0 0 0 0 0 0 0 0 0 0 0 0 0 0 0 0 0 0 0 0 0 0 0 0 0 0 0 0 0 0 0 0 0 0 0 0 0 0 0 0 0 0 0 0 0 0 0 0 0 0 0 0 0 0 0 0 0 0 0 0 0 0 0 0 0 0 0 0 0 0 0 0 0 0 0 0 0 0 0 0 0 0 0 0 0 0 0 0 0 0 0 0 0 0 0 0 0 0 0 0 0 0 0 0 0 0 0 0 0 0 0 0 0 0 0 0 0 0 0 0 0 0 0 0 0 0 0 0 0 0 0 0 0 0 0 0 0 0 0 0 0 0 0 0 0 0 0 0 0 0 0 0 0 0 0 0 0 0 0 0 0 0 0 0 0 0 0 0 0 0 0 0 0 0 0 0 0 0 0 0 0 0 0 0 0 0 0 0 0 0 0 0 0 0 0 0 0 0 0 0 0 0 0 0 0 0 0 0 0 0 0 0 0 0 0 0 0 0 0 0 0 0 0 0 0 0 0 0 0 0 0 0 0 0 0 0 0 0 0 0 0 0 0 0 0 0 0 0 0 0 0 0 0 0 0 0 0 0 0 0 0 0 0 0 0 0 0 0 0 0 0 0 0 0 0 0 0 0 0 0 0 0 0 0 0 0 0 0 0 0 0 0 0 0 0 0 0 0 0 0 0 0 0 0 0 0 0 0 0 0 0 0 0 0 0 0 0 0 0 0 0 0 0 0 0 0 0 0 0 0 0 0 0 0 0 0 0 0 0 0 0 0 0 0 0 0 0 0 0 0 0 0 0 0 0 0 0 0 0 0 0 0 0 0 0 0 0 0 0 0 0 0 0 0 0 0 0 0 0 0 0 0 0 0 0 0 0 0 0 0 0 0 0 0 0 0 0 0 0 0 0 0 0 0 0 0 0 0 0 0 0 0 0 0 0 0 0 0 0 0 0 0 0 0 0 0 0 0 0 0 0 0 0 0 0 0 0 0 0 0 0 0 0 0 0 0 0 0 0 0 0 0 0 0 0 0 0 0 0 0 0 0 0 0 0 0 0 0 0 0 0 0 0 0 0 0 0 0 0 0 0 0 0 0 0 0 0 0 0 0 0 0 0 0 0 0 0 0 0 0 0 0 0 0 0 0 0 0 0 0 0 0 0 0 0 0 0 0 0 0 0 0 0 0 0 0 0 0 0 0 0 0 0 0 0 0 0 0 0 0 0 0 0 0 0 0 0 0 0 0 0 0 0 0 0 0 0 0 0 0 0 0 0 0 0 0 0 0 0 0 0 0 0 0 0 0 0 0 0 0 0 0 0 0 0 0 0 0 0 0 0 0 0 0 0 0 0 0 0 0 0 0 0 0 0 0 0 0 0 0 0 0 0 0 0 0 0 0 0 0 0 0 0 0 0 0 0 0 0 0 0 0 0 0 0 0 0 0 0 0 0 0 0 0 0 0 0 0 0 0 0 0 0 0 0 0 0 0 0 0 0 0 0 0 0 0 0 0 0 0 0 0 0 0 0 0 0 0 0 0 0 0 0 0 0 0 0 0 0 0 0 0 0 0 0 0 0 0 0 0 0 0 0 0 0 0 0 0 0 0 0 0 0 0 0 0 0 0 0 0 0 0 0 0 0 0 0 0 0 0 0 0 0 0 0 0 0 0 0 0 0 0 0 0 0 0 0 0 0 0 0 0 0 0 0 0 0 0 0 0 0 0 0 0 0 0 0 0 0 0 0 0 0 0 0 0 0 0 0 0 0 0 0 0 0 0 0 0 0 0 0 0 0 0 0 0 0 0 0 0 0 0 0 0 0 0 0 0 0 0 0 0 0 0 0 0 0 0 0 0 0 0 0 0 0 0 0 0 0 0 0 0 0 0 0 0 0 0 0 0 0 0 0 0 0 0 0 0 0 0 0 0 0 0 0 0 0 0 0 0 0 0 0 0 0 0 0 0 0 0 0 0 0 0 0 0 0 0 0 0 0 0 0 0 0 0 0 0 0 0 0 0 0 0 0 0 0 0 0 0 0 0 0 0 0 0 0 0 0 0 0 0 0 0 0 0 0 0 0 0 0 0 0 0 0 0 0 0 0 0 0 0 0 0 0 0 0 0 0 0 0 0 0 0 0 0 0 0 0 0 0 0 0 0 0 0 0 0 0 0 0 0 0 0 0 0 0 0 0 0 0 0 0 0 0 0 0 0 0 0 0 0 0 0 0 0 0 0 0 0 0 0 0 0 0 0 0 0 0 0 0 0 0 0 0 0 0 0 0 0 0 0 0 0 0 0 0 0 0 0 0 0 0 0 0 0 0 0 0 0 0 0 0 0 0 0 0 0 0 0 0 0 0 0 0 0 0 0 0 0 0 0 0 0 0 0 0 0 0 0 0 0 0 0 0 0 0 0 0 0 0 0 0 0 0 0 0 0 0 0 0 0 0 0 0 0 0 0 0 0 0 0 0 0 0 0 0 0 0 0 0 0 0 0 0 0 0 0 0 0 0 0 0 0 0 0 0 0 0 0 0 0 0 0 0 0 0 0 0 0 0 0 0 0 0 0 0 0 0 0 0 0 0 0 0 0 0 0 0 0 0 0 0 0 0 0 0 0 0 0 0 0 0 0 0 0 0 0 0 0 0 0 0 0 0 0 0 0 0 0 0 0 0 0 0 0 0 0 0 0 0 0 0 0 0 0 0 0 0 0 0 0 0 0 0 0 0 0 0 0 0 0 0 0 0 0 0 0 0 0 0 0 0 0 0 0 0 0 0 0 0 0 0 0 0 0 0 0 0 0 0 0 0 0 0 0 0 0 0 0 0 0 0 0 0 0 0 0 0 0 0 0 0 0 0 0 0 0 0 0 0 0 0 0 0 0 0 0 0 0 0 0 0 0 0 0 0 0 0 0 0 0 0 0 0 0 0 0 0 0 0 0 0 0 0 0 0 0 0 0 0 0 0 0 0 0 0 0 0 0 0 0 0 0 0 0 0 0 0 0 0 0 0 0 0 0 0 0 0 0 0 0 0 0 0 0 0 0 0 0 0 0 0 0 0 0 0 0 0 0 0 0 0 0 0 0 0 0 0 0 0 0 0 0 0 0 0 0 0 0 0 0 0 0 0 0 0 0 0 0 0 0 0 0 0 0 0 0 0 0 0 0 0 0 0 0 0 0 0 0 0 0 0 0 0 0 0 0 0 0 0 0 0 0 0 0 0 0 0 0 0 0 0 0 0 0 0 0 0 0 0 0 0 0 0 0 0 0 0 0 0 0 0 0 0 0 0 0 0 0 0 0 0 0 0 0 0 0 0 0 0 0 0 0 0 0 0 0 0 0 0 0 0 0 0 0 0 0 0 0 0 0 0 0 0 0 0 0 0 0 0 0 0 0 0 0 0 0 0 0 0 0 0 0 0 0 0 0 0 0 0 0 0 0 0 0 0 0 0 0 0 0 0 0 0 0 0 0 0 0 0 0 0 0 0 0 0 0 0 0 0 0 0 0 0 0 0 0 0 0 0 0 0 0 0 0 0 0 0 0 0 0 0 0 0 0 0 0 0 0 0 0 0 0 0 0 0 0 0 0 0 0 0 0 0 0 0 0 0 0 0 0 0 0 0 0 0 0 0 0 0 0 0 0 0 0 0 0 0 0 0 0 0 0 0 0 0 0 0 0 0 0 0 0 0 0 0 0 0 0 0 0 0 0 0 0 0 0 0 0 0 0 0 0 0 0 0 0 0 0 0 0 0 0 0 0 0 0 0 0 0 0 0 0 0 0 0 0 0 0 0 0 0 0 0 0 0 0 0 0 0 0 0 0 0 0 0 0 0 0 0 0 0 0 0 0 0 0 0 0 0 0 0 0 0 0 0 0 0 0 0 0 0 0 0 0 0 0 0 0 0 0 0 0 0 0 0 0 0 0 0 0 0 0 0 0 0 0 0 0 0 0 0 0 0 0 0 0 0 0 0 0 0 0 0 0 0 0 0 0 0 0 0 0 0 0 0 0 0 0 0 0 0 0 0 0 0 0 0 0 0 0 0 0 0 0 0 0 0 0 0 0 0 0 0 0 0 0 0 0 0 0 0 0 0 0 0 0 0 0 0 0 0 0 0 0 0 0 0 0 0 0 0 0 0 0 0 0 0 0 0 0 0 0 0 0 0 0 0 0 0 0 0 0 0 0 0 0 0 0 0 0 0 0 0 0 0 0 0 0 0 0 0 0 0 0 0 0 0 0 0 0 0 0 0 0 0 0 0 0 0 0 0 0 0 0 0 0 0 0 0 0 0 0 0 0 0 0 0 0 0 0 0 0 0 0 0 0 0 0 0 0 0 0 0 0 0 0 0 0 0 0 0 0 0 0 0 0 0 0 0 0 0 0 0 0 0 0 0 0 0 0 0 0 0 0 0 0 0 0 0 0 0 0 0 0 0 0 0 0 0 0 0 0 0 0 0 0 0 0 0 0 0 0 0 0 0 0 0 0 0 0 0 0 0 0 0 0 0 0 0 0 0 0 0 0 0 0 0 0 0 0 0 0 0 0 0 0 0 0 0 0 0 0 0 0 0 0 0 0 0 0 0 0 0 0 0 0 0 0 0 0 0 0 0 0 0 0 0 0 0 0 0 0 0 0 0 0 0 0 0 0 0 0 0 0 0 0 0 0 0 0 0 0 0 0 0 0 0 0 0 0 0 0 0 0 0 0 0 0 0 0 0 0 0 0 0 0 0 0 0 0 0 0 0 0 0 0 0 0 0 0 0 0 0 0 0 0 0 0 0 0 0 0 0 0 0 0 0 0 0 0 0 0 0 0 0 0 0 0 0 0 0 0 0 0 0 0 0 0 0 0 0 0 0 0 0 0 0 0 0 0 0 0 0 0 0 0 0 0 0 0 0 0 0 0 0 0 0 0 0 0 0 0 0 0 0 0 0 0 0 0 0 0 0 0 0 0 0 0 0 0 0 0 0 0 0 0 0 0 0 0 0 0 0 0 0 0 0 0 0 0 0 0 0 0 0 0 0 0 0 0 0 0 0 0 0 0 0 0 0 0 0 0 0 0 0 0 0 0 0 0 0 0 0 0 0 0 0 0 0 0 0 0 0 0 0 0 0 0 0 0 0 0 0 0 0 0 0 0 0 0 0 0 0 0 0 0 0 0 0 0 0 0 0 0 0 0 0 0 0 0 0 0 0 0 0 0 0 0 0 0 0 0 0 0 0 0 0 0 0 0 0 0 0 0 0 0 0 0 0 0 0 0 0 0 0 0 0 0 0 0 0 0 0 0 0 0 0 0 0 0 0 0 0 0 0 0 0 0 0 0 0 0 0 0 0 0 0 0 0 0 0 0 0 0 0 0 0 0 0 0 0 0 0 0 0 0 0 0 0 0 0 0 0 0 0 0 0 0 0 0 0 0 0 0 0 0 0 0 0 0 0 0 0 0 0 0 0 0 0 0 0 0 0 0 0 0 0 0 0 0 0 0 0 0 0 0 0 0 0 0 0 0 0 0 0 0 0 0 0 0 0 0 0 0 0 0 0 0 0 0 0 0 0 0 0 0 0 0 0 0 0 0 0 0 0 0 0 0 0 0 0 0 0 0 0 0 0 0 0 0 0 0 0 0 0 0 0 0 0 0 0 0 0 0 0 0 0 0 0 0 0 0 0 0 0 0 0 0 0 0 0 0 0 0 0 0 0 0 0 0 0 0 0 0 0 0 0 0 0 0 0 0 0 0 0 0 0 0 0 0 0 0 0 0 0 0 0 0 0 0 0 0 0 0 0 0 0 0 0 0 0 0 0 0 0 0 0 0 0 0 0 0 0 0 0 0 0 0 0 0 0 0 0 0 0 0 0 0 0 0 0 0 0 0 0 0 0 0 0 0 0 0 0 0 0 0 0 0 0 0 0 0 0 0 0 0 0 0 0 0 0 0 0 0 0 0 0 0 0 0 0 0 0 0 0 0 0 0 0 0 0 0 0 0 0 0 0 0 0 0 0 0 0 0 0 0 0 0 0 0 0 0 0 0 0 0 0 0 0 0 0 0 0 0 0 0 0 0 0 0 0 0 0 0 0 0 0 0 0 0 0 0 0 0 0 0 0 0 0 0 0 0 0 0 0 0 0 0 0 0 0 0 0 0 0 0 0 0 0 0 0 0 0 0 0 0 0 0 0 0 0 0 0 0 0 0 0 0 0 0 0 0 0 0 0 0 0 0 0 0 0 0 0 0 0 0 0 0 0 0 0 0 0 0 0 0 0 0 0 0 0 0 0 0 0 0 0 0 0 0 0 0 0 0 0 0 0 0 0 0 0 0 0 0 0 0 0 0 0 0 0 0 0 0 0 0 0 0 0 0 0 0 0 0 0 0 0 0 0 0 0 0 0 0 0 0 0 0 0 0 0 0 0 0 0 0 0 0 0 0 0 0 0 0 0 0 0 0 0 0 0 0 0 0 0 0 0 0 0 0 0 0 0 0 0 0 0 0 0 0 0 0 0 0 0 0 0 0 0 0 0 0 0 0 0 0 0 0 0 0 0 0 0 0 0 0 0 0 0 0 0 0 0 0 0 0 0 0 0 0 0 0 0 0 0 0 0 0 0 0 0 0 0 0 0 0 0 0 0 0 0 0 0 0 0 0 0 0 0 0 0 0 0 0 0 0 0 0 0 0 0 0 0 0 0 0 0 0 0 0 0 0 0 0 0 0 0 0 0 0 0 0 0 0 0 0 0 0 0 0 0 0 0 0 0 0 0 0 0 0 0 0 0 0 0 0 0 0 0 0 0 0 0 0 0 0 0 0 0 0 0 0 0 0 0 0 0 0 0 0 0 0 0 0 0 0 0 0 0 0 0 0 0 0 0 0 0 0 0 0 0 0 0 0 0 0 0 0 0 0 0 0 0 0 0 0 0 0 0 0 0 0 0 0 0 0 0 0 0 0 0 0 0 0 0 0 0 0 0 0 0 0 0 0 0 0 0 0 0 0 0 0 0 0 0 0 0 0 0 0 0 0 0 0 0 0 0 0 0 0 0 0 0 0 0 0 0 0 0 0 0 0 0 0 0 0 0 0 0 0 0 0 0 0 0 0 0 0 0 0 0 0 0 0 0 0 0 0 0 0 0 0 0 0 0 0 0 0 0 0 0 0 0 0 0 0 0 0 0 0 0 0 0 0 0 0 0 0 0 0 0 0 0 0 0 0 0 0 0 0 0 0 0 0 0 0 0 0 0 0 0 0 0 0 0 0 0 0 0 0 0 0 0 0 0 0 0 0 0 0 0 0 0 0 0 0 0 0 0 0 0 0 0 0 0 0 0 0 0 0 0 0 0 0 0 0 0 0 0 0 0 0 0 0 0 0 0 0 0 0 0 0 0 0 0 0 0 0 0 0 0 0 0 0 0 0 0 0 0 0 0 0 0 0 0 0 0 0 0 0 0 0 0 0 0 0 0 0 0 0 0 0 0 0 0 0 0 0 0 0 0 0 0 0 0 0 0 0 0 0 0 0 0 0 0 0 0 0 0 0 0 0 0 0 0 0 0 0 0 0 0 0 0 0 0 0 0 0 0 0 0 0 0 0 0 0 0 0 0 0 0 0 0 0 0 0 0 0 0 0 0 0 0 0 0 0 0 0 0 0 0 0 0 0 0 0 0 0 0 0 0 0 0 0 0 0 0 0 0 0 0 0 0 0 0 0 0 0 0 0 0 0 0 0 0 0 0 0 0 0 0 0 0 0 0 0 0 0 0 0 0 0 0 0 0 0 0 0 0 0 0 0 0 0 0 0 0 0 0 0 0 0 0 0 0 0 0 0 0 0 0 0 0 0 0 0 0 0 0 0 0 0 0 0 0 0 0 0 0 0 0 0 0 0 0 0 0 0 0 0 0 0 0 0 0 0 0 0 0 0 0 0 0 0 0 0 0 0 0 0 0 0 0 0 0 0 0 0 0 0 0 0 0 0 0 0 0 0 0 0 0 0 0 0 0 0 0 0 0 0 0 0 0 0 0 0 0 0 0 0 0 0 0 0 0 0 0 0 0 0 0 0 0 0 0 0 0 0 0 0 0 0 0 0 0 0 0 0 0 0 0 0 0 0 0 0 0 0 0 0 0 0 0 0 0 0 0 0 0 0 0 0 0 0 0 0 0 0 0 0 0 0 0 0 0 0 0 0 0 0 0 0 0 0 0 0 0 0 0 0 0 0 0 0 0 0 0 0 0 0 0 0 0 0 0 0 0 0 0 0 0 0 0 0 0 0 0 0 0 0 0 0 0 0 0 0 0 0 0 0 0 0 0 0 0 0 0 0 0 0 0 0 0 0 0 0 0 0 0 0 0 0 0 0 0 0 0 0 0 0 0 0 0 0 0 0 0 0 0 0 0 0 0 0 0 0 0 0 0 0 0 0 0 0 0 0 0 0 0 0 0 0 0 0 0 0 0 0 0 0 0 0 0 0 0 0 0 0 0 0 0 0 0 0 0 0 0 0 0 0 0 0 0 0 0 0 0 0 0 0 0 0 0 0 0 0 0 0 0 0 0 0 0 0 0 0 0 0 0 0 0 0 0 0 0 0 0 0 0 0 0 0 0 0 0 0 0 0 0 0 0 0 0 0 0 0 0 0 0 0 0 0 0 0 0 0 0 0 0 0 0 0 0 0 0 0 0 0 0 0 0 0 0 0 0 0 0 0 0 0 0 0 0 0 0 0 0 0 0 0 0 0 0 0 0 0 0 0 0 0 0 0 0 0 0 0 0 0 0 0 0 0 0 0 0 0 0 0 0 0 0 0 0 0 0 0 0 0 0 0 0 0 0 0 0 0 0 0 0 0 0 0 0 0 0 0 0 0 0 0 0 0 0 0 0 0 0 0 0 0 0 0 0 0 0 0 0 0 0 0 0 0 0 0 0 0 0 0 0 0 0 0 0 0 0 0 0 0 0 0 0 0 0 0 0 0 0 0 0 0 0 0 0 0 0 0 0 0 0 0 0 0 0 0 0 0 0 0 0 0 0 0 0 0 0 0 0 0 0 0 0 0 0 0 0 0 0 0 0 0 0 0 0 0 0 0 0 0 0 0 0 0 0 0 0 0 0 0 0 0 0 0 0 0 0 0 0 0 0 0 0 0 0 0 0 0 0 0 0 0 0 0 0 0 0 0 0 0 0 0 0 0 0 0 0 0 0 0 0 0 0 0 0 0 0 0 0 0 0 0 0 0 0 0 0 0 0 0 0 0 0 0 0 0 0 0 0 0 0 0 0 0 0 0 0 0 0 0 0 0 0 0 0 0 0 0 0 0 0 0 0 0 0 0 0 0 0 0 0 0 0 0 0 0 0 0 0 0 0 0 0 0 0 0 0 0 0 0 0 0 0 0 0 0 0 0 0 0 0 0 0 0 0 0 0 0 0 0 0 0 0 0 0 0 0 0 0 0 0 0 0 0 0 0 0 0 0 0 0 0 0 0 0 0 0 0 0 0 0 0 0 0 0 0 0 0 0 0 0 0 0 0 0 0 0 0 0 0 0 0 0 0 0 0 0 0 0 0 0 0 0 0 0 0 0 0 0 0 0 0 0 0 0 0 0 0 0 0 0 0 0 0 0 0 0 0 0 0 0 0 0 0 0 0 0 0 0 0 0 0 0 0 0 0 0 0 0 0 0 0 0 0 0 0 0 0 0 0 0 0 0 0 0 0 0 0 0 0 0 0 0 0 0 0 0 0 0 0 0 0 0 0 0 0 0 0 0 0 0 0 0 0 0 0 0 0 0 0 0 0 0 0 0 0 0 0 0 0 0 0 0 0 0 0 0 0 0 0 0 0 0 0 0 0 0 0 0 0 0 0 0 0 0 0 0 0 0 0 0 0 0 0 0 0 0 0 0 0 0 0 0 0 0 0 0 0 0 0 0 0 0 0 0 0 0 0 0 0 0 0 0 0 0 0 0 0 0 0 0 0 0 0 0 0 0 0 0 0 0 0 0 0 0 0 0 0 0 0 0 0 0 0 0 0 0 0 0 0 0 0 0 0 0 0 0 0 0 0 0 0 0 0 0 0 0 0 0 0 0 0 0 0 0 0 0 0 0 0 0 0 0 0 0 0 0 0 0 0 0 0 0 0 0 0 0 0 0 0 0 0 0 0 0 0 0 0 0 0 0 0 0 0 0 0 0 0 0 0 0 0 0 0 0 0 0 0 0 0 0 0 0 0 0 0 0 0 0 0 0 0 0 0 0 0 0 0 0 0 0 0 0 0 0 0 0 0 0 0 0 0 0 0 0 0 0 0 0 0 0 0 0 0 0 0 0 0 0 0 0 0 0 0 0 0 0 0 0 0 0 0 0 0 0 0 0 0 0 0 0 0 0 0 0 0 0 0 0 0 0 0 0 0 0 0 0 0 0 0 0 0 0 0 0 0 0 0 0 0 0 0 0 0 0 0 0 0 0 0 0 0 0 0 0 0 0 0 0 0 0 0 0 0 0 0 0 0 0 0 0 0 0 0 0 0 0 0 0 0 0 0 0 0 0 0 0 0 0 0 0 0 0 0 0 0 0 0 0 0 0 0 0 0 0 0 0 0 0 0 0 0 0 0 0 0 0 0 0 0 0 0 0 0 0 0 0 0 0 0 0 0 0 0 0 0 0 0 0 0 0 0 0 0 0 0 0 0 0 0 0 0 0 0 0 0 0 0 0 0 0 0 0 0 0 0 0 0 0 0 0 0 0 0 0 0 0 0 0 0 0 0 0 0 0 0 0 0 0 0 0 0 0 0 0 0 0 0 0 0 0 0 0 0 0 0 0 0 0 0 0 0 0 0 0 0 0 0 0 0 0 0 0 0 0 0 0 0 0 0 0 0 0 0 0 0 0 0 0 0 0 0 0 0 0 0 0 0 0 0 0 0 0 0 0 0 0 0 0 0 0 0 0 0 0 0 0 0 0 0 0 0 0 0 0 0 0 0 0 0 0 0 0 0 0 0 0 0 0 0 0 0 0 0 0 0 0 0 0 0 0 0 0 0 0 0 0 0 0 0 0 0 0 0 0 0 0 0 0 0 0 0 0 0 0 0 0 0 0 0 0 0 0 0 0 0 0 0 0 0 0 0 0 0 0 0 0 0 0 0 0 0 0 0 0 0 0 0 0 0 0 0 0 0 0 0 0 0 0 0 0 0 0 0 0 0 0 0 0 0 0 0 0 0 0 0 0 0 0 0 0 0 0 0 0 0 0 0 0 0 0 0 0 0 0 0 0 0 0 0 0 0 0 0 0 0 0 0 0 0 0 0 0 0 0 0 0 0 0 0 0 0 0 0 0 0 0 0 0 0 0 0 0 0 0 0 0 0 0 0 0 0 0 0 0 0 0 0 0 0 0 0 0 0 0 0 0 0 0 0 0 0 0 0 0 0 0 0 0 0 0 0 0 0 0 0 0 0 0 0 0 0 0 0 0 0 0 0 0 0 0 0 0 0 0 0 0 0 0 0 0 0 0 0 0 0 0 0 0 0 0 0 0 0 0 0 0 0 0 0 0 0 0 0 0 0 0 0 0 0 0 0 0 0 0 0 0 0 0 0 0 0 0 0 0 0 0 0 0 0 0 0 0 0 0 0 0 0 0 0 0 0 0 0 0 0 0 0 0 0 0 0 0 0 0 0 0 0 0 0 0 0 0 0 0 0 0 0 0 0 0 0 0 0 0 0 0 0 0 0 0 0 0 0 0 0 0 0 0 0 0 0 0 0 0 0 0 0 0 0 0 0 0 0 0 0 0 0 0 0 0 0 0 0 0 0 0 0 0 0 0 0 0 0 0 0 0 0 0 0 0 0 0 0 0 0 0 0 0 0 0 0 0 0 0 0 0 0 0 0 0 0 0 0 0 0 0 0 0 0 0 0 0 0 0 0 0 0 0 0 0 0 0 0 0 0 0 0 0 0 0 0 0 0 0 0 0 0 0 0 0 0 0 0 0 0 0 0 0 0 0 0 0 0 0 0 0 0 0 0 0 0 0 0 0 0 0 0 0 0 0 0 0 0 0 0 0 0 0 0 0 0 0 0 0 0 0 0 0 0 0 0 0 0 0 0 0 0 0 0 0 0 0 0 0 0 0 0 0 0 0 0 0 0 0 0 0 0 0 0 0 0 0 0 0 0 0 0 0 0 0 0 0 0 0 0 0 0 0 0 0 0 0 0 0 0 0 0 0 0 0 0 0 0 0 0 0 0 0 0 0 0 0 0 0 0 0 0 0 0 0 0 0 0 0 0 0 0 0 0 0 0 0 0 0 0 0 0 0 0 0 0 0 0 0 0 0 0 0 0 0 0 0 0 0 0 0 0 0 0 0 0 0 0 0 0 0 0 0 0 0 0 0 0 0 0 0 0 0 0 0 0 0 0 0 0 0 0 0 0 0 0 0 0 0 0 0 0 0 0 0 0 0 0 0 0 0 0 0 0 0 0 0 0 0 0 0 0 0 0 0 0 0 0 0 0 0 0 0 0 0 0 0 0 0 0 0 0 0 0 0 0 0 0 0 0 0 0 0 0 0 0 0 0 0 0 0 0 0 0 0 0 0 0 0 0 0 0 0 0 0 0 0 0 0 0 0 0 0 0 0 0 0 0 0 0 0 0 0 0 0 0 0 0 0 0 0 0 0 0 0 0 0 0 0 0 0 0 0 0 0 0 0 0 0 0 0 0 0 0 0 0 0 0 0 0 0 0 0 0 0 0 0 0 0 0 0 0 0 0 0 0 0 0 0 0 0 0 0 0 0 0 0 0 0 0 0 0 0 0 0 0 0 0 0 0 0 0 0 0 0 0 0 0 0 0 0 0 0 0 0 0 0 0 0 0 0 0 0 0 0 0 0 0 0 0 0 0 0 0 0 0 0 0 0 0 0 0 0 0 0 0 0 0 0 0 0 0 0 0 0 0 0 0 0 0 0 0 0 0 0 0 0 0 0 0 0 0 0 0 0 0 0 0 0 0 0 0 0 0 0 0 0 0 0 0 0 0 0 0 0 0 0 0 0 0 0 0 0 0 0 0 0 0 0 0 0 0 0 0 0 0 0 0 0 0 0 0 0 0 0 0 0 0 0 0 0 0 0 0 0 0 0 0 0 0 0 0 0 0 0 0 0 0 0 0 0 0 0 0 0 0 0 0 0 0 0 0 0 0 0 0 0 0 0 0 0 0 0 0 0 0 0 0 0 0 0 0 0 0 0 0 0 0 0 0 0 0 0 0 0 0 0 0 0 0 0 0 0 0 0 0 0 0 0 0 0 0 0 0 0 0 0 0 0 0 0 0 0 0 0 0 0 0 0 0 0 0 0 0 0 0 0 0 0 0 0 0 0 0 0 0 0 0 0 0 0 0 0 0 0 0 0 0 0 0 0 0 0 0 0 0 0 0 0 0 0 0 0 0 0 0 0 0 0 0 0 0 0 0 0 0 0 0 0 0 0 0 0 0 0 0 0 0 0 0 0 0 0 0 0 0 0 0 0 0 0 0 0 0 0 0 0 0 0 0 0 0 0 0 0 0 0 0 0 0 0 0 0 0 0 0 0 0 0 0 0 0 0 0 0 0 0 0 0 0 0 0 0 0 0 0 0 0 0 0 0 0 0 0 0 0 0 0 0 0 0 0 0 0 0 0 0 0 0 0 0 0 0 0 0 0 0 0 0 0 0 0 0 0 0 0 0 0 0 0 0 0 0 0 0 0 0 0 0 0 0 0 0 0 0 0 0 0 0 0 0 0 0 0 0 0 0 0 0 0 0 0 0 0 0 0 0 0 0 0 0 0 0 0 0 0 0 0 0 0 0 0 0 0 0 0 0 0 0 0 0 0 0 0 0 0 0 0 0 0 0 0 0 0 0 0 0 0 0 0 0 0 0 0 0 0 0 0 0 0 0 0 0 0 0 0 0 0 0 0 0 0 0 0 0 0 0 0 0 0 0 0 0 0 0 0 0 0 0 0 0 0 0 0 0 0 0 0 0 0 0 0 0 0 0 0 0 0 0 0 0 0 0 0 0 0 0 0 0 0 0 0 0 0 0 0 0 0 0 0 0 0 0 0 0 0 0 0 0 0 0 0 0 0 0 0 0 0 0 0 0 0 0 0 0 0 0 0 0 0 0 0 0 0 0 0 0 0 0 0 0 0 0 0 0 0 0 0 0 0 0 0 0 0 0 0 0 0 0 0 0 0 0 0 0 0 0 0 0 0 0 0 0 0 0 0 0 0 0 0 0 0 0 0 0 0 0 0 0 0 0 0 0 0 0 0 0 0 0 0 0 0 0 0 0 0 0 0 0 0 0 0 0 0 0 0 0 0 0 0 0 0 0 0 0 0 0 0 0 0 0 0 0 0 0 0 0 0 0 0 0 0 0 0 0 0 0 0 0 0 0 0 0 0 0 0 0 0 0 0 0 0 0 0 0 0 0 0 0 0 0 0 0 0 0 0 0 0 0 0 0 0 0 0 0 0 0 0 0 0 0 0 0 0 0 0 0 0 0 0 0 0 0 0 0 0 0 0 0 0 0 0 0 0 0 0 0 0 0 0 0 0 0 0 0 0 0 0 0 0 0 0 0 0 0 0 0 0 0 0 0 0 0 0 0 0 0 0 0 0 0 0 0 0 0 0 0 0 0 0 0 0 0 0 0 0 0 0 0 0 0 0 0 0 0 0 0 0 0 0 0 0 0 0 0 0 0 0 0 0 0 0 0 0 0 0 0 0 0 0 0 0 0 0 0 0 0 0 0 0 0 0 0 0 0 0 0 0 0 0 0 0 0 0 0 0 0 0 0 0 0 0 0 0 0 0 0 0 0 0 0 0 0 0 0 0 0 0 0 0 0 0 0 0 0 0 0 0 0 0 0 0 0 0 0 0 0 0 0 0 0 0 0 0 0 0 0 0 0 0 0 0 0 0 0 0 0 0 0 0 0 0 0 0 0 0 0 0 0 0 0 0 0 0 0 0 0 0 0 0 0 0 0 0 0 0 0 0 0 0 0 0 0 0 0 0 0 0 0 0 0 0 0 0 0 0 0 0 0 0 0 0 0 0 0 0 0 0 0 0 0 0 0 0 0 0 0 0 0 0 0 0 0 0 0 0 0 0 0 0 0 0 0 0 0 0 0 0 0 0 0 0 0 0 0 0 0 0 0 0 0 0 0 0 0 0 0 0 0 0 0 0 0 0 0 0 0 0 0 0 0 0 0 0 0 0 0 0 0 0 0 0 0 0 0 0 0 0 0 0 0 0 0 0 0 0 0 0 0 0 0 0 0 0 0 0 0 0 0 0 0 0 0 0 0 0 0 0 0 0 0 0 0 0 0 0 0 0 0 0 0 0 0 0 0 0 0 0 0 0 0 0 0 0 0 0 0 0 0 0 0 0 0 0 0 0 0 0 0 0 0 0 0 0 0 0 0 0 0 0 0 0 0 0 0 0 0 0 0 0 0 0 0 0 0 0 0 0 0 0 0 0 0 0 0 0 0 0 0 0 0 0 0 0 0 0 0 0 0 0 0 0 0 0 0 0 0 0 0 0 0 0 0 0 0 0 0 0 0 0 0 0 0 0 0 0 0 0 0 0 0 0 0 0 0 0 0 0 0 0 0 0 0 0 0 0 0 0 0 0 0 0 0 0 0 0 0 0 0 0 0 0 0 0 0 0 0 0 0 0 0 0 0 0 0 0 0 0 0 0 0 0 0 0 0 0 0 0 0 0 0 0 0 0 0 0 0 0 0 0 0 0 0 0 0 0 0 0 0 0 0 0 0 0 0 0 0 0 0 0 0 0 0 0 0 0 0 0 0 0 0 0 0 0 0 0 0 0 0 0 0 0 0 0 0 0 0 0 0 0 0 0 0 0 0 0 0 0 0 0 0 0 0 0 0 0 0 0 0 0 0 0 0 0 0 0 0 0 0 0 0 0 0 0 0 0 0 0 0 0 0 0 0 0 0 0 0 0 0 0 0 0 0 0 0 0 0 0 0 0 0 0 0 0 0 0 0 0 0 0 0 0 0 0 0 0 0 0 0 0 0 0 0 0 0 0 0 0 0 0 0 0 0 0 0 0 0 0 0 0 0 0 0 0 0 0 0 0 0 0 0 0 0 0 0 0 0 0 0 0 0 0 0 0 0 0 0 0 0 0 0 0 0 0 0 0 0 0 0 0 0 0 0 0 0 0 0 0 0 0 0 0 0 0 0 0 0 0 0 0 0 0 0 0 0 0 0 0 0 0 0 0 0 0 0 0 0 0 0 0 0 0 0 0 0 0 0 0 0 0 0 0 0 0 0 0 0 0 0 0 0 0 0 0 0 0 0 0 0 0 0 0 0 0 0 0 0 0 0 0 0 0 0 0 0 0 0 0 0 0 0 0 0 0 0 0 0 0 0 0 0 0 0 0 0 0 0 0 0 0 0 0 0 0 0 0 0 0 0 0 0 0 0 0 0 0 0 0 0 0 0 0 0 0 0 0 0 0 0 0 0 0 0 0 0 0 0 0 0 0 0 0 0 0 0 0 0 0 0 0 0 0 0 0 0 0 0 0 0 0 0 0 0 0 0 0 0 0 0 0 0 0 0 0 0 0 0 0 0 0 0 0 0 0 0 0 0 0 0 0 0 0 0 0 0 0 0 0 0 0 0 0 0 0 0 0 0 0 0 0 0 0 0 0 0 0 0 0 0 0 0 0 0 0 0 0 0 0 0 0 0 0 0 0 0 0 0 0 0 0 0 0 0 0 0 0 0 0 0 0 0 0 0 0 0 0 0 0 0 0 0 0 0 0 0 0 0 0 0 0 0 0 0 0 0 0 0 0 0 0 0 0 0 0 0 0 0 0 0 0 0 0 0 0 0 0 0 0 0 0 0 0 0 0 0 0 0 0 0 0 0 0 0 0 0 0 0 0 0 0 0 0 0 0 0 0 0 0 0 0 0 0 0 0 0 0 0 0 0 0 0 0 0 0 0 0 0 0 0 0 0 0 0 0 0 0 0 0 0 0 0 0 0 0 0 0 0 0 0 0 0 0 0 0 0 0 0 0 0 0 0 0 0 0 0 0 0 0 0 0 0 0 0 0 0 0 0 0 0 0 0 0 0 0 0 0 0 0 0 0 0 0 0 0 0 0 0 0 0 0 0 0 0 0 0 0 0 0 0 0 0 0 0 0 0 0 0 0 0 0 0 0 0 0 0 0 0 0 0 0 0 0 0 0 0 0 0 0 0 0 0 0 0 0 0 0 0 0 0 0 0 0 0 0 0 0 0 0 0 0 0 0 0 0 0 0 0 0 0 0 0 0 0 0 0 0 0 0 0 0 0 0 0 0 0 0 0 0 0 0 0 0 0 0 0 0 0 0 0 0 0 0 0 0 0 0 0 0 0 0 0 0 0 0 0 0 0 0 0 0 0 0 0 0 0 0 0 0 0 0 0 0 0 0 0 0 0 0 0 0 0 0 0 0 0 0 0 0 0 0 0 0 0 0 0 0 0 0 0 0 0 0 0 0 0 0 0 0 0 0 0 0 0 0 0 0 0 0 0 0 0 0 0 0 0 0 0 0 0 0 0 0 0 0 0 0 0 0 0 0 0 0 0 0 0 0 0 0 0 0 0 0 0 0 0 0 0 0 0 0 0 0 0 0 0 0 0 0 0 0 0 0 0 0 0 0 0 0 0 0 0 0 0 0 0 0 0 0 0 0 0 0 0 0 0 0 0 0 0 0 0 0 0 0 0 0 0 0 0 0 0 0 0 0 0 0 0 0 0 0 0 0 0 0 0 0 0 0 0 0 0 0 0 0 0 0 0 0 0 0 0 0 0 0 0 0 0 0 0 0 0 0 0 0 0 0 0 0 0 0 0 0 0 0 0 0 0 0 0 0 0 0 0 0 0 0 0 0 0 0 0 0 0 0 0 0 0 0 0 0 0 0 0 0 0 0 0 0 0 0 0 0 0 0 0 0 0 0 0 0 0 0 0 0 0 0 0 0 0 0 0 0 0 0 0 0 0 0 0 0 0 0 0 0 0 0 0 0 0 0 0 0 0 0 0 0 0 0 0 0 0 0 0 0 0 0 0 0 0 0 0 0 0 0 0 0 0 0 0 0 0 0 0 0 0 0 0 0 0 0 0 0 0 0 0 0 0 0 0 0 0 0 0 0 0 0 0 0 0 0 0 0 0 0 0 0 0 0 0 0 0 0 0 0 0 0 0 0 0 0 0 0 0 0 0 0 0 0 0 0 0 0 0 0 0 0 0 0 0 0 0 0 0 0 0 0 0 0 0 0 0 0 0 0 0 0 0 0 0 0 0 0 0 0 0 0 0 0 0 0 0 0 0 0 0 0 0 0 0 0 0 0 0 0 0 0 0 0 0 0 0 0 0 0 0 0 0 0 0 0 0 0 0 0 0 0 0 0 0 0 0 0 0 0 0 0 0 0 0 0 0 0 0 0 0 0 0 0 0 0 0 0 0 0 0 0 0 0 0 0 0 0 0 0 0 0 0 0 0 0 0 0 0 0 0 0 0 0 0 0 0 0 0 0 0 0 0 0 0 0 0 0 0 0 0 0 0 0 0 0 0 0 0 0 0 0 0 0 0 0 0 0 0 0 0 0 0 0 0 0 0 0 0 0 0 0 0 0 0 0 0 0 0 0 0 0 0 0 0 0 0 0 0 0 0 0 0 0 0 0 0 0 0 0 0 0 0 0 0 0 0 0 0 0 0 0 0 0 0 0 0 0 0 0 0 0 0 0 0 0 0 0 0 0 0 0 0 0 0 0 0 0 0 0 0 0 0 0 0 0 0 0 0 0 0 0 0 0 0 0 0 0 0 0 0 0 0 0 0 0 0 0 0 0 0 0 0 0 0 0 0 0 0 0 0 0 0 0 0 0 0 0 0 0 0 0 0 0 0 0 0 0 0 0 0 0 0 0 0 0 0 0 0 0 0 0 0 0 0 0 0 0 0 0 0 0 0 0 0 0 0 0 0 0 0 0 0 0 0 0 0 0 0 0 0 0 0 0 0 0 0 0 0 0 0 0 0 0 0 0 0 0 0 0 0 0 0 0 0 0 0 0 0 0 0 0 0 0 0 0 0 0 0 0 0 0 0 0 0 0 0 0 0 0 0 0 0 0 0 0 0 0 0 0 0 0 0 0 0 0 0 0 0 0 0 0 0 0 0 0 0 0 0 0 0 0 0 0 0 0 0 0 0 0 0 0 0 0 0 0 0 0 0 0 0 0 0 0 0 0 0 0 0 0 0 0 0 0 0 0 0 0 0 0 0 0 0 0 0 0 0 0 0 0 0 0 0 0 0 0 0 0 0 0 0 0 0 0 0 0 0 0 0 0 0 0 0 0 0 0 0 0 0 0 0 0 0 0 0 0 0 0 0 0 0 0 0 0 0 0 0 0 0 0 0 0 0 0 0 0 0 0 0 0 0 0 0 0 0 0 0 0 0 0 0 0 0 0 0 0 0 0 0 0 0 0 0 0 0 0 0 0 0 0 0 0 0 0 0 0 0 0 0 0 0 0 0 0 0 0 0 0 0 0 0 0 0 0 0 0 0 0 0 0 0 0 0 0 0 0 0 0 0 0 0 0 0 0 0 0 0 0 0 0 0 0 0 0 0 0 0 0 0 0 0 0 0 0 0 0 0 0 0 0 0 0 0 0 0 0 0 0 0 0 0 0 0 0 0 0 0 0 0 0 0 0 0 0 0 0 0 0 0 0 0 0 0 0 0 0 0 0 0 0 0 0 0 0 0 0 0 0 0 0 0 0 0 0 0 0 0 0 0 0 0 0 0 0 0 0 0 0 0 0 0 0 0 0 0 0 0 0 0 0 0 0 0 0 0 0 0 0 0 0 0 0 0 0 0 0 0 0 0 0 0 0 0 0 0 0 0 0 0 0 0 0 0 0 0 0 0 0 0 0 0 0 0 0 0 0 0 0 0 0 0 0 0 0 0 0 0 0 0 0 0 0 0 0 0 0 0 0 0 0 0 0 0 0 0 0 0 0 0 0 0 0 0 0 0 0 0 0 0 0 0 0 0 0 0 0 0 0 0 0 0 0 0 0 0 0 0 0 0 0 0 0 0 0 0 0 0 0 0 0 0 0 0 0 0 0 0 0 0 0 0 0 0 0 0 0 0 0 0 0 0 0 0 0 0 0 0 0 0 0 0 0 0 0 0 0 0 0 0 0 0</float_array>
          <technique_common>
            <accessor source="#portal_arc_a999-mesh-map-0-array" count="5364" stride="2">
              <param name="S" type="float"/>
              <param name="T" type="float"/>
            </accessor>
          </technique_common>
        </source>
        <vertices id="portal_arc_a999-mesh-vertices">
          <input semantic="POSITION" source="#portal_arc_a999-mesh-positions"/>
        </vertices>
        <triangles material="portal_arc" count="1788">
          <input semantic="VERTEX" source="#portal_arc_a999-mesh-vertices" offset="0"/>
          <input semantic="NORMAL" source="#portal_arc_a999-mesh-normals" offset="0"/>
          <input semantic="TEXCOORD" source="#portal_arc_a999-mesh-map-0" offset="0" set="0"/>
          <p>0 1 2 3 4 5 6 7 8 9 10 11 12 13 14 15 16 17 18 19 20 21 22 23 24 25 26 27 28 29 30 31 32 33 34 35 36 37 38 39 40 41 42 43 44 45 46 47 48 49 50 51 52 53 54 55 56 57 58 59 60 61 62 63 64 65 66 67 68 69 70 71 72 73 74 75 76 77 78 79 80 81 82 83 84 85 86 87 88 89 90 91 92 93 94 95 96 97 98 99 100 101 102 103 104 105 106 107 108 109 110 111 112 113 114 115 116 117 118 119 120 121 122 123 124 125 126 127 128 129 130 131 132 133 134 135 136 137 138 139 140 141 142 143 144 145 146 147 148 149 150 151 152 153 154 155 156 157 158 159 160 161 162 163 164 165 166 167 168 169 170 171 172 173 174 175 176 177 178 179 180 181 182 183 184 185 186 187 188 189 190 191 192 193 194 195 196 197 198 199 200 201 202 203 204 205 206 207 208 209 210 211 212 213 214 215 216 217 218 219 220 221 222 223 224 225 226 227 228 229 230 231 232 233 234 235 236 237 238 239 240 241 242 243 244 245 246 247 248 249 250 251 252 253 254 255 256 257 258 259 260 261 262 263 264 265 266 267 268 269 270 271 272 273 274 275 276 277 278 279 280 281 282 283 284 285 286 287 288 289 290 291 292 293 294 295 296 297 298 299 300 301 302 303 304 305 306 307 308 309 310 311 312 313 314 315 316 317 318 319 320 321 322 323 324 325 326 327 328 329 330 331 332 333 334 335 336 337 338 339 340 341 342 343 344 345 346 347 348 349 350 351 352 353 354 355 356 357 358 359 360 361 362 363 364 365 366 367 368 369 370 371 372 373 374 375 376 377 378 379 380 381 382 383 384 385 386 387 388 389 390 391 392 393 394 395 396 397 398 399 400 401 402 403 404 405 406 407 408 409 410 411 412 413 414 415 416 417 418 419 420 421 422 423 424 425 426 427 428 429 430 431 432 433 434 435 436 437 438 439 440 441 442 443 444 445 446 447 448 449 450 451 452 453 454 455 456 457 458 459 460 461 462 463 464 465 466 467 468 469 470 471 472 473 474 475 476 477 478 479 480 481 482 483 484 485 486 487 488 489 490 491 492 493 494 495 496 497 498 499 500 501 502 503 504 505 506 507 508 509 510 511 512 513 514 515 516 517 518 519 520 521 522 523 524 525 526 527 528 529 530 531 532 533 534 535 536 537 538 539 540 541 542 543 544 545 546 547 548 549 550 551 552 553 554 555 556 557 558 559 560 561 562 563 564 565 566 567 568 569 570 571 572 573 574 575 576 577 578 579 580 581 582 583 584 585 586 587 588 589 590 591 592 593 594 595 596 597 598 599 600 601 602 603 604 605 606 607 608 609 610 611 612 613 614 615 616 617 618 619 620 621 622 623 624 625 626 627 628 629 630 631 632 633 634 635 636 637 638 639 640 641 642 643 644 645 646 647 648 649 650 651 652 653 654 655 656 657 658 659 660 661 662 663 664 665 666 667 668 669 670 671 672 673 674 675 676 677 678 679 680 681 682 683 684 685 686 687 688 689 690 691 692 693 694 695 696 697 698 699 700 701 702 703 704 705 706 707 708 709 710 711 712 713 714 715 716 717 718 719 720 721 722 723 724 725 726 727 728 729 730 731 732 733 734 735 736 737 738 739 740 741 742 743 744 745 746 747 748 749 750 751 752 753 754 755 756 757 758 759 760 761 762 763 764 765 766 767 768 769 770 771 772 773 774 775 776 777 778 779 780 781 782 783 784 785 786 787 788 789 790 791 792 793 794 795 796 797 798 799 800 801 802 803 804 805 806 807 808 809 810 811 812 813 814 815 816 817 818 819 820 821 822 823 824 825 826 827 828 829 830 831 832 833 834 835 836 837 838 839 840 841 842 843 844 845 846 847 848 849 850 851 852 853 854 855 856 857 858 859 860 861 862 863 864 865 866 867 868 869 870 871 872 873 874 875 876 877 878 879 880 881 882 883 884 885 886 887 888 889 890 891 892 893 894 895 896 897 898 899 900 901 902 903 904 905 906 907 908 909 910 911 912 913 914 915 916 917 918 919 920 921 922 923 924 925 926 927 928 929 930 931 932 933 934 935 936 937 938 939 940 941 942 943 944 945 946 947 948 949 950 951 952 953 954 955 956 957 958 959 960 961 962 963 964 965 966 967 968 969 970 971 972 973 974 975 976 977 978 979 980 981 982 983 984 985 986 987 988 989 990 991 992 993 994 995 996 997 998 999 1000 1001 1002 1003 1004 1005 1006 1007 1008 1009 1010 1011 1012 1013 1014 1015 1016 1017 1018 1019 1020 1021 1022 1023 1024 1025 1026 1027 1028 1029 1030 1031 1032 1033 1034 1035 1036 1037 1038 1039 1040 1041 1042 1043 1044 1045 1046 1047 1048 1049 1050 1051 1052 1053 1054 1055 1056 1057 1058 1059 1060 1061 1062 1063 1064 1065 1066 1067 1068 1069 1070 1071 1072 1073 1074 1075 1076 1077 1078 1079 1080 1081 1082 1083 1084 1085 1086 1087 1088 1089 1090 1091 1092 1093 1094 1095 1096 1097 1098 1099 1100 1101 1102 1103 1104 1105 1106 1107 1108 1109 1110 1111 1112 1113 1114 1115 1116 1117 1118 1119 1120 1121 1122 1123 1124 1125 1126 1127 1128 1129 1130 1131 1132 1133 1134 1135 1136 1137 1138 1139 1140 1141 1142 1143 1144 1145 1146 1147 1148 1149 1150 1151 1152 1153 1154 1155 1156 1157 1158 1159 1160 1161 1162 1163 1164 1165 1166 1167 1168 1169 1170 1171 1172 1173 1174 1175 1176 1177 1178 1179 1180 1181 1182 1183 1184 1185 1186 1187 1188 1189 1190 1191 1192 1193 1194 1195 1196 1197 1198 1199 1200 1201 1202 1203 1204 1205 1206 1207 1208 1209 1210 1211 1212 1213 1214 1215 1216 1217 1218 1219 1220 1221 1222 1223 1224 1225 1226 1227 1228 1229 1230 1231 1232 1233 1234 1235 1236 1237 1238 1239 1240 1241 1242 1243 1244 1245 1246 1247 1248 1249 1250 1251 1252 1253 1254 1255 1256 1257 1258 1259 1260 1261 1262 1263 1264 1265 1266 1267 1268 1269 1270 1271 1272 1273 1274 1275 1276 1277 1278 1279 1280 1281 1282 1283 1284 1285 1286 1287 1288 1289 1290 1291 1292 1293 1294 1295 1296 1297 1298 1299 1300 1301 1302 1303 1304 1305 1306 1307 1308 1309 1310 1311 1312 1313 1314 1315 1316 1317 1318 1319 1320 1321 1322 1323 1324 1325 1326 1327 1328 1329 1330 1331 1332 1333 1334 1335 1336 1337 1338 1339 1340 1341 1342 1343 1344 1345 1346 1347 1348 1349 1350 1351 1352 1353 1354 1355 1356 1357 1358 1359 1360 1361 1362 1363 1364 1365 1366 1367 1368 1369 1370 1371 1372 1373 1374 1375 1376 1377 1378 1379 1380 1381 1382 1383 1384 1385 1386 1387 1388 1389 1390 1391 1392 1393 1394 1395 1396 1397 1398 1399 1400 1401 1402 1403 1404 1405 1406 1407 1408 1409 1410 1411 1412 1413 1414 1415 1416 1417 1418 1419 1420 1421 1422 1423 1424 1425 1426 1427 1428 1429 1430 1431 1432 1433 1434 1435 1436 1437 1438 1439 1440 1441 1442 1443 1444 1445 1446 1447 1448 1449 1450 1451 1452 1453 1454 1455 1456 1457 1458 1459 1460 1461 1462 1463 1464 1465 1466 1467 1468 1469 1470 1471 1472 1473 1474 1475 1476 1477 1478 1479 1480 1481 1482 1483 1484 1485 1486 1487 1488 1489 1490 1491 1492 1493 1494 1495 1496 1497 1498 1499 1500 1501 1502 1503 1504 1505 1506 1507 1508 1509 1510 1511 1512 1513 1514 1515 1516 1517 1518 1519 1520 1521 1522 1523 1524 1525 1526 1527 1528 1529 1530 1531 1532 1533 1534 1535 1536 1537 1538 1539 1540 1541 1542 1543 1544 1545 1546 1547 1548 1549 1550 1551 1552 1553 1554 1555 1556 1557 1558 1559 1560 1561 1562 1563 1564 1565 1566 1567 1568 1569 1570 1571 1572 1573 1574 1575 1576 1577 1578 1579 1580 1581 1582 1583 1584 1585 1586 1587 1588 1589 1590 1591 1592 1593 1594 1595 1596 1597 1598 1599 1600 1601 1602 1603 1604 1605 1606 1607 1608 1609 1610 1611 1612 1613 1614 1615 1616 1617 1618 1619 1620 1621 1622 1623 1624 1625 1626 1627 1628 1629 1630 1631 1632 1633 1634 1635 1636 1637 1638 1639 1640 1641 1642 1643 1644 1645 1646 1647 1648 1649 1650 1651 1652 1653 1654 1655 1656 1657 1658 1659 1660 1661 1662 1663 1664 1665 1666 1667 1668 1669 1670 1671 1672 1673 1674 1675 1676 1677 1678 1679 1680 1681 1682 1683 1684 1685 1686 1687 1688 1689 1690 1691 1692 1693 1694 1695 1696 1697 1698 1699 1700 1701 1702 1703 1704 1705 1706 1707 1708 1709 1710 1711 1712 1713 1714 1715 1716 1717 1718 1719 1720 1721 1722 1723 1724 1725 1726 1727 1728 1729 1730 1731 1732 1733 1734 1735 1736 1737 1738 1739 1740 1741 1742 1743 1744 1745 1746 1747 1748 1749 1750 1751 1752 1753 1754 1755 1756 1757 1758 1759 1760 1761 1762 1763 1764 1765 1766 1767 1768 1769 1770 1771 1772 1773 1774 1775 1776 1777 1778 1779 1780 1781 1782 1783 1784 1785 1786 1787 1788 1789 1790 1791 1792 1793 1794 1795 1796 1797 1798 1799 1800 1801 1802 1803 1804 1805 1806 1807 1808 1809 1810 1811 1812 1813 1814 1815 1816 1817 1818 1819 1820 1821 1822 1823 1824 1825 1826 1827 1828 1829 1830 1831 1832 1833 1834 1835 1836 1837 1838 1839 1840 1841 1842 1843 1844 1845 1846 1847 1848 1849 1850 1851 1852 1853 1854 1855 1856 1857 1858 1859 1860 1861 1862 1863 1864 1865 1866 1867 1868 1869 1870 1871 1872 1873 1874 1875 1876 1877 1878 1879 1880 1881 1882 1883 1884 1885 1886 1887 1888 1889 1890 1891 1892 1893 1894 1895 1896 1897 1898 1899 1900 1901 1902 1903 1904 1905 1906 1907 1908 1909 1910 1911 1912 1913 1914 1915 1916 1917 1918 1919 1920 1921 1922 1923 1924 1925 1926 1927 1928 1929 1930 1931 1932 1933 1934 1935 1936 1937 1938 1939 1940 1941 1942 1943 1944 1945 1946 1947 1948 1949 1950 1951 1952 1953 1954 1955 1956 1957 1958 1959 1960 1961 1962 1963 1964 1965 1966 1967 1968 1969 1970 1971 1972 1973 1974 1975 1976 1977 1978 1979 1980 1981 1982 1983 1984 1985 1986 1987 1988 1989 1990 1991 1992 1993 1994 1995 1996 1997 1998 1999 2000 2001 2002 2003 2004 2005 2006 2007 2008 2009 2010 2011 2012 2013 2014 2015 2016 2017 2018 2019 2020 2021 2022 2023 2024 2025 2026 2027 2028 2029 2030 2031 2032 2033 2034 2035 2036 2037 2038 2039 2040 2041 2042 2043 2044 2045 2046 2047 2048 2049 2050 2051 2052 2053 2054 2055 2056 2057 2058 2059 2060 2061 2062 2063 2064 2065 2066 2067 2068 2069 2070 2071 2072 2073 2074 2075 2076 2077 2078 2079 2080 2081 2082 2083 2084 2085 2086 2087 2088 2089 2090 2091 2092 2093 2094 2095 2096 2097 2098 2099 2100 2101 2102 2103 2104 2105 2106 2107 2108 2109 2110 2111 2112 2113 2114 2115 2116 2117 2118 2119 2120 2121 2122 2123 2124 2125 2126 2127 2128 2129 2130 2131 2132 2133 2134 2135 2136 2137 2138 2139 2140 2141 2142 2143 2144 2145 2146 2147 2148 2149 2150 2151 2152 2153 2154 2155 2156 2157 2158 2159 2160 2161 2162 2163 2164 2165 2166 2167 2168 2169 2170 2171 2172 2173 2174 2175 2176 2177 2178 2179 2180 2181 2182 2183 2184 2185 2186 2187 2188 2189 2190 2191 2192 2193 2194 2195 2196 2197 2198 2199 2200 2201 2202 2203 2204 2205 2206 2207 2208 2209 2210 2211 2212 2213 2214 2215 2216 2217 2218 2219 2220 2221 2222 2223 2224 2225 2226 2227 2228 2229 2230 2231 2232 2233 2234 2235 2236 2237 2238 2239 2240 2241 2242 2243 2244 2245 2246 2247 2248 2249 2250 2251 2252 2253 2254 2255 2256 2257 2258 2259 2260 2261 2262 2263 2264 2265 2266 2267 2268 2269 2270 2271 2272 2273 2274 2275 2276 2277 2278 2279 2280 2281 2282 2283 2284 2285 2286 2287 2288 2289 2290 2291 2292 2293 2294 2295 2296 2297 2298 2299 2300 2301 2302 2303 2304 2305 2306 2307 2308 2309 2310 2311 2312 2313 2314 2315 2316 2317 2318 2319 2320 2321 2322 2323 2324 2325 2326 2327 2328 2329 2330 2331 2332 2333 2334 2335 2336 2337 2338 2339 2340 2341 2342 2343 2344 2345 2346 2347 2348 2349 2350 2351 2352 2353 2354 2355 2356 2357 2358 2359 2360 2361 2362 2363 2364 2365 2366 2367 2368 2369 2370 2371 2372 2373 2374 2375 2376 2377 2378 2379 2380 2381 2382 2383 2384 2385 2386 2387 2388 2389 2390 2391 2392 2393 2394 2395 2396 2397 2398 2399 2400 2401 2402 2403 2404 2405 2406 2407 2408 2409 2410 2411 2412 2413 2414 2415 2416 2417 2418 2419 2420 2421 2422 2423 2424 2425 2426 2427 2428 2429 2430 2431 2432 2433 2434 2435 2436 2437 2438 2439 2440 2441 2442 2443 2444 2445 2446 2447 2448 2449 2450 2451 2452 2453 2454 2455 2456 2457 2458 2459 2460 2461 2462 2463 2464 2465 2466 2467 2468 2469 2470 2471 2472 2473 2474 2475 2476 2477 2478 2479 2480 2481 2482 2483 2484 2485 2486 2487 2488 2489 2490 2491 2492 2493 2494 2495 2496 2497 2498 2499 2500 2501 2502 2503 2504 2505 2506 2507 2508 2509 2510 2511 2512 2513 2514 2515 2516 2517 2518 2519 2520 2521 2522 2523 2524 2525 2526 2527 2528 2529 2530 2531 2532 2533 2534 2535 2536 2537 2538 2539 2540 2541 2542 2543 2544 2545 2546 2547 2548 2549 2550 2551 2552 2553 2554 2555 2556 2557 2558 2559 2560 2561 2562 2563 2564 2565 2566 2567 2568 2569 2570 2571 2572 2573 2574 2575 2576 2577 2578 2579 2580 2581 2582 2583 2584 2585 2586 2587 2588 2589 2590 2591 2592 2593 2594 2595 2596 2597 2598 2599 2600 2601 2602 2603 2604 2605 2606 2607 2608 2609 2610 2611 2612 2613 2614 2615 2616 2617 2618 2619 2620 2621 2622 2623 2624 2625 2626 2627 2628 2629 2630 2631 2632 2633 2634 2635 2636 2637 2638 2639 2640 2641 2642 2643 2644 2645 2646 2647 2648 2649 2650 2651 2652 2653 2654 2655 2656 2657 2658 2659 2660 2661 2662 2663 2664 2665 2666 2667 2668 2669 2670 2671 2672 2673 2674 2675 2676 2677 2678 2679 2680 2681 2682 2683 2684 2685 2686 2687 2688 2689 2690 2691 2692 2693 2694 2695 2696 2697 2698 2699 2700 2701 2702 2703 2704 2705 2706 2707 2708 2709 2710 2711 2712 2713 2714 2715 2716 2717 2718 2719 2720 2721 2722 2723 2724 2725 2726 2727 2728 2729 2730 2731 2732 2733 2734 2735 2736 2737 2738 2739 2740 2741 2742 2743 2744 2745 2746 2747 2748 2749 2750 2751 2752 2753 2754 2755 2756 2757 2758 2759 2760 2761 2762 2763 2764 2765 2766 2767 2768 2769 2770 2771 2772 2773 2774 2775 2776 2777 2778 2779 2780 2781 2782 2783 2784 2785 2786 2787 2788 2789 2790 2791 2792 2793 2794 2795 2796 2797 2798 2799 2800 2801 2802 2803 2804 2805 2806 2807 2808 2809 2810 2811 2812 2813 2814 2815 2816 2817 2818 2819 2820 2821 2822 2823 2824 2825 2826 2827 2828 2829 2830 2831 2832 2833 2834 2835 2836 2837 2838 2839 2840 2841 2842 2843 2844 2845 2846 2847 2848 2849 2850 2851 2852 2853 2854 2855 2856 2857 2858 2859 2860 2861 2862 2863 2864 2865 2866 2867 2868 2869 2870 2871 2872 2873 2874 2875 2876 2877 2878 2879 2880 2881 2882 2883 2884 2885 2886 2887 2888 2889 2890 2891 2892 2893 2894 2895 2896 2897 2898 2899 2900 2901 2902 2903 2904 2905 2906 2907 2908 2909 2910 2911 2912 2913 2914 2915 2916 2917 2918 2919 2920 2921 2922 2923 2924 2925 2926 2927 2928 2929 2930 2931 2932 2933 2934 2935 2936 2937 2938 2939 2940 2941 2942 2943 2944 2945 2946 2947 2948 2949 2950 2951 2952 2953 2954 2955 2956 2957 2958 2959 2960 2961 2962 2963 2964 2965 2966 2967 2968 2969 2970 2971 2972 2973 2974 2975 2976 2977 2978 2979 2980 2981 2982 2983 2984 2985 2986 2987 2988 2989 2990 2991 2992 2993 2994 2995 2996 2997 2998 2999 3000 3001 3002 3003 3004 3005 3006 3007 3008 3009 3010 3011 3012 3013 3014 3015 3016 3017 3018 3019 3020 3021 3022 3023 3024 3025 3026 3027 3028 3029 3030 3031 3032 3033 3034 3035 3036 3037 3038 3039 3040 3041 3042 3043 3044 3045 3046 3047 3048 3049 3050 3051 3052 3053 3054 3055 3056 3057 3058 3059 3060 3061 3062 3063 3064 3065 3066 3067 3068 3069 3070 3071 3072 3073 3074 3075 3076 3077 3078 3079 3080 3081 3082 3083 3084 3085 3086 3087 3088 3089 3090 3091 3092 3093 3094 3095 3096 3097 3098 3099 3100 3101 3102 3103 3104 3105 3106 3107 3108 3109 3110 3111 3112 3113 3114 3115 3116 3117 3118 3119 3120 3121 3122 3123 3124 3125 3126 3127 3128 3129 3130 3131 3132 3133 3134 3135 3136 3137 3138 3139 3140 3141 3142 3143 3144 3145 3146 3147 3148 3149 3150 3151 3152 3153 3154 3155 3156 3157 3158 3159 3160 3161 3162 3163 3164 3165 3166 3167 3168 3169 3170 3171 3172 3173 3174 3175 3176 3177 3178 3179 3180 3181 3182 3183 3184 3185 3186 3187 3188 3189 3190 3191 3192 3193 3194 3195 3196 3197 3198 3199 3200 3201 3202 3203 3204 3205 3206 3207 3208 3209 3210 3211 3212 3213 3214 3215 3216 3217 3218 3219 3220 3221 3222 3223 3224 3225 3226 3227 3228 3229 3230 3231 3232 3233 3234 3235 3236 3237 3238 3239 3240 3241 3242 3243 3244 3245 3246 3247 3248 3249 3250 3251 3252 3253 3254 3255 3256 3257 3258 3259 3260 3261 3262 3263 3264 3265 3266 3267 3268 3269 3270 3271 3272 3273 3274 3275 3276 3277 3278 3279 3280 3281 3282 3283 3284 3285 3286 3287 3288 3289 3290 3291 3292 3293 3294 3295 3296 3297 3298 3299 3300 3301 3302 3303 3304 3305 3306 3307 3308 3309 3310 3311 3312 3313 3314 3315 3316 3317 3318 3319 3320 3321 3322 3323 3324 3325 3326 3327 3328 3329 3330 3331 3332 3333 3334 3335 3336 3337 3338 3339 3340 3341 3342 3343 3344 3345 3346 3347 3348 3349 3350 3351 3352 3353 3354 3355 3356 3357 3358 3359 3360 3361 3362 3363 3364 3365 3366 3367 3368 3369 3370 3371 3372 3373 3374 3375 3376 3377 3378 3379 3380 3381 3382 3383 3384 3385 3386 3387 3388 3389 3390 3391 3392 3393 3394 3395 3396 3397 3398 3399 3400 3401 3402 3403 3404 3405 3406 3407 3408 3409 3410 3411 3412 3413 3414 3415 3416 3417 3418 3419 3420 3421 3422 3423 3424 3425 3426 3427 3428 3429 3430 3431 3432 3433 3434 3435 3436 3437 3438 3439 3440 3441 3442 3443 3444 3445 3446 3447 3448 3449 3450 3451 3452 3453 3454 3455 3456 3457 3458 3459 3460 3461 3462 3463 3464 3465 3466 3467 3468 3469 3470 3471 3472 3473 3474 3475 3476 3477 3478 3479 3480 3481 3482 3483 3484 3485 3486 3487 3488 3489 3490 3491 3492 3493 3494 3495 3496 3497 3498 3499 3500 3501 3502 3503 3504 3505 3506 3507 3508 3509 3510 3511 3512 3513 3514 3515 3516 3517 3518 3519 3520 3521 3522 3523 3524 3525 3526 3527 3528 3529 3530 3531 3532 3533 3534 3535 3536 3537 3538 3539 3540 3541 3542 3543 3544 3545 3546 3547 3548 3549 3550 3551 3552 3553 3554 3555 3556 3557 3558 3559 3560 3561 3562 3563 3564 3565 3566 3567 3568 3569 3570 3571 3572 3573 3574 3575 3576 3577 3578 3579 3580 3581 3582 3583 3584 3585 3586 3587 3588 3589 3590 3591 3592 3593 3594 3595 3596 3597 3598 3599 3600 3601 3602 3603 3604 3605 3606 3607 3608 3609 3610 3611 3612 3613 3614 3615 3616 3617 3618 3619 3620 3621 3622 3623 3624 3625 3626 3627 3628 3629 3630 3631 3632 3633 3634 3635 3636 3637 3638 3639 3640 3641 3642 3643 3644 3645 3646 3647 3648 3649 3650 3651 3652 3653 3654 3655 3656 3657 3658 3659 3660 3661 3662 3663 3664 3665 3666 3667 3668 3669 3670 3671 3672 3673 3674 3675 3676 3677 3678 3679 3680 3681 3682 3683 3684 3685 3686 3687 3688 3689 3690 3691 3692 3693 3694 3695 3696 3697 3698 3699 3700 3701 3702 3703 3704 3705 3706 3707 3708 3709 3710 3711 3712 3713 3714 3715 3716 3717 3718 3719 3720 3721 3722 3723 3724 3725 3726 3727 3728 3729 3730 3731 3732 3733 3734 3735 3736 3737 3738 3739 3740 3741 3742 3743 3744 3745 3746 3747 3748 3749 3750 3751 3752 3753 3754 3755 3756 3757 3758 3759 3760 3761 3762 3763 3764 3765 3766 3767 3768 3769 3770 3771 3772 3773 3774 3775 3776 3777 3778 3779 3780 3781 3782 3783 3784 3785 3786 3787 3788 3789 3790 3791 3792 3793 3794 3795 3796 3797 3798 3799 3800 3801 3802 3803 3804 3805 3806 3807 3808 3809 3810 3811 3812 3813 3814 3815 3816 3817 3818 3819 3820 3821 3822 3823 3824 3825 3826 3827 3828 3829 3830 3831 3832 3833 3834 3835 3836 3837 3838 3839 3840 3841 3842 3843 3844 3845 3846 3847 3848 3849 3850 3851 3852 3853 3854 3855 3856 3857 3858 3859 3860 3861 3862 3863 3864 3865 3866 3867 3868 3869 3870 3871 3872 3873 3874 3875 3876 3877 3878 3879 3880 3881 3882 3883 3884 3885 3886 3887 3888 3889 3890 3891 3892 3893 3894 3895 3896 3897 3898 3899 3900 3901 3902 3903 3904 3905 3906 3907 3908 3909 3910 3911 3912 3913 3914 3915 3916 3917 3918 3919 3920 3921 3922 3923 3924 3925 3926 3927 3928 3929 3930 3931 3932 3933 3934 3935 3936 3937 3938 3939 3940 3941 3942 3943 3944 3945 3946 3947 3948 3949 3950 3951 3952 3953 3954 3955 3956 3957 3958 3959 3960 3961 3962 3963 3964 3965 3966 3967 3968 3969 3970 3971 3972 3973 3974 3975 3976 3977 3978 3979 3980 3981 3982 3983 3984 3985 3986 3987 3988 3989 3990 3991 3992 3993 3994 3995 3996 3997 3998 3999 4000 4001 4002 4003 4004 4005 4006 4007 4008 4009 4010 4011 4012 4013 4014 4015 4016 4017 4018 4019 4020 4021 4022 4023 4024 4025 4026 4027 4028 4029 4030 4031 4032 4033 4034 4035 4036 4037 4038 4039 4040 4041 4042 4043 4044 4045 4046 4047 4048 4049 4050 4051 4052 4053 4054 4055 4056 4057 4058 4059 4060 4061 4062 4063 4064 4065 4066 4067 4068 4069 4070 4071 4072 4073 4074 4075 4076 4077 4078 4079 4080 4081 4082 4083 4084 4085 4086 4087 4088 4089 4090 4091 4092 4093 4094 4095 4096 4097 4098 4099 4100 4101 4102 4103 4104 4105 4106 4107 4108 4109 4110 4111 4112 4113 4114 4115 4116 4117 4118 4119 4120 4121 4122 4123 4124 4125 4126 4127 4128 4129 4130 4131 4132 4133 4134 4135 4136 4137 4138 4139 4140 4141 4142 4143 4144 4145 4146 4147 4148 4149 4150 4151 4152 4153 4154 4155 4156 4157 4158 4159 4160 4161 4162 4163 4164 4165 4166 4167 4168 4169 4170 4171 4172 4173 4174 4175 4176 4177 4178 4179 4180 4181 4182 4183 4184 4185 4186 4187 4188 4189 4190 4191 4192 4193 4194 4195 4196 4197 4198 4199 4200 4201 4202 4203 4204 4205 4206 4207 4208 4209 4210 4211 4212 4213 4214 4215 4216 4217 4218 4219 4220 4221 4222 4223 4224 4225 4226 4227 4228 4229 4230 4231 4232 4233 4234 4235 4236 4237 4238 4239 4240 4241 4242 4243 4244 4245 4246 4247 4248 4249 4250 4251 4252 4253 4254 4255 4256 4257 4258 4259 4260 4261 4262 4263 4264 4265 4266 4267 4268 4269 4270 4271 4272 4273 4274 4275 4276 4277 4278 4279 4280 4281 4282 4283 4284 4285 4286 4287 4288 4289 4290 4291 4292 4293 4294 4295 4296 4297 4298 4299 4300 4301 4302 4303 4304 4305 4306 4307 4308 4309 4310 4311 4312 4313 4314 4315 4316 4317 4318 4319 4320 4321 4322 4323 4324 4325 4326 4327 4328 4329 4330 4331 4332 4333 4334 4335 4336 4337 4338 4339 4340 4341 4342 4343 4344 4345 4346 4347 4348 4349 4350 4351 4352 4353 4354 4355 4356 4357 4358 4359 4360 4361 4362 4363 4364 4365 4366 4367 4368 4369 4370 4371 4372 4373 4374 4375 4376 4377 4378 4379 4380 4381 4382 4383 4384 4385 4386 4387 4388 4389 4390 4391 4392 4393 4394 4395 4396 4397 4398 4399 4400 4401 4402 4403 4404 4405 4406 4407 4408 4409 4410 4411 4412 4413 4414 4415 4416 4417 4418 4419 4420 4421 4422 4423 4424 4425 4426 4427 4428 4429 4430 4431 4432 4433 4434 4435 4436 4437 4438 4439 4440 4441 4442 4443 4444 4445 4446 4447 4448 4449 4450 4451 4452 4453 4454 4455 4456 4457 4458 4459 4460 4461 4462 4463 4464 4465 4466 4467 4468 4469 4470 4471 4472 4473 4474 4475 4476 4477 4478 4479 4480 4481 4482 4483 4484 4485 4486 4487 4488 4489 4490 4491 4492 4493 4494 4495 4496 4497 4498 4499 4500 4501 4502 4503 4504 4505 4506 4507 4508 4509 4510 4511 4512 4513 4514 4515 4516 4517 4518 4519 4520 4521 4522 4523 4524 4525 4526 4527 4528 4529 4530 4531 4532 4533 4534 4535 4536 4537 4538 4539 4540 4541 4542 4543 4544 4545 4546 4547 4548 4549 4550 4551 4552 4553 4554 4555 4556 4557 4558 4559 4560 4561 4562 4563 4564 4565 4566 4567 4568 4569 4570 4571 4572 4573 4574 4575 4576 4577 4578 4579 4580 4581 4582 4583 4584 4585 4586 4587 4588 4589 4590 4591 4592 4593 4594 4595 4596 4597 4598 4599 4600 4601 4602 4603 4604 4605 4606 4607 4608 4609 4610 4611 4612 4613 4614 4615 4616 4617 4618 4619 4620 4621 4622 4623 4624 4625 4626 4627 4628 4629 4630 4631 4632 4633 4634 4635 4636 4637 4638 4639 4640 4641 4642 4643 4644 4645 4646 4647 4648 4649 4650 4651 4652 4653 4654 4655 4656 4657 4658 4659 4660 4661 4662 4663 4664 4665 4666 4667 4668 4669 4670 4671 4672 4673 4674 4675 4676 4677 4678 4679 4680 4681 4682 4683 4684 4685 4686 4687 4688 4689 4690 4691 4692 4693 4694 4695 4696 4697 4698 4699 4700 4701 4702 4703 4704 4705 4706 4707 4708 4709 4710 4711 4712 4713 4714 4715 4716 4717 4718 4719 4720 4721 4722 4723 4724 4725 4726 4727 4728 4729 4730 4731 4732 4733 4734 4735 4736 4737 4738 4739 4740 4741 4742 4743 4744 4745 4746 4747 4748 4749 4750 4751 4752 4753 4754 4755 4756 4757 4758 4759 4760 4761 4762 4763 4764 4765 4766 4767 4768 4769 4770 4771 4772 4773 4774 4775 4776 4777 4778 4779 4780 4781 4782 4783 4784 4785 4786 4787 4788 4789 4790 4791 4792 4793 4794 4795 4796 4797 4798 4799 4800 4801 4802 4803 4804 4805 4806 4807 4808 4809 4810 4811 4812 4813 4814 4815 4816 4817 4818 4819 4820 4821 4822 4823 4824 4825 4826 4827 4828 4829 4830 4831 4832 4833 4834 4835 4836 4837 4838 4839 4840 4841 4842 4843 4844 4845 4846 4847 4848 4849 4850 4851 4852 4853 4854 4855 4856 4857 4858 4859 4860 4861 4862 4863 4864 4865 4866 4867 4868 4869 4870 4871 4872 4873 4874 4875 4876 4877 4878 4879 4880 4881 4882 4883 4884 4885 4886 4887 4888 4889 4890 4891 4892 4893 4894 4895 4896 4897 4898 4899 4900 4901 4902 4903 4904 4905 4906 4907 4908 4909 4910 4911 4912 4913 4914 4915 4916 4917 4918 4919 4920 4921 4922 4923 4924 4925 4926 4927 4928 4929 4930 4931 4932 4933 4934 4935 4936 4937 4938 4939 4940 4941 4942 4943 4944 4945 4946 4947 4948 4949 4950 4951 4952 4953 4954 4955 4956 4957 4958 4959 4960 4961 4962 4963 4964 4965 4966 4967 4968 4969 4970 4971 4972 4973 4974 4975 4976 4977 4978 4979 4980 4981 4982 4983 4984 4985 4986 4987 4988 4989 4990 4991 4992 4993 4994 4995 4996 4997 4998 4999 5000 5001 5002 5003 5004 5005 5006 5007 5008 5009 5010 5011 5012 5013 5014 5015 5016 5017 5018 5019 5020 5021 5022 5023 5024 5025 5026 5027 5028 5029 5030 5031 5032 5033 5034 5035 5036 5037 5038 5039 5040 5041 5042 5043 5044 5045 5046 5047 5048 5049 5050 5051 5052 5053 5054 5055 5056 5057 5058 5059 5060 5061 5062 5063 5064 5065 5066 5067 5068 5069 5070 5071 5072 5073 5074 5075 5076 5077 5078 5079 5080 5081 5082 5083 5084 5085 5086 5087 5088 5089 5090 5091 5092 5093 5094 5095 5096 5097 5098 5099 5100 5101 5102 5103 5104 5105 5106 5107 5108 5109 5110 5111 5112 5113 5114 5115 5116 5117 5118 5119 5120 5121 5122 5123 5124 5125 5126 5127 5128 5129 5130 5131 5132 5133 5134 5135 5136 5137 5138 5139 5140 5141 5142 5143 5144 5145 5146 5147 5148 5149 5150 5151 5152 5153 5154 5155 5156 5157 5158 5159 5160 5161 5162 5163 5164 5165 5166 5167 5168 5169 5170 5171 5172 5173 5174 5175 5176 5177 5178 5179 5180 5181 5182 5183 5184 5185 5186 5187 5188 5189 5190 5191 5192 5193 5194 5195 5196 5197 5198 5199 5200 5201 5202 5203 5204 5205 5206 5207 5208 5209 5210 5211 5212 5213 5214 5215 5216 5217 5218 5219 5220 5221 5222 5223 5224 5225 5226 5227 5228 5229 5230 5231 5232 5233 5234 5235 5236 5237 5238 5239 5240 5241 5242 5243 5244 5245 5246 5247 5248 5249 5250 5251 5252 5253 5254 5255 5256 5257 5258 5259 5260 5261 5262 5263 5264 5265 5266 5267 5268 5269 5270 5271 5272 5273 5274 5275 5276 5277 5278 5279 5280 5281 5282 5283 5284 5285 5286 5287 5288 5289 5290 5291 5292 5293 5294 5295 5296 5297 5298 5299 5300 5301 5302 5303 5304 5305 5306 5307 5308 5309 5310 5311 5312 5313 5314 5315 5316 5317 5318 5319 5320 5321 5322 5323 5324 5325 5326 5327 5328 5329 5330 5331 5332 5333 5334 5335 5336 5337 5338 5339 5340 5341 5342 5343 5344 5345 5346 5347 5348 5349 5350 5351 5352 5353 5354 5355 5356 5357 5358 5359 5360 5361 5362 5363</p>
        </triangles>
      </mesh>
    </geometry>
  </library_geometries>
  <library_visual_scenes>
    <visual_scene id="Scene" name="Scene">
      <node id="base00" name="base00" type="NODE">
        <node id="start01" name="start01" type="NODE">
          <node id="portal_arc_a999" name="portal_arc_a999" type="NODE">
            <instance_geometry url="#portal_arc_a999-mesh">
              <bind_material>
                <technique_common>
                  <instance_material symbol="portal_arc" target="#portal_arc-material">
                    <bind_vertex_input semantic="UVSET0" input_semantic="TEXCOORD" input_set="0"/>
                  </instance_material>
                </technique_common>
              </bind_material>
            </instance_geometry>
          </node>
        </node>
      </node>
    </visual_scene>
  </library_visual_scenes>
  <scene>
    <instance_visual_scene url="#Scene"/>
  </scene>
</COLLADA>
