<?xml version="1.0" encoding="utf-8"?>
<COLLADA xmlns="http://www.collada.org/2005/11/COLLADASchema" version="1.4.1">
  <asset>
    <contributor><authoring_tool>alpine-roadtrip build_portals</authoring_tool></contributor>
    <unit name="meter" meter="1"/>
    <up_axis>Z_UP</up_axis>
  </asset>
  <library_effects>
    <effect id="portal_arc-effect">
      <profile_COMMON>
        <technique sid="common">
          <lambert>
            <diffuse><color>1.0 0.4 0.28 0.85</color></diffuse>
            <transparent opaque="A_ONE"><color>1 1 1 1</color></transparent>
            <transparency><float>0.15</float></transparency>
          </lambert>
        </technique>
      </profile_COMMON>
    </effect>
  </library_effects>
  <library_materials>
    <material id="portal_arc-material" name="portal_arc">
      <instance_effect url="#portal_arc-effect"/>
    </material>
  </library_materials>
  <library_geometries>
    <geometry id="portal_arc_a999-mesh" name="portal_arc_a999-mesh">
      <mesh>
        <source id="portal_arc_a999-mesh-positions">
          <float_array id="portal_arc_a999-mesh-positions-array" count="16092">-5.5036 -3.8211 0.0000 57.1075 -96.8033 17.9930 58.4218 -95.8907 17.9930 -5.5036 -3.8211 0.0000 -6.8178 -4.7336 0.0000 57.1075 -96.8033 17.9930 -6.1607 -4.2773 0.8000 57.7646 -96.3470 18.7930 57.7646 -96.3470 17.1930 -6.1607 -4.2773 0.8000 57.7646 -96.3470 17.1930 -6.1607 -4.2773 -0.8000 58.4120 -95.8770 17.9930 138.0032 -208.2383 39.8110 139.2979 -207.2983 39.8110 58.4120 -95.8770 17.9930 57.1172 -96.8170 17.9930 138.0032 -208.2383 39.8110 57.7646 -96.3470 18.7930 138.6505 -207.7683 40.6110 138.6505 -207.7683 39.0110 57.7646 -96.3470 18.7930 138.6505 -207.7683 39.0110 57.7646 -96.3470 17.1930 139.2925 -207.2909 39.8110 233.7619 -337.0162 64.8290 235.0458 -336.0614 64.8290 139.2925 -207.2909 39.8110 138.0086 -208.2457 39.8110 233.7619 -337.0162 64.8290 138.6505 -207.7683 40.6110 234.4039 -336.5388 65.6290 234.4039 -336.5388 64.0290 138.6505 -207.7683 40.6110 234.4039 -336.5388 64.0290 138.6505 -207.7683 39.0110 235.0429 -336.0576 64.8290 342.2845 -481.1206 92.4180 343.5626 -480.1580 92.4180 235.0429 -336.0576 64.8290 233.7648 -337.0201 64.8290 342.2845 -481.1206 92.4180 234.4039 -336.5388 65.6290 342.9236 -480.6393 93.2180 342.9236 -480.6393 91.6180 234.4039 -336.5388 65.6290 342.9236 -480.6393 91.6180 234.4039 -336.5388 64.0290 343.5614 -480.1564 92.4180 461.4660 -638.5295 121.9620 462.7416 -637.5637 121.9620 343.5614 -480.1564 92.4180 342.2858 -481.1222 92.4180 461.4660 -638.5295 121.9620 342.9236 -480.6393 93.2180 462.1038 -638.0466 122.7620 462.1038 -638.0466 121.1620 342.9236 -480.6393 93.2180 462.1038 -638.0466 121.1620 342.9236 -480.6393 91.6180 462.7416 -637.5637 121.9620 589.2010 -807.2166 152.8680 590.4766 -806.2507 152.8680 462.7416 -637.5637 121.9620 461.4660 -638.5296 121.9620 589.2010 -807.2166 152.8680 462.1038 -638.0466 122.7620 589.8388 -806.7337 153.6680 589.8388 -806.7337 152.0680 462.1038 -638.0466 122.7620 589.8388 -806.7337 152.0680 462.1038 -638.0466 121.1620 590.4775 -806.2520 152.8680 723.3808 -985.1523 184.5710 724.6583 -984.1890 184.5710 590.4775 -806.2520 152.8680 589.2000 -807.2153 152.8680 723.3808 -985.1523 184.5710 589.8388 -806.7337 153.6680 724.0195 -984.6707 185.3710 724.0195 -984.6707 183.7710 589.8388 -806.7337 153.6680 724.0195 -984.6707 183.7710 589.8388 -806.7337 152.0680 724.6601 -984.1915 184.5710 861.8949 -1170.3082 216.5450 863.1760 -1169.3498 216.5450 724.6601 -984.1915 184.5710 723.3789 -985.1499 184.5710 861.8949 -1170.3082 216.5450 724.0195 -984.6707 185.3710 862.5355 -1169.8290 217.3450 862.5355 -1169.8290 215.7450 724.0195 -984.6707 185.3710 862.5355 -1169.8290 215.7450 724.0195 -984.6707 183.7710 863.1787 -1169.3534 216.5450 1002.6361 -1360.6535 248.3090 1003.9226 -1359.7023 248.3090 863.1787 -1169.3534 216.5450 861.8922 -1170.3046 216.5450 1002.6361 -1360.6535 248.3090 862.5355 -1169.8290 217.3450 1003.2794 -1360.1779 249.1090 1003.2794 -1360.1779 247.5090 862.5355 -1169.8290 217.3450 1003.2794 -1360.1779 247.5090 862.5355 -1169.8290 215.7450 1003.9262 -1359.7071 248.3090 1143.4929 -1554.1568 279.4240 1144.7864 -1553.2152 279.4240 1003.9262 -1359.7071 248.3090 1002.6326 -1360.6487 248.3090 1143.4929 -1554.1568 279.4240 1003.2794 -1360.1779 249.1090 1144.1396 -1553.6860 280.2240 1144.1396 -1553.6860 278.6240 1003.2794 -1360.1779 249.1090 1144.1396 -1553.6860 278.6240 1003.2794 -1360.1779 247.5090 1144.7909 -1553.2213 279.4240 1282.3549 -1748.7855 309.5050 1283.6573 -1747.8562 309.5050 1144.7909 -1553.2213 279.4240 1143.4884 -1554.1506 279.4240 1282.3549 -1748.7855 309.5050 1144.1396 -1553.6860 280.2240 1283.0061 -1748.3208 310.3050 1283.0061 -1748.3208 308.7050 1144.1396 -1553.6860 280.2240 1283.0061 -1748.3208 308.7050 1144.1396 -1553.6860 278.6240 1283.6628 -1747.8640 309.5050 1417.1103 -1942.5056 338.2130 1418.4238 -1941.5919 338.2130 1283.6628 -1747.8640 309.5050 1282.3494 -1748.7777 309.5050 1417.1103 -1942.5056 338.2130 1283.0061 -1748.3208 310.3050 1417.7671 -1942.0487 339.0130 1417.7671 -1942.0487 337.4130 1283.0061 -1748.3208 310.3050 1417.7671 -1942.0487 337.4130 1283.0061 -1748.3208 308.7050 1418.4305 -1941.6017 338.2130 1545.6486 -2133.2811 365.2600 1546.9755 -2132.3871 365.2600 1418.4305 -1941.6017 338.2130 1417.1036 -1942.4958 338.2130 1545.6486 -2133.2811 365.2600 1417.7671 -1942.0487 339.0130 1546.3120 -2132.8341 366.0600 1546.3120 -2132.8341 364.4600 1417.7671 -1942.0487 339.0130 1546.3120 -2132.8341 364.4600 1417.7671 -1942.0487 337.4130 1546.9837 -2132.3995 365.2600 1665.8559 -2319.0728 390.4060 1667.1992 -2318.2036 390.4060 1546.9837 -2132.3995 365.2600 1545.6403 -2133.2686 365.2600 1665.8559 -2319.0728 390.4060 1546.3120 -2132.8341 366.0600 1666.5275 -2318.6382 391.2060 1666.5275 -2318.6382 389.6060 1546.3120 -2132.8341 366.0600 1666.5275 -2318.6382 389.6060 1546.3120 -2132.8341 364.4600 1667.2093 -2318.2196 390.4060 1775.6163 -2497.8363 413.4560 1776.9798 -2496.9992 413.4560 1667.2093 -2318.2196 390.4060 1665.8458 -2319.0568 390.4060 1775.6163 -2497.8363 413.4560 1666.5275 -2318.6382 391.2060 1776.2980 -2497.4177 414.2560 1776.2980 -2497.4177 412.6560 1666.5275 -2318.6382 391.2060 1776.2980 -2497.4177 412.6560 1666.5275 -2318.6382 389.6060 1776.9922 -2497.0201 413.4560 1872.8159 -2667.5182 434.2550 1874.2043 -2666.7229 434.2550 1776.9922 -2497.0201 413.4560 1775.6038 -2497.8154 413.4560 1872.8159 -2667.5182 434.2550 1776.2980 -2497.4177 414.2560 1873.5101 -2667.1205 435.0550 1873.5101 -2667.1205 433.4550 1776.2980 -2497.4177 414.2560 1873.5101 -2667.1205 433.4550 1776.2980 -2497.4177 412.6560 1874.2197 -2666.7511 434.2550 1955.3357 -2826.0479 452.6910 1956.7550 -2825.3091 452.6910 1874.2197 -2666.7511 434.2550 1872.8005 -2667.4899 434.2550 1955.3357 -2826.0479 452.6910 1873.5101 -2667.1205 435.0550 1956.0453 -2825.6785 453.4910 1956.0453 -2825.6785 451.8910 1873.5101 -2667.1205 435.0550 1956.0453 -2825.6785 451.8910 1873.5101 -2667.1205 433.4550 1956.7742 -2825.3487 452.6910 2021.0600 -2971.3227 468.6860 2022.5178 -2970.6631 468.6860 1956.7742 -2825.3487 452.6910 1955.3165 -2826.0083 452.6910 2021.0600 -2971.3227 468.6860 1956.0453 -2825.6785 453.4910 2021.7889 -2970.9929 469.4860 2021.7889 -2970.9929 467.8860 1956.0453 -2825.6785 453.4910 2021.7889 -2970.9929 467.8860 1956.0453 -2825.6785 451.8910 2022.5414 -2970.7213 468.6860 2067.8515 -3100.9897 482.2090 2069.3565 -3100.4466 482.2090 2022.5414 -2970.7213 468.6860 2021.0364 -2971.2645 468.6860 2067.8515 -3100.9897 482.2090 2021.7889 -2970.9929 469.4860 2068.6040 -3100.7182 483.0090 2068.6040 -3100.7182 481.4090 2021.7889 -2970.9929 469.4860 2068.6040 -3100.7182 481.4090 2021.7889 -2970.9929 467.8860 2069.3876 -3100.5574 482.2090 2121.8761 -3364.3212 507.5670 2123.4435 -3363.9996 507.5670 2069.3876 -3100.5574 482.2090 2067.8203 -3100.8790 482.2090 2121.8761 -3364.3212 507.5670 2068.6040 -3100.7182 483.0090 2122.6598 -3364.1604 508.3670 2122.6598 -3364.1604 506.7670 2068.6040 -3100.7182 483.0090 2122.6598 -3364.1604 506.7670 2068.6040 -3100.7182 481.4090 2123.4595 -3364.1814 507.5670 2116.0967 -3583.5138 527.3540 2117.6961 -3583.5558 527.3540 2123.4595 -3364.1814 507.5670 2121.8601 -3364.1394 507.5670 2116.0967 -3583.5138 527.3540 2122.6598 -3364.1604 508.3670 2116.8964 -3583.5348 528.1540 2116.8964 -3583.5348 526.5540 2122.6598 -3364.1604 508.3670 2116.8964 -3583.5348 526.5540 2122.6598 -3364.1604 506.7670 2117.6638 -3583.7607 527.3540 2060.8576 -3771.0453 544.2700 2062.3924 -3771.4972 544.2700 2117.6638 -3583.7607 527.3540 2116.1290 -3583.3089 527.3540 2060.8576 -3771.0453 544.2700 2116.8964 -3583.5348 528.1540 2061.6250 -3771.2713 545.0700 2061.6250 -3771.2713 543.4700 2116.8964 -3583.5348 528.1540 2061.6250 -3771.2713 543.4700 2116.8964 -3583.5348 526.5540 2062.3220 -3771.6639 544.2700 1966.1482 -3939.1290 560.2460 1967.5423 -3939.9143 560.2460 2062.3220 -3771.6639 544.2700 2060.9280 -3770.8786 544.2700 1966.1482 -3939.1290 560.2460 2061.6250 -3771.2713 545.0700 1966.8453 -3939.5217 561.0460 1966.8453 -3939.5217 559.4460 2061.6250 -3771.2713 545.0700 1966.8453 -3939.5217 559.4460 2061.6250 -3771.2713 543.4700 1967.4781 -3940.0111 560.2460 1842.0683 -4099.5725 576.2680 1843.3340 -4100.5512 576.2680 1967.4781 -3940.0111 560.2460 1966.2124 -3939.0323 560.2460 1842.0683 -4099.5725 576.2680 1966.8453 -3939.5217 561.0460 1842.7012 -4100.0619 577.0680 1842.7012 -4100.0619 575.4680 1966.8453 -3939.5217 561.0460 1842.7012 -4100.0619 575.4680 1966.8453 -3939.5217 559.4460 1843.3048 -4100.5869 576.2680 1698.9740 -4264.0832 592.6320 1700.1812 -4265.1333 592.6320 1843.3048 -4100.5869 576.2680 1842.0975 -4099.5368 576.2680 1698.9740 -4264.0832 592.6320 1842.7012 -4100.0619 577.0680 1699.5776 -4264.6083 593.4320 1699.5776 -4264.6083 591.8320 1842.7012 -4100.0619 577.0680 1699.5776 -4264.6083 591.8320 1842.7012 -4100.0619 575.4680 1700.1899 -4265.1231 592.6320 1547.3635 -4444.4262 609.3440 1548.5882 -4445.4558 609.3440 1700.1899 -4265.1231 592.6320 1698.9652 -4264.0935 592.6320 1547.3635 -4444.4262 609.3440 1699.5776 -4264.6083 593.4320 1547.9759 -4444.9410 610.1440 1547.9759 -4444.9410 608.5440 1699.5776 -4264.6083 593.4320 1547.9759 -4444.9410 608.5440 1699.5776 -4264.6083 591.8320 1548.6253 -4445.4082 609.3440 1398.1750 -4651.7946 626.3940 1399.4738 -4652.7290 626.3940 1548.6253 -4445.4082 609.3440 1547.3265 -4444.4738 609.3440 1398.1750 -4651.7946 626.3940 1547.9759 -4444.9410 610.1440 1398.8244 -4652.2618 627.1940 1398.8244 -4652.2618 625.5940 1547.9759 -4444.9410 610.1440 1398.8244 -4652.2618 625.5940 1547.9759 -4444.9410 608.5440 1399.4842 -4652.7141 626.3940 1304.6339 -4788.2372 636.8570 1305.9535 -4789.1419 636.8570 1399.4842 -4652.7141 626.3940 1398.1645 -4651.8094 626.3940 1304.6339 -4788.2372 636.8570 1398.8244 -4652.2618 627.1940 1305.2937 -4788.6895 637.6570 1305.2937 -4788.6895 636.0570 1398.8244 -4652.2618 627.1940 1305.2937 -4788.6895 636.0570 1398.8244 -4652.2618 625.5940 1305.9295 -4789.1751 636.8570 1202.0564 -4922.5435 647.0450 1203.3280 -4923.5146 647.0450 1305.9295 -4789.1751 636.8570 1304.6579 -4788.2040 636.8570 1202.0564 -4922.5435 647.0450 1305.2937 -4788.6895 637.6570 1202.6922 -4923.0290 647.8450 1202.6922 -4923.0290 646.2450 1305.2937 -4788.6895 637.6570 1202.6922 -4923.0290 646.2450 1305.2937 -4788.6895 636.0570 1203.3085 -4923.5391 647.0450 1091.3839 -5056.2667 656.9800 1092.6165 -5057.2869 656.9800 1203.3085 -4923.5391 647.0450 1202.0759 -4922.5190 647.0450 1091.3839 -5056.2667 656.9800 1202.6922 -4923.0290 647.8450 1092.0002 -5056.7768 657.7800 1092.0002 -5056.7768 656.1800 1202.6922 -4923.0290 647.8450 1092.0002 -5056.7768 656.1800 1202.6922 -4923.0290 646.2450 1092.6023 -5057.3035 656.9800 973.5995 -5190.9065 666.6580 974.8037 -5191.9599 666.6580 1092.6023 -5057.3035 656.9800 1091.3980 -5056.2501 656.9800 973.5995 -5190.9065 666.6580 1092.0002 -5056.7768 657.7800 974.2016 -5191.4332 667.4580 974.2016 -5191.4332 665.8580 1092.0002 -5056.7768 657.7800 974.2016 -5191.4332 665.8580 1092.0002 -5056.7768 656.1800 974.7950 -5191.9697 666.6580 849.6924 -5327.9584 676.0590 850.8793 -5329.0314 676.0590 974.7950 -5191.9697 666.6580 973.6082 -5190.8967 666.6580 849.6924 -5327.9584 676.0590 974.2016 -5191.4332 667.4580 850.2859 -5328.4949 676.8590 850.2859 -5328.4949 675.2590 974.2016 -5191.4332 667.4580 850.2859 -5328.4949 675.2590 974.2016 -5191.4332 665.8580 850.8760 -5329.0350 676.0590 720.6514 -5468.9245 685.1490 721.8316 -5470.0049 685.1490 850.8760 -5329.0350 676.0590 849.6958 -5327.9547 676.0590 720.6514 -5468.9245 685.1490 850.2859 -5328.4949 676.8590 721.2415 -5469.4647 685.9490 721.2415 -5469.4647 684.3490 850.2859 -5328.4949 676.8590 721.2415 -5469.4647 684.3490 850.2859 -5328.4949 675.2590 721.8332 -5470.0031 685.1490 587.4709 -5615.3056 693.8830 588.6544 -5616.3823 693.8830 721.8332 -5470.0031 685.1490 720.6497 -5468.9263 685.1490 587.4709 -5615.3056 693.8830 721.2415 -5469.4647 685.9490 588.0626 -5615.8439 694.6830 588.0626 -5615.8439 693.0830 721.2415 -5469.4647 685.9490 588.0626 -5615.8439 693.0830 721.2415 -5469.4647 684.3490 588.6604 -5616.3756 693.8830 451.1425 -5768.6031 702.2090 452.3381 -5769.6664 702.2090 588.6604 -5616.3756 693.8830 587.4648 -5615.3123 693.8830 451.1425 -5768.6031 702.2090 588.0626 -5615.8439 694.6830 451.7403 -5769.1347 703.0090 451.7403 -5769.1347 701.4090 588.0626 -5615.8439 694.6830 451.7403 -5769.1347 701.4090 588.0626 -5615.8439 693.0830 452.3480 -5769.6551 702.2090 312.6616 -5930.3204 710.0690 313.8769 -5931.3611 710.0690 452.3480 -5769.6551 702.2090 451.1326 -5768.6144 702.2090 312.6616 -5930.3204 710.0690 451.7403 -5769.1347 703.0090 313.2692 -5930.8407 710.8690 313.2692 -5930.8407 709.2690 451.7403 -5769.1347 703.0090 313.2692 -5930.8407 709.2690 451.7403 -5769.1347 701.4090 313.8898 -5931.3456 710.0690 173.0209 -6101.9610 717.3950 174.2620 -6102.9708 717.3950 313.8898 -5931.3456 710.0690 312.6487 -5930.3359 710.0690 173.0209 -6101.9610 717.3950 313.2692 -5930.8407 710.8690 173.6414 -6102.4659 718.1950 173.6414 -6102.4659 716.5950 313.2692 -5930.8407 710.8690 173.6414 -6102.4659 716.5950 313.2692 -5930.8407 709.2690 174.2772 -6102.9514 717.3950 33.2172 -6285.0282 724.1090 34.4888 -6285.9993 724.1090 174.2772 -6102.9514 717.3950 173.0056 -6101.9803 717.3950 33.2172 -6285.0282 724.1090 173.6414 -6102.4659 718.1950 33.8530 -6285.5138 724.9090 33.8530 -6285.5138 723.3090 173.6414 -6102.4659 718.1950 33.8530 -6285.5138 723.3090 173.6414 -6102.4659 716.5950 34.5056 -6285.9765 724.1090 -105.7557 -6481.0239 730.1230 -104.4506 -6481.9494 730.1230 34.5056 -6285.9765 724.1090 33.2004 -6285.0510 724.1090 -105.7557 -6481.0239 730.1230 33.8530 -6285.5138 724.9090 -105.1031 -6481.4866 730.9230 -105.1031 -6481.4866 729.3230 33.8530 -6285.5138 724.9090 -105.1031 -6481.4866 729.3230 33.8530 -6285.5138 723.3090 -104.4329 -6481.9234 730.1230 -242.9316 -6691.4958 735.3290 -241.5912 -6692.3694 735.3290 -104.4329 -6481.9234 730.1230 -105.7734 -6481.0498 730.1230 -242.9316 -6691.4958 735.3290 -105.1031 -6481.4866 730.9230 -242.2614 -6691.9326 736.1290 -242.2614 -6691.9326 734.5290 -105.1031 -6481.4866 730.9230 -242.2614 -6691.9326 734.5290 -105.1031 -6481.4866 729.3230 -241.5705 -6692.3360 735.3290 -328.4222 -6837.8936 738.2150 -327.0405 -6838.7005 738.2150 -241.5705 -6692.3360 735.3290 -242.9522 -6691.5292 735.3290 -328.4222 -6837.8936 738.2150 -242.2614 -6691.9326 736.1290 -327.7313 -6838.2971 739.0150 -327.7313 -6838.2971 737.4150 -242.2614 -6691.9326 736.1290 -327.7313 -6838.2971 737.4150 -242.2614 -6691.9326 734.5290 -327.0212 -6838.6654 738.2150 -408.6818 -6992.6018 740.6610 -407.2615 -6993.3386 740.6610 -327.0212 -6838.6654 738.2150 -328.4415 -6837.9287 738.2150 -408.6818 -6992.6018 740.6610 -327.7313 -6838.2971 739.0150 -407.9717 -6992.9702 741.4610 -407.9717 -6992.9702 739.8610 -327.7313 -6838.2971 739.0150 -407.9717 -6992.9702 739.8610 -327.7313 -6838.2971 737.4150 -407.2473 -6993.3098 740.6610 -484.7430 -7154.8368 742.6220 -483.2943 -7155.5160 742.6220 -407.2473 -6993.3098 740.6610 -408.6960 -6992.6306 740.6610 -484.7430 -7154.8368 742.6220 -407.9717 -6992.9702 741.4610 -484.0186 -7155.1764 743.4220 -484.0186 -7155.1764 741.8220 -407.9717 -6992.9702 741.4610 -484.0186 -7155.1764 741.8220 -407.9717 -6992.9702 739.8610 -483.2840 -7155.4932 742.6220 -557.6356 -7323.8234 744.0520 -556.1664 -7324.4571 744.0520 -483.2840 -7155.4932 742.6220 -484.7532 -7154.8595 742.6220 -557.6356 -7323.8234 744.0520 -484.0186 -7155.1764 743.4220 -556.9010 -7324.1402 744.8520 -556.9010 -7324.1402 743.2520 -484.0186 -7155.1764 743.4220 -556.9010 -7324.1402 743.2520 -484.0186 -7155.1764 741.8220 -556.1593 -7324.4402 744.0520 -628.3902 -7498.7889 744.9020 -626.9069 -7499.3888 744.9020 -556.1593 -7324.4402 744.0520 -557.6426 -7323.8403 744.0520 -628.3902 -7498.7889 744.9020 -556.9010 -7324.1402 744.8520 -627.6485 -7499.0888 745.7020 -627.6485 -7499.0888 744.1020 -556.9010 -7324.1402 744.8520 -627.6485 -7499.0888 744.1020 -556.9010 -7324.1402 743.2520 -626.9023 -7499.3773 744.9020 -698.0354 -7678.9589 745.1260 -696.5431 -7679.5358 745.1260 -626.9023 -7499.3773 744.9020 -628.3947 -7498.8004 744.9020 -698.0354 -7678.9589 745.1260 -627.6485 -7499.0888 745.7020 -697.2893 -7679.2474 745.9260 -697.2893 -7679.2474 744.3260 -627.6485 -7499.0888 745.7020 -697.2893 -7679.2474 744.3260 -627.6485 -7499.0888 744.1020 -696.5406 -7679.5295 745.1260 -767.5972 -7863.5596 744.6790 -766.1000 -7864.1238 744.6790 -696.5406 -7679.5295 745.1260 -698.0379 -7678.9653 745.1260 -767.5972 -7863.5596 744.6790 -697.2893 -7679.2474 745.9260 -766.8486 -7863.8417 745.4790 -766.8486 -7863.8417 743.8790 -697.2893 -7679.2474 745.9260 -766.8486 -7863.8417 743.8790 -697.2893 -7679.2474 744.3260 -766.0994 -7864.1222 744.6790 -838.0991 -8051.8176 743.5200 -836.6007 -8052.3787 743.5200 -766.0994 -7864.1222 744.6790 -767.5978 -7863.5611 744.6790 -838.0991 -8051.8176 743.5200 -766.8486 -7863.8417 745.4790 -837.3499 -8052.0981 744.3200 -837.3499 -8052.0981 742.7200 -766.8486 -7863.8417 745.4790 -837.3499 -8052.0981 742.7200 -766.8486 -7863.8417 743.8790 -836.6018 -8052.3818 743.5200 -910.5674 -8242.9575 741.6140 -909.0713 -8243.5247 741.6140 -836.6018 -8052.3818 743.5200 -838.0979 -8051.8145 743.5200 -910.5674 -8242.9575 741.6140 -837.3499 -8052.0981 744.3200 -909.8193 -8243.2411 742.4140 -909.8193 -8243.2411 740.8140 -837.3499 -8052.0981 744.3200 -909.8193 -8243.2411 740.8140 -837.3499 -8052.0981 742.7200 -909.0741 -8243.5321 741.6140 -986.0225 -8436.2044 738.9280 -984.5321 -8436.7864 738.9280 -909.0741 -8243.5321 741.6140 -910.5645 -8242.9501 741.6140 -986.0225 -8436.2044 738.9280 -909.8193 -8243.2411 742.4140 -985.2773 -8436.4954 739.7280 -985.2773 -8436.4954 738.1280 -909.8193 -8243.2411 742.4140 -985.2773 -8436.4954 738.1280 -909.8193 -8243.2411 740.8140 -984.5367 -8436.7979 738.9280 -1065.4861 -8630.7843 735.4350 -1064.0048 -8631.3892 735.4350 -984.5367 -8436.7979 738.9280 -986.0179 -8436.1929 738.9280 -1065.4861 -8630.7843 735.4350 -985.2773 -8436.4954 739.7280 -1064.7454 -8631.0867 736.2350 -1064.7454 -8631.0867 734.6350 -985.2773 -8436.4954 739.7280 -1064.7454 -8631.0867 734.6350 -985.2773 -8436.4954 738.1280 -1064.0113 -8631.4046 735.4350 -1149.9820 -8825.9203 731.1100 -1148.5137 -8826.5561 731.1100 -1064.0113 -8631.4046 735.4350 -1065.4796 -8630.7689 735.4350 -1149.9820 -8825.9203 731.1100 -1064.7454 -8631.0867 736.2350 -1149.2479 -8826.2382 731.9100 -1149.2479 -8826.2382 730.3100 -1064.7454 -8631.0867 736.2350 -1149.2479 -8826.2382 730.3100 -1064.7454 -8631.0867 734.6350 -1148.5223 -8826.5752 731.1100 -1240.5276 -9020.8386 725.9290 -1239.0765 -9021.5127 725.9290 -1148.5223 -8826.5752 731.1100 -1149.9734 -8825.9012 731.1100 -1240.5276 -9020.8386 725.9290 -1149.2479 -8826.2382 731.9100 -1239.8021 -9021.1757 726.7290 -1239.8021 -9021.1757 725.1290 -1149.2479 -8826.2382 731.9100 -1239.8021 -9021.1757 725.1290 -1149.2479 -8826.2382 730.3100 -1239.0875 -9021.5354 725.9290 -1338.1458 -9214.7652 719.8700 -1336.7166 -9215.4846 719.8700 -1239.0875 -9021.5354 725.9290 -1240.5166 -9020.8160 725.9290 -1338.1458 -9214.7652 719.8700 -1239.8021 -9021.1757 726.7290 -1337.4312 -9215.1249 720.6700 -1337.4312 -9215.1249 719.0700 -1239.8021 -9021.1757 726.7290 -1337.4312 -9215.1249 719.0700 -1239.8021 -9021.1757 725.1290 -1336.7303 -9215.5105 719.8700 -1443.8553 -9406.9264 712.9040 -1442.4534 -9407.6976 712.9040 -1336.7303 -9215.5105 719.8700 -1338.1322 -9214.7393 719.8700 -1443.8553 -9406.9264 712.9040 -1337.4312 -9215.1249 720.6700 -1443.1544 -9407.3120 713.7040 -1443.1544 -9407.3120 712.1040 -1337.4312 -9215.1249 720.6700 -1443.1544 -9407.3120 712.1040 -1337.4312 -9215.1249 719.0700 -1442.4700 -9407.7264 712.9040 -1558.6770 -9596.5489 705.0020 -1557.3084 -9597.3777 705.0020 -1442.4700 -9407.7264 712.9040 -1443.8387 -9406.8977 712.9040 -1558.6770 -9596.5489 705.0020 -1443.1544 -9407.3120 713.7040 -1557.9927 -9596.9633 705.8020 -1557.9927 -9596.9633 704.2020 -1443.1544 -9407.3120 713.7040 -1557.9927 -9596.9633 704.2020 -1443.1544 -9407.3120 712.1040 -1557.3283 -9597.4089 705.0020 -1683.6302 -9782.8621 696.1230 -1682.3014 -9783.7533 696.1230 -1557.3283 -9597.4089 705.0020 -1558.6571 -9596.5177 705.0020 -1683.6302 -9782.8621 696.1230 -1557.9927 -9596.9633 705.8020 -1682.9658 -9783.3077 696.9230 -1682.9658 -9783.3077 695.3230 -1557.9927 -9596.9633 705.8020 -1682.9658 -9783.3077 695.3230 -1557.9927 -9596.9633 704.2020 -1682.3248 -9783.7865 696.1230 -1819.7370 -9965.0957 686.2140 -1818.4550 -9966.0532 686.2140 -1682.3248 -9783.7865 696.1230 -1683.6067 -9782.8290 696.1230 -1819.7370 -9965.0957 686.2140 -1682.9658 -9783.3077 696.9230 -1819.0960 -9965.5744 687.0140 -1819.0960 -9965.5744 685.4140 -1682.9658 -9783.3077 696.9230 -1819.0960 -9965.5744 685.4140 -1682.9658 -9783.3077 695.3230 -1818.4822 -9966.0875 686.2140 -1968.0208 -10142.4794 675.2060 -1966.7932 -10143.5055 675.2060 -1818.4822 -9966.0875 686.2140 -1819.7098 -9965.0614 686.2140 -1968.0208 -10142.4794 675.2060 -1819.0960 -9965.5744 687.0140 -1967.4070 -10142.9924 676.0060 -1967.4070 -10142.9924 674.4060 -1819.0960 -9965.5744 687.0140 -1967.4070 -10142.9924 674.4060 -1819.0960 -9965.5744 685.4140 -1966.8242 -10143.5404 675.2060 -2129.5609 -10314.2966 663.0100 -2128.3952 -10315.3926 663.0100 -1966.8242 -10143.5404 675.2060 -1967.9899 -10142.4445 675.2060 -2129.5609 -10314.2966 663.0100 -1967.4070 -10142.9924 676.0060 -2128.9781 -10314.8446 663.8100 -2128.9781 -10314.8446 662.2100 -1967.4070 -10142.9924 676.0060 -2128.9781 -10314.8446 662.2100 -1967.4070 -10142.9924 674.4060 -2128.4239 -10315.4216 663.0100 -2252.0131 -10431.9026 653.6230 -2250.9048 -10433.0565 653.6230 -2128.4239 -10315.4216 663.0100 -2129.5322 -10314.2676 663.0100 -2252.0131 -10431.9026 653.6230 -2128.9781 -10314.8446 663.8100 -2251.4590 -10432.4796 654.4230 -2251.4590 -10432.4796 652.8230 -2128.9781 -10314.8446 663.8100 -2251.4590 -10432.4796 652.8230 -2128.9781 -10314.8446 662.2100 -2250.9264 -10433.0765 653.6230 -2386.3970 -10551.7996 643.1150 -2385.3318 -10552.9935 643.1150 -2250.9264 -10433.0765 653.6230 -2251.9916 -10431.8826 653.6230 -2386.3970 -10551.7996 643.1150 -2251.4590 -10432.4796 654.4230 -2385.8644 -10552.3965 643.9150 -2385.8644 -10552.3965 642.3150 -2251.4590 -10432.4796 654.4230 -2385.8644 -10552.3965 642.3150 -2251.4590 -10432.4796 652.8230 -2385.3504 -10553.0096 643.1150 -2531.7388 -10673.6497 631.4360 -2530.7108 -10674.8758 631.4360 -2385.3504 -10553.0096 643.1150 -2386.3783 -10551.7835 643.1150 -2531.7388 -10673.6497 631.4360 -2385.8644 -10552.3965 643.9150 -2531.2248 -10674.2628 632.2360 -2531.2248 -10674.2628 630.6360 -2385.8644 -10552.3965 643.9150 -2531.2248 -10674.2628 630.6360 -2385.8644 -10552.3965 642.3150 -2530.7270 -10674.8891 631.4360 -2687.0704 -10797.1188 618.5410 -2686.0748 -10798.3713 618.5410 -2530.7270 -10674.8891 631.4360 -2531.7226 -10673.6365 631.4360 -2687.0704 -10797.1188 618.5410 -2531.2248 -10674.2628 632.2360 -2686.5726 -10797.7451 619.3410 -2686.5726 -10797.7451 617.7410 -2531.2248 -10674.2628 632.2360 -2686.5726 -10797.7451 617.7410 -2531.2248 -10674.2628 630.6360 -2686.0889 -10798.3823 618.5410 -2851.4234 -10921.8747 604.4010 -2850.4561 -10923.1491 604.4010 -2686.0889 -10798.3823 618.5410 -2687.0563 -10797.1079 618.5410 -2851.4234 -10921.8747 604.4010 -2686.5726 -10797.7451 619.3410 -2850.9397 -10922.5119 605.2010 -2850.9397 -10922.5119 603.6010 -2686.5726 -10797.7451 619.3410 -2850.9397 -10922.5119 603.6010 -2686.5726 -10797.7451 617.7410 -2850.4684 -10923.1583 604.4010 -3023.8322 -11047.5885 588.9930 -3022.8895 -11048.8813 588.9930 -2850.4684 -10923.1583 604.4010 -2851.4111 -10921.8655 604.4010 -3023.8322 -11047.5885 588.9930 -2850.9397 -10922.5119 605.2010 -3023.3609 -11048.2349 589.7930 -3023.3609 -11048.2349 588.1930 -2850.9397 -10922.5119 605.2010 -3023.3609 -11048.2349 588.1930 -2850.9397 -10922.5119 603.6010 -3022.9004 -11048.8891 588.9930 -3203.3284 -11173.9304 572.3100 -3202.4075 -11175.2388 572.3100 -3022.9004 -11048.8891 588.9930 -3023.8213 -11047.5807 588.9930 -3203.3284 -11173.9304 572.3100 -3023.3609 -11048.2349 589.7930 -3202.8680 -11174.5846 573.1100 -3202.8680 -11174.5846 571.5100 -3023.3609 -11048.2349 589.7930 -3202.8680 -11174.5846 571.5100 -3023.3609 -11048.2349 588.1930 -3202.4171 -11175.2454 572.3100 -3388.9462 -11300.5732 554.3550 -3388.0445 -11301.8949 554.3550 -3202.4171 -11175.2454 572.3100 -3203.3188 -11173.9238 572.3100 -3388.9462 -11300.5732 554.3550 -3202.8680 -11174.5846 573.1100 -3388.4954 -11301.2341 555.1550 -3388.4954 -11301.2341 553.5550 -3202.8680 -11174.5846 573.1100 -3388.4954 -11301.2341 553.5550 -3202.8680 -11174.5846 571.5100 -3388.0530 -11301.9006 554.3550 -3579.7212 -11427.1892 535.1490 -3578.8364 -11428.5224 535.1490 -3388.0530 -11301.9006 554.3550 -3388.9378 -11300.5675 554.3550 -3579.7212 -11427.1892 535.1490 -3388.4954 -11301.2341 555.1550 -3579.2788 -11427.8558 535.9490 -3579.2788 -11427.8558 534.3490 -3388.4954 -11301.2341 555.1550 -3579.2788 -11427.8558 534.3490 -3388.4954 -11301.2341 553.5550 -3578.8440 -11428.5273 535.1490 -3774.6861 -11553.4502 514.7250 -3773.8164 -11554.7932 514.7250 -3578.8440 -11428.5273 535.1490 -3579.7137 -11427.1843 535.1490 -3774.6861 -11553.4502 514.7250 -3579.2788 -11427.8558 535.9490 -3774.2512 -11554.1217 515.5250 -3774.2512 -11554.1217 513.9250 -3579.2788 -11427.8558 535.9490 -3774.2512 -11554.1217 513.9250 -3579.2788 -11427.8558 534.3490 -3773.8231 -11554.7975 514.7250 -3972.8759 -11679.0301 493.1330 -3972.0195 -11680.3816 493.1330 -3773.8231 -11554.7975 514.7250 -3774.6794 -11553.4460 514.7250 -3972.8759 -11679.0301 493.1330 -3774.2512 -11554.1217 515.5250 -3972.4477 -11679.7059 493.9330 -3972.4477 -11679.7059 492.3330 -3774.2512 -11554.1217 515.5250 -3972.4477 -11679.7059 492.3330 -3774.2512 -11554.1217 513.9250 -3972.0255 -11680.3854 493.1330 -4173.3249 -11803.6002 470.4400 -4172.4804 -11804.9591 470.4400 -3972.0255 -11680.3854 493.1330 -3972.8700 -11679.0264 493.1330 -4173.3249 -11803.6002 470.4400 -3972.4477 -11679.7059 493.9330 -4172.9026 -11804.2796 471.2400 -4172.9026 -11804.2796 469.6400 -3972.4477 -11679.7059 493.9330 -4172.9026 -11804.2796 469.6400 -3972.4477 -11679.7059 492.3330 -4172.4856 -11804.9623 470.4400 -4375.0705 -11926.8357 446.7290 -4374.2364 -11928.2011 446.7290 -4172.4856 -11804.9623 470.4400 -4173.3197 -11803.5969 470.4400 -4375.0705 -11926.8357 446.7290 -4172.9026 -11804.2796 471.2400 -4374.6534 -11927.5184 447.5290 -4374.6534 -11927.5184 445.9290 -4172.9026 -11804.2796 471.2400 -4374.6534 -11927.5184 445.9290 -4172.9026 -11804.2796 469.6400 -4374.2410 -11928.2039 446.7290 -4577.1450 -12048.4103 422.0980 -4576.3201 -12049.7813 422.0980 -4374.2410 -11928.2039 446.7290 -4375.0658 -11926.8329 446.7290 -4577.1450 -12048.4103 422.0980 -4374.6534 -11927.5184 447.5290 -4576.7326 -12049.0958 422.8980 -4576.7326 -12049.0958 421.2980 -4374.6534 -11927.5184 447.5290 -4576.7326 -12049.0958 421.2980 -4374.6534 -11927.5184 445.9290 -4576.3242 -12049.7837 422.0980 -4778.5852 -12167.9956 396.6650 -4777.7685 -12169.3714 396.6650 -4576.3242 -12049.7837 422.0980 -4577.1409 -12048.4079 422.0980 -4778.5852 -12167.9956 396.6650 -4576.7326 -12049.0958 422.8980 -4778.1768 -12168.6835 397.4650 -4778.1768 -12168.6835 395.8650 -4576.7326 -12049.0958 422.8980 -4778.1768 -12168.6835 395.8650 -4576.7326 -12049.0958 421.2980 -4777.7719 -12169.3735 396.6650 -4978.4269 -12285.2663 370.5620 -4977.6172 -12286.6462 370.5620 -4777.7719 -12169.3735 396.6650 -4778.5817 -12167.9935 396.6650 -4978.4269 -12285.2663 370.5620 -4778.1768 -12168.6835 397.4650 -4978.0221 -12285.9563 371.3620 -4978.0221 -12285.9563 369.7620 -4778.1768 -12168.6835 397.4650 -4978.0221 -12285.9563 369.7620 -4778.1768 -12168.6835 395.8650 -4977.6201 -12286.6480 370.5620 -5175.7039 -12399.8972 343.9380 -5174.9001 -12401.2806 343.9380 -4977.6201 -12286.6480 370.5620 -4978.4240 -12285.2646 370.5620 -5175.7039 -12399.8972 343.9380 -4978.0221 -12285.9563 371.3620 -5175.3020 -12400.5889 344.7380 -5175.3020 -12400.5889 343.1380 -4978.0221 -12285.9563 371.3620 -5175.3020 -12400.5889 343.1380 -4978.0221 -12285.9563 369.7620 -5174.9025 -12401.2821 343.9380 -5369.4533 -12511.5604 316.9570 -5368.6544 -12512.9466 316.9570 -5174.9025 -12401.2821 343.9380 -5175.7015 -12399.8958 343.9380 -5369.4533 -12511.5604 316.9570 -5175.3020 -12400.5889 344.7380 -5369.0538 -12512.2535 317.7570 -5369.0538 -12512.2535 316.1570 -5175.3020 -12400.5889 344.7380 -5369.0538 -12512.2535 316.1570 -5175.3020 -12400.5889 343.1380 -5368.6563 -12512.9477 316.9570 -5558.7112 -12619.9317 289.7990 -5557.9161 -12621.3202 289.7990 -5368.6563 -12512.9477 316.9570 -5369.4514 -12511.5593 316.9570 -5558.7112 -12619.9317 289.7990 -5369.0538 -12512.2535 317.7570 -5558.3136 -12620.6259 290.5990 -5558.3136 -12620.6259 288.9990 -5369.0538 -12512.2535 317.7570 -5558.3136 -12620.6259 288.9990 -5369.0538 -12512.2535 316.1570 -5557.9175 -12621.3210 289.7990 -5742.5118 -12724.6834 262.6580 -5741.7196 -12726.0735 262.6580 -5557.9175 -12621.3210 289.7990 -5558.7097 -12619.9309 289.7990 -5742.5118 -12724.6834 262.6580 -5558.3136 -12620.6259 290.5990 -5742.1157 -12725.3784 263.4580 -5742.1157 -12725.3784 261.8580 -5558.3136 -12620.6259 290.5990 -5742.1157 -12725.3784 261.8580 -5558.3136 -12620.6259 288.9990 -5741.7204 -12726.0740 262.6580 -5919.8918 -12825.4897 235.7400 -5919.1013 -12826.8807 235.7400 -5741.7204 -12726.0740 262.6580 -5742.5110 -12724.6829 262.6580 -5919.8918 -12825.4897 235.7400 -5742.1157 -12725.3784 263.4580 -5919.4966 -12826.1852 236.5400 -5919.4966 -12826.1852 234.9400 -5742.1157 -12725.3784 263.4580 -5919.4966 -12826.1852 234.9400 -5742.1157 -12725.3784 261.8580 -5919.1015 -12826.8809 235.7400 -6089.8890 -12922.0271 209.2620 -6089.0989 -12923.4184 209.2620 -5919.1015 -12826.8809 235.7400 -5919.8916 -12825.4896 235.7400 -6089.8890 -12922.0271 209.2620 -5919.4966 -12826.1852 236.5400 -6089.4939 -12922.7227 210.0620 -6089.4939 -12922.7227 208.4620 -5919.4966 -12826.1852 236.5400 -6089.4939 -12922.7227 208.4620 -5919.4966 -12826.1852 234.9400 -6089.0984 -12923.4181 209.2620 -6251.5396 -13013.9682 183.4540 -6250.7485 -13015.3590 183.4540 -6089.0984 -12923.4181 209.2620 -6089.8895 -12922.0273 209.2620 -6251.5396 -13013.9682 183.4540 -6089.4939 -12922.7227 210.0620 -6251.1440 -13014.6636 184.2540 -6251.1440 -13014.6636 182.6540 -6089.4939 -12922.7227 210.0620 -6251.1440 -13014.6636 182.6540 -6089.4939 -12922.7227 208.4620 -6250.7472 -13015.3583 183.4540 -6403.8803 -13100.9892 158.5520 -6403.0867 -13102.3785 158.5520 -6250.7472 -13015.3583 183.4540 -6251.5409 -13013.9690 183.4540 -6403.8803 -13100.9892 158.5520 -6251.1440 -13014.6636 184.2540 -6403.4835 -13101.6839 159.3520 -6403.4835 -13101.6839 157.7520 -6251.1440 -13014.6636 184.2540 -6403.4835 -13101.6839 157.7520 -6251.1440 -13014.6636 182.6540 -6403.0844 -13102.3772 158.5520 -6545.9499 -13182.7649 134.7990 -6545.1517 -13184.1515 134.7990 -6403.0844 -13102.3772 158.5520 -6403.8826 -13100.9905 158.5520 -6545.9499 -13182.7649 134.7990 -6403.4835 -13101.6839 159.3520 -6545.5508 -13183.4582 135.5990 -6545.5508 -13183.4582 133.9990 -6403.4835 -13101.6839 159.3520 -6545.5508 -13183.4582 133.9990 -6403.4835 -13101.6839 157.7520 -6545.1482 -13184.1495 134.7990 -6676.7874 -13258.9727 112.4430 -6675.9821 -13260.3553 112.4430 -6545.1482 -13184.1495 134.7990 -6545.9535 -13182.7669 134.7990 -6676.7874 -13258.9727 112.4430 -6545.5508 -13183.4582 135.5990 -6676.3848 -13259.6640 113.2430 -6676.3848 -13259.6640 111.6430 -6545.5508 -13183.4582 135.5990 -6676.3848 -13259.6640 111.6430 -6545.5508 -13183.4582 133.9990 -6675.9769 -13260.3522 112.4430 -6795.4365 -13329.2902 91.7350 -6794.6207 -13330.6667 91.7350 -6675.9769 -13260.3522 112.4430 -6676.7927 -13258.9758 112.4430 -6795.4365 -13329.2902 91.7350 -6676.3848 -13259.6640 113.2430 -6795.0286 -13329.9785 92.5350 -6795.0286 -13329.9785 90.9350 -6676.3848 -13259.6640 113.2430 -6795.0286 -13329.9785 90.9350 -6676.3848 -13259.6640 111.6430 -6794.6132 -13330.6621 91.7350 -6900.9430 -13393.3995 72.9240 -6900.1121 -13394.7668 72.9240 -6794.6132 -13330.6621 91.7350 -6795.4440 -13329.2948 91.7350 -6900.9430 -13393.3995 72.9240 -6795.0286 -13329.9785 92.5350 -6900.5275 -13394.0832 73.7240 -6900.5275 -13394.0832 72.1240 -6795.0286 -13329.9785 92.5350 -6900.5275 -13394.0832 72.1240 -6795.0286 -13329.9785 90.9350 -6900.1011 -13394.7600 72.9240 -6992.2079 -13450.8913 56.2540 -6991.3551 -13452.2450 56.2540 -6900.1011 -13394.7600 72.9240 -6900.9539 -13393.4063 72.9240 -6992.2079 -13450.8913 56.2540 -6900.5275 -13394.0832 73.7240 -6991.7815 -13451.5682 57.0540 -6991.7815 -13451.5682 55.4540 -6900.5275 -13394.0832 73.7240 -6991.7815 -13451.5682 55.4540 -6900.5275 -13394.0832 72.1240 6.8179 4.7336 0.0000 69.2462 -87.9912 17.9930 70.5605 -87.0788 17.9930 6.8179 4.7336 0.0000 5.5036 3.8211 0.0000 69.2462 -87.9912 17.9930 6.1607 4.2773 0.8000 69.9034 -87.5350 18.7930 69.9034 -87.5350 17.1930 6.1607 4.2773 0.8000 69.9034 -87.5350 17.1930 6.1607 4.2773 -0.8000 70.5508 -87.0650 17.9930 150.0401 -199.2877 39.8110 151.3349 -198.3477 39.8110 70.5508 -87.0650 17.9930 69.2560 -88.0050 17.9930 150.0401 -199.2877 39.8110 69.9034 -87.5350 18.7930 150.6875 -198.8177 40.6110 150.6875 -198.8177 39.0110 69.9034 -87.5350 18.7930 150.6875 -198.8177 39.0110 69.9034 -87.5350 17.1930 151.3294 -198.3403 39.8110 245.7442 -327.9926 64.8290 247.0281 -327.0378 64.8290 151.3294 -198.3403 39.8110 150.0455 -199.2951 39.8110 245.7442 -327.9926 64.8290 150.6875 -198.8177 40.6110 246.3861 -327.5152 65.6290 246.3861 -327.5152 64.0290 150.6875 -198.8177 40.6110 246.3861 -327.5152 64.0290 150.6875 -198.8177 39.0110 247.0252 -327.0339 64.8290 354.2434 -472.0660 92.4180 355.5215 -471.1034 92.4180 247.0252 -327.0339 64.8290 245.7471 -327.9964 64.8290 354.2434 -472.0660 92.4180 246.3861 -327.5152 65.6290 354.8824 -471.5847 93.2180 354.8824 -471.5847 91.6180 246.3861 -327.5152 65.6290 354.8824 -471.5847 91.6180 246.3861 -327.5152 64.0290 355.5202 -471.1018 92.4180 473.4244 -629.4743 121.9620 474.7000 -628.5085 121.9620 355.5202 -471.1018 92.4180 354.2446 -472.0676 92.4180 473.4244 -629.4743 121.9620 354.8824 -471.5847 93.2180 474.0622 -628.9914 122.7620 474.0622 -628.9914 121.1620 354.8824 -471.5847 93.2180 474.0622 -628.9914 121.1620 354.8824 -471.5847 91.6180 474.7000 -628.5084 121.9620 601.1774 -798.1853 152.8680 602.4530 -797.2194 152.8680 474.7000 -628.5084 121.9620 473.4244 -629.4743 121.9620 601.1774 -798.1853 152.8680 474.0622 -628.9914 122.7620 601.8152 -797.7023 153.6680 601.8152 -797.7023 152.0680 474.0622 -628.9914 122.7620 601.8152 -797.7023 152.0680 474.0622 -628.9914 121.1620 602.4540 -797.2207 152.8680 735.3917 -976.1670 184.5710 736.6692 -975.2037 184.5710 602.4540 -797.2207 152.8680 601.1765 -798.1840 152.8680 735.3917 -976.1670 184.5710 601.8152 -797.7023 153.6680 736.0305 -975.6853 185.3710 736.0305 -975.6853 183.7710 601.8152 -797.7023 153.6680 736.0305 -975.6853 183.7710 601.8152 -797.7023 152.0680 736.6711 -975.2061 184.5710 873.9560 -1161.3902 216.5450 875.2371 -1160.4318 216.5450 736.6711 -975.2061 184.5710 735.3899 -976.1645 184.5710 873.9560 -1161.3902 216.5450 736.0305 -975.6853 185.3710 874.5965 -1160.9110 217.3450 874.5965 -1160.9110 215.7450 736.0305 -975.6853 185.3710 874.5965 -1160.9110 215.7450 736.0305 -975.6853 183.7710 875.2398 -1160.4354 216.5450 1014.7634 -1351.8257 248.3090 1016.0499 -1350.8745 248.3090 875.2398 -1160.4354 216.5450 873.9533 -1161.3866 216.5450 1014.7634 -1351.8257 248.3090 874.5965 -1160.9110 217.3450 1015.4066 -1351.3501 249.1090 1015.4066 -1351.3501 247.5090 874.5965 -1160.9110 217.3450 1015.4066 -1351.3501 247.5090 874.5965 -1160.9110 215.7450 1016.0534 -1350.8793 248.3090 1155.7036 -1545.4448 279.4240 1156.9971 -1544.5032 279.4240 1016.0534 -1350.8793 248.3090 1014.7598 -1351.8209 248.3090 1155.7036 -1545.4448 279.4240 1015.4066 -1351.3501 249.1090 1156.3504 -1544.9740 280.2240 1156.3504 -1544.9740 278.6240 1015.4066 -1351.3501 249.1090 1156.3504 -1544.9740 278.6240 1015.4066 -1351.3501 247.5090 1157.0016 -1544.5094 279.4240 1294.6687 -1740.2198 309.5050 1295.9711 -1739.2905 309.5050 1157.0016 -1544.5094 279.4240 1155.6991 -1545.4387 279.4240 1294.6687 -1740.2198 309.5050 1156.3504 -1544.9740 280.2240 1295.3199 -1739.7552 310.3050 1295.3199 -1739.7552 308.7050 1156.3504 -1544.9740 280.2240 1295.3199 -1739.7552 308.7050 1156.3504 -1544.9740 278.6240 1295.9766 -1739.2983 309.5050 1429.5502 -1934.1241 338.2130 1430.8637 -1933.2104 338.2130 1295.9766 -1739.2983 309.5050 1294.6632 -1740.2120 309.5050 1429.5502 -1934.1241 338.2130 1295.3199 -1739.7552 310.3050 1430.2069 -1933.6673 339.0130 1430.2069 -1933.6673 337.4130 1295.3199 -1739.7552 310.3050 1430.2069 -1933.6673 337.4130 1295.3199 -1739.7552 308.7050 1430.8704 -1933.2202 338.2130 1558.2425 -2125.1329 365.2600 1559.5694 -2124.2389 365.2600 1430.8704 -1933.2202 338.2130 1429.5435 -1934.1143 338.2130 1558.2425 -2125.1329 365.2600 1430.2069 -1933.6673 339.0130 1558.9060 -2124.6859 366.0600 1558.9060 -2124.6859 364.4600 1430.2069 -1933.6673 339.0130 1558.9060 -2124.6859 364.4600 1430.2069 -1933.6673 337.4130 1559.5777 -2124.2514 365.2600 1678.6388 -2311.2244 390.4060 1679.9821 -2310.3552 390.4060 1559.5777 -2124.2514 365.2600 1558.2343 -2125.1205 365.2600 1678.6388 -2311.2244 390.4060 1558.9060 -2124.6859 366.0600 1679.3105 -2310.7898 391.2060 1679.3105 -2310.7898 389.6060 1558.9060 -2124.6859 366.0600 1679.3105 -2310.7898 389.6060 1558.9060 -2124.6859 364.4600 1679.9922 -2310.3712 390.4060 1788.6322 -2490.3808 413.4560 1789.9957 -2489.5437 413.4560 1679.9922 -2310.3712 390.4060 1678.6287 -2311.2084 390.4060 1788.6322 -2490.3808 413.4560 1679.3105 -2310.7898 391.2060 1789.3140 -2489.9623 414.2560 1789.3140 -2489.9623 412.6560 1679.3105 -2310.7898 391.2060 1789.3140 -2489.9623 412.6560 1679.3105 -2310.7898 389.6060 1790.0082 -2489.5646 413.4560 1886.1217 -2660.5931 434.2550 1887.5101 -2659.7979 434.2550 1790.0082 -2489.5646 413.4560 1788.6198 -2490.3599 413.4560 1886.1217 -2660.5931 434.2550 1789.3140 -2489.9623 414.2560 1886.8159 -2660.1955 435.0550 1886.8159 -2660.1955 433.4550 1789.3140 -2489.9623 414.2560 1886.8159 -2660.1955 433.4550 1789.3140 -2489.9623 412.6560 1887.5255 -2659.8262 434.2550 1969.0030 -2819.8668 452.6910 1970.4223 -2819.1282 452.6910 1887.5255 -2659.8262 434.2550 1886.1062 -2660.5648 434.2550 1969.0030 -2819.8668 452.6910 1886.8159 -2660.1955 435.0550 1969.7127 -2819.4975 453.4910 1969.7127 -2819.4975 451.8910 1886.8159 -2660.1955 435.0550 1969.7127 -2819.4975 451.8910 1886.8159 -2660.1955 433.4550 1970.4416 -2819.1680 452.6910 2035.1721 -2966.2386 468.6860 2036.6301 -2965.5795 468.6860 1970.4416 -2819.1680 452.6910 1968.9837 -2819.8271 452.6910 2035.1721 -2966.2386 468.6860 1969.7127 -2819.4975 453.4910 2035.9011 -2965.9091 469.4860 2035.9011 -2965.9091 467.8860 1969.7127 -2819.4975 453.4910 2035.9011 -2965.9091 467.8860 1969.7127 -2819.4975 451.8910 2036.6539 -2965.6384 468.6860 2082.5472 -3097.9846 482.2090 2084.0528 -3097.4431 482.2090 2036.6539 -2965.6384 468.6860 2035.1483 -2966.1798 468.6860 2082.5472 -3097.9846 482.2090 2035.9011 -2965.9091 469.4860 2083.3000 -3097.7138 483.0090 2083.3000 -3097.7138 481.4090 2035.9011 -2965.9091 469.4860 2083.3000 -3097.7138 481.4090 2035.9011 -2965.9091 467.8860 2084.0839 -3097.5542 482.2090 2136.8703 -3364.7312 507.5670 2138.4381 -3364.4119 507.5670 2084.0839 -3097.5542 482.2090 2082.5161 -3097.8735 482.2090 2136.8703 -3364.7312 507.5670 2083.3000 -3097.7138 483.0090 2137.6542 -3364.5716 508.3670 2137.6542 -3364.5716 506.7670 2083.3000 -3097.7138 483.0090 2137.6542 -3364.5716 506.7670 2083.3000 -3097.7138 481.4090 2138.4539 -3364.5944 507.5670 2130.4819 -3587.7624 527.3540 2132.0813 -3587.8080 527.3540 2138.4539 -3364.5944 507.5670 2136.8545 -3364.5487 507.5670 2130.4819 -3587.7624 527.3540 2137.6542 -3364.5716 508.3670 2131.2816 -3587.7852 528.1540 2131.2816 -3587.7852 526.5540 2137.6542 -3364.5716 508.3670 2131.2816 -3587.7852 526.5540 2137.6542 -3364.5716 506.7670 2132.0486 -3588.0126 527.3540 2073.9240 -3778.4113 544.2700 2075.4580 -3778.8661 544.2700 2132.0486 -3588.0126 527.3540 2130.5146 -3587.5578 527.3540 2073.9240 -3778.4113 544.2700 2131.2816 -3587.7852 528.1540 2074.6910 -3778.6387 545.0700 2074.6910 -3778.6387 543.4700 2131.2816 -3587.7852 528.1540 2074.6910 -3778.6387 543.4700 2131.2816 -3587.7852 526.5540 2075.3877 -3779.0319 544.2700 1978.0140 -3948.3051 560.2460 1979.4074 -3949.0915 560.2460 2075.3877 -3779.0319 544.2700 2073.9943 -3778.2455 544.2700 1978.0140 -3948.3051 560.2460 2074.6910 -3778.6387 545.0700 1978.7107 -3948.6983 561.0460 1978.7107 -3948.6983 559.4460 2074.6910 -3778.6387 545.0700 1978.7107 -3948.6983 559.4460 2074.6910 -3778.6387 543.4700 1979.3435 -3949.1878 560.2460 1853.3860 -4109.4167 576.2680 1854.6516 -4110.3956 576.2680 1979.3435 -3949.1878 560.2460 1978.0779 -3948.2089 560.2460 1853.3860 -4109.4167 576.2680 1978.7107 -3948.6983 561.0460 1854.0188 -4109.9061 577.0680 1854.0188 -4109.9061 575.4680 1978.7107 -3948.6983 561.0460 1854.0188 -4109.9061 575.4680 1978.7107 -3948.6983 559.4460 1854.6224 -4110.4312 576.2680 1710.4548 -4273.7367 592.6320 1711.6620 -4274.7868 592.6320 1854.6224 -4110.4312 576.2680 1853.4152 -4109.3811 576.2680 1710.4548 -4273.7367 592.6320 1854.0188 -4109.9061 577.0680 1711.0584 -4274.2617 593.4320 1711.0584 -4274.2617 591.8320 1854.0188 -4109.9061 577.0680 1711.0584 -4274.2617 591.8320 1854.0188 -4109.9061 575.4680 1711.6707 -4274.7767 592.6320 1559.5399 -4453.1861 609.3440 1560.7644 -4454.2159 609.3440 1711.6707 -4274.7767 592.6320 1710.4462 -4273.7468 592.6320 1559.5399 -4453.1861 609.3440 1711.0584 -4274.2617 593.4320 1560.1521 -4453.7010 610.1440 1560.1521 -4453.7010 608.5440 1711.0584 -4274.2617 593.4320 1560.1521 -4453.7010 608.5440 1711.0584 -4274.2617 591.8320 1560.8015 -4454.1682 609.3440 1410.5462 -4660.2770 626.3940 1411.8450 -4661.2114 626.3940 1560.8015 -4454.1682 609.3440 1559.5027 -4453.2338 609.3440 1410.5462 -4660.2770 626.3940 1560.1521 -4453.7010 610.1440 1411.1956 -4660.7442 627.1940 1411.1956 -4660.7442 625.5940 1560.1521 -4453.7010 610.1440 1411.1956 -4660.7442 625.5940 1560.1521 -4453.7010 608.5440 1411.8554 -4661.1967 626.3940 1316.5545 -4797.3420 636.8570 1317.8741 -4798.2469 636.8570 1411.8554 -4661.1967 626.3940 1410.5359 -4660.2918 626.3940 1316.5545 -4797.3420 636.8570 1411.1956 -4660.7442 627.1940 1317.2143 -4797.7945 637.6570 1317.2143 -4797.7945 636.0570 1411.1956 -4660.7442 627.1940 1317.2143 -4797.7945 636.0570 1411.1956 -4660.7442 625.5940 1317.8500 -4798.2801 636.8570 1213.6120 -4932.1073 647.0450 1214.8835 -4933.0786 647.0450 1317.8500 -4798.2801 636.8570 1316.5785 -4797.3089 636.8570 1213.6120 -4932.1073 647.0450 1317.2143 -4797.7945 637.6570 1214.2478 -4932.5930 647.8450 1214.2478 -4932.5930 646.2450 1317.2143 -4797.7945 637.6570 1214.2478 -4932.5930 646.2450 1317.2143 -4797.7945 636.0570 1214.8641 -4933.1030 647.0450 1102.6735 -5066.1431 656.9800 1103.9061 -5067.1633 656.9800 1214.8641 -4933.1030 647.0450 1213.6315 -4932.0829 647.0450 1102.6735 -5066.1431 656.9800 1214.2478 -4932.5930 647.8450 1103.2898 -5066.6532 657.7800 1103.2898 -5066.6532 656.1800 1214.2478 -4932.5930 647.8450 1103.2898 -5066.6532 656.1800 1214.2478 -4932.5930 646.2450 1103.8919 -5067.1799 656.9800 984.7263 -5200.9660 666.6580 985.9305 -5202.0195 666.6580 1103.8919 -5067.1799 656.9800 1102.6877 -5066.1265 656.9800 984.7263 -5200.9660 666.6580 1103.2898 -5066.6532 657.7800 985.3284 -5201.4928 667.4580 985.3284 -5201.4928 665.8580 1103.2898 -5066.6532 657.7800 985.3284 -5201.4928 665.8580 1103.2898 -5066.6532 656.1800 985.9218 -5202.0293 666.6580 860.7567 -5338.0866 676.0590 861.9436 -5339.1597 676.0590 985.9218 -5202.0293 666.6580 984.7350 -5200.9563 666.6580 860.7567 -5338.0866 676.0590 985.3284 -5201.4928 667.4580 861.3501 -5338.6231 676.8590 861.3501 -5338.6231 675.2590 985.3284 -5201.4928 667.4580 861.3501 -5338.6231 675.2590 985.3284 -5201.4928 665.8580 861.9402 -5339.1633 676.0590 731.7464 -5479.0191 685.1490 732.9266 -5480.0995 685.1490 861.9402 -5339.1633 676.0590 860.7600 -5338.0830 676.0590 731.7464 -5479.0191 685.1490 861.3501 -5338.6231 676.8590 732.3365 -5479.5593 685.9490 732.3365 -5479.5593 684.3490 861.3501 -5338.6231 676.8590 732.3365 -5479.5593 684.3490 861.3501 -5338.6231 675.2590 732.9283 -5480.0977 685.1490 598.6796 -5625.2737 693.8830 599.8631 -5626.3504 693.8830 732.9283 -5480.0977 685.1490 731.7448 -5479.0209 685.1490 598.6796 -5625.2737 693.8830 732.3365 -5479.5593 685.9490 599.2714 -5625.8121 694.6830 599.2714 -5625.8121 693.0830 732.3365 -5479.5593 685.9490 599.2714 -5625.8121 693.0830 732.3365 -5479.5593 684.3490 599.8692 -5626.3437 693.8830 462.5359 -5778.3596 702.2090 463.7315 -5779.4229 702.2090 599.8692 -5626.3437 693.8830 598.6736 -5625.2804 693.8830 462.5359 -5778.3596 702.2090 599.2714 -5625.8121 694.6830 463.1337 -5778.8913 703.0090 463.1337 -5778.8913 701.4090 599.2714 -5625.8121 694.6830 463.1337 -5778.8913 701.4090 599.2714 -5625.8121 693.0830 463.7413 -5779.4116 702.2090 324.2971 -5939.7869 710.0690 325.5124 -5940.8276 710.0690 463.7413 -5779.4116 702.2090 462.5261 -5778.3709 702.2090 324.2971 -5939.7869 710.0690 463.1337 -5778.8913 703.0090 324.9048 -5940.3073 710.8690 324.9048 -5940.3073 709.2690 463.1337 -5778.8913 703.0090 324.9048 -5940.3073 709.2690 463.1337 -5778.8913 701.4090 325.5253 -5940.8122 710.0690 184.9420 -6111.0652 717.3950 186.1831 -6112.0750 717.3950 325.5253 -5940.8122 710.0690 324.2842 -5939.8024 710.0690 184.9420 -6111.0652 717.3950 324.9048 -5940.3073 710.8690 185.5626 -6111.5701 718.1950 185.5626 -6111.5701 716.5950 324.9048 -5940.3073 710.8690 185.5626 -6111.5701 716.5950 324.9048 -5940.3073 709.2690 186.1983 -6112.0557 717.3950 45.4532 -6293.7047 724.1090 46.7248 -6294.6758 724.1090 186.1983 -6112.0557 717.3950 184.9268 -6111.0845 717.3950 45.4532 -6293.7047 724.1090 185.5626 -6111.5701 718.1950 46.0890 -6294.1902 724.9090 46.0890 -6294.1902 723.3090 185.5626 -6111.5701 718.1950 46.0890 -6294.1902 723.3090 185.5626 -6111.5701 716.5950 46.7416 -6294.6530 724.1090 -93.1894 -6489.2146 730.1230 -91.8843 -6490.1401 730.1230 46.7416 -6294.6530 724.1090 45.4364 -6293.7275 724.1090 -93.1894 -6489.2146 730.1230 46.0890 -6294.1902 724.9090 -92.5369 -6489.6774 730.9230 -92.5369 -6489.6774 729.3230 46.0890 -6294.1902 724.9090 -92.5369 -6489.6774 729.3230 46.0890 -6294.1902 723.3090 -91.8667 -6490.1142 730.1230 -229.9788 -6699.0605 735.3290 -228.6384 -6699.9342 735.3290 -91.8667 -6490.1142 730.1230 -93.2070 -6489.2405 730.1230 -229.9788 -6699.0605 735.3290 -92.5369 -6489.6774 730.9230 -229.3086 -6699.4974 736.1290 -229.3086 -6699.4974 734.5290 -92.5369 -6489.6774 730.9230 -229.3086 -6699.4974 734.5290 -92.5369 -6489.6774 729.3230 -228.6178 -6699.9009 735.3290 -315.1074 -6844.8015 738.2150 -313.7259 -6845.6084 738.2150 -228.6178 -6699.9009 735.3290 -229.9994 -6699.0939 735.3290 -315.1074 -6844.8015 738.2150 -229.3086 -6699.4974 736.1290 -314.4167 -6845.2049 739.0150 -314.4167 -6845.2049 737.4150 -229.3086 -6699.4974 736.1290 -314.4167 -6845.2049 737.4150 -229.3086 -6699.4974 734.5290 -313.7066 -6845.5734 738.2150 -395.1004 -6998.9694 740.6610 -393.6802 -6999.7063 740.6610 -313.7066 -6845.5734 738.2150 -315.1268 -6844.8365 738.2150 -395.1004 -6998.9694 740.6610 -314.4167 -6845.2049 739.0150 -394.3903 -6999.3378 741.4610 -394.3903 -6999.3378 739.8610 -314.4167 -6845.2049 739.0150 -394.3903 -6999.3378 739.8610 -314.4167 -6845.2049 737.4150 -393.6660 -6999.6775 740.6610 -470.9697 -7160.7780 742.6220 -469.5211 -7161.4572 742.6220 -393.6660 -6999.6775 740.6610 -395.1147 -6998.9982 740.6610 -470.9697 -7160.7780 742.6220 -394.3903 -6999.3378 741.4610 -470.2454 -7161.1176 743.4220 -470.2454 -7161.1176 741.8220 -394.3903 -6999.3378 741.4610 -470.2454 -7161.1176 741.8220 -394.3903 -6999.3378 739.8610 -469.5108 -7161.4345 742.6220 -543.7296 -7329.4469 744.0520 -542.2604 -7330.0806 744.0520 -469.5108 -7161.4345 742.6220 -470.9800 -7160.8007 742.6220 -543.7296 -7329.4469 744.0520 -470.2454 -7161.1176 743.4220 -542.9950 -7329.7638 744.8520 -542.9950 -7329.7638 743.2520 -470.2454 -7161.1176 743.4220 -542.9950 -7329.7638 743.2520 -470.2454 -7161.1176 741.8220 -542.2534 -7330.0637 744.0520 -614.3991 -7504.1972 744.9020 -612.9158 -7504.7971 744.9020 -542.2534 -7330.0637 744.0520 -543.7367 -7329.4638 744.0520 -614.3991 -7504.1972 744.9020 -542.9950 -7329.7638 744.8520 -613.6575 -7504.4972 745.7020 -613.6575 -7504.4972 744.1020 -542.9950 -7329.7638 744.8520 -613.6575 -7504.4972 744.1020 -542.9950 -7329.7638 743.2520 -612.9113 -7504.7856 744.9020 -683.9989 -7684.2482 745.1260 -682.5066 -7684.8251 745.1260 -612.9113 -7504.7856 744.9020 -614.4037 -7504.2087 744.9020 -683.9989 -7684.2482 745.1260 -613.6575 -7504.4972 745.7020 -683.2527 -7684.5366 745.9260 -683.2527 -7684.5366 744.3260 -613.6575 -7504.4972 745.7020 -683.2527 -7684.5366 744.3260 -613.6575 -7504.4972 744.1020 -682.5041 -7684.8187 745.1260 -753.5500 -7868.8202 744.6790 -752.0528 -7869.3844 744.6790 -682.5041 -7684.8187 745.1260 -684.0014 -7684.2545 745.1260 -753.5500 -7868.8202 744.6790 -683.2527 -7684.5366 745.9260 -752.8014 -7869.1023 745.4790 -752.8014 -7869.1023 743.8790 -683.2527 -7684.5366 745.9260 -752.8014 -7869.1023 743.8790 -683.2527 -7684.5366 744.3260 -752.0522 -7869.3829 744.6790 -824.0733 -8057.1353 743.5200 -822.5749 -8057.6964 743.5200 -752.0522 -7869.3829 744.6790 -753.5506 -7868.8218 744.6790 -824.0733 -8057.1353 743.5200 -752.8014 -7869.1023 745.4790 -823.3241 -8057.4159 744.3200 -823.3241 -8057.4159 742.7200 -752.8014 -7869.1023 745.4790 -823.3241 -8057.4159 742.7200 -752.8014 -7869.1023 743.8790 -822.5761 -8057.6995 743.5200 -896.5947 -8248.4133 741.6140 -895.0987 -8248.9805 741.6140 -822.5761 -8057.6995 743.5200 -824.0722 -8057.1322 743.5200 -896.5947 -8248.4133 741.6140 -823.3241 -8057.4159 744.3200 -895.8467 -8248.6969 742.4140 -895.8467 -8248.6969 740.8140 -823.3241 -8057.4159 744.3200 -895.8467 -8248.6969 740.8140 -823.3241 -8057.4159 742.7200 -895.1015 -8248.9879 741.6140 -972.1359 -8441.8756 738.9280 -970.6455 -8442.4576 738.9280 -895.1015 -8248.9879 741.6140 -896.5919 -8248.4059 741.6140 -972.1359 -8441.8756 738.9280 -895.8467 -8248.6969 742.4140 -971.3907 -8442.1666 739.7280 -971.3907 -8442.1666 738.1280 -895.8467 -8248.6969 742.4140 -971.3907 -8442.1666 738.1280 -895.8467 -8248.6969 740.8140 -970.6501 -8442.4691 738.9280 -1051.7212 -8636.7448 735.4350 -1050.2399 -8637.3497 735.4350 -970.6501 -8442.4691 738.9280 -972.1313 -8441.8641 738.9280 -1051.7212 -8636.7448 735.4350 -971.3907 -8442.1666 739.7280 -1050.9806 -8637.0473 736.2350 -1050.9806 -8637.0473 734.6350 -971.3907 -8442.1666 739.7280 -1050.9806 -8637.0473 734.6350 -971.3907 -8442.1666 738.1280 -1050.2464 -8637.3652 735.4350 -1136.3782 -8832.2399 731.1100 -1134.9100 -8832.8757 731.1100 -1050.2464 -8637.3652 735.4350 -1051.7147 -8636.7294 735.4350 -1136.3782 -8832.2399 731.1100 -1050.9806 -8637.0473 736.2350 -1135.6441 -8832.5578 731.9100 -1135.6441 -8832.5578 730.3100 -1050.9806 -8637.0473 736.2350 -1135.6441 -8832.5578 730.3100 -1050.9806 -8637.0473 734.6350 -1134.9186 -8832.8949 731.1100 -1227.1295 -9027.5833 725.9290 -1225.6784 -9028.2574 725.9290 -1134.9186 -8832.8949 731.1100 -1136.3696 -8832.2208 731.1100 -1227.1295 -9027.5833 725.9290 -1135.6441 -8832.5578 731.9100 -1226.4039 -9027.9203 726.7290 -1226.4039 -9027.9203 725.1290 -1135.6441 -8832.5578 731.9100 -1226.4039 -9027.9203 725.1290 -1135.6441 -8832.5578 730.3100 -1225.6894 -9028.2801 725.9290 -1325.0033 -9221.9954 719.8700 -1323.5742 -9222.7148 719.8700 -1225.6894 -9028.2801 725.9290 -1227.1185 -9027.5606 725.9290 -1325.0033 -9221.9954 719.8700 -1226.4039 -9027.9203 726.7290 -1324.2888 -9222.3551 720.6700 -1324.2888 -9222.3551 719.0700 -1226.4039 -9027.9203 726.7290 -1324.2888 -9222.3551 719.0700 -1226.4039 -9027.9203 725.1290 -1323.5879 -9222.7407 719.8700 -1431.0245 -9414.6963 712.9040 -1429.6227 -9415.4676 712.9040 -1323.5879 -9222.7407 719.8700 -1324.9897 -9221.9695 719.8700 -1431.0245 -9414.6963 712.9040 -1324.2888 -9222.3551 720.6700 -1430.3236 -9415.0820 713.7040 -1430.3236 -9415.0820 712.1040 -1324.2888 -9222.3551 720.6700 -1430.3236 -9415.0820 712.1040 -1324.2888 -9222.3551 719.0700 -1429.6393 -9415.4964 712.9040 -1546.2196 -9604.9043 705.0020 -1544.8510 -9605.7331 705.0020 -1429.6393 -9415.4964 712.9040 -1431.0079 -9414.6676 712.9040 -1546.2196 -9604.9043 705.0020 -1430.3236 -9415.0820 713.7040 -1545.5353 -9605.3187 705.8020 -1545.5353 -9605.3187 704.2020 -1430.3236 -9415.0820 713.7040 -1545.5353 -9605.3187 704.2020 -1430.3236 -9415.0820 712.1040 -1544.8709 -9605.7644 705.0020 -1671.6126 -9791.8386 696.1230 -1670.2838 -9792.7299 696.1230 -1544.8709 -9605.7644 705.0020 -1546.1997 -9604.8731 705.0020 -1671.6126 -9791.8386 696.1230 -1545.5353 -9605.3187 705.8020 -1670.9482 -9792.2843 696.9230 -1670.9482 -9792.2843 695.3230 -1545.5353 -9605.3187 705.8020 -1670.9482 -9792.2843 695.3230 -1545.5353 -9605.3187 704.2020 -1670.3073 -9792.7630 696.1230 -1808.2289 -9974.7168 686.2140 -1806.9471 -9975.6743 686.2140 -1670.3073 -9792.7630 696.1230 -1671.5891 -9791.8055 696.1230 -1808.2289 -9974.7168 686.2140 -1670.9482 -9792.2843 696.9230 -1807.5880 -9975.1956 687.0140 -1807.5880 -9975.1956 685.4140 -1670.9482 -9792.2843 696.9230 -1807.5880 -9975.1956 685.4140 -1670.9482 -9792.2843 695.3230 -1806.9743 -9975.7087 686.2140 -1957.0927 -10152.7544 675.2060 -1955.8652 -10153.7807 675.2060 -1806.9743 -9975.7087 686.2140 -1808.2017 -9974.6824 686.2140 -1957.0927 -10152.7544 675.2060 -1807.5880 -9975.1956 687.0140 -1956.4790 -10153.2676 676.0060 -1956.4790 -10153.2676 674.4060 -1807.5880 -9975.1956 687.0140 -1956.4790 -10153.2676 674.4060 -1807.5880 -9975.1956 685.4140 -1955.8962 -10153.8156 675.2060 -2119.1708 -10325.1154 663.0100 -2118.0051 -10326.2114 663.0100 -1955.8962 -10153.8156 675.2060 -1957.0618 -10152.7195 675.2060 -2119.1708 -10325.1154 663.0100 -1956.4790 -10153.2676 676.0060 -2118.5879 -10325.6634 663.8100 -2118.5879 -10325.6634 662.2100 -1956.4790 -10153.2676 676.0060 -2118.5879 -10325.6634 662.2100 -1956.4790 -10153.2676 674.4060 -2118.0338 -10326.2404 663.0100 -2242.0271 -10443.0954 653.6230 -2240.9189 -10444.2495 653.6230 -2118.0338 -10326.2404 663.0100 -2119.1421 -10325.0864 663.0100 -2242.0271 -10443.0954 653.6230 -2118.5879 -10325.6634 663.8100 -2241.4730 -10443.6724 654.4230 -2241.4730 -10443.6724 652.8230 -2118.5879 -10325.6634 663.8100 -2241.4730 -10443.6724 652.8230 -2118.5879 -10325.6634 662.2100 -2240.9405 -10444.2694 653.6230 -2376.7602 -10563.2945 643.1150 -2375.6950 -10564.4884 643.1150 -2240.9405 -10444.2694 653.6230 -2242.0056 -10443.0755 653.6230 -2376.7602 -10563.2945 643.1150 -2241.4730 -10443.6724 654.4230 -2376.2276 -10563.8915 643.9150 -2376.2276 -10563.8915 642.3150 -2241.4730 -10443.6724 654.4230 -2376.2276 -10563.8915 642.3150 -2241.4730 -10443.6724 652.8230 -2375.7137 -10564.5045 643.1150 -2522.4052 -10685.3921 631.4360 -2521.3773 -10686.6183 631.4360 -2375.7137 -10564.5045 643.1150 -2376.7416 -10563.2784 643.1150 -2522.4052 -10685.3921 631.4360 -2376.2276 -10563.8915 643.9150 -2521.8912 -10686.0052 632.2360 -2521.8912 -10686.0052 630.6360 -2376.2276 -10563.8915 643.9150 -2521.8912 -10686.0052 630.6360 -2376.2276 -10563.8915 642.3150 -2521.3934 -10686.6315 631.4360 -2678.0012 -10809.0666 618.5410 -2677.0056 -10810.3192 618.5410 -2521.3934 -10686.6315 631.4360 -2522.3890 -10685.3789 631.4360 -2678.0012 -10809.0666 618.5410 -2521.8912 -10686.0052 632.2360 -2677.5034 -10809.6929 619.3410 -2677.5034 -10809.6929 617.7410 -2521.8912 -10686.0052 632.2360 -2677.5034 -10809.6929 617.7410 -2521.8912 -10686.0052 630.6360 -2677.0197 -10810.3301 618.5410 -2842.5859 -10933.9949 604.4010 -2841.6186 -10935.2693 604.4010 -2677.0197 -10810.3301 618.5410 -2677.9871 -10809.0557 618.5410 -2842.5859 -10933.9949 604.4010 -2677.5034 -10809.6929 619.3410 -2842.1023 -10934.6321 605.2010 -2842.1023 -10934.6321 603.6010 -2677.5034 -10809.6929 619.3410 -2842.1023 -10934.6321 603.6010 -2677.5034 -10809.6929 617.7410 -2841.6309 -10935.2785 604.4010 -3015.1985 -11059.8547 588.9930 -3014.2558 -11061.1475 588.9930 -2841.6309 -10935.2785 604.4010 -2842.5736 -10933.9857 604.4010 -3015.1985 -11059.8547 588.9930 -2842.1023 -10934.6321 605.2010 -3014.7271 -11060.5011 589.7930 -3014.7271 -11060.5011 588.1930 -2842.1023 -10934.6321 605.2010 -3014.7271 -11060.5011 588.1930 -2842.1023 -10934.6321 603.6010 -3014.2667 -11061.1553 588.9930 -3194.8745 -11186.3212 572.3100 -3193.9536 -11187.6296 572.3100 -3014.2667 -11061.1553 588.9930 -3015.1876 -11059.8469 588.9930 -3194.8745 -11186.3212 572.3100 -3014.7271 -11060.5011 589.7930 -3194.4140 -11186.9754 573.1100 -3194.4140 -11186.9754 571.5100 -3014.7271 -11060.5011 589.7930 -3194.4140 -11186.9754 571.5100 -3014.7271 -11060.5011 588.1930 -3193.9632 -11187.6362 572.3100 -3380.6515 -11313.0711 554.3550 -3379.7498 -11314.3928 554.3550 -3193.9632 -11187.6362 572.3100 -3194.8649 -11186.3145 572.3100 -3380.6515 -11313.0711 554.3550 -3194.4140 -11186.9754 573.1100 -3380.2006 -11313.7319 555.1550 -3380.2006 -11313.7319 553.5550 -3194.4140 -11186.9754 573.1100 -3380.2006 -11313.7319 553.5550 -3194.4140 -11186.9754 571.5100 -3379.7582 -11314.3985 554.3550 -3571.5676 -11439.7796 535.1490 -3570.6828 -11441.1128 535.1490 -3379.7582 -11314.3985 554.3550 -3380.6430 -11313.0654 554.3550 -3571.5676 -11439.7796 535.1490 -3380.2006 -11313.7319 555.1550 -3571.1252 -11440.4462 535.9490 -3571.1252 -11440.4462 534.3490 -3380.2006 -11313.7319 555.1550 -3571.1252 -11440.4462 534.3490 -3380.2006 -11313.7319 553.5550 -3570.6903 -11441.1177 535.1490 -3766.6576 -11566.1208 514.7250 -3765.7879 -11567.4638 514.7250 -3570.6903 -11441.1177 535.1490 -3571.5600 -11439.7747 535.1490 -3766.6576 -11566.1208 514.7250 -3571.1252 -11440.4462 535.9490 -3766.2228 -11566.7923 515.5250 -3766.2228 -11566.7923 513.9250 -3571.1252 -11440.4462 535.9490 -3766.2228 -11566.7923 513.9250 -3571.1252 -11440.4462 534.3490 -3765.7946 -11567.4680 514.7250 -3964.9584 -11691.7704 493.1330 -3964.1021 -11693.1219 493.1330 -3765.7946 -11567.4680 514.7250 -3766.6509 -11566.1165 514.7250 -3964.9584 -11691.7704 493.1330 -3766.2228 -11566.7923 515.5250 -3964.5303 -11692.4461 493.9330 -3964.5303 -11692.4461 492.3330 -3766.2228 -11566.7923 515.5250 -3964.5303 -11692.4461 492.3330 -3766.2228 -11566.7923 513.9250 -3964.1080 -11693.1256 493.1330 -4165.5056 -11816.4009 470.4400 -4164.6611 -11817.7598 470.4400 -3964.1080 -11693.1256 493.1330 -3964.9525 -11691.7666 493.1330 -4165.5056 -11816.4009 470.4400 -3964.5303 -11692.4461 493.9330 -4165.0834 -11817.0804 471.2400 -4165.0834 -11817.0804 469.6400 -3964.5303 -11692.4461 493.9330 -4165.0834 -11817.0804 469.6400 -3964.5303 -11692.4461 492.3330 -4164.6663 -11817.7631 470.4400 -4367.3376 -11939.6889 446.7290 -4366.5035 -11941.0543 446.7290 -4164.6663 -11817.7631 470.4400 -4165.5004 -11816.3977 470.4400 -4367.3376 -11939.6889 446.7290 -4165.0834 -11817.0804 471.2400 -4366.9206 -11940.3716 447.5290 -4366.9206 -11940.3716 445.9290 -4165.0834 -11817.0804 471.2400 -4366.9206 -11940.3716 445.9290 -4165.0834 -11817.0804 469.6400 -4366.5082 -11941.0571 446.7290 -4569.4879 -12061.3087 422.0980 -4568.6630 -12062.6797 422.0980 -4366.5082 -11941.0571 446.7290 -4367.3330 -11939.6861 446.7290 -4569.4879 -12061.3087 422.0980 -4366.9206 -11940.3716 447.5290 -4569.0754 -12061.9942 422.8980 -4569.0754 -12061.9942 421.2980 -4366.9206 -11940.3716 447.5290 -4569.0754 -12061.9942 421.2980 -4366.9206 -11940.3716 445.9290 -4568.6671 -12062.6821 422.0980 -4770.9935 -12180.9326 396.6650 -4770.1768 -12182.3084 396.6650 -4568.6671 -12062.6821 422.0980 -4569.4838 -12061.3063 422.0980 -4770.9935 -12180.9326 396.6650 -4569.0754 -12061.9942 422.8980 -4770.5852 -12181.6205 397.4650 -4770.5852 -12181.6205 395.8650 -4569.0754 -12061.9942 422.8980 -4770.5852 -12181.6205 395.8650 -4569.0754 -12061.9942 421.2980 -4770.1803 -12182.3105 396.6650 -4970.8908 -12298.2358 370.5620 -4970.0811 -12299.6157 370.5620 -4770.1803 -12182.3105 396.6650 -4770.9901 -12180.9305 396.6650 -4970.8908 -12298.2358 370.5620 -4770.5852 -12181.6205 397.4650 -4970.4859 -12298.9257 371.3620 -4970.4859 -12298.9257 369.7620 -4770.5852 -12181.6205 397.4650 -4970.4859 -12298.9257 369.7620 -4770.5852 -12181.6205 395.8650 -4970.0840 -12299.6174 370.5620 -5168.2139 -12412.8934 343.9380 -5167.4101 -12414.2768 343.9380 -4970.0840 -12299.6174 370.5620 -4970.8879 -12298.2340 370.5620 -5168.2139 -12412.8934 343.9380 -4970.4859 -12298.9257 371.3620 -5167.8120 -12413.5851 344.7380 -5167.8120 -12413.5851 343.1380 -4970.4859 -12298.9257 371.3620 -5167.8120 -12413.5851 343.1380 -4970.4859 -12298.9257 369.7620 -5167.4125 -12414.2782 343.9380 -5361.9996 -12524.5774 316.9570 -5361.2007 -12525.9636 316.9570 -5167.4125 -12414.2782 343.9380 -5168.2115 -12412.8919 343.9380 -5361.9996 -12524.5774 316.9570 -5167.8120 -12413.5851 344.7380 -5361.6002 -12525.2705 317.7570 -5361.6002 -12525.2705 316.1570 -5167.8120 -12413.5851 344.7380 -5361.6002 -12525.2705 316.1570 -5167.8120 -12413.5851 343.1380 -5361.2026 -12525.9647 316.9570 -5551.2839 -12632.9638 289.7990 -5550.4888 -12634.3523 289.7990 -5361.2026 -12525.9647 316.9570 -5361.9977 -12524.5763 316.9570 -5551.2839 -12632.9638 289.7990 -5361.6002 -12525.2705 317.7570 -5550.8864 -12633.6581 290.5990 -5550.8864 -12633.6581 288.9990 -5361.6002 -12525.2705 317.7570 -5550.8864 -12633.6581 288.9990 -5361.6002 -12525.2705 316.1570 -5550.4903 -12634.3531 289.7990 -5735.1004 -12737.7245 262.6580 -5734.3082 -12739.1146 262.6580 -5550.4903 -12634.3531 289.7990 -5551.2825 -12632.9630 289.7990 -5735.1004 -12737.7245 262.6580 -5550.8864 -12633.6581 290.5990 -5734.7043 -12738.4196 263.4580 -5734.7043 -12738.4196 261.8580 -5550.8864 -12633.6581 290.5990 -5734.7043 -12738.4196 261.8580 -5550.8864 -12633.6581 288.9990 -5734.3090 -12739.1151 262.6580 -5912.4847 -12838.5333 235.7400 -5911.6942 -12839.9243 235.7400 -5734.3090 -12739.1151 262.6580 -5735.0996 -12737.7240 262.6580 -5912.4847 -12838.5333 235.7400 -5734.7043 -12738.4196 263.4580 -5912.0894 -12839.2288 236.5400 -5912.0894 -12839.2288 234.9400 -5734.7043 -12738.4196 263.4580 -5912.0894 -12839.2288 234.9400 -5734.7043 -12738.4196 261.8580 -5911.6944 -12839.9244 235.7400 -6082.4731 -12935.0656 209.2620 -6081.6830 -12936.4569 209.2620 -5911.6944 -12839.9244 235.7400 -5912.4845 -12838.5331 235.7400 -6082.4731 -12935.0656 209.2620 -5912.0894 -12839.2288 236.5400 -6082.0781 -12935.7613 210.0620 -6082.0781 -12935.7613 208.4620 -5912.0894 -12839.2288 236.5400 -6082.0781 -12935.7613 208.4620 -5912.0894 -12839.2288 234.9400 -6081.6825 -12936.4567 209.2620 -6244.0995 -13026.9930 183.4540 -6243.3084 -13028.3838 183.4540 -6081.6825 -12936.4567 209.2620 -6082.4736 -12935.0659 209.2620 -6244.0995 -13026.9930 183.4540 -6082.0781 -12935.7613 210.0620 -6243.7040 -13027.6884 184.2540 -6243.7040 -13027.6884 182.6540 -6082.0781 -12935.7613 210.0620 -6243.7040 -13027.6884 182.6540 -6082.0781 -12935.7613 208.4620 -6243.3071 -13028.3830 183.4540 -6396.3973 -13113.9895 158.5520 -6395.6037 -13115.3788 158.5520 -6243.3071 -13028.3830 183.4540 -6244.1008 -13026.9937 183.4540 -6396.3973 -13113.9895 158.5520 -6243.7040 -13027.6884 184.2540 -6396.0005 -13114.6841 159.3520 -6396.0005 -13114.6841 157.7520 -6243.7040 -13027.6884 184.2540 -6396.0005 -13114.6841 157.7520 -6243.7040 -13027.6884 182.6540 -6395.6014 -13115.3775 158.5520 -6538.4003 -13195.7265 134.7990 -6537.6021 -13197.1131 134.7990 -6395.6014 -13115.3775 158.5520 -6396.3996 -13113.9908 158.5520 -6538.4003 -13195.7265 134.7990 -6396.0005 -13114.6841 159.3520 -6538.0012 -13196.4198 135.5990 -6538.0012 -13196.4198 133.9990 -6396.0005 -13114.6841 159.3520 -6538.0012 -13196.4198 133.9990 -6396.0005 -13114.6841 157.7520 -6537.5985 -13197.1111 134.7990 -6669.1399 -13271.8767 112.4430 -6668.3346 -13273.2593 112.4430 -6537.5985 -13197.1111 134.7990 -6538.4038 -13195.7285 134.7990 -6669.1399 -13271.8767 112.4430 -6538.0012 -13196.4198 135.5990 -6668.7372 -13272.5680 113.2430 -6668.7372 -13272.5680 111.6430 -6538.0012 -13196.4198 135.5990 -6668.7372 -13272.5680 111.6430 -6538.0012 -13196.4198 133.9990 -6668.3294 -13273.2562 112.4430 -6787.6473 -13342.1093 91.7350 -6786.8315 -13343.4858 91.7350 -6668.3294 -13273.2562 112.4430 -6669.1451 -13271.8798 112.4430 -6787.6473 -13342.1093 91.7350 -6668.7372 -13272.5680 113.2430 -6787.2394 -13342.7975 92.5350 -6787.2394 -13342.7975 90.9350 -6668.7372 -13272.5680 113.2430 -6787.2394 -13342.7975 90.9350 -6668.7372 -13272.5680 111.6430 -6786.8240 -13343.4812 91.7350 -6892.9479 -13406.0912 72.9240 -6892.1171 -13407.4585 72.9240 -6786.8240 -13343.4812 91.7350 -6787.6548 -13342.1139 91.7350 -6892.9479 -13406.0912 72.9240 -6787.2394 -13342.7975 92.5350 -6892.5325 -13406.7748 73.7240 -6892.5325 -13406.7748 72.1240 -6787.2394 -13342.7975 92.5350 -6892.5325 -13406.7748 72.1240 -6787.2394 -13342.7975 90.9350 -6892.1061 -13407.4517 72.9240 -6984.2129 -13463.5830 56.2540 -6983.3601 -13464.9367 56.2540 -6892.1061 -13407.4517 72.9240 -6892.9589 -13406.0980 72.9240 -6984.2129 -13463.5830 56.2540 -6892.5325 -13406.7748 73.7240 -6983.7865 -13464.2598 57.0540 -6983.7865 -13464.2598 55.4540 -6892.5325 -13406.7748 73.7240 -6983.7865 -13464.2598 55.4540 -6892.5325 -13406.7748 72.1240 0.6571 0.4562 0.0000 63.1769 -92.3972 17.9930 64.4911 -91.4848 17.9930 0.6571 0.4562 0.0000 -0.6571 -0.4562 0.0000 63.1769 -92.3972 17.9930 0.0000 0.0000 0.8000 63.8340 -91.9410 18.7930 63.8340 -91.9410 17.1930 0.0000 0.0000 0.8000 63.8340 -91.9410 17.1930 0.0000 0.0000 -0.8000 64.4814 -91.4710 17.9930 144.0216 -203.7630 39.8110 145.3164 -202.8230 39.8110 64.4814 -91.4710 17.9930 63.1866 -92.4110 17.9930 144.0216 -203.7630 39.8110 63.8340 -91.9410 18.7930 144.6690 -203.2930 40.6110 144.6690 -203.2930 39.0110 63.8340 -91.9410 18.7930 144.6690 -203.2930 39.0110 63.8340 -91.9410 17.1930 145.3110 -202.8156 39.8110 239.7530 -332.5044 64.8290 241.0370 -331.5496 64.8290 145.3110 -202.8156 39.8110 144.0270 -203.7704 39.8110 239.7530 -332.5044 64.8290 144.6690 -203.2930 40.6110 240.3950 -332.0270 65.6290 240.3950 -332.0270 64.0290 144.6690 -203.2930 40.6110 240.3950 -332.0270 64.0290 144.6690 -203.2930 39.0110 241.0341 -331.5457 64.8290 348.2639 -476.5933 92.4180 349.5421 -475.6307 92.4180 241.0341 -331.5457 64.8290 239.7559 -332.5083 64.8290 348.2639 -476.5933 92.4180 240.3950 -332.0270 65.6290 348.9030 -476.1120 93.2180 348.9030 -476.1120 91.6180 240.3950 -332.0270 65.6290 348.9030 -476.1120 91.6180 240.3950 -332.0270 64.0290 349.5408 -475.6291 92.4180 467.4452 -634.0019 121.9620 468.7208 -633.0361 121.9620 349.5408 -475.6291 92.4180 348.2652 -476.5949 92.4180 467.4452 -634.0019 121.9620 348.9030 -476.1120 93.2180 468.0830 -633.5190 122.7620 468.0830 -633.5190 121.1620 348.9030 -476.1120 93.2180 468.0830 -633.5190 121.1620 348.9030 -476.1120 91.6180 468.7208 -633.0361 121.9620 595.1892 -802.7009 152.8680 596.4648 -801.7351 152.8680 468.7208 -633.0361 121.9620 467.4452 -634.0019 121.9620 595.1892 -802.7009 152.8680 468.0830 -633.5190 122.7620 595.8270 -802.2180 153.6680 595.8270 -802.2180 152.0680 468.0830 -633.5190 122.7620 595.8270 -802.2180 152.0680 468.0830 -633.5190 121.1620 596.4657 -801.7363 152.8680 729.3863 -980.6597 184.5710 730.6637 -979.6963 184.5710 596.4657 -801.7363 152.8680 595.1883 -802.6997 152.8680 729.3863 -980.6597 184.5710 595.8270 -802.2180 153.6680 730.0250 -980.1780 185.3710 730.0250 -980.1780 183.7710 595.8270 -802.2180 153.6680 730.0250 -980.1780 183.7710 595.8270 -802.2180 152.0680 730.6656 -979.6988 184.5710 867.9254 -1165.8492 216.5450 869.2066 -1164.8908 216.5450 730.6656 -979.6988 184.5710 729.3844 -980.6572 184.5710 867.9254 -1165.8492 216.5450 730.0250 -980.1780 185.3710 868.5660 -1165.3700 217.3450 868.5660 -1165.3700 215.7450 730.0250 -980.1780 185.3710 868.5660 -1165.3700 215.7450 730.0250 -980.1780 183.7710 869.2093 -1164.8944 216.5450 1008.6997 -1356.2396 248.3090 1009.9863 -1355.2884 248.3090 869.2093 -1164.8944 216.5450 867.9227 -1165.8456 216.5450 1008.6997 -1356.2396 248.3090 868.5660 -1165.3700 217.3450 1009.3430 -1355.7640 249.1090 1009.3430 -1355.7640 247.5090 868.5660 -1165.3700 217.3450 1009.3430 -1355.7640 247.5090 868.5660 -1165.3700 215.7450 1009.9898 -1355.2932 248.3090 1149.5982 -1549.8008 279.4240 1150.8918 -1548.8592 279.4240 1009.9898 -1355.2932 248.3090 1008.6962 -1356.2348 248.3090 1149.5982 -1549.8008 279.4240 1009.3430 -1355.7640 249.1090 1150.2450 -1549.3300 280.2240 1150.2450 -1549.3300 278.6240 1009.3430 -1355.7640 249.1090 1150.2450 -1549.3300 278.6240 1009.3430 -1355.7640 247.5090 1150.8962 -1548.8654 279.4240 1288.5118 -1744.5026 309.5050 1289.8142 -1743.5734 309.5050 1150.8962 -1548.8654 279.4240 1149.5938 -1549.7946 279.4240 1288.5118 -1744.5026 309.5050 1150.2450 -1549.3300 280.2240 1289.1630 -1744.0380 310.3050 1289.1630 -1744.0380 308.7050 1150.2450 -1549.3300 280.2240 1289.1630 -1744.0380 308.7050 1150.2450 -1549.3300 278.6240 1289.8197 -1743.5812 309.5050 1423.3303 -1938.3148 338.2130 1424.6437 -1937.4012 338.2130 1289.8197 -1743.5812 309.5050 1288.5063 -1744.4948 309.5050 1423.3303 -1938.3148 338.2130 1289.1630 -1744.0380 310.3050 1423.9870 -1937.8580 339.0130 1423.9870 -1937.8580 337.4130 1289.1630 -1744.0380 310.3050 1423.9870 -1937.8580 337.4130 1289.1630 -1744.0380 308.7050 1424.6505 -1937.4110 338.2130 1551.9455 -2129.2070 365.2600 1553.2725 -2128.3130 365.2600 1424.6505 -1937.4110 338.2130 1423.3235 -1938.3050 338.2130 1551.9455 -2129.2070 365.2600 1423.9870 -1937.8580 339.0130 1552.6090 -2128.7600 366.0600 1552.6090 -2128.7600 364.4600 1423.9870 -1937.8580 339.0130 1552.6090 -2128.7600 364.4600 1423.9870 -1937.8580 337.4130 1553.2807 -2128.3254 365.2600 1672.2473 -2315.1486 390.4060 1673.5907 -2314.2794 390.4060 1553.2807 -2128.3254 365.2600 1551.9373 -2129.1946 365.2600 1672.2473 -2315.1486 390.4060 1552.6090 -2128.7600 366.0600 1672.9190 -2314.7140 391.2060 1672.9190 -2314.7140 389.6060 1552.6090 -2128.7600 366.0600 1672.9190 -2314.7140 389.6060 1552.6090 -2128.7600 364.4600 1673.6008 -2314.2954 390.4060 1782.1242 -2494.1086 413.4560 1783.4878 -2493.2714 413.4560 1673.6008 -2314.2954 390.4060 1672.2372 -2315.1326 390.4060 1782.1242 -2494.1086 413.4560 1672.9190 -2314.7140 391.2060 1782.8060 -2493.6900 414.2560 1782.8060 -2493.6900 412.6560 1672.9190 -2314.7140 391.2060 1782.8060 -2493.6900 412.6560 1672.9190 -2314.7140 389.6060 1783.5002 -2493.2924 413.4560 1879.4688 -2664.0556 434.2550 1880.8572 -2663.2604 434.2550 1783.5002 -2493.2924 413.4560 1782.1118 -2494.0876 413.4560 1879.4688 -2664.0556 434.2550 1782.8060 -2493.6900 414.2560 1880.1630 -2663.6580 435.0550 1880.1630 -2663.6580 433.4550 1782.8060 -2493.6900 414.2560 1880.1630 -2663.6580 433.4550 1782.8060 -2493.6900 412.6560 1880.8726 -2663.2887 434.2550 1962.1694 -2822.9573 452.6910 1963.5886 -2822.2187 452.6910 1880.8726 -2663.2887 434.2550 1879.4534 -2664.0273 434.2550 1962.1694 -2822.9573 452.6910 1880.1630 -2663.6580 435.0550 1962.8790 -2822.5880 453.4910 1962.8790 -2822.5880 451.8910 1880.1630 -2663.6580 435.0550 1962.8790 -2822.5880 451.8910 1880.1630 -2663.6580 433.4550 1963.6079 -2822.2583 452.6910 2028.1161 -2968.7807 468.6860 2029.5739 -2968.1213 468.6860 1963.6079 -2822.2583 452.6910 1962.1501 -2822.9177 452.6910 2028.1161 -2968.7807 468.6860 1962.8790 -2822.5880 453.4910 2028.8450 -2968.4510 469.4860 2028.8450 -2968.4510 467.8860 1962.8790 -2822.5880 453.4910 2028.8450 -2968.4510 467.8860 1962.8790 -2822.5880 451.8910 2029.5977 -2968.1799 468.6860 2075.1993 -3099.4871 482.2090 2076.7047 -3098.9449 482.2090 2029.5977 -2968.1799 468.6860 2028.0923 -2968.7221 468.6860 2075.1993 -3099.4871 482.2090 2028.8450 -2968.4510 469.4860 2075.9520 -3099.2160 483.0090 2075.9520 -3099.2160 481.4090 2028.8450 -2968.4510 469.4860 2075.9520 -3099.2160 481.4090 2028.8450 -2968.4510 467.8860 2076.7358 -3099.0558 482.2090 2129.3732 -3364.5262 507.5670 2130.9408 -3364.2058 507.5670 2076.7358 -3099.0558 482.2090 2075.1682 -3099.3762 482.2090 2129.3732 -3364.5262 507.5670 2075.9520 -3099.2160 483.0090 2130.1570 -3364.3660 508.3670 2130.1570 -3364.3660 506.7670 2075.9520 -3099.2160 483.0090 2130.1570 -3364.3660 506.7670 2075.9520 -3099.2160 481.4090 2130.9567 -3364.3879 507.5670 2123.2893 -3585.6381 527.3540 2124.8887 -3585.6819 527.3540 2130.9567 -3364.3879 507.5670 2129.3573 -3364.3441 507.5670 2123.2893 -3585.6381 527.3540 2130.1570 -3364.3660 508.3670 2124.0890 -3585.6600 528.1540 2124.0890 -3585.6600 526.5540 2130.1570 -3364.3660 508.3670 2124.0890 -3585.6600 526.5540 2130.1570 -3364.3660 506.7670 2124.8562 -3585.8867 527.3540 2067.3908 -3774.7283 544.2700 2068.9252 -3775.1817 544.2700 2124.8562 -3585.8867 527.3540 2123.3218 -3585.4333 527.3540 2067.3908 -3774.7283 544.2700 2124.0890 -3585.6600 528.1540 2068.1580 -3774.9550 545.0700 2068.1580 -3774.9550 543.4700 2124.0890 -3585.6600 528.1540 2068.1580 -3774.9550 543.4700 2124.0890 -3585.6600 526.5540 2068.8549 -3775.3479 544.2700 1972.0811 -3943.7171 560.2460 1973.4749 -3944.5029 560.2460 2068.8549 -3775.3479 544.2700 2067.4611 -3774.5621 544.2700 1972.0811 -3943.7171 560.2460 2068.1580 -3774.9550 545.0700 1972.7780 -3944.1100 561.0460 1972.7780 -3944.1100 559.4460 2068.1580 -3774.9550 545.0700 1972.7780 -3944.1100 559.4460 2068.1580 -3774.9550 543.4700 1973.4108 -3944.5994 560.2460 1847.7272 -4104.4946 576.2680 1848.9928 -4105.4734 576.2680 1973.4108 -3944.5994 560.2460 1972.1452 -3943.6206 560.2460 1847.7272 -4104.4946 576.2680 1972.7780 -3944.1100 561.0460 1848.3600 -4104.9840 577.0680 1848.3600 -4104.9840 575.4680 1972.7780 -3944.1100 561.0460 1848.3600 -4104.9840 575.4680 1972.7780 -3944.1100 559.4460 1848.9636 -4105.5090 576.2680 1704.7144 -4268.9100 592.6320 1705.9216 -4269.9600 592.6320 1848.9636 -4105.5090 576.2680 1847.7564 -4104.4590 576.2680 1704.7144 -4268.9100 592.6320 1848.3600 -4104.9840 577.0680 1705.3180 -4269.4350 593.4320 1705.3180 -4269.4350 591.8320 1848.3600 -4104.9840 577.0680 1705.3180 -4269.4350 591.8320 1848.3600 -4104.9840 575.4680 1705.9303 -4269.9499 592.6320 1553.4517 -4448.8061 609.3440 1554.6763 -4449.8359 609.3440 1705.9303 -4269.9499 592.6320 1704.7057 -4268.9201 592.6320 1553.4517 -4448.8061 609.3440 1705.3180 -4269.4350 593.4320 1554.0640 -4449.3210 610.1440 1554.0640 -4449.3210 608.5440 1705.3180 -4269.4350 593.4320 1554.0640 -4449.3210 608.5440 1705.3180 -4269.4350 591.8320 1554.7134 -4449.7882 609.3440 1404.3606 -4656.0358 626.3940 1405.6594 -4656.9702 626.3940 1554.7134 -4449.7882 609.3440 1553.4146 -4448.8538 609.3440 1404.3606 -4656.0358 626.3940 1554.0640 -4449.3210 610.1440 1405.0100 -4656.5030 627.1940 1405.0100 -4656.5030 625.5940 1554.0640 -4449.3210 610.1440 1405.0100 -4656.5030 625.5940 1554.0640 -4449.3210 608.5440 1405.6698 -4656.9554 626.3940 1310.5942 -4792.7896 636.8570 1311.9138 -4793.6944 636.8570 1405.6698 -4656.9554 626.3940 1404.3502 -4656.0506 626.3940 1310.5942 -4792.7896 636.8570 1405.0100 -4656.5030 627.1940 1311.2540 -4793.2420 637.6570 1311.2540 -4793.2420 636.0570 1405.0100 -4656.5030 627.1940 1311.2540 -4793.2420 636.0570 1405.0100 -4656.5030 625.5940 1311.8898 -4793.7276 636.8570 1207.8342 -4927.3254 647.0450 1209.1058 -4928.2966 647.0450 1311.8898 -4793.7276 636.8570 1310.6182 -4792.7564 636.8570 1207.8342 -4927.3254 647.0450 1311.2540 -4793.2420 637.6570 1208.4700 -4927.8110 647.8450 1208.4700 -4927.8110 646.2450 1311.2540 -4793.2420 637.6570 1208.4700 -4927.8110 646.2450 1311.2540 -4793.2420 636.0570 1209.0863 -4928.3211 647.0450 1097.0287 -5061.2049 656.9800 1098.2613 -5062.2251 656.9800 1209.0863 -4928.3211 647.0450 1207.8537 -4927.3009 647.0450 1097.0287 -5061.2049 656.9800 1208.4700 -4927.8110 647.8450 1097.6450 -5061.7150 657.7800 1097.6450 -5061.7150 656.1800 1208.4700 -4927.8110 647.8450 1097.6450 -5061.7150 656.1800 1208.4700 -4927.8110 646.2450 1098.2471 -5062.2417 656.9800 979.1629 -5195.9363 666.6580 980.3671 -5196.9897 666.6580 1098.2471 -5062.2417 656.9800 1097.0429 -5061.1883 656.9800 979.1629 -5195.9363 666.6580 1097.6450 -5061.7150 657.7800 979.7650 -5196.4630 667.4580 979.7650 -5196.4630 665.8580 1097.6450 -5061.7150 657.7800 979.7650 -5196.4630 665.8580 1097.6450 -5061.7150 656.1800 980.3584 -5196.9995 666.6580 855.2246 -5333.0225 676.0590 856.4114 -5334.0955 676.0590 980.3584 -5196.9995 666.6580 979.1716 -5195.9265 666.6580 855.2246 -5333.0225 676.0590 979.7650 -5196.4630 667.4580 855.8180 -5333.5590 676.8590 855.8180 -5333.5590 675.2590 979.7650 -5196.4630 667.4580 855.8180 -5333.5590 675.2590 979.7650 -5196.4630 665.8580 856.4081 -5334.0992 676.0590 726.1989 -5473.9718 685.1490 727.3791 -5475.0522 685.1490 856.4081 -5334.0992 676.0590 855.2279 -5333.0188 676.0590 726.1989 -5473.9718 685.1490 855.8180 -5333.5590 676.8590 726.7890 -5474.5120 685.9490 726.7890 -5474.5120 684.3490 855.8180 -5333.5590 676.8590 726.7890 -5474.5120 684.3490 855.8180 -5333.5590 675.2590 727.3807 -5475.0504 685.1490 593.0753 -5620.2896 693.8830 594.2587 -5621.3664 693.8830 727.3807 -5475.0504 685.1490 726.1973 -5473.9736 685.1490 593.0753 -5620.2896 693.8830 726.7890 -5474.5120 685.9490 593.6670 -5620.8280 694.6830 593.6670 -5620.8280 693.0830 726.7890 -5474.5120 685.9490 593.6670 -5620.8280 693.0830 726.7890 -5474.5120 684.3490 594.2648 -5621.3596 693.8830 456.8392 -5773.4814 702.2090 458.0348 -5774.5446 702.2090 594.2648 -5621.3596 693.8830 593.0692 -5620.2964 693.8830 456.8392 -5773.4814 702.2090 593.6670 -5620.8280 694.6830 457.4370 -5774.0130 703.0090 457.4370 -5774.0130 701.4090 593.6670 -5620.8280 694.6830 457.4370 -5774.0130 701.4090 593.6670 -5620.8280 693.0830 458.0446 -5774.5333 702.2090 318.4794 -5935.0537 710.0690 319.6946 -5936.0943 710.0690 458.0446 -5774.5333 702.2090 456.8294 -5773.4927 702.2090 318.4794 -5935.0537 710.0690 457.4370 -5774.0130 703.0090 319.0870 -5935.5740 710.8690 319.0870 -5935.5740 709.2690 457.4370 -5774.0130 703.0090 319.0870 -5935.5740 709.2690 457.4370 -5774.0130 701.4090 319.7076 -5936.0789 710.0690 178.9814 -6106.5131 717.3950 180.2226 -6107.5229 717.3950 319.7076 -5936.0789 710.0690 318.4664 -5935.0691 710.0690 178.9814 -6106.5131 717.3950 319.0870 -5935.5740 710.8690 179.6020 -6107.0180 718.1950 179.6020 -6107.0180 716.5950 319.0870 -5935.5740 710.8690 179.6020 -6107.0180 716.5950 319.0870 -5935.5740 709.2690 180.2378 -6107.5036 717.3950 39.3352 -6289.3664 724.1090 40.6068 -6290.3376 724.1090 180.2378 -6107.5036 717.3950 178.9662 -6106.5324 717.3950 39.3352 -6289.3664 724.1090 179.6020 -6107.0180 718.1950 39.9710 -6289.8520 724.9090 39.9710 -6289.8520 723.3090 179.6020 -6107.0180 718.1950 39.9710 -6289.8520 723.3090 179.6020 -6107.0180 716.5950 40.6236 -6290.3147 724.1090 -99.4726 -6485.1193 730.1230 -98.1674 -6486.0447 730.1230 40.6236 -6290.3147 724.1090 39.3184 -6289.3893 724.1090 -99.4726 -6485.1193 730.1230 39.9710 -6289.8520 724.9090 -98.8200 -6485.5820 730.9230 -98.8200 -6485.5820 729.3230 39.9710 -6289.8520 724.9090 -98.8200 -6485.5820 729.3230 39.9710 -6289.8520 723.3090 -98.1498 -6486.0188 730.1230 -236.4552 -6695.2782 735.3290 -235.1148 -6696.1518 735.3290 -98.1498 -6486.0188 730.1230 -99.4902 -6485.1452 730.1230 -236.4552 -6695.2782 735.3290 -98.8200 -6485.5820 730.9230 -235.7850 -6695.7150 736.1290 -235.7850 -6695.7150 734.5290 -98.8200 -6485.5820 730.9230 -235.7850 -6695.7150 734.5290 -98.8200 -6485.5820 729.3230 -235.0942 -6696.1185 735.3290 -321.7648 -6841.3475 738.2150 -320.3832 -6842.1545 738.2150 -235.0942 -6696.1185 735.3290 -236.4758 -6695.3115 735.3290 -321.7648 -6841.3475 738.2150 -235.7850 -6695.7150 736.1290 -321.0740 -6841.7510 739.0150 -321.0740 -6841.7510 737.4150 -235.7850 -6695.7150 736.1290 -321.0740 -6841.7510 737.4150 -235.7850 -6695.7150 734.5290 -320.3639 -6842.1194 738.2150 -401.8911 -6995.7856 740.6610 -400.4709 -6996.5224 740.6610 -320.3639 -6842.1194 738.2150 -321.7841 -6841.3826 738.2150 -401.8911 -6995.7856 740.6610 -321.0740 -6841.7510 739.0150 -401.1810 -6996.1540 741.4610 -401.1810 -6996.1540 739.8610 -321.0740 -6841.7510 739.0150 -401.1810 -6996.1540 739.8610 -321.0740 -6841.7510 737.4150 -400.4567 -6996.4936 740.6610 -477.8563 -7157.8074 742.6220 -476.4077 -7158.4866 742.6220 -400.4567 -6996.4936 740.6610 -401.9053 -6995.8144 740.6610 -477.8563 -7157.8074 742.6220 -401.1810 -6996.1540 741.4610 -477.1320 -7158.1470 743.4220 -477.1320 -7158.1470 741.8220 -401.1810 -6996.1540 741.4610 -477.1320 -7158.1470 741.8220 -401.1810 -6996.1540 739.8610 -476.3974 -7158.4639 742.6220 -550.6826 -7326.6351 744.0520 -549.2134 -7327.2689 744.0520 -476.3974 -7158.4639 742.6220 -477.8666 -7157.8301 742.6220 -550.6826 -7326.6351 744.0520 -477.1320 -7158.1470 743.4220 -549.9480 -7326.9520 744.8520 -549.9480 -7326.9520 743.2520 -477.1320 -7158.1470 743.4220 -549.9480 -7326.9520 743.2520 -477.1320 -7158.1470 741.8220 -549.2063 -7327.2519 744.0520 -621.3947 -7501.4931 744.9020 -619.9113 -7502.0929 744.9020 -549.2063 -7327.2519 744.0520 -550.6897 -7326.6521 744.0520 -621.3947 -7501.4931 744.9020 -549.9480 -7326.9520 744.8520 -620.6530 -7501.7930 745.7020 -620.6530 -7501.7930 744.1020 -549.9480 -7326.9520 744.8520 -620.6530 -7501.7930 744.1020 -549.9480 -7326.9520 743.2520 -619.9068 -7502.0814 744.9020 -691.0172 -7681.6036 745.1260 -689.5248 -7682.1804 745.1260 -619.9068 -7502.0814 744.9020 -621.3992 -7501.5046 744.9020 -691.0172 -7681.6036 745.1260 -620.6530 -7501.7930 745.7020 -690.2710 -7681.8920 745.9260 -690.2710 -7681.8920 744.3260 -620.6530 -7501.7930 745.7020 -690.2710 -7681.8920 744.3260 -620.6530 -7501.7930 744.1020 -689.5224 -7682.1741 745.1260 -760.5736 -7866.1899 744.6790 -759.0764 -7866.7541 744.6790 -689.5224 -7682.1741 745.1260 -691.0196 -7681.6099 745.1260 -760.5736 -7866.1899 744.6790 -690.2710 -7681.8920 745.9260 -759.8250 -7866.4720 745.4790 -759.8250 -7866.4720 743.8790 -690.2710 -7681.8920 745.9260 -759.8250 -7866.4720 743.8790 -690.2710 -7681.8920 744.3260 -759.0758 -7866.7526 744.6790 -831.0862 -8054.4764 743.5200 -829.5878 -8055.0376 743.5200 -759.0758 -7866.7526 744.6790 -760.5742 -7866.1914 744.6790 -831.0862 -8054.4764 743.5200 -759.8250 -7866.4720 745.4790 -830.3370 -8054.7570 744.3200 -830.3370 -8054.7570 742.7200 -759.8250 -7866.4720 745.4790 -830.3370 -8054.7570 742.7200 -759.8250 -7866.4720 743.8790 -829.5890 -8055.0406 743.5200 -903.5810 -8245.6854 741.6140 -902.0850 -8246.2526 741.6140 -829.5890 -8055.0406 743.5200 -831.0850 -8054.4734 743.5200 -903.5810 -8245.6854 741.6140 -830.3370 -8054.7570 744.3200 -902.8330 -8245.9690 742.4140 -902.8330 -8245.9690 740.8140 -830.3370 -8054.7570 744.3200 -902.8330 -8245.9690 740.8140 -830.3370 -8054.7570 742.7200 -902.0878 -8246.2600 741.6140 -979.0792 -8439.0400 738.9280 -977.5888 -8439.6220 738.9280 -902.0878 -8246.2600 741.6140 -903.5782 -8245.6780 741.6140 -979.0792 -8439.0400 738.9280 -902.8330 -8245.9690 742.4140 -978.3340 -8439.3310 739.7280 -978.3340 -8439.3310 738.1280 -902.8330 -8245.9690 742.4140 -978.3340 -8439.3310 738.1280 -902.8330 -8245.9690 740.8140 -977.5934 -8439.6335 738.9280 -1058.6036 -8633.7645 735.4350 -1057.1224 -8634.3695 735.4350 -977.5934 -8439.6335 738.9280 -979.0746 -8439.0285 738.9280 -1058.6036 -8633.7645 735.4350 -978.3340 -8439.3310 739.7280 -1057.8630 -8634.0670 736.2350 -1057.8630 -8634.0670 734.6350 -978.3340 -8439.3310 739.7280 -1057.8630 -8634.0670 734.6350 -978.3340 -8439.3310 738.1280 -1057.1289 -8634.3849 735.4350 -1143.1801 -8829.0801 731.1100 -1141.7119 -8829.7159 731.1100 -1057.1289 -8634.3849 735.4350 -1058.5971 -8633.7491 735.4350 -1143.1801 -8829.0801 731.1100 -1057.8630 -8634.0670 736.2350 -1142.4460 -8829.3980 731.9100 -1142.4460 -8829.3980 730.3100 -1057.8630 -8634.0670 736.2350 -1142.4460 -8829.3980 730.3100 -1057.8630 -8634.0670 734.6350 -1141.7205 -8829.7350 731.1100 -1233.8285 -9024.2110 725.9290 -1232.3775 -9024.8850 725.9290 -1141.7205 -8829.7350 731.1100 -1143.1715 -8829.0610 731.1100 -1233.8285 -9024.2110 725.9290 -1142.4460 -8829.3980 731.9100 -1233.1030 -9024.5480 726.7290 -1233.1030 -9024.5480 725.1290 -1142.4460 -8829.3980 731.9100 -1233.1030 -9024.5480 725.1290 -1142.4460 -8829.3980 730.3100 -1232.3884 -9024.9077 725.9290 -1331.5746 -9218.3803 719.8700 -1330.1454 -9219.0997 719.8700 -1232.3884 -9024.9077 725.9290 -1233.8176 -9024.1883 725.9290 -1331.5746 -9218.3803 719.8700 -1233.1030 -9024.5480 726.7290 -1330.8600 -9218.7400 720.6700 -1330.8600 -9218.7400 719.0700 -1233.1030 -9024.5480 726.7290 -1330.8600 -9218.7400 719.0700 -1233.1030 -9024.5480 725.1290 -1330.1591 -9219.1256 719.8700 -1437.4399 -9410.8114 712.9040 -1436.0381 -9411.5826 712.9040 -1330.1591 -9219.1256 719.8700 -1331.5609 -9218.3544 719.8700 -1437.4399 -9410.8114 712.9040 -1330.8600 -9218.7400 720.6700 -1436.7390 -9411.1970 713.7040 -1436.7390 -9411.1970 712.1040 -1330.8600 -9218.7400 720.6700 -1436.7390 -9411.1970 712.1040 -1330.8600 -9218.7400 719.0700 -1436.0547 -9411.6114 712.9040 -1552.4483 -9600.7266 705.0020 -1551.0797 -9601.5554 705.0020 -1436.0547 -9411.6114 712.9040 -1437.4233 -9410.7826 712.9040 -1552.4483 -9600.7266 705.0020 -1436.7390 -9411.1970 713.7040 -1551.7640 -9601.1410 705.8020 -1551.7640 -9601.1410 704.2020 -1436.7390 -9411.1970 713.7040 -1551.7640 -9601.1410 704.2020 -1436.7390 -9411.1970 712.1040 -1551.0996 -9601.5866 705.0020 -1677.6214 -9787.3504 696.1230 -1676.2926 -9788.2416 696.1230 -1551.0996 -9601.5866 705.0020 -1552.4284 -9600.6954 705.0020 -1677.6214 -9787.3504 696.1230 -1551.7640 -9601.1410 705.8020 -1676.9570 -9787.7960 696.9230 -1676.9570 -9787.7960 695.3230 -1551.7640 -9601.1410 705.8020 -1676.9570 -9787.7960 695.3230 -1551.7640 -9601.1410 704.2020 -1676.3161 -9788.2747 696.1230 -1813.9829 -9969.9063 686.2140 -1812.7011 -9970.8637 686.2140 -1676.3161 -9788.2747 696.1230 -1677.5979 -9787.3173 696.1230 -1813.9829 -9969.9063 686.2140 -1676.9570 -9787.7960 696.9230 -1813.3420 -9970.3850 687.0140 -1813.3420 -9970.3850 685.4140 -1676.9570 -9787.7960 696.9230 -1813.3420 -9970.3850 685.4140 -1676.9570 -9787.7960 695.3230 -1812.7282 -9970.8981 686.2140 -1962.5568 -10147.6169 675.2060 -1961.3292 -10148.6431 675.2060 -1812.7282 -9970.8981 686.2140 -1813.9558 -9969.8719 686.2140 -1962.5568 -10147.6169 675.2060 -1813.3420 -9970.3850 687.0140 -1961.9430 -10148.1300 676.0060 -1961.9430 -10148.1300 674.4060 -1813.3420 -9970.3850 687.0140 -1961.9430 -10148.1300 674.4060 -1813.3420 -9970.3850 685.4140 -1961.3602 -10148.6780 675.2060 -2124.3658 -10319.7060 663.0100 -2123.2002 -10320.8020 663.0100 -1961.3602 -10148.6780 675.2060 -1962.5258 -10147.5820 675.2060 -2124.3658 -10319.7060 663.0100 -1961.9430 -10148.1300 676.0060 -2123.7830 -10320.2540 663.8100 -2123.7830 -10320.2540 662.2100 -1961.9430 -10148.1300 676.0060 -2123.7830 -10320.2540 662.2100 -1961.9430 -10148.1300 674.4060 -2123.2289 -10320.8310 663.0100 -2247.0201 -10437.4990 653.6230 -2245.9119 -10438.6530 653.6230 -2123.2289 -10320.8310 663.0100 -2124.3371 -10319.6770 663.0100 -2247.0201 -10437.4990 653.6230 -2123.7830 -10320.2540 663.8100 -2246.4660 -10438.0760 654.4230 -2246.4660 -10438.0760 652.8230 -2123.7830 -10320.2540 663.8100 -2246.4660 -10438.0760 652.8230 -2123.7830 -10320.2540 662.2100 -2245.9334 -10438.6730 653.6230 -2381.5786 -10557.5470 643.1150 -2380.5134 -10558.7410 643.1150 -2245.9334 -10438.6730 653.6230 -2246.9986 -10437.4790 653.6230 -2381.5786 -10557.5470 643.1150 -2246.4660 -10438.0760 654.4230 -2381.0460 -10558.1440 643.9150 -2381.0460 -10558.1440 642.3150 -2246.4660 -10438.0760 654.4230 -2381.0460 -10558.1440 642.3150 -2246.4660 -10438.0760 652.8230 -2380.5320 -10558.7571 643.1150 -2527.0720 -10679.5209 631.4360 -2526.0440 -10680.7471 631.4360 -2380.5320 -10558.7571 643.1150 -2381.5600 -10557.5309 643.1150 -2527.0720 -10679.5209 631.4360 -2381.0460 -10558.1440 643.9150 -2526.5580 -10680.1340 632.2360 -2526.5580 -10680.1340 630.6360 -2381.0460 -10558.1440 643.9150 -2526.5580 -10680.1340 630.6360 -2381.0460 -10558.1440 642.3150 -2526.0602 -10680.7603 631.4360 -2682.5358 -10803.0927 618.5410 -2681.5402 -10804.3453 618.5410 -2526.0602 -10680.7603 631.4360 -2527.0558 -10679.5077 631.4360 -2682.5358 -10803.0927 618.5410 -2526.5580 -10680.1340 632.2360 -2682.0380 -10803.7190 619.3410 -2682.0380 -10803.7190 617.7410 -2526.5580 -10680.1340 632.2360 -2682.0380 -10803.7190 617.7410 -2526.5580 -10680.1340 630.6360 -2681.5543 -10804.3562 618.5410 -2847.0047 -10927.9348 604.4010 -2846.0373 -10929.2092 604.4010 -2681.5543 -10804.3562 618.5410 -2682.5217 -10803.0818 618.5410 -2847.0047 -10927.9348 604.4010 -2682.0380 -10803.7190 619.3410 -2846.5210 -10928.5720 605.2010 -2846.5210 -10928.5720 603.6010 -2682.0380 -10803.7190 619.3410 -2846.5210 -10928.5720 603.6010 -2682.0380 -10803.7190 617.7410 -2846.0497 -10929.2184 604.4010 -3019.5153 -11053.7216 588.9930 -3018.5727 -11055.0144 588.9930 -2846.0497 -10929.2184 604.4010 -2846.9923 -10927.9256 604.4010 -3019.5153 -11053.7216 588.9930 -2846.5210 -10928.5720 605.2010 -3019.0440 -11054.3680 589.7930 -3019.0440 -11054.3680 588.1930 -2846.5210 -10928.5720 605.2010 -3019.0440 -11054.3680 588.1930 -2846.5210 -10928.5720 603.6010 -3018.5835 -11055.0222 588.9930 -3199.1015 -11180.1258 572.3100 -3198.1805 -11181.4342 572.3100 -3018.5835 -11055.0222 588.9930 -3019.5045 -11053.7138 588.9930 -3199.1015 -11180.1258 572.3100 -3019.0440 -11054.3680 589.7930 -3198.6410 -11180.7800 573.1100 -3198.6410 -11180.7800 571.5100 -3019.0440 -11054.3680 589.7930 -3198.6410 -11180.7800 571.5100 -3019.0440 -11054.3680 588.1930 -3198.1901 -11181.4408 572.3100 -3384.7989 -11306.8222 554.3550 -3383.8971 -11308.1438 554.3550 -3198.1901 -11181.4408 572.3100 -3199.0919 -11180.1192 572.3100 -3384.7989 -11306.8222 554.3550 -3198.6410 -11180.7800 573.1100 -3384.3480 -11307.4830 555.1550 -3384.3480 -11307.4830 553.5550 -3198.6410 -11180.7800 573.1100 -3384.3480 -11307.4830 553.5550 -3198.6410 -11180.7800 571.5100 -3383.9056 -11308.1496 554.3550 -3575.6444 -11433.4844 535.1490 -3574.7596 -11434.8176 535.1490 -3383.9056 -11308.1496 554.3550 -3384.7904 -11306.8164 554.3550 -3575.6444 -11433.4844 535.1490 -3384.3480 -11307.4830 555.1550 -3575.2020 -11434.1510 535.9490 -3575.2020 -11434.1510 534.3490 -3384.3480 -11307.4830 555.1550 -3575.2020 -11434.1510 534.3490 -3384.3480 -11307.4830 553.5550 -3574.7671 -11434.8225 535.1490 -3770.6719 -11559.7855 514.7250 -3769.8021 -11561.1285 514.7250 -3574.7671 -11434.8225 535.1490 -3575.6369 -11433.4795 535.1490 -3770.6719 -11559.7855 514.7250 -3575.2020 -11434.1510 535.9490 -3770.2370 -11560.4570 515.5250 -3770.2370 -11560.4570 513.9250 -3575.2020 -11434.1510 535.9490 -3770.2370 -11560.4570 513.9250 -3575.2020 -11434.1510 534.3490 -3769.8088 -11561.1328 514.7250 -3968.9172 -11685.4002 493.1330 -3968.0608 -11686.7518 493.1330 -3769.8088 -11561.1328 514.7250 -3770.6652 -11559.7812 514.7250 -3968.9172 -11685.4002 493.1330 -3770.2370 -11560.4570 515.5250 -3968.4890 -11686.0760 493.9330 -3968.4890 -11686.0760 492.3330 -3770.2370 -11560.4570 515.5250 -3968.4890 -11686.0760 492.3330 -3770.2370 -11560.4570 513.9250 -3968.0667 -11686.7555 493.1330 -4169.4153 -11810.0005 470.4400 -4168.5707 -11811.3595 470.4400 -3968.0667 -11686.7555 493.1330 -3968.9113 -11685.3965 493.1330 -4169.4153 -11810.0005 470.4400 -3968.4890 -11686.0760 493.9330 -4168.9930 -11810.6800 471.2400 -4168.9930 -11810.6800 469.6400 -3968.4890 -11686.0760 493.9330 -4168.9930 -11810.6800 469.6400 -3968.4890 -11686.0760 492.3330 -4168.5760 -11811.3627 470.4400 -4371.2040 -11933.2623 446.7290 -4370.3700 -11934.6277 446.7290 -4168.5760 -11811.3627 470.4400 -4169.4100 -11809.9973 470.4400 -4371.2040 -11933.2623 446.7290 -4168.9930 -11810.6800 471.2400 -4370.7870 -11933.9450 447.5290 -4370.7870 -11933.9450 445.9290 -4168.9930 -11810.6800 471.2400 -4370.7870 -11933.9450 445.9290 -4168.9930 -11810.6800 469.6400 -4370.3746 -11934.6305 446.7290 -4573.3164 -12054.8595 422.0980 -4572.4916 -12056.2305 422.0980 -4370.3746 -11934.6305 446.7290 -4371.1994 -11933.2595 446.7290 -4573.3164 -12054.8595 422.0980 -4370.7870 -11933.9450 447.5290 -4572.9040 -12055.5450 422.8980 -4572.9040 -12055.5450 421.2980 -4370.7870 -11933.9450 447.5290 -4572.9040 -12055.5450 421.2980 -4370.7870 -11933.9450 445.9290 -4572.4956 -12056.2329 422.0980 -4774.7894 -12174.4641 396.6650 -4773.9726 -12175.8399 396.6650 -4572.4956 -12056.2329 422.0980 -4573.3124 -12054.8571 422.0980 -4774.7894 -12174.4641 396.6650 -4572.9040 -12055.5450 422.8980 -4774.3810 -12175.1520 397.4650 -4774.3810 -12175.1520 395.8650 -4572.9040 -12055.5450 422.8980 -4774.3810 -12175.1520 395.8650 -4572.9040 -12055.5450 421.2980 -4773.9761 -12175.8420 396.6650 -4974.6589 -12291.7510 370.5620 -4973.8491 -12293.1310 370.5620 -4773.9761 -12175.8420 396.6650 -4774.7859 -12174.4620 396.6650 -4974.6589 -12291.7510 370.5620 -4774.3810 -12175.1520 397.4650 -4974.2540 -12292.4410 371.3620 -4974.2540 -12292.4410 369.7620 -4774.3810 -12175.1520 397.4650 -4974.2540 -12292.4410 369.7620 -4774.3810 -12175.1520 395.8650 -4973.8521 -12293.1327 370.5620 -5171.9589 -12406.3953 343.9380 -5171.1551 -12407.7787 343.9380 -4973.8521 -12293.1327 370.5620 -4974.6559 -12291.7493 370.5620 -5171.9589 -12406.3953 343.9380 -4974.2540 -12292.4410 371.3620 -5171.5570 -12407.0870 344.7380 -5171.5570 -12407.0870 343.1380 -4974.2540 -12292.4410 371.3620 -5171.5570 -12407.0870 343.1380 -4974.2540 -12292.4410 369.7620 -5171.1575 -12407.7801 343.9380 -5365.7265 -12518.0689 316.9570 -5364.9275 -12519.4551 316.9570 -5171.1575 -12407.7801 343.9380 -5171.9565 -12406.3939 343.9380 -5365.7265 -12518.0689 316.9570 -5171.5570 -12407.0870 344.7380 -5365.3270 -12518.7620 317.7570 -5365.3270 -12518.7620 316.1570 -5171.5570 -12407.0870 344.7380 -5365.3270 -12518.7620 316.1570 -5171.5570 -12407.0870 343.1380 -5364.9295 -12519.4562 316.9570 -5554.9975 -12626.4478 289.7990 -5554.2025 -12627.8362 289.7990 -5364.9295 -12519.4562 316.9570 -5365.7245 -12518.0678 316.9570 -5554.9975 -12626.4478 289.7990 -5365.3270 -12518.7620 317.7570 -5554.6000 -12627.1420 290.5990 -5554.6000 -12627.1420 288.9990 -5365.3270 -12518.7620 317.7570 -5554.6000 -12627.1420 288.9990 -5365.3270 -12518.7620 316.1570 -5554.2039 -12627.8370 289.7990 -5738.8061 -12731.2040 262.6580 -5738.0139 -12732.5940 262.6580 -5554.2039 -12627.8370 289.7990 -5554.9961 -12626.4470 289.7990 -5738.8061 -12731.2040 262.6580 -5554.6000 -12627.1420 290.5990 -5738.4100 -12731.8990 263.4580 -5738.4100 -12731.8990 261.8580 -5554.6000 -12627.1420 290.5990 -5738.4100 -12731.8990 261.8580 -5554.6000 -12627.1420 288.9990 -5738.0147 -12732.5945 262.6580 -5916.1883 -12832.0115 235.7400 -5915.3977 -12833.4025 235.7400 -5738.0147 -12732.5945 262.6580 -5738.8053 -12731.2035 262.6580 -5916.1883 -12832.0115 235.7400 -5738.4100 -12731.8990 263.4580 -5915.7930 -12832.7070 236.5400 -5915.7930 -12832.7070 234.9400 -5738.4100 -12731.8990 263.4580 -5915.7930 -12832.7070 234.9400 -5738.4100 -12731.8990 261.8580 -5915.3980 -12833.4027 235.7400 -6086.1810 -12928.5463 209.2620 -6085.3910 -12929.9377 209.2620 -5915.3980 -12833.4027 235.7400 -5916.1880 -12832.0113 235.7400 -6086.1810 -12928.5463 209.2620 -5915.7930 -12832.7070 236.5400 -6085.7860 -12929.2420 210.0620 -6085.7860 -12929.2420 208.4620 -5915.7930 -12832.7070 236.5400 -6085.7860 -12929.2420 208.4620 -5915.7930 -12832.7070 234.9400 -6085.3905 -12929.9374 209.2620 -6247.8195 -13020.4806 183.4540 -6247.0285 -13021.8714 183.4540 -6085.3905 -12929.9374 209.2620 -6086.1815 -12928.5466 209.2620 -6247.8195 -13020.4806 183.4540 -6085.7860 -12929.2420 210.0620 -6247.4240 -13021.1760 184.2540 -6247.4240 -13021.1760 182.6540 -6085.7860 -12929.2420 210.0620 -6247.4240 -13021.1760 182.6540 -6085.7860 -12929.2420 208.4620 -6247.0272 -13021.8707 183.4540 -6400.1388 -13107.4893 158.5520 -6399.3452 -13108.8787 158.5520 -6247.0272 -13021.8707 183.4540 -6247.8208 -13020.4813 183.4540 -6400.1388 -13107.4893 158.5520 -6247.4240 -13021.1760 184.2540 -6399.7420 -13108.1840 159.3520 -6399.7420 -13108.1840 157.7520 -6247.4240 -13021.1760 184.2540 -6399.7420 -13108.1840 157.7520 -6247.4240 -13021.1760 182.6540 -6399.3429 -13108.8773 158.5520 -6542.1751 -13189.2457 134.7990 -6541.3769 -13190.6323 134.7990 -6399.3429 -13108.8773 158.5520 -6400.1411 -13107.4907 158.5520 -6542.1751 -13189.2457 134.7990 -6399.7420 -13108.1840 159.3520 -6541.7760 -13189.9390 135.5990 -6541.7760 -13189.9390 133.9990 -6399.7420 -13108.1840 159.3520 -6541.7760 -13189.9390 133.9990 -6399.7420 -13108.1840 157.7520 -6541.3734 -13190.6303 134.7990 -6672.9636 -13265.4247 112.4430 -6672.1584 -13266.8073 112.4430 -6541.3734 -13190.6303 134.7990 -6542.1786 -13189.2477 134.7990 -6672.9636 -13265.4247 112.4430 -6541.7760 -13189.9390 135.5990 -6672.5610 -13266.1160 113.2430 -6672.5610 -13266.1160 111.6430 -6541.7760 -13189.9390 135.5990 -6672.5610 -13266.1160 111.6430 -6541.7760 -13189.9390 133.9990 -6672.1531 -13266.8042 112.4430 -6791.5419 -13335.6998 91.7350 -6790.7261 -13337.0762 91.7350 -6672.1531 -13266.8042 112.4430 -6672.9689 -13265.4278 112.4430 -6791.5419 -13335.6998 91.7350 -6672.5610 -13266.1160 113.2430 -6791.1340 -13336.3880 92.5350 -6791.1340 -13336.3880 90.9350 -6672.5610 -13266.1160 113.2430 -6791.1340 -13336.3880 90.9350 -6672.5610 -13266.1160 111.6430 -6790.7186 -13337.0717 91.7350 -6896.9454 -13399.7453 72.9240 -6896.1146 -13401.1127 72.9240 -6790.7186 -13337.0717 91.7350 -6791.5494 -13335.7043 91.7350 -6896.9454 -13399.7453 72.9240 -6791.1340 -13336.3880 92.5350 -6896.5300 -13400.4290 73.7240 -6896.5300 -13400.4290 72.1240 -6791.1340 -13336.3880 92.5350 -6896.5300 -13400.4290 72.1240 -6791.1340 -13336.3880 90.9350 -6896.1036 -13401.1059 72.9240 -6988.2104 -13457.2371 56.2540 -6987.3576 -13458.5909 56.2540 -6896.1036 -13401.1059 72.9240 -6896.9564 -13399.7521 72.9240 -6988.2104 -13457.2371 56.2540 -6896.5300 -13400.4290 73.7240 -6987.7840 -13457.9140 57.0540 -6987.7840 -13457.9140 55.4540 -6896.5300 -13400.4290 73.7240 -6987.7840 -13457.9140 55.4540 -6896.5300 -13400.4290 72.1240 -6.6170 -3.6202 0.0000 0.4562 -0.6571 0.0000 -0.4562 0.6571 0.0000 -6.6170 -3.6202 0.0000 -5.7045 -4.9345 0.0000 0.4562 -0.6571 0.0000 -6.1607 -4.2773 0.8000 0.0000 0.0000 0.8000 0.0000 0.0000 -0.8000 -6.1607 -4.2773 0.8000 0.0000 0.0000 -0.8000 -6.1607 -4.2773 -0.8000 -0.4562 0.6571 0.0000 6.6170 3.6202 0.0000 5.7045 4.9345 0.0000 -0.4562 0.6571 0.0000 0.4562 -0.6571 0.0000 6.6170 3.6202 0.0000 0.0000 0.0000 0.8000 6.1607 4.2773 0.8000 6.1607 4.2773 -0.8000 0.0000 0.0000 0.8000 6.1607 4.2773 -0.8000 0.0000 0.0000 -0.8000 57.2947 -95.6996 17.9930 64.3040 -92.5884 17.9930 63.3640 -91.2936 17.9930 57.2947 -95.6996 17.9930 58.2346 -96.9944 17.9930 64.3040 -92.5884 17.9930 57.7646 -96.3470 18.7930 63.8340 -91.9410 18.7930 63.8340 -91.9410 17.1930 57.7646 -96.3470 18.7930 63.8340 -91.9410 17.1930 57.7646 -96.3470 17.1930 63.3640 -91.2936 17.9930 70.3733 -88.1824 17.9930 69.4334 -86.8876 17.9930 63.3640 -91.2936 17.9930 64.3040 -92.5884 17.9930 70.3733 -88.1824 17.9930 63.8340 -91.9410 18.7930 69.9034 -87.5350 18.7930 69.9034 -87.5350 17.1930 63.8340 -91.9410 18.7930 69.9034 -87.5350 17.1930 63.8340 -91.9410 17.1930 138.1732 -207.1263 39.8110 145.1464 -203.9350 39.8110 144.1916 -202.6510 39.8110 138.1732 -207.1263 39.8110 139.1279 -208.4103 39.8110 145.1464 -203.9350 39.8110 138.6505 -207.7683 40.6110 144.6690 -203.2930 40.6110 144.6690 -203.2930 39.0110 138.6505 -207.7683 40.6110 144.6690 -203.2930 39.0110 138.6505 -207.7683 39.0110 144.1916 -202.6510 39.8110 151.1648 -199.4597 39.8110 150.2101 -198.1757 39.8110 144.1916 -202.6510 39.8110 145.1464 -203.9350 39.8110 151.1648 -199.4597 39.8110 144.6690 -203.2930 40.6110 150.6875 -198.8177 40.6110 150.6875 -198.8177 39.0110 144.6690 -203.2930 40.6110 150.6875 -198.8177 39.0110 144.6690 -203.2930 39.0110 233.9226 -335.8998 64.8290 240.8763 -332.6661 64.8290 239.9137 -331.3879 64.8290 233.9226 -335.8998 64.8290 234.8851 -337.1779 64.8290 240.8763 -332.6661 64.8290 234.4039 -336.5388 65.6290 240.3950 -332.0270 65.6290 240.3950 -332.0270 64.0290 234.4039 -336.5388 65.6290 240.3950 -332.0270 64.0290 234.4039 -336.5388 64.0290 239.9137 -331.3879 64.8290 246.8674 -328.1542 64.8290 245.9049 -326.8761 64.8290 239.9137 -331.3879 64.8290 240.8763 -332.6661 64.8290 246.8674 -328.1542 64.8290 240.3950 -332.0270 65.6290 246.3861 -327.5152 65.6290 246.3861 -327.5152 64.0290 240.3950 -332.0270 65.6290 246.3861 -327.5152 64.0290 240.3950 -332.0270 64.0290 342.4407 -480.0015 92.4180 349.3859 -476.7498 92.4180 348.4201 -475.4742 92.4180 342.4407 -480.0015 92.4180 343.4065 -481.2771 92.4180 349.3859 -476.7498 92.4180 342.9236 -480.6393 93.2180 348.9030 -476.1120 93.2180 348.9030 -476.1120 91.6180 342.9236 -480.6393 93.2180 348.9030 -476.1120 91.6180 342.9236 -480.6393 91.6180 348.4201 -475.4742 92.4180 355.3653 -472.2225 92.4180 354.3995 -470.9469 92.4180 348.4201 -475.4742 92.4180 349.3859 -476.7498 92.4180 355.3653 -472.2225 92.4180 348.9030 -476.1120 93.2180 354.8824 -471.5847 93.2180 354.8824 -471.5847 91.6180 348.9030 -476.1120 93.2180 354.8824 -471.5847 91.6180 348.9030 -476.1120 91.6180 461.6209 -637.4088 121.9620 468.5659 -634.1568 121.9620 467.6001 -632.8812 121.9620 461.6209 -637.4088 121.9620 462.5868 -638.6844 121.9620 468.5659 -634.1568 121.9620 462.1038 -638.0466 122.7620 468.0830 -633.5190 122.7620 468.0830 -633.5190 121.1620 462.1038 -638.0466 122.7620 468.0830 -633.5190 121.1620 462.1038 -638.0466 121.1620 467.6001 -632.8812 121.9620 474.5451 -629.6292 121.9620 473.5792 -628.3536 121.9620 467.6001 -632.8812 121.9620 468.5659 -634.1568 121.9620 474.5451 -629.6292 121.9620 468.0830 -633.5190 122.7620 474.0622 -628.9914 122.7620 474.0622 -628.9914 121.1620 468.0830 -633.5190 122.7620 474.0622 -628.9914 121.1620 468.0830 -633.5190 121.1620 589.3571 -806.0949 152.8680 596.3087 -802.8567 152.8680 595.3453 -801.5793 152.8680 589.3571 -806.0949 152.8680 590.3204 -807.3724 152.8680 596.3087 -802.8567 152.8680 589.8388 -806.7337 153.6680 595.8270 -802.2180 153.6680 595.8270 -802.2180 152.0680 589.8388 -806.7337 153.6680 595.8270 -802.2180 152.0680 589.8388 -806.7337 152.0680 595.3453 -801.5793 152.8680 602.2969 -798.3411 152.8680 601.3336 -797.0636 152.8680 595.3453 -801.5793 152.8680 596.3087 -802.8567 152.8680 602.2969 -798.3411 152.8680 595.8270 -802.2180 153.6680 601.8152 -797.7023 153.6680 601.8152 -797.7023 152.0680 595.8270 -802.2180 153.6680 601.8152 -797.7023 152.0680 595.8270 -802.2180 152.0680 723.5403 -984.0301 184.5710 730.5042 -980.8186 184.5710 729.5458 -979.5374 184.5710 723.5403 -984.0301 184.5710 724.4987 -985.3113 184.5710 730.5042 -980.8186 184.5710 724.0195 -984.6707 185.3710 730.0250 -980.1780 185.3710 730.0250 -980.1780 183.7710 724.0195 -984.6707 185.3710 730.0250 -980.1780 183.7710 724.0195 -984.6707 183.7710 729.5458 -979.5374 184.5710 736.5097 -976.3259 184.5710 735.5513 -975.0447 184.5710 729.5458 -979.5374 184.5710 730.5042 -980.8186 184.5710 736.5097 -976.3259 184.5710 730.0250 -980.1780 185.3710 736.0305 -975.6853 185.3710 736.0305 -975.6853 183.7710 730.0250 -980.1780 185.3710 736.0305 -975.6853 183.7710 730.0250 -980.1780 183.7710 862.0598 -1169.1857 216.5450 869.0416 -1166.0133 216.5450 868.0904 -1164.7267 216.5450 862.0598 -1169.1857 216.5450 863.0111 -1170.4722 216.5450 869.0416 -1166.0133 216.5450 862.5355 -1169.8290 217.3450 868.5660 -1165.3700 217.3450 868.5660 -1165.3700 215.7450 862.5355 -1169.8290 217.3450 868.5660 -1165.3700 215.7450 862.5355 -1169.8290 215.7450 868.0904 -1164.7267 216.5450 875.0722 -1161.5543 216.5450 874.1209 -1160.2678 216.5450 868.0904 -1164.7267 216.5450 869.0416 -1166.0133 216.5450 875.0722 -1161.5543 216.5450 868.5660 -1165.3700 217.3450 874.5965 -1160.9110 217.3450 874.5965 -1160.9110 215.7450 868.5660 -1165.3700 217.3450 874.5965 -1160.9110 215.7450 868.5660 -1165.3700 215.7450 1002.8086 -1359.5311 248.3090 1009.8138 -1356.4108 248.3090 1008.8722 -1355.1172 248.3090 1002.8086 -1359.5311 248.3090 1003.7502 -1360.8247 248.3090 1009.8138 -1356.4108 248.3090 1003.2794 -1360.1779 249.1090 1009.3430 -1355.7640 249.1090 1009.3430 -1355.7640 247.5090 1003.2794 -1360.1779 249.1090 1009.3430 -1355.7640 247.5090 1003.2794 -1360.1779 247.5090 1008.8722 -1355.1172 248.3090 1015.8774 -1351.9969 248.3090 1014.9358 -1350.7033 248.3090 1008.8722 -1355.1172 248.3090 1009.8138 -1356.4108 248.3090 1015.8774 -1351.9969 248.3090 1009.3430 -1355.7640 249.1090 1015.4066 -1351.3501 249.1090 1015.4066 -1351.3501 247.5090 1009.3430 -1355.7640 249.1090 1015.4066 -1351.3501 247.5090 1009.3430 -1355.7640 247.5090 1143.6750 -1553.0347 279.4240 1150.7096 -1549.9812 279.4240 1149.7804 -1548.6788 279.4240 1143.6750 -1553.0347 279.4240 1144.6043 -1554.3372 279.4240 1150.7096 -1549.9812 279.4240 1144.1396 -1553.6860 280.2240 1150.2450 -1549.3300 280.2240 1150.2450 -1549.3300 278.6240 1144.1396 -1553.6860 280.2240 1150.2450 -1549.3300 278.6240 1144.1396 -1553.6860 278.6240 1149.7804 -1548.6788 279.4240 1156.8150 -1545.6253 279.4240 1155.8857 -1544.3228 279.4240 1149.7804 -1548.6788 279.4240 1150.7096 -1549.9812 279.4240 1156.8150 -1545.6253 279.4240 1150.2450 -1549.3300 280.2240 1156.3504 -1544.9740 280.2240 1156.3504 -1544.9740 278.6240 1150.2450 -1549.3300 280.2240 1156.3504 -1544.9740 278.6240 1150.2450 -1549.3300 278.6240 1282.5493 -1747.6641 309.5050 1289.6198 -1744.6947 309.5050 1288.7062 -1743.3813 309.5050 1282.5493 -1747.6641 309.5050 1283.4629 -1748.9776 309.5050 1289.6198 -1744.6947 309.5050 1283.0061 -1748.3208 310.3050 1289.1630 -1744.0380 310.3050 1289.1630 -1744.0380 308.7050 1283.0061 -1748.3208 310.3050 1289.1630 -1744.0380 308.7050 1283.0061 -1748.3208 308.7050 1288.7062 -1743.3813 309.5050 1295.7767 -1740.4119 309.5050 1294.8631 -1739.0984 309.5050 1288.7062 -1743.3813 309.5050 1289.6198 -1744.6947 309.5050 1295.7767 -1740.4119 309.5050 1289.1630 -1744.0380 310.3050 1295.3199 -1739.7552 310.3050 1295.3199 -1739.7552 308.7050 1289.1630 -1744.0380 310.3050 1295.3199 -1739.7552 308.7050 1289.1630 -1744.0380 308.7050 1417.3200 -1941.3853 338.2130 1424.4340 -1938.5215 338.2130 1423.5400 -1937.1945 338.2130 1417.3200 -1941.3853 338.2130 1418.2141 -1942.7122 338.2130 1424.4340 -1938.5215 338.2130 1417.7671 -1942.0487 339.0130 1423.9870 -1937.8580 339.0130 1423.9870 -1937.8580 337.4130 1417.7671 -1942.0487 339.0130 1423.9870 -1937.8580 337.4130 1417.7671 -1942.0487 337.4130 1423.5400 -1937.1945 338.2130 1430.6540 -1934.3307 338.2130 1429.7599 -1933.0038 338.2130 1423.5400 -1937.1945 338.2130 1424.4340 -1938.5215 338.2130 1430.6540 -1934.3307 338.2130 1423.9870 -1937.8580 339.0130 1430.2069 -1933.6673 339.0130 1430.2069 -1933.6673 337.4130 1423.9870 -1937.8580 339.0130 1430.2069 -1933.6673 337.4130 1423.9870 -1937.8580 337.4130 1545.8775 -2132.1624 365.2600 1553.0436 -2129.4317 365.2600 1552.1744 -2128.0883 365.2600 1545.8775 -2132.1624 365.2600 1546.7466 -2133.5057 365.2600 1553.0436 -2129.4317 365.2600 1546.3120 -2132.8341 366.0600 1552.6090 -2128.7600 366.0600 1552.6090 -2128.7600 364.4600 1546.3120 -2132.8341 366.0600 1552.6090 -2128.7600 364.4600 1546.3120 -2132.8341 364.4600 1552.1744 -2128.0883 365.2600 1559.3405 -2125.3576 365.2600 1558.4714 -2124.0143 365.2600 1552.1744 -2128.0883 365.2600 1553.0436 -2129.4317 365.2600 1559.3405 -2125.3576 365.2600 1552.6090 -2128.7600 366.0600 1558.9060 -2124.6859 366.0600 1558.9060 -2124.6859 364.4600 1552.6090 -2128.7600 366.0600 1558.9060 -2124.6859 364.4600 1552.6090 -2128.7600 364.4600 1666.1090 -2317.9564 390.4060 1673.3376 -2315.3958 390.4060 1672.5004 -2314.0322 390.4060 1666.1090 -2317.9564 390.4060 1666.9461 -2319.3200 390.4060 1673.3376 -2315.3958 390.4060 1666.5275 -2318.6382 391.2060 1672.9190 -2314.7140 391.2060 1672.9190 -2314.7140 389.6060 1666.5275 -2318.6382 391.2060 1672.9190 -2314.7140 389.6060 1666.5275 -2318.6382 389.6060 1672.5004 -2314.0322 390.4060 1679.7290 -2311.4716 390.4060 1678.8919 -2310.1080 390.4060 1672.5004 -2314.0322 390.4060 1673.3376 -2315.3958 390.4060 1679.7290 -2311.4716 390.4060 1672.9190 -2314.7140 391.2060 1679.3105 -2310.7898 391.2060 1679.3105 -2310.7898 389.6060 1672.9190 -2314.7140 391.2060 1679.3105 -2310.7898 389.6060 1672.9190 -2314.7140 389.6060 1775.9004 -2496.7236 413.4560 1783.2036 -2494.3842 413.4560 1782.4084 -2492.9958 413.4560 1775.9004 -2496.7236 413.4560 1776.6956 -2498.1119 413.4560 1783.2036 -2494.3842 413.4560 1776.2980 -2497.4177 414.2560 1782.8060 -2493.6900 414.2560 1782.8060 -2493.6900 412.6560 1776.2980 -2497.4177 414.2560 1782.8060 -2493.6900 412.6560 1776.2980 -2497.4177 412.6560 1782.4084 -2492.9958 413.4560 1789.7116 -2490.6564 413.4560 1788.9164 -2489.2681 413.4560 1782.4084 -2492.9958 413.4560 1783.2036 -2494.3842 413.4560 1789.7116 -2490.6564 413.4560 1782.8060 -2493.6900 414.2560 1789.3140 -2489.9623 414.2560 1789.3140 -2489.9623 412.6560 1782.8060 -2493.6900 414.2560 1789.3140 -2489.9623 412.6560 1782.8060 -2493.6900 412.6560 1873.1408 -2666.4109 434.2550 1880.5323 -2664.3676 434.2550 1879.7937 -2662.9484 434.2550 1873.1408 -2666.4109 434.2550 1873.8795 -2667.8302 434.2550 1880.5323 -2664.3676 434.2550 1873.5101 -2667.1205 435.0550 1880.1630 -2663.6580 435.0550 1880.1630 -2663.6580 433.4550 1873.5101 -2667.1205 435.0550 1880.1630 -2663.6580 433.4550 1873.5101 -2667.1205 433.4550 1879.7937 -2662.9484 434.2550 1887.1852 -2660.9051 434.2550 1886.4465 -2659.4858 434.2550 1879.7937 -2662.9484 434.2550 1880.5323 -2664.3676 434.2550 1887.1852 -2660.9051 434.2550 1880.1630 -2663.6580 435.0550 1886.8159 -2660.1955 435.0550 1886.8159 -2660.1955 433.4550 1880.1630 -2663.6580 435.0550 1886.8159 -2660.1955 433.4550 1880.1630 -2663.6580 433.4550 1955.7157 -2824.9496 452.6910 1963.2087 -2823.3169 452.6910 1962.5493 -2821.8591 452.6910 1955.7157 -2824.9496 452.6910 1956.3750 -2826.4074 452.6910 1963.2087 -2823.3169 452.6910 1956.0453 -2825.6785 453.4910 1962.8790 -2822.5880 453.4910 1962.8790 -2822.5880 451.8910 1956.0453 -2825.6785 453.4910 1962.8790 -2822.5880 451.8910 1956.0453 -2825.6785 451.8910 1962.5493 -2821.8591 452.6910 1970.0423 -2820.2264 452.6910 1969.3830 -2818.7686 452.6910 1962.5493 -2821.8591 452.6910 1963.2087 -2823.3169 452.6910 1970.0423 -2820.2264 452.6910 1962.8790 -2822.5880 453.4910 1969.7127 -2819.4975 453.4910 1969.7127 -2819.4975 451.8910 1962.8790 -2822.5880 453.4910 1969.7127 -2819.4975 451.8910 1962.8790 -2822.5880 451.8910 2021.5178 -2970.2403 468.6860 2029.1161 -2969.2037 468.6860 2028.5739 -2967.6983 468.6860 2021.5178 -2970.2403 468.6860 2022.0600 -2971.7456 468.6860 2029.1161 -2969.2037 468.6860 2021.7889 -2970.9929 469.4860 2028.8450 -2968.4510 469.4860 2028.8450 -2968.4510 467.8860 2021.7889 -2970.9929 469.4860 2028.8450 -2968.4510 467.8860 2021.7889 -2970.9929 467.8860 2028.5739 -2967.6983 468.6860 2036.1722 -2966.6617 468.6860 2035.6300 -2965.1564 468.6860 2028.5739 -2967.6983 468.6860 2029.1161 -2969.2037 468.6860 2036.1722 -2966.6617 468.6860 2028.8450 -2968.4510 469.4860 2035.9011 -2965.9091 469.4860 2035.9011 -2965.9091 467.8860 2028.8450 -2968.4510 469.4860 2035.9011 -2965.9091 467.8860 2028.8450 -2968.4510 467.8860 2068.4437 -3099.9344 482.2090 2076.1122 -3099.9998 482.2090 2075.7918 -3098.4322 482.2090 2068.4437 -3099.9344 482.2090 2068.7642 -3101.5020 482.2090 2076.1122 -3099.9998 482.2090 2068.6040 -3100.7182 483.0090 2075.9520 -3099.2160 483.0090 2075.9520 -3099.2160 481.4090 2068.6040 -3100.7182 483.0090 2075.9520 -3099.2160 481.4090 2068.6040 -3100.7182 481.4090 2075.7918 -3098.4322 482.2090 2083.4603 -3098.4976 482.2090 2083.1398 -3096.9300 482.2090 2075.7918 -3098.4322 482.2090 2076.1122 -3099.9998 482.2090 2083.4603 -3098.4976 482.2090 2075.9520 -3099.2160 483.0090 2083.3000 -3097.7138 483.0090 2083.3000 -3097.7138 481.4090 2075.9520 -3099.2160 483.0090 2083.3000 -3097.7138 481.4090 2075.9520 -3099.2160 481.4090 2122.6817 -3363.3607 507.5670 2130.1351 -3365.1657 507.5670 2130.1789 -3363.5663 507.5670 2122.6817 -3363.3607 507.5670 2122.6379 -3364.9601 507.5670 2130.1351 -3365.1657 507.5670 2122.6598 -3364.1604 508.3670 2130.1570 -3364.3660 508.3670 2130.1570 -3364.3660 506.7670 2122.6598 -3364.1604 508.3670 2130.1570 -3364.3660 506.7670 2122.6598 -3364.1604 506.7670 2130.1789 -3363.5663 507.5670 2137.6323 -3365.3713 507.5670 2137.6761 -3363.7719 507.5670 2130.1789 -3363.5663 507.5670 2130.1351 -3365.1657 507.5670 2137.6323 -3365.3713 507.5670 2130.1570 -3364.3660 508.3670 2137.6542 -3364.5716 508.3670 2137.6542 -3364.5716 506.7670 2130.1570 -3364.3660 508.3670 2137.6542 -3364.5716 506.7670 2130.1570 -3364.3660 506.7670 2117.1231 -3582.7676 527.3540 2123.8623 -3586.4272 527.3540 2124.3157 -3584.8928 527.3540 2117.1231 -3582.7676 527.3540 2116.6697 -3584.3020 527.3540 2123.8623 -3586.4272 527.3540 2116.8964 -3583.5348 528.1540 2124.0890 -3585.6600 528.1540 2124.0890 -3585.6600 526.5540 2116.8964 -3583.5348 528.1540 2124.0890 -3585.6600 526.5540 2116.8964 -3583.5348 526.5540 2124.3157 -3584.8928 527.3540 2131.0549 -3588.5524 527.3540 2131.5083 -3587.0180 527.3540 2124.3157 -3584.8928 527.3540 2123.8623 -3586.4272 527.3540 2131.0549 -3588.5524 527.3540 2124.0890 -3585.6600 528.1540 2131.2816 -3587.7852 528.1540 2131.2816 -3587.7852 526.5540 2124.0890 -3585.6600 528.1540 2131.2816 -3587.7852 526.5540 2124.0890 -3585.6600 526.5540 2062.0179 -3770.5744 544.2700 2067.7651 -3775.6519 544.2700 2068.5509 -3774.2581 544.2700 2062.0179 -3770.5744 544.2700 2061.2321 -3771.9681 544.2700 2067.7651 -3775.6519 544.2700 2061.6250 -3771.2713 545.0700 2068.1580 -3774.9550 545.0700 2068.1580 -3774.9550 543.4700 2061.6250 -3771.2713 545.0700 2068.1580 -3774.9550 543.4700 2061.6250 -3771.2713 543.4700 2068.5509 -3774.2581 544.2700 2074.2981 -3779.3356 544.2700 2075.0839 -3777.9419 544.2700 2068.5509 -3774.2581 544.2700 2067.7651 -3775.6519 544.2700 2074.2981 -3779.3356 544.2700 2068.1580 -3774.9550 545.0700 2074.6910 -3778.6387 545.0700 2074.6910 -3778.6387 543.4700 2068.1580 -3774.9550 545.0700 2074.6910 -3778.6387 543.4700 2068.1580 -3774.9550 543.4700 1967.3347 -3938.8889 560.2460 1972.2886 -3944.7428 560.2460 1973.2674 -3943.4772 560.2460 1967.3347 -3938.8889 560.2460 1966.3558 -3940.1545 560.2460 1972.2886 -3944.7428 560.2460 1966.8453 -3939.5217 561.0460 1972.7780 -3944.1100 561.0460 1972.7780 -3944.1100 559.4460 1966.8453 -3939.5217 561.0460 1972.7780 -3944.1100 559.4460 1966.8453 -3939.5217 559.4460 1973.2674 -3943.4772 560.2460 1978.2213 -3949.3311 560.2460 1979.2002 -3948.0655 560.2460 1973.2674 -3943.4772 560.2460 1972.2886 -3944.7428 560.2460 1978.2213 -3949.3311 560.2460 1972.7780 -3944.1100 561.0460 1978.7107 -3948.6983 561.0460 1978.7107 -3948.6983 559.4460 1972.7780 -3944.1100 561.0460 1978.7107 -3948.6983 559.4460 1972.7780 -3944.1100 559.4460 1843.2262 -4099.4582 576.2680 1847.8350 -4105.5876 576.2680 1848.8850 -4104.3804 576.2680 1843.2262 -4099.4582 576.2680 1842.1761 -4100.6655 576.2680 1847.8350 -4105.5876 576.2680 1842.7012 -4100.0619 577.0680 1848.3600 -4104.9840 577.0680 1848.3600 -4104.9840 575.4680 1842.7012 -4100.0619 577.0680 1848.3600 -4104.9840 575.4680 1842.7012 -4100.0619 575.4680 1848.8850 -4104.3804 576.2680 1853.4938 -4110.5098 576.2680 1854.5439 -4109.3025 576.2680 1848.8850 -4104.3804 576.2680 1847.8350 -4105.5876 576.2680 1853.4938 -4110.5098 576.2680 1848.3600 -4104.9840 577.0680 1854.0188 -4109.9061 577.0680 1854.0188 -4109.9061 575.4680 1848.3600 -4104.9840 577.0680 1854.0188 -4109.9061 575.4680 1848.3600 -4104.9840 575.4680 1700.0924 -4263.9959 592.6320 1704.8031 -4270.0473 592.6320 1705.8329 -4268.8227 592.6320 1700.0924 -4263.9959 592.6320 1699.0627 -4265.2206 592.6320 1704.8031 -4270.0473 592.6320 1699.5776 -4264.6083 593.4320 1705.3180 -4269.4350 593.4320 1705.3180 -4269.4350 591.8320 1699.5776 -4264.6083 593.4320 1705.3180 -4269.4350 591.8320 1699.5776 -4264.6083 591.8320 1705.8329 -4268.8227 592.6320 1710.5436 -4274.8741 592.6320 1711.5733 -4273.6494 592.6320 1705.8329 -4268.8227 592.6320 1704.8031 -4270.0473 592.6320 1710.5436 -4274.8741 592.6320 1705.3180 -4269.4350 593.4320 1711.0584 -4274.2617 593.4320 1711.0584 -4274.2617 591.8320 1705.3180 -4269.4350 593.4320 1711.0584 -4274.2617 591.8320 1705.3180 -4269.4350 591.8320 1548.4431 -4444.2916 609.3440 1553.5968 -4449.9704 609.3440 1554.5312 -4448.6716 609.3440 1548.4431 -4444.2916 609.3440 1547.5087 -4445.5904 609.3440 1553.5968 -4449.9704 609.3440 1547.9759 -4444.9410 610.1440 1554.0640 -4449.3210 610.1440 1554.0640 -4449.3210 608.5440 1547.9759 -4444.9410 610.1440 1554.0640 -4449.3210 608.5440 1547.9759 -4444.9410 608.5440 1554.5312 -4448.6716 609.3440 1559.6849 -4454.3504 609.3440 1560.6193 -4453.0516 609.3440 1554.5312 -4448.6716 609.3440 1553.5968 -4449.9704 609.3440 1559.6849 -4454.3504 609.3440 1554.0640 -4449.3210 610.1440 1560.1521 -4453.7010 610.1440 1560.1521 -4453.7010 608.5440 1554.0640 -4449.3210 610.1440 1560.1521 -4453.7010 608.5440 1554.0640 -4449.3210 608.5440 1399.2768 -4651.6020 626.3940 1404.5576 -4657.1628 626.3940 1405.4624 -4655.8432 626.3940 1399.2768 -4651.6020 626.3940 1398.3720 -4652.9216 626.3940 1404.5576 -4657.1628 626.3940 1398.8244 -4652.2618 627.1940 1405.0100 -4656.5030 627.1940 1405.0100 -4656.5030 625.5940 1398.8244 -4652.2618 627.1940 1405.0100 -4656.5030 625.5940 1398.8244 -4652.2618 625.5940 1405.4624 -4655.8432 626.3940 1410.7432 -4661.4040 626.3940 1411.6480 -4660.0844 626.3940 1405.4624 -4655.8432 626.3940 1404.5576 -4657.1628 626.3940 1410.7432 -4661.4040 626.3940 1405.0100 -4656.5030 627.1940 1411.1956 -4660.7442 627.1940 1411.1956 -4660.7442 625.5940 1405.0100 -4656.5030 627.1940 1411.1956 -4660.7442 625.5940 1405.0100 -4656.5030 625.5940 1305.7793 -4788.0538 636.8570 1310.7684 -4793.8778 636.8570 1311.7396 -4792.6062 636.8570 1305.7793 -4788.0538 636.8570 1304.8081 -4789.3253 636.8570 1310.7684 -4793.8778 636.8570 1305.2937 -4788.6895 637.6570 1311.2540 -4793.2420 637.6570 1311.2540 -4793.2420 636.0570 1305.2937 -4788.6895 637.6570 1311.2540 -4793.2420 636.0570 1305.2937 -4788.6895 636.0570 1311.7396 -4792.6062 636.8570 1316.7287 -4798.4302 636.8570 1317.6999 -4797.1587 636.8570 1311.7396 -4792.6062 636.8570 1310.7684 -4793.8778 636.8570 1316.7287 -4798.4302 636.8570 1311.2540 -4793.2420 637.6570 1317.2143 -4797.7945 637.6570 1317.2143 -4797.7945 636.0570 1311.2540 -4793.2420 637.6570 1317.2143 -4797.7945 636.0570 1311.2540 -4793.2420 636.0570 1203.2023 -4922.4127 647.0450 1207.9599 -4928.4273 647.0450 1208.9801 -4927.1947 647.0450 1203.2023 -4922.4127 647.0450 1202.1821 -4923.6453 647.0450 1207.9599 -4928.4273 647.0450 1202.6922 -4923.0290 647.8450 1208.4700 -4927.8110 647.8450 1208.4700 -4927.8110 646.2450 1202.6922 -4923.0290 647.8450 1208.4700 -4927.8110 646.2450 1202.6922 -4923.0290 646.2450 1208.9801 -4927.1947 647.0450 1213.7377 -4933.2093 647.0450 1214.7579 -4931.9767 647.0450 1208.9801 -4927.1947 647.0450 1207.9599 -4928.4273 647.0450 1213.7377 -4933.2093 647.0450 1208.4700 -4927.8110 647.8450 1214.2478 -4932.5930 647.8450 1214.2478 -4932.5930 646.2450 1208.4700 -4927.8110 647.8450 1214.2478 -4932.5930 646.2450 1208.4700 -4927.8110 646.2450 1092.5269 -5056.1747 656.9800 1097.1183 -5062.3171 656.9800 1098.1717 -5061.1129 656.9800 1092.5269 -5056.1747 656.9800 1091.4734 -5057.3789 656.9800 1097.1183 -5062.3171 656.9800 1092.0002 -5056.7768 657.7800 1097.6450 -5061.7150 657.7800 1097.6450 -5061.7150 656.1800 1092.0002 -5056.7768 657.7800 1097.6450 -5061.7150 656.1800 1092.0002 -5056.7768 656.1800 1098.1717 -5061.1129 656.9800 1102.7631 -5067.2553 656.9800 1103.8166 -5066.0511 656.9800 1098.1717 -5061.1129 656.9800 1097.1183 -5062.3171 656.9800 1102.7631 -5067.2553 656.9800 1097.6450 -5061.7150 657.7800 1103.2898 -5066.6532 657.7800 1103.2898 -5066.6532 656.1800 1097.6450 -5061.7150 657.7800 1103.2898 -5066.6532 656.1800 1097.6450 -5061.7150 656.1800 974.7381 -5190.8398 666.6580 979.2285 -5197.0564 666.6580 980.3015 -5195.8696 666.6580 974.7381 -5190.8398 666.6580 973.6651 -5192.0266 666.6580 979.2285 -5197.0564 666.6580 974.2016 -5191.4332 667.4580 979.7650 -5196.4630 667.4580 979.7650 -5196.4630 665.8580 974.2016 -5191.4332 667.4580 979.7650 -5196.4630 665.8580 974.2016 -5191.4332 665.8580 980.3015 -5195.8696 666.6580 984.7919 -5202.0862 666.6580 985.8649 -5200.8994 666.6580 980.3015 -5195.8696 666.6580 979.2285 -5197.0564 666.6580 984.7919 -5202.0862 666.6580 979.7650 -5196.4630 667.4580 985.3284 -5201.4928 667.4580 985.3284 -5201.4928 665.8580 979.7650 -5196.4630 667.4580 985.3284 -5201.4928 665.8580 979.7650 -5196.4630 665.8580 850.8260 -5327.9048 676.0590 855.2778 -5334.1491 676.0590 856.3582 -5332.9689 676.0590 850.8260 -5327.9048 676.0590 849.7457 -5329.0850 676.0590 855.2778 -5334.1491 676.0590 850.2859 -5328.4949 676.8590 855.8180 -5333.5590 676.8590 855.8180 -5333.5590 675.2590 850.2859 -5328.4949 676.8590 855.8180 -5333.5590 675.2590 850.2859 -5328.4949 675.2590 856.3582 -5332.9689 676.0590 860.8100 -5339.2132 676.0590 861.8903 -5338.0330 676.0590 856.3582 -5332.9689 676.0590 855.2778 -5334.1491 676.0590 860.8100 -5339.2132 676.0590 855.8180 -5333.5590 676.8590 861.3501 -5338.6231 676.8590 861.3501 -5338.6231 675.2590 855.8180 -5333.5590 676.8590 861.3501 -5338.6231 675.2590 855.8180 -5333.5590 675.2590 721.7799 -5468.8730 685.1490 726.2506 -5475.1037 685.1490 727.3274 -5473.9203 685.1490 721.7799 -5468.8730 685.1490 720.7031 -5470.0565 685.1490 726.2506 -5475.1037 685.1490 721.2415 -5469.4647 685.9490 726.7890 -5474.5120 685.9490 726.7890 -5474.5120 684.3490 721.2415 -5469.4647 685.9490 726.7890 -5474.5120 684.3490 721.2415 -5469.4647 684.3490 727.3274 -5473.9203 685.1490 731.7981 -5480.1510 685.1490 732.8749 -5478.9675 685.1490 727.3274 -5473.9203 685.1490 726.2506 -5475.1037 685.1490 731.7981 -5480.1510 685.1490 726.7890 -5474.5120 685.9490 732.3365 -5479.5593 685.9490 732.3365 -5479.5593 684.3490 726.7890 -5474.5120 685.9490 732.3365 -5479.5593 684.3490 726.7890 -5474.5120 684.3490 588.5943 -5615.2461 693.8830 593.1354 -5621.4258 693.8830 594.1986 -5620.2302 693.8830 588.5943 -5615.2461 693.8830 587.5310 -5616.4417 693.8830 593.1354 -5621.4258 693.8830 588.0626 -5615.8439 694.6830 593.6670 -5620.8280 694.6830 593.6670 -5620.8280 693.0830 588.0626 -5615.8439 694.6830 593.6670 -5620.8280 693.0830 588.0626 -5615.8439 693.0830 594.1986 -5620.2302 693.8830 598.7397 -5626.4099 693.8830 599.8030 -5625.2143 693.8830 594.1986 -5620.2302 693.8830 593.1354 -5621.4258 693.8830 598.7397 -5626.4099 693.8830 593.6670 -5620.8280 694.6830 599.2714 -5625.8121 694.6830 599.2714 -5625.8121 693.0830 593.6670 -5620.8280 694.6830 599.2714 -5625.8121 693.0830 593.6670 -5620.8280 693.0830 452.2606 -5768.5271 702.2090 456.9167 -5774.6206 702.2090 457.9573 -5773.4054 702.2090 452.2606 -5768.5271 702.2090 451.2199 -5769.7424 702.2090 456.9167 -5774.6206 702.2090 451.7403 -5769.1347 703.0090 457.4370 -5774.0130 703.0090 457.4370 -5774.0130 701.4090 451.7403 -5769.1347 703.0090 457.4370 -5774.0130 701.4090 451.7403 -5769.1347 701.4090 457.9573 -5773.4054 702.2090 462.6134 -5779.4989 702.2090 463.6541 -5778.2836 702.2090 457.9573 -5773.4054 702.2090 456.9167 -5774.6206 702.2090 462.6134 -5779.4989 702.2090 457.4370 -5774.0130 703.0090 463.1337 -5778.8913 703.0090 463.1337 -5778.8913 701.4090 457.4370 -5774.0130 703.0090 463.1337 -5778.8913 701.4090 457.4370 -5774.0130 701.4090 313.7741 -5930.2202 710.0690 318.5821 -5936.1946 710.0690 319.5919 -5934.9534 710.0690 313.7741 -5930.2202 710.0690 312.7644 -5931.4613 710.0690 318.5821 -5936.1946 710.0690 313.2692 -5930.8407 710.8690 319.0870 -5935.5740 710.8690 319.0870 -5935.5740 709.2690 313.2692 -5930.8407 710.8690 319.0870 -5935.5740 709.2690 313.2692 -5930.8407 709.2690 319.5919 -5934.9534 710.0690 324.3999 -5940.9278 710.0690 325.4096 -5939.6867 710.0690 319.5919 -5934.9534 710.0690 318.5821 -5936.1946 710.0690 324.3999 -5940.9278 710.0690 319.0870 -5935.5740 710.8690 324.9048 -5940.3073 710.8690 324.9048 -5940.3073 709.2690 319.0870 -5935.5740 710.8690 324.9048 -5940.3073 709.2690 319.0870 -5935.5740 709.2690 174.1270 -6101.8301 717.3950 179.1164 -6107.6538 717.3950 180.0876 -6106.3822 717.3950 174.1270 -6101.8301 717.3950 173.1559 -6103.1017 717.3950 179.1164 -6107.6538 717.3950 173.6414 -6102.4659 718.1950 179.6020 -6107.0180 718.1950 179.6020 -6107.0180 716.5950 173.6414 -6102.4659 718.1950 179.6020 -6107.0180 716.5950 173.6414 -6102.4659 716.5950 180.0876 -6106.3822 717.3950 185.0770 -6112.2059 717.3950 186.0481 -6110.9343 717.3950 180.0876 -6106.3822 717.3950 179.1164 -6107.6538 717.3950 185.0770 -6112.2059 717.3950 179.6020 -6107.0180 718.1950 185.5626 -6111.5701 718.1950 185.5626 -6111.5701 716.5950 179.6020 -6107.0180 718.1950 185.5626 -6111.5701 716.5950 179.6020 -6107.0180 716.5950 34.3158 -6284.8612 724.1090 39.5083 -6290.5046 724.1090 40.4337 -6289.1994 724.1090 34.3158 -6284.8612 724.1090 33.3903 -6286.1664 724.1090 39.5083 -6290.5046 724.1090 33.8530 -6285.5138 724.9090 39.9710 -6289.8520 724.9090 39.9710 -6289.8520 723.3090 33.8530 -6285.5138 724.9090 39.9710 -6289.8520 723.3090 33.8530 -6285.5138 723.3090 40.4337 -6289.1994 724.1090 45.6262 -6294.8428 724.1090 46.5517 -6293.5376 724.1090 40.4337 -6289.1994 724.1090 39.5083 -6290.5046 724.1090 45.6262 -6294.8428 724.1090 39.9710 -6289.8520 724.9090 46.0890 -6294.1902 724.9090 46.0890 -6294.1902 723.3090 39.9710 -6289.8520 724.9090 46.0890 -6294.1902 723.3090 39.9710 -6289.8520 723.3090 -104.6663 -6480.8164 730.1230 -99.2568 -6486.2522 730.1230 -98.3832 -6484.9118 730.1230 -104.6663 -6480.8164 730.1230 -105.5400 -6482.1568 730.1230 -99.2568 -6486.2522 730.1230 -105.1031 -6481.4866 730.9230 -98.8200 -6485.5820 730.9230 -98.8200 -6485.5820 729.3230 -105.1031 -6481.4866 730.9230 -98.8200 -6485.5820 729.3230 -105.1031 -6481.4866 729.3230 -98.3832 -6484.9118 730.1230 -92.9737 -6490.3476 730.1230 -92.1000 -6489.0072 730.1230 -98.3832 -6484.9118 730.1230 -99.2568 -6486.2522 730.1230 -92.9737 -6490.3476 730.1230 -98.8200 -6485.5820 730.9230 -92.5369 -6489.6774 730.9230 -92.5369 -6489.6774 729.3230 -98.8200 -6485.5820 730.9230 -92.5369 -6489.6774 729.3230 -98.8200 -6485.5820 729.3230 -241.8579 -6691.2418 735.3290 -236.1885 -6696.4058 735.3290 -235.3815 -6695.0242 735.3290 -241.8579 -6691.2418 735.3290 -242.6648 -6692.6234 735.3290 -236.1885 -6696.4058 735.3290 -242.2614 -6691.9326 736.1290 -235.7850 -6695.7150 736.1290 -235.7850 -6695.7150 734.5290 -242.2614 -6691.9326 736.1290 -235.7850 -6695.7150 734.5290 -242.2614 -6691.9326 734.5290 -235.3815 -6695.0242 735.3290 -229.7121 -6700.1882 735.3290 -228.9052 -6698.8066 735.3290 -235.3815 -6695.0242 735.3290 -236.1885 -6696.4058 735.3290 -229.7121 -6700.1882 735.3290 -235.7850 -6695.7150 736.1290 -229.3086 -6699.4974 736.1290 -229.3086 -6699.4974 734.5290 -235.7850 -6695.7150 736.1290 -229.3086 -6699.4974 734.5290 -235.7850 -6695.7150 734.5290 -327.3629 -6837.5869 738.2150 -321.4424 -6842.4611 738.2150 -320.7056 -6841.0409 738.2150 -327.3629 -6837.5869 738.2150 -328.0998 -6839.0072 738.2150 -321.4424 -6842.4611 738.2150 -327.7313 -6838.2971 739.0150 -321.0740 -6841.7510 739.0150 -321.0740 -6841.7510 737.4150 -327.7313 -6838.2971 739.0150 -321.0740 -6841.7510 737.4150 -327.7313 -6838.2971 737.4150 -320.7056 -6841.0409 738.2150 -314.7851 -6845.9151 738.2150 -314.0482 -6844.4948 738.2150 -320.7056 -6841.0409 738.2150 -321.4424 -6842.4611 738.2150 -314.7851 -6845.9151 738.2150 -321.0740 -6841.7510 739.0150 -314.4167 -6845.2049 739.0150 -314.4167 -6845.2049 737.4150 -321.0740 -6841.7510 739.0150 -314.4167 -6845.2049 737.4150 -321.0740 -6841.7510 737.4150 -407.6321 -6992.2458 740.6610 -401.5206 -6996.8783 740.6610 -400.8414 -6995.4297 740.6610 -407.6321 -6992.2458 740.6610 -408.3113 -6993.6945 740.6610 -401.5206 -6996.8783 740.6610 -407.9717 -6992.9702 741.4610 -401.1810 -6996.1540 741.4610 -401.1810 -6996.1540 739.8610 -407.9717 -6992.9702 741.4610 -401.1810 -6996.1540 739.8610 -407.9717 -6992.9702 739.8610 -400.8414 -6995.4297 740.6610 -394.7299 -7000.0622 740.6610 -394.0507 -6998.6135 740.6610 -400.8414 -6995.4297 740.6610 -401.5206 -6996.8783 740.6610 -394.7299 -7000.0622 740.6610 -401.1810 -6996.1540 741.4610 -394.3903 -6999.3378 741.4610 -394.3903 -6999.3378 739.8610 -401.1810 -6996.1540 741.4610 -394.3903 -6999.3378 739.8610 -401.1810 -6996.1540 739.8610 -483.7017 -7154.4418 742.6220 -477.4489 -7158.8816 742.6220 -476.8151 -7157.4124 742.6220 -483.7017 -7154.4418 742.6220 -484.3355 -7155.9110 742.6220 -477.4489 -7158.8816 742.6220 -484.0186 -7155.1764 743.4220 -477.1320 -7158.1470 743.4220 -477.1320 -7158.1470 741.8220 -484.0186 -7155.1764 743.4220 -477.1320 -7158.1470 741.8220 -484.0186 -7155.1764 741.8220 -476.8151 -7157.4124 742.6220 -470.5623 -7161.8522 742.6220 -469.9285 -7160.3830 742.6220 -476.8151 -7157.4124 742.6220 -477.4489 -7158.8816 742.6220 -470.5623 -7161.8522 742.6220 -477.1320 -7158.1470 743.4220 -470.2454 -7161.1176 743.4220 -470.2454 -7161.1176 741.8220 -477.1320 -7158.1470 743.4220 -470.2454 -7161.1176 741.8220 -477.1320 -7158.1470 741.8220 -556.6011 -7323.3986 744.0520 -550.2479 -7327.6937 744.0520 -549.6481 -7326.2103 744.0520 -556.6011 -7323.3986 744.0520 -557.2009 -7324.8819 744.0520 -550.2479 -7327.6937 744.0520 -556.9010 -7324.1402 744.8520 -549.9480 -7326.9520 744.8520 -549.9480 -7326.9520 743.2520 -556.9010 -7324.1402 744.8520 -549.9480 -7326.9520 743.2520 -556.9010 -7324.1402 743.2520 -549.6481 -7326.2103 744.0520 -543.2949 -7330.5054 744.0520 -542.6951 -7329.0221 744.0520 -549.6481 -7326.2103 744.0520 -550.2479 -7327.6937 744.0520 -543.2949 -7330.5054 744.0520 -549.9480 -7326.9520 744.8520 -542.9950 -7329.7638 744.8520 -542.9950 -7329.7638 743.2520 -549.9480 -7326.9520 744.8520 -542.9950 -7329.7638 743.2520 -549.9480 -7326.9520 743.2520 -627.3601 -7498.3427 744.9020 -620.9414 -7502.5392 744.9020 -620.3646 -7501.0468 744.9020 -627.3601 -7498.3427 744.9020 -627.9370 -7499.8350 744.9020 -620.9414 -7502.5392 744.9020 -627.6485 -7499.0888 745.7020 -620.6530 -7501.7930 745.7020 -620.6530 -7501.7930 744.1020 -627.6485 -7499.0888 745.7020 -620.6530 -7501.7930 744.1020 -627.6485 -7499.0888 744.1020 -620.3646 -7501.0468 744.9020 -613.9459 -7505.2433 744.9020 -613.3690 -7503.7510 744.9020 -620.3646 -7501.0468 744.9020 -620.9414 -7502.5392 744.9020 -613.9459 -7505.2433 744.9020 -620.6530 -7501.7930 745.7020 -613.6575 -7504.4972 745.7020 -613.6575 -7504.4972 744.1020 -620.6530 -7501.7930 745.7020 -613.6575 -7504.4972 744.1020 -620.6530 -7501.7930 744.1020 -697.0072 -7678.4987 745.1260 -690.5531 -7682.6406 745.1260 -689.9889 -7681.1434 745.1260 -697.0072 -7678.4987 745.1260 -697.5713 -7679.9960 745.1260 -690.5531 -7682.6406 745.1260 -697.2893 -7679.2474 745.9260 -690.2710 -7681.8920 745.9260 -690.2710 -7681.8920 744.3260 -697.2893 -7679.2474 745.9260 -690.2710 -7681.8920 744.3260 -697.2893 -7679.2474 744.3260 -689.9889 -7681.1434 745.1260 -683.5348 -7685.2853 745.1260 -682.9707 -7683.7880 745.1260 -689.9889 -7681.1434 745.1260 -690.5531 -7682.6406 745.1260 -683.5348 -7685.2853 745.1260 -690.2710 -7681.8920 745.9260 -683.2527 -7684.5366 745.9260 -683.2527 -7684.5366 744.3260 -690.2710 -7681.8920 745.9260 -683.2527 -7684.5366 744.3260 -690.2710 -7681.8920 744.3260 -766.5681 -7863.0925 744.6790 -760.1056 -7867.2212 744.6790 -759.5444 -7865.7228 744.6790 -766.5681 -7863.0925 744.6790 -767.1292 -7864.5909 744.6790 -760.1056 -7867.2212 744.6790 -766.8486 -7863.8417 745.4790 -759.8250 -7866.4720 745.4790 -759.8250 -7866.4720 743.8790 -766.8486 -7863.8417 745.4790 -759.8250 -7866.4720 743.8790 -766.8486 -7863.8417 743.8790 -759.5444 -7865.7228 744.6790 -753.0819 -7869.8515 744.6790 -752.5208 -7868.3531 744.6790 -759.5444 -7865.7228 744.6790 -760.1056 -7867.2212 744.6790 -753.0819 -7869.8515 744.6790 -759.8250 -7866.4720 745.4790 -752.8014 -7869.1023 745.4790 -752.8014 -7869.1023 743.8790 -759.8250 -7866.4720 745.4790 -752.8014 -7869.1023 743.8790 -759.8250 -7866.4720 743.8790 -837.0663 -8051.3501 743.5200 -830.6206 -8055.5050 743.5200 -830.0534 -8054.0090 743.5200 -837.0663 -8051.3501 743.5200 -837.6335 -8052.8462 743.5200 -830.6206 -8055.5050 743.5200 -837.3499 -8052.0981 744.3200 -830.3370 -8054.7570 744.3200 -830.3370 -8054.7570 742.7200 -837.3499 -8052.0981 744.3200 -830.3370 -8054.7570 742.7200 -837.3499 -8052.0981 742.7200 -830.0534 -8054.0090 743.5200 -823.6077 -8058.1639 743.5200 -823.0405 -8056.6678 743.5200 -830.0534 -8054.0090 743.5200 -830.6206 -8055.5050 743.5200 -823.6077 -8058.1639 743.5200 -830.3370 -8054.7570 744.3200 -823.3241 -8057.4159 744.3200 -823.3241 -8057.4159 742.7200 -830.3370 -8054.7570 744.3200 -823.3241 -8057.4159 742.7200 -830.3370 -8054.7570 742.7200 -909.5283 -8242.4959 741.6140 -903.1240 -8246.7142 741.6140 -902.5420 -8245.2238 741.6140 -909.5283 -8242.4959 741.6140 -910.1103 -8243.9863 741.6140 -903.1240 -8246.7142 741.6140 -909.8193 -8243.2411 742.4140 -902.8330 -8245.9690 742.4140 -902.8330 -8245.9690 740.8140 -909.8193 -8243.2411 742.4140 -902.8330 -8245.9690 740.8140 -909.8193 -8243.2411 740.8140 -902.5420 -8245.2238 741.6140 -896.1377 -8249.4421 741.6140 -895.5557 -8247.9517 741.6140 -902.5420 -8245.2238 741.6140 -903.1240 -8246.7142 741.6140 -896.1377 -8249.4421 741.6140 -902.8330 -8245.9690 742.4140 -895.8467 -8248.6969 742.4140 -895.8467 -8248.6969 740.8140 -902.8330 -8245.9690 742.4140 -895.8467 -8248.6969 740.8140 -902.8330 -8245.9690 740.8140 -984.9748 -8435.7548 738.9280 -978.6365 -8440.0716 738.9280 -978.0315 -8438.5904 738.9280 -984.9748 -8435.7548 738.9280 -985.5798 -8437.2360 738.9280 -978.6365 -8440.0716 738.9280 -985.2773 -8436.4954 739.7280 -978.3340 -8439.3310 739.7280 -978.3340 -8439.3310 738.1280 -985.2773 -8436.4954 739.7280 -978.3340 -8439.3310 738.1280 -985.2773 -8436.4954 738.1280 -978.0315 -8438.5904 738.9280 -971.6932 -8442.9072 738.9280 -971.0882 -8441.4260 738.9280 -978.0315 -8438.5904 738.9280 -978.6365 -8440.0716 738.9280 -971.6932 -8442.9072 738.9280 -978.3340 -8439.3310 739.7280 -971.3907 -8442.1666 739.7280 -971.3907 -8442.1666 738.1280 -978.3340 -8439.3310 739.7280 -971.3907 -8442.1666 738.1280 -978.3340 -8439.3310 738.1280 -1064.4275 -8630.3526 735.4350 -1058.1809 -8634.8011 735.4350 -1057.5451 -8633.3329 735.4350 -1064.4275 -8630.3526 735.4350 -1065.0633 -8631.8209 735.4350 -1058.1809 -8634.8011 735.4350 -1064.7454 -8631.0867 736.2350 -1057.8630 -8634.0670 736.2350 -1057.8630 -8634.0670 734.6350 -1064.7454 -8631.0867 736.2350 -1057.8630 -8634.0670 734.6350 -1064.7454 -8631.0867 734.6350 -1057.5451 -8633.3329 735.4350 -1051.2985 -8637.7814 735.4350 -1050.6627 -8636.3131 735.4350 -1057.5451 -8633.3329 735.4350 -1058.1809 -8634.8011 735.4350 -1051.2985 -8637.7814 735.4350 -1057.8630 -8634.0670 736.2350 -1050.9806 -8637.0473 736.2350 -1050.9806 -8637.0473 734.6350 -1057.8630 -8634.0670 736.2350 -1050.9806 -8637.0473 734.6350 -1057.8630 -8634.0670 734.6350 -1148.9108 -8825.5127 731.1100 -1142.7830 -8830.1235 731.1100 -1142.1090 -8828.6725 731.1100 -1148.9108 -8825.5127 731.1100 -1149.5849 -8826.9637 731.1100 -1142.7830 -8830.1235 731.1100 -1149.2479 -8826.2382 731.9100 -1142.4460 -8829.3980 731.9100 -1142.4460 -8829.3980 730.3100 -1149.2479 -8826.2382 731.9100 -1142.4460 -8829.3980 730.3100 -1149.2479 -8826.2382 730.3100 -1142.1090 -8828.6725 731.1100 -1135.9812 -8833.2833 731.1100 -1135.3071 -8831.8323 731.1100 -1142.1090 -8828.6725 731.1100 -1142.7830 -8830.1235 731.1100 -1135.9812 -8833.2833 731.1100 -1142.4460 -8829.3980 731.9100 -1135.6441 -8832.5578 731.9100 -1135.6441 -8832.5578 730.3100 -1142.4460 -8829.3980 731.9100 -1135.6441 -8832.5578 730.3100 -1142.4460 -8829.3980 730.3100 -1239.4423 -9020.4611 725.9290 -1233.4627 -9025.2626 725.9290 -1232.7433 -9023.8334 725.9290 -1239.4423 -9020.4611 725.9290 -1240.1618 -9021.8902 725.9290 -1233.4627 -9025.2626 725.9290 -1239.8021 -9021.1757 726.7290 -1233.1030 -9024.5480 726.7290 -1233.1030 -9024.5480 725.1290 -1239.8021 -9021.1757 726.7290 -1233.1030 -9024.5480 725.1290 -1239.8021 -9021.1757 725.1290 -1232.7433 -9023.8334 725.9290 -1226.7637 -9028.6349 725.9290 -1226.0442 -9027.2058 725.9290 -1232.7433 -9023.8334 725.9290 -1233.4627 -9025.2626 725.9290 -1226.7637 -9028.6349 725.9290 -1233.1030 -9024.5480 726.7290 -1226.4039 -9027.9203 726.7290 -1226.4039 -9027.9203 725.1290 -1233.1030 -9024.5480 726.7290 -1226.4039 -9027.9203 725.1290 -1233.1030 -9024.5480 725.1290 -1337.0456 -9214.4240 719.8700 -1331.2456 -9219.4409 719.8700 -1330.4744 -9218.0391 719.8700 -1337.0456 -9214.4240 719.8700 -1337.8168 -9215.8258 719.8700 -1331.2456 -9219.4409 719.8700 -1337.4312 -9215.1249 720.6700 -1330.8600 -9218.7400 720.6700 -1330.8600 -9218.7400 719.0700 -1337.4312 -9215.1249 720.6700 -1330.8600 -9218.7400 719.0700 -1337.4312 -9215.1249 719.0700 -1330.4744 -9218.0391 719.8700 -1324.6744 -9223.0560 719.8700 -1323.9032 -9221.6542 719.8700 -1330.4744 -9218.0391 719.8700 -1331.2456 -9219.4409 719.8700 -1324.6744 -9223.0560 719.8700 -1330.8600 -9218.7400 720.6700 -1324.2888 -9222.3551 720.6700 -1324.2888 -9222.3551 719.0700 -1330.8600 -9218.7400 720.6700 -1324.2888 -9222.3551 719.0700 -1330.8600 -9218.7400 719.0700 -1442.7400 -9406.6277 712.9040 -1437.1534 -9411.8813 712.9040 -1436.3246 -9410.5127 712.9040 -1442.7400 -9406.6277 712.9040 -1443.5688 -9407.9963 712.9040 -1437.1534 -9411.8813 712.9040 -1443.1544 -9407.3120 713.7040 -1436.7390 -9411.1970 713.7040 -1436.7390 -9411.1970 712.1040 -1443.1544 -9407.3120 713.7040 -1436.7390 -9411.1970 712.1040 -1443.1544 -9407.3120 712.1040 -1436.3246 -9410.5127 712.9040 -1430.7380 -9415.7663 712.9040 -1429.9092 -9414.3977 712.9040 -1436.3246 -9410.5127 712.9040 -1437.1534 -9411.8813 712.9040 -1430.7380 -9415.7663 712.9040 -1436.7390 -9411.1970 713.7040 -1430.3236 -9415.0820 713.7040 -1430.3236 -9415.0820 712.1040 -1436.7390 -9411.1970 713.7040 -1430.3236 -9415.0820 712.1040 -1436.7390 -9411.1970 712.1040 -1557.5471 -9596.2989 705.0020 -1552.2096 -9601.8054 705.0020 -1551.3184 -9600.4766 705.0020 -1557.5471 -9596.2989 705.0020 -1558.4383 -9597.6277 705.0020 -1552.2096 -9601.8054 705.0020 -1557.9927 -9596.9633 705.8020 -1551.7640 -9601.1410 705.8020 -1551.7640 -9601.1410 704.2020 -1557.9927 -9596.9633 705.8020 -1551.7640 -9601.1410 704.2020 -1557.9927 -9596.9633 704.2020 -1551.3184 -9600.4766 705.0020 -1545.9809 -9605.9831 705.0020 -1545.0897 -9604.6543 705.0020 -1551.3184 -9600.4766 705.0020 -1552.2096 -9601.8054 705.0020 -1545.9809 -9605.9831 705.0020 -1551.7640 -9601.1410 705.8020 -1545.5353 -9605.3187 705.8020 -1545.5353 -9605.3187 704.2020 -1551.7640 -9601.1410 705.8020 -1545.5353 -9605.3187 704.2020 -1551.7640 -9601.1410 704.2020 -1682.4870 -9782.6668 696.1230 -1677.4357 -9788.4369 696.1230 -1676.4783 -9787.1551 696.1230 -1682.4870 -9782.6668 696.1230 -1683.4445 -9783.9487 696.1230 -1677.4357 -9788.4369 696.1230 -1682.9658 -9783.3077 696.9230 -1676.9570 -9787.7960 696.9230 -1676.9570 -9787.7960 695.3230 -1682.9658 -9783.3077 696.9230 -1676.9570 -9787.7960 695.3230 -1682.9658 -9783.3077 695.3230 -1676.4783 -9787.1551 696.1230 -1671.4270 -9792.9252 696.1230 -1670.4695 -9791.6433 696.1230 -1676.4783 -9787.1551 696.1230 -1677.4357 -9788.4369 696.1230 -1671.4270 -9792.9252 696.1230 -1676.9570 -9787.7960 696.9230 -1670.9482 -9792.2843 696.9230 -1670.9482 -9792.2843 695.3230 -1676.9570 -9787.7960 696.9230 -1670.9482 -9792.2843 695.3230 -1676.9570 -9787.7960 695.3230 -1818.5829 -9964.9607 686.2140 -1813.8551 -9970.9988 686.2140 -1812.8289 -9969.7712 686.2140 -1818.5829 -9964.9607 686.2140 -1819.6091 -9966.1882 686.2140 -1813.8551 -9970.9988 686.2140 -1819.0960 -9965.5744 687.0140 -1813.3420 -9970.3850 687.0140 -1813.3420 -9970.3850 685.4140 -1819.0960 -9965.5744 687.0140 -1813.3420 -9970.3850 685.4140 -1819.0960 -9965.5744 685.4140 -1812.8289 -9969.7712 686.2140 -1808.1011 -9975.8093 686.2140 -1807.0749 -9974.5818 686.2140 -1812.8289 -9969.7712 686.2140 -1813.8551 -9970.9988 686.2140 -1808.1011 -9975.8093 686.2140 -1813.3420 -9970.3850 687.0140 -1807.5880 -9975.1956 687.0140 -1807.5880 -9975.1956 685.4140 -1813.3420 -9970.3850 687.0140 -1807.5880 -9975.1956 685.4140 -1813.3420 -9970.3850 685.4140 -1966.8590 -10142.4096 675.2060 -1962.4910 -10148.7128 675.2060 -1961.3950 -10147.5472 675.2060 -1966.8590 -10142.4096 675.2060 -1967.9550 -10143.5753 675.2060 -1962.4910 -10148.7128 675.2060 -1967.4070 -10142.9924 676.0060 -1961.9430 -10148.1300 676.0060 -1961.9430 -10148.1300 674.4060 -1967.4070 -10142.9924 676.0060 -1961.9430 -10148.1300 674.4060 -1967.4070 -10142.9924 674.4060 -1961.3950 -10147.5472 675.2060 -1957.0270 -10153.8504 675.2060 -1955.9310 -10152.6847 675.2060 -1961.3950 -10147.5472 675.2060 -1962.4910 -10148.7128 675.2060 -1957.0270 -10153.8504 675.2060 -1961.9430 -10148.1300 676.0060 -1956.4790 -10153.2676 676.0060 -1956.4790 -10153.2676 674.4060 -1961.9430 -10148.1300 676.0060 -1956.4790 -10153.2676 674.4060 -1961.9430 -10148.1300 674.4060 -2128.4011 -10314.2905 663.0100 -2124.3600 -10320.8081 663.0100 -2123.2060 -10319.6999 663.0100 -2128.4011 -10314.2905 663.0100 -2129.5551 -10315.3988 663.0100 -2124.3600 -10320.8081 663.0100 -2128.9781 -10314.8446 663.8100 -2123.7830 -10320.2540 663.8100 -2123.7830 -10320.2540 662.2100 -2128.9781 -10314.8446 663.8100 -2123.7830 -10320.2540 662.2100 -2128.9781 -10314.8446 662.2100 -2123.2060 -10319.6999 663.0100 -2119.1649 -10326.2175 663.0100 -2118.0109 -10325.1092 663.0100 -2123.2060 -10319.6999 663.0100 -2124.3600 -10320.8081 663.0100 -2119.1649 -10326.2175 663.0100 -2123.7830 -10320.2540 663.8100 -2118.5879 -10325.6634 663.8100 -2118.5879 -10325.6634 662.2100 -2123.7830 -10320.2540 663.8100 -2118.5879 -10325.6634 662.2100 -2123.7830 -10320.2540 662.2100 -2250.8620 -10431.9470 653.6230 -2247.0630 -10438.6086 653.6230 -2245.8690 -10437.5434 653.6230 -2250.8620 -10431.9470 653.6230 -2252.0559 -10433.0121 653.6230 -2247.0630 -10438.6086 653.6230 -2251.4590 -10432.4796 654.4230 -2246.4660 -10438.0760 654.4230 -2246.4660 -10438.0760 652.8230 -2251.4590 -10432.4796 654.4230 -2246.4660 -10438.0760 652.8230 -2251.4590 -10432.4796 652.8230 -2245.8690 -10437.5434 653.6230 -2242.0700 -10444.2050 653.6230 -2240.8761 -10443.1399 653.6230 -2245.8690 -10437.5434 653.6230 -2247.0630 -10438.6086 653.6230 -2242.0700 -10444.2050 653.6230 -2246.4660 -10438.0760 654.4230 -2241.4730 -10443.6724 654.4230 -2241.4730 -10443.6724 652.8230 -2246.4660 -10438.0760 654.4230 -2241.4730 -10443.6724 652.8230 -2246.4660 -10438.0760 652.8230 -2385.2513 -10551.8826 643.1150 -2381.6591 -10558.6580 643.1150 -2380.4329 -10557.6300 643.1150 -2385.2513 -10551.8826 643.1150 -2386.4774 -10552.9105 643.1150 -2381.6591 -10558.6580 643.1150 -2385.8644 -10552.3965 643.9150 -2381.0460 -10558.1440 643.9150 -2381.0460 -10558.1440 642.3150 -2385.8644 -10552.3965 643.9150 -2381.0460 -10558.1440 642.3150 -2385.8644 -10552.3965 642.3150 -2380.4329 -10557.6300 643.1150 -2376.8407 -10564.4054 643.1150 -2375.6146 -10563.3775 643.1150 -2380.4329 -10557.6300 643.1150 -2381.6591 -10558.6580 643.1150 -2376.8407 -10564.4054 643.1150 -2381.0460 -10558.1440 643.9150 -2376.2276 -10563.8915 643.9150 -2376.2276 -10563.8915 642.3150 -2381.0460 -10558.1440 643.9150 -2376.2276 -10563.8915 642.3150 -2381.0460 -10558.1440 642.3150 -2530.5985 -10673.7650 631.4360 -2527.1843 -10680.6318 631.4360 -2525.9317 -10679.6362 631.4360 -2530.5985 -10673.7650 631.4360 -2531.8511 -10674.7606 631.4360 -2527.1843 -10680.6318 631.4360 -2531.2248 -10674.2628 632.2360 -2526.5580 -10680.1340 632.2360 -2526.5580 -10680.1340 630.6360 -2531.2248 -10674.2628 632.2360 -2526.5580 -10680.1340 630.6360 -2531.2248 -10674.2628 630.6360 -2525.9317 -10679.6362 631.4360 -2522.5175 -10686.5030 631.4360 -2521.2649 -10685.5074 631.4360 -2525.9317 -10679.6362 631.4360 -2527.1843 -10680.6318 631.4360 -2522.5175 -10686.5030 631.4360 -2526.5580 -10680.1340 632.2360 -2521.8912 -10686.0052 632.2360 -2521.8912 -10686.0052 630.6360 -2526.5580 -10680.1340 632.2360 -2521.8912 -10686.0052 630.6360 -2526.5580 -10680.1340 630.6360 -2685.9354 -10797.2614 618.5410 -2682.6752 -10804.2027 618.5410 -2681.4008 -10803.2353 618.5410 -2685.9354 -10797.2614 618.5410 -2687.2098 -10798.2288 618.5410 -2682.6752 -10804.2027 618.5410 -2686.5726 -10797.7451 619.3410 -2682.0380 -10803.7190 619.3410 -2682.0380 -10803.7190 617.7410 -2686.5726 -10797.7451 619.3410 -2682.0380 -10803.7190 617.7410 -2686.5726 -10797.7451 617.7410 -2681.4008 -10803.2353 618.5410 -2678.1406 -10810.1766 618.5410 -2676.8662 -10809.2092 618.5410 -2681.4008 -10803.2353 618.5410 -2682.6752 -10804.2027 618.5410 -2678.1406 -10810.1766 618.5410 -2682.0380 -10803.7190 619.3410 -2677.5034 -10809.6929 619.3410 -2677.5034 -10809.6929 617.7410 -2682.0380 -10803.7190 619.3410 -2677.5034 -10809.6929 617.7410 -2682.0380 -10803.7190 617.7410 -2850.2933 -10922.0406 604.4010 -2847.1674 -10929.0433 604.4010 -2845.8746 -10928.1007 604.4010 -2850.2933 -10922.0406 604.4010 -2851.5862 -10922.9832 604.4010 -2847.1674 -10929.0433 604.4010 -2850.9397 -10922.5119 605.2010 -2846.5210 -10928.5720 605.2010 -2846.5210 -10928.5720 603.6010 -2850.9397 -10922.5119 605.2010 -2846.5210 -10928.5720 603.6010 -2850.9397 -10922.5119 603.6010 -2845.8746 -10928.1007 604.4010 -2842.7487 -10935.1034 604.4010 -2841.4558 -10934.1608 604.4010 -2845.8746 -10928.1007 604.4010 -2847.1674 -10929.0433 604.4010 -2842.7487 -10935.1034 604.4010 -2846.5210 -10928.5720 605.2010 -2842.1023 -10934.6321 605.2010 -2842.1023 -10934.6321 603.6010 -2846.5210 -10928.5720 605.2010 -2842.1023 -10934.6321 603.6010 -2846.5210 -10928.5720 603.6010 -3022.7067 -11047.7745 588.9930 -3019.6982 -11054.8285 588.9930 -3018.3898 -11053.9075 588.9930 -3022.7067 -11047.7745 588.9930 -3024.0151 -11048.6954 588.9930 -3019.6982 -11054.8285 588.9930 -3023.3609 -11048.2349 589.7930 -3019.0440 -11054.3680 589.7930 -3019.0440 -11054.3680 588.1930 -3023.3609 -11048.2349 589.7930 -3019.0440 -11054.3680 588.1930 -3023.3609 -11048.2349 588.1930 -3018.3898 -11053.9075 588.9930 -3015.3813 -11060.9615 588.9930 -3014.0729 -11060.0406 588.9930 -3018.3898 -11053.9075 588.9930 -3019.6982 -11054.8285 588.9930 -3015.3813 -11060.9615 588.9930 -3019.0440 -11054.3680 589.7930 -3014.7271 -11060.5011 589.7930 -3014.7271 -11060.5011 588.1930 -3019.0440 -11054.3680 589.7930 -3014.7271 -11060.5011 588.1930 -3019.0440 -11054.3680 588.1930 -3202.2071 -11174.1337 572.3100 -3199.3018 -11181.2309 572.3100 -3197.9802 -11180.3291 572.3100 -3202.2071 -11174.1337 572.3100 -3203.5288 -11175.0355 572.3100 -3199.3018 -11181.2309 572.3100 -3202.8680 -11174.5846 573.1100 -3198.6410 -11180.7800 573.1100 -3198.6410 -11180.7800 571.5100 -3202.8680 -11174.5846 573.1100 -3198.6410 -11180.7800 571.5100 -3202.8680 -11174.5846 571.5100 -3197.9802 -11180.3291 572.3100 -3195.0749 -11187.4263 572.3100 -3193.7532 -11186.5245 572.3100 -3197.9802 -11180.3291 572.3100 -3199.3018 -11181.2309 572.3100 -3195.0749 -11187.4263 572.3100 -3198.6410 -11180.7800 573.1100 -3194.4140 -11186.9754 573.1100 -3194.4140 -11186.9754 571.5100 -3198.6410 -11180.7800 573.1100 -3194.4140 -11186.9754 571.5100 -3198.6410 -11180.7800 571.5100 -3387.8288 -11300.7917 554.3550 -3385.0146 -11307.9254 554.3550 -3383.6814 -11307.0406 554.3550 -3387.8288 -11300.7917 554.3550 -3389.1619 -11301.6764 554.3550 -3385.0146 -11307.9254 554.3550 -3388.4954 -11301.2341 555.1550 -3384.3480 -11307.4830 555.1550 -3384.3480 -11307.4830 553.5550 -3388.4954 -11301.2341 555.1550 -3384.3480 -11307.4830 553.5550 -3388.4954 -11301.2341 553.5550 -3383.6814 -11307.0406 554.3550 -3380.8672 -11314.1743 554.3550 -3379.5341 -11313.2896 554.3550 -3383.6814 -11307.0406 554.3550 -3385.0146 -11307.9254 554.3550 -3380.8672 -11314.1743 554.3550 -3384.3480 -11307.4830 555.1550 -3380.2006 -11313.7319 555.1550 -3380.2006 -11313.7319 553.5550 -3384.3480 -11307.4830 555.1550 -3380.2006 -11313.7319 553.5550 -3384.3480 -11307.4830 553.5550 -3578.6073 -11427.4209 535.1490 -3575.8735 -11434.5859 535.1490 -3574.5305 -11433.7161 535.1490 -3578.6073 -11427.4209 535.1490 -3579.9503 -11428.2907 535.1490 -3575.8735 -11434.5859 535.1490 -3579.2788 -11427.8558 535.9490 -3575.2020 -11434.1510 535.9490 -3575.2020 -11434.1510 534.3490 -3579.2788 -11427.8558 535.9490 -3575.2020 -11434.1510 534.3490 -3579.2788 -11427.8558 534.3490 -3574.5305 -11433.7161 535.1490 -3571.7967 -11440.8811 535.1490 -3570.4537 -11440.0113 535.1490 -3574.5305 -11433.7161 535.1490 -3575.8735 -11434.5859 535.1490 -3571.7967 -11440.8811 535.1490 -3575.2020 -11434.1510 535.9490 -3571.1252 -11440.4462 535.9490 -3571.1252 -11440.4462 534.3490 -3575.2020 -11434.1510 535.9490 -3571.1252 -11440.4462 534.3490 -3575.2020 -11434.1510 534.3490 -3773.5755 -11553.6935 514.7250 -3770.9128 -11560.8852 514.7250 -3769.5612 -11560.0288 514.7250 -3773.5755 -11553.6935 514.7250 -3774.9270 -11554.5499 514.7250 -3770.9128 -11560.8852 514.7250 -3774.2512 -11554.1217 515.5250 -3770.2370 -11560.4570 515.5250 -3770.2370 -11560.4570 513.9250 -3774.2512 -11554.1217 515.5250 -3770.2370 -11560.4570 513.9250 -3774.2512 -11554.1217 513.9250 -3769.5612 -11560.0288 514.7250 -3766.8985 -11567.2205 514.7250 -3765.5470 -11566.3641 514.7250 -3769.5612 -11560.0288 514.7250 -3770.9128 -11560.8852 514.7250 -3766.8985 -11567.2205 514.7250 -3770.2370 -11560.4570 515.5250 -3766.2228 -11566.7923 515.5250 -3766.2228 -11566.7923 513.9250 -3770.2370 -11560.4570 515.5250 -3766.2228 -11566.7923 513.9250 -3770.2370 -11560.4570 513.9250 -3971.7683 -11679.2836 493.1330 -3969.1685 -11686.4983 493.1330 -3967.8095 -11685.6537 493.1330 -3971.7683 -11679.2836 493.1330 -3973.1272 -11680.1281 493.1330 -3969.1685 -11686.4983 493.1330 -3972.4477 -11679.7059 493.9330 -3968.4890 -11686.0760 493.9330 -3968.4890 -11686.0760 492.3330 -3972.4477 -11679.7059 493.9330 -3968.4890 -11686.0760 492.3330 -3972.4477 -11679.7059 492.3330 -3967.8095 -11685.6537 493.1330 -3965.2097 -11692.8684 493.1330 -3963.8508 -11692.0239 493.1330 -3967.8095 -11685.6537 493.1330 -3969.1685 -11686.4983 493.1330 -3965.2097 -11692.8684 493.1330 -3968.4890 -11686.0760 493.9330 -3964.5303 -11692.4461 493.9330 -3964.5303 -11692.4461 492.3330 -3968.4890 -11686.0760 493.9330 -3964.5303 -11692.4461 492.3330 -3968.4890 -11686.0760 492.3330 -4172.2199 -11803.8626 470.4400 -4169.6757 -11811.0970 470.4400 -4168.3103 -11810.2630 470.4400 -4172.2199 -11803.8626 470.4400 -4173.5853 -11804.6967 470.4400 -4169.6757 -11811.0970 470.4400 -4172.9026 -11804.2796 471.2400 -4168.9930 -11810.6800 471.2400 -4168.9930 -11810.6800 469.6400 -4172.9026 -11804.2796 471.2400 -4168.9930 -11810.6800 469.6400 -4172.9026 -11804.2796 469.6400 -4168.3103 -11810.2630 470.4400 -4165.7661 -11817.4974 470.4400 -4164.4007 -11816.6633 470.4400 -4168.3103 -11810.2630 470.4400 -4169.6757 -11811.0970 470.4400 -4165.7661 -11817.4974 470.4400 -4168.9930 -11810.6800 471.2400 -4165.0834 -11817.0804 471.2400 -4165.0834 -11817.0804 469.6400 -4168.9930 -11810.6800 471.2400 -4165.0834 -11817.0804 469.6400 -4168.9930 -11810.6800 469.6400 -4373.9679 -11927.1060 446.7290 -4371.4725 -11934.3574 446.7290 -4370.1015 -11933.5326 446.7290 -4373.9679 -11927.1060 446.7290 -4375.3389 -11927.9309 446.7290 -4371.4725 -11934.3574 446.7290 -4374.6534 -11927.5184 447.5290 -4370.7870 -11933.9450 447.5290 -4370.7870 -11933.9450 445.9290 -4374.6534 -11927.5184 447.5290 -4370.7870 -11933.9450 445.9290 -4374.6534 -11927.5184 445.9290 -4370.1015 -11933.5326 446.7290 -4367.6061 -11940.7840 446.7290 -4366.2351 -11939.9591 446.7290 -4370.1015 -11933.5326 446.7290 -4371.4725 -11934.3574 446.7290 -4367.6061 -11940.7840 446.7290 -4370.7870 -11933.9450 447.5290 -4366.9206 -11940.3716 447.5290 -4366.9206 -11940.3716 445.9290 -4370.7870 -11933.9450 447.5290 -4366.9206 -11940.3716 445.9290 -4370.7870 -11933.9450 445.9290 -4576.0447 -12048.6874 422.0980 -4573.5919 -12055.9534 422.0980 -4572.2161 -12055.1366 422.0980 -4576.0447 -12048.6874 422.0980 -4577.4205 -12049.5042 422.0980 -4573.5919 -12055.9534 422.0980 -4576.7326 -12049.0958 422.8980 -4572.9040 -12055.5450 422.8980 -4572.9040 -12055.5450 421.2980 -4576.7326 -12049.0958 422.8980 -4572.9040 -12055.5450 421.2980 -4576.7326 -12049.0958 421.2980 -4572.2161 -12055.1366 422.0980 -4569.7633 -12062.4026 422.0980 -4568.3875 -12061.5858 422.0980 -4572.2161 -12055.1366 422.0980 -4573.5919 -12055.9534 422.0980 -4569.7633 -12062.4026 422.0980 -4572.9040 -12055.5450 422.8980 -4569.0754 -12061.9942 422.8980 -4569.0754 -12061.9942 421.2980 -4572.9040 -12055.5450 422.8980 -4569.0754 -12061.9942 421.2980 -4572.9040 -12055.5450 421.2980 -4777.4869 -12168.2786 396.6650 -4775.0710 -12175.5569 396.6650 -4773.6910 -12174.7471 396.6650 -4777.4869 -12168.2786 396.6650 -4778.8668 -12169.0884 396.6650 -4775.0710 -12175.5569 396.6650 -4778.1768 -12168.6835 397.4650 -4774.3810 -12175.1520 397.4650 -4774.3810 -12175.1520 395.8650 -4778.1768 -12168.6835 397.4650 -4774.3810 -12175.1520 395.8650 -4778.1768 -12168.6835 395.8650 -4773.6910 -12174.7471 396.6650 -4771.2751 -12182.0254 396.6650 -4769.8952 -12181.2156 396.6650 -4773.6910 -12174.7471 396.6650 -4775.0710 -12175.5569 396.6650 -4771.2751 -12182.0254 396.6650 -4774.3810 -12175.1520 397.4650 -4770.5852 -12181.6205 397.4650 -4770.5852 -12181.6205 395.8650 -4774.3810 -12175.1520 397.4650 -4770.5852 -12181.6205 395.8650 -4774.3810 -12175.1520 395.8650 -4977.3304 -12285.5543 370.5620 -4974.9457 -12292.8429 370.5620 -4973.5623 -12292.0391 370.5620 -4977.3304 -12285.5543 370.5620 -4978.7138 -12286.3582 370.5620 -4974.9457 -12292.8429 370.5620 -4978.0221 -12285.9563 371.3620 -4974.2540 -12292.4410 371.3620 -4974.2540 -12292.4410 369.7620 -4978.0221 -12285.9563 371.3620 -4974.2540 -12292.4410 369.7620 -4978.0221 -12285.9563 369.7620 -4973.5623 -12292.0391 370.5620 -4971.1776 -12299.3277 370.5620 -4969.7942 -12298.5238 370.5620 -4973.5623 -12292.0391 370.5620 -4974.9457 -12292.8429 370.5620 -4971.1776 -12299.3277 370.5620 -4974.2540 -12292.4410 371.3620 -4970.4859 -12298.9257 371.3620 -4970.4859 -12298.9257 369.7620 -4974.2540 -12292.4410 371.3620 -4970.4859 -12298.9257 369.7620 -4974.2540 -12292.4410 369.7620 -5174.6089 -12400.1895 343.9380 -5172.2501 -12407.4865 343.9380 -5170.8639 -12406.6875 343.9380 -5174.6089 -12400.1895 343.9380 -5175.9951 -12400.9884 343.9380 -5172.2501 -12407.4865 343.9380 -5175.3020 -12400.5889 344.7380 -5171.5570 -12407.0870 344.7380 -5171.5570 -12407.0870 343.1380 -5175.3020 -12400.5889 344.7380 -5171.5570 -12407.0870 343.1380 -5175.3020 -12400.5889 343.1380 -5170.8639 -12406.6875 343.9380 -5168.5051 -12413.9845 343.9380 -5167.1189 -12413.1856 343.9380 -5170.8639 -12406.6875 343.9380 -5172.2501 -12407.4865 343.9380 -5168.5051 -12413.9845 343.9380 -5171.5570 -12407.0870 344.7380 -5167.8120 -12413.5851 344.7380 -5167.8120 -12413.5851 343.1380 -5171.5570 -12407.0870 344.7380 -5167.8120 -12413.5851 343.1380 -5171.5570 -12407.0870 343.1380 -5368.3596 -12511.8560 316.9570 -5366.0212 -12519.1595 316.9570 -5364.6328 -12518.3645 316.9570 -5368.3596 -12511.8560 316.9570 -5369.7481 -12512.6510 316.9570 -5366.0212 -12519.1595 316.9570 -5369.0538 -12512.2535 317.7570 -5365.3270 -12518.7620 317.7570 -5365.3270 -12518.7620 316.1570 -5369.0538 -12512.2535 317.7570 -5365.3270 -12518.7620 316.1570 -5369.0538 -12512.2535 316.1570 -5364.6328 -12518.3645 316.9570 -5362.2944 -12525.6680 316.9570 -5360.9059 -12524.8730 316.9570 -5364.6328 -12518.3645 316.9570 -5366.0212 -12519.1595 316.9570 -5362.2944 -12525.6680 316.9570 -5365.3270 -12518.7620 317.7570 -5361.6002 -12525.2705 317.7570 -5361.6002 -12525.2705 316.1570 -5365.3270 -12518.7620 317.7570 -5361.6002 -12525.2705 316.1570 -5365.3270 -12518.7620 316.1570 -5557.6186 -12620.2298 289.7990 -5555.2950 -12627.5381 289.7990 -5553.9050 -12626.7459 289.7990 -5557.6186 -12620.2298 289.7990 -5559.0087 -12621.0221 289.7990 -5555.2950 -12627.5381 289.7990 -5558.3136 -12620.6259 290.5990 -5554.6000 -12627.1420 290.5990 -5554.6000 -12627.1420 288.9990 -5558.3136 -12620.6259 290.5990 -5554.6000 -12627.1420 288.9990 -5558.3136 -12620.6259 288.9990 -5553.9050 -12626.7459 289.7990 -5551.5814 -12634.0542 289.7990 -5550.1913 -12633.2619 289.7990 -5553.9050 -12626.7459 289.7990 -5555.2950 -12627.5381 289.7990 -5551.5814 -12634.0542 289.7990 -5554.6000 -12627.1420 290.5990 -5550.8864 -12633.6581 290.5990 -5550.8864 -12633.6581 288.9990 -5554.6000 -12627.1420 290.5990 -5550.8864 -12633.6581 288.9990 -5554.6000 -12627.1420 288.9990 -5741.4202 -12724.9832 262.6580 -5739.1055 -12732.2943 262.6580 -5737.7145 -12731.5037 262.6580 -5741.4202 -12724.9832 262.6580 -5742.8112 -12725.7737 262.6580 -5739.1055 -12732.2943 262.6580 -5742.1157 -12725.3784 263.4580 -5738.4100 -12731.8990 263.4580 -5738.4100 -12731.8990 261.8580 -5742.1157 -12725.3784 263.4580 -5738.4100 -12731.8990 261.8580 -5742.1157 -12725.3784 261.8580 -5737.7145 -12731.5037 262.6580 -5735.3998 -12738.8148 262.6580 -5734.0088 -12738.0243 262.6580 -5737.7145 -12731.5037 262.6580 -5739.1055 -12732.2943 262.6580 -5735.3998 -12738.8148 262.6580 -5738.4100 -12731.8990 263.4580 -5734.7043 -12738.4196 263.4580 -5734.7043 -12738.4196 261.8580 -5738.4100 -12731.8990 263.4580 -5734.7043 -12738.4196 261.8580 -5738.4100 -12731.8990 261.8580 -5918.8009 -12825.7902 235.7400 -5916.4887 -12833.1020 235.7400 -5915.0973 -12832.3120 235.7400 -5918.8009 -12825.7902 235.7400 -5920.1922 -12826.5803 235.7400 -5916.4887 -12833.1020 235.7400 -5919.4966 -12826.1852 236.5400 -5915.7930 -12832.7070 236.5400 -5915.7930 -12832.7070 234.9400 -5919.4966 -12826.1852 236.5400 -5915.7930 -12832.7070 234.9400 -5919.4966 -12826.1852 234.9400 -5915.0973 -12832.3120 235.7400 -5912.7851 -12839.6238 235.7400 -5911.3938 -12838.8337 235.7400 -5915.0973 -12832.3120 235.7400 -5916.4887 -12833.1020 235.7400 -5912.7851 -12839.6238 235.7400 -5915.7930 -12832.7070 236.5400 -5912.0894 -12839.2288 236.5400 -5912.0894 -12839.2288 234.9400 -5915.7930 -12832.7070 236.5400 -5912.0894 -12839.2288 234.9400 -5915.7930 -12832.7070 234.9400 -6088.7986 -12922.3272 209.2620 -6086.4814 -12929.6375 209.2620 -6085.0906 -12928.8465 209.2620 -6088.7986 -12922.3272 209.2620 -6090.1893 -12923.1182 209.2620 -6086.4814 -12929.6375 209.2620 -6089.4939 -12922.7227 210.0620 -6085.7860 -12929.2420 210.0620 -6085.7860 -12929.2420 208.4620 -6089.4939 -12922.7227 210.0620 -6085.7860 -12929.2420 208.4620 -6089.4939 -12922.7227 208.4620 -6085.0906 -12928.8465 209.2620 -6082.7734 -12936.1568 209.2620 -6081.3827 -12935.3658 209.2620 -6085.0906 -12928.8465 209.2620 -6086.4814 -12929.6375 209.2620 -6082.7734 -12936.1568 209.2620 -6085.7860 -12929.2420 210.0620 -6082.0781 -12935.7613 210.0620 -6082.0781 -12935.7613 208.4620 -6085.7860 -12929.2420 210.0620 -6082.0781 -12935.7613 208.4620 -6085.7860 -12929.2420 208.4620 -6250.4494 -13014.2668 183.4540 -6248.1187 -13021.5728 183.4540 -6246.7293 -13020.7792 183.4540 -6250.4494 -13014.2668 183.4540 -6251.8387 -13015.0604 183.4540 -6248.1187 -13021.5728 183.4540 -6251.1440 -13014.6636 184.2540 -6247.4240 -13021.1760 184.2540 -6247.4240 -13021.1760 182.6540 -6251.1440 -13014.6636 184.2540 -6247.4240 -13021.1760 182.6540 -6251.1440 -13014.6636 182.6540 -6246.7293 -13020.7792 183.4540 -6244.3986 -13028.0852 183.4540 -6243.0093 -13027.2916 183.4540 -6246.7293 -13020.7792 183.4540 -6248.1187 -13021.5728 183.4540 -6244.3986 -13028.0852 183.4540 -6247.4240 -13021.1760 184.2540 -6243.7040 -13027.6884 184.2540 -6243.7040 -13027.6884 182.6540 -6247.4240 -13021.1760 184.2540 -6243.7040 -13027.6884 182.6540 -6247.4240 -13021.1760 182.6540 -6402.7901 -13101.2848 158.5520 -6400.4353 -13108.5831 158.5520 -6399.0487 -13107.7849 158.5520 -6402.7901 -13101.2848 158.5520 -6404.1768 -13102.0830 158.5520 -6400.4353 -13108.5831 158.5520 -6403.4835 -13101.6839 159.3520 -6399.7420 -13108.1840 159.3520 -6399.7420 -13108.1840 157.7520 -6403.4835 -13101.6839 159.3520 -6399.7420 -13108.1840 157.7520 -6403.4835 -13101.6839 157.7520 -6399.0487 -13107.7849 158.5520 -6396.6939 -13115.0832 158.5520 -6395.3072 -13114.2850 158.5520 -6399.0487 -13107.7849 158.5520 -6400.4353 -13108.5831 158.5520 -6396.6939 -13115.0832 158.5520 -6399.7420 -13108.1840 159.3520 -6396.0005 -13114.6841 159.3520 -6396.0005 -13114.6841 157.7520 -6399.7420 -13108.1840 159.3520 -6396.0005 -13114.6841 157.7520 -6399.7420 -13108.1840 157.7520 -6544.8595 -13183.0555 134.7990 -6542.4673 -13190.3416 134.7990 -6541.0847 -13189.5364 134.7990 -6544.8595 -13183.0555 134.7990 -6546.2421 -13183.8608 134.7990 -6542.4673 -13190.3416 134.7990 -6545.5508 -13183.4582 135.5990 -6541.7760 -13189.9390 135.5990 -6541.7760 -13189.9390 133.9990 -6545.5508 -13183.4582 135.5990 -6541.7760 -13189.9390 133.9990 -6545.5508 -13183.4582 133.9990 -6541.0847 -13189.5364 134.7990 -6538.6925 -13196.8225 134.7990 -6537.3099 -13196.0172 134.7990 -6541.0847 -13189.5364 134.7990 -6542.4673 -13190.3416 134.7990 -6538.6925 -13196.8225 134.7990 -6541.7760 -13189.9390 135.5990 -6538.0012 -13196.4198 135.5990 -6538.0012 -13196.4198 133.9990 -6541.7760 -13189.9390 135.5990 -6538.0012 -13196.4198 133.9990 -6541.7760 -13189.9390 133.9990 -6675.6966 -13259.2561 112.4430 -6673.2492 -13266.5239 112.4430 -6671.8728 -13265.7081 112.4430 -6675.6966 -13259.2561 112.4430 -6677.0730 -13260.0718 112.4430 -6673.2492 -13266.5239 112.4430 -6676.3848 -13259.6640 113.2430 -6672.5610 -13266.1160 113.2430 -6672.5610 -13266.1160 111.6430 -6676.3848 -13259.6640 113.2430 -6672.5610 -13266.1160 111.6430 -6676.3848 -13259.6640 111.6430 -6671.8728 -13265.7081 112.4430 -6669.4254 -13272.9759 112.4430 -6668.0490 -13272.1602 112.4430 -6671.8728 -13265.7081 112.4430 -6673.2492 -13266.5239 112.4430 -6669.4254 -13272.9759 112.4430 -6672.5610 -13266.1160 113.2430 -6668.7372 -13272.5680 113.2430 -6668.7372 -13272.5680 111.6430 -6672.5610 -13266.1160 113.2430 -6668.7372 -13272.5680 111.6430 -6672.5610 -13266.1160 111.6430 -6794.3449 -13329.5630 91.7350 -6791.8177 -13336.8034 91.7350 -6790.4503 -13335.9726 91.7350 -6794.3449 -13329.5630 91.7350 -6795.7123 -13330.3939 91.7350 -6791.8177 -13336.8034 91.7350 -6795.0286 -13329.9785 92.5350 -6791.1340 -13336.3880 92.5350 -6791.1340 -13336.3880 90.9350 -6795.0286 -13329.9785 92.5350 -6791.1340 -13336.3880 90.9350 -6795.0286 -13329.9785 90.9350 -6790.4503 -13335.9726 91.7350 -6787.9231 -13343.2130 91.7350 -6786.5557 -13342.3821 91.7350 -6790.4503 -13335.9726 91.7350 -6791.8177 -13336.8034 91.7350 -6787.9231 -13343.2130 91.7350 -6791.1340 -13336.3880 92.5350 -6787.2394 -13342.7975 92.5350 -6787.2394 -13342.7975 90.9350 -6791.1340 -13336.3880 92.5350 -6787.2394 -13342.7975 90.9350 -6791.1340 -13336.3880 90.9350 -6899.8506 -13393.6568 72.9240 -6897.2069 -13400.8554 72.9240 -6895.8531 -13400.0026 72.9240 -6899.8506 -13393.6568 72.9240 -6901.2044 -13394.5096 72.9240 -6897.2069 -13400.8554 72.9240 -6900.5275 -13394.0832 73.7240 -6896.5300 -13400.4290 73.7240 -6896.5300 -13400.4290 72.1240 -6900.5275 -13394.0832 73.7240 -6896.5300 -13400.4290 72.1240 -6900.5275 -13394.0832 72.1240 -6895.8531 -13400.0026 72.9240 -6893.2094 -13407.2012 72.9240 -6891.8556 -13406.3484 72.9240 -6895.8531 -13400.0026 72.9240 -6897.2069 -13400.8554 72.9240 -6893.2094 -13407.2012 72.9240 -6896.5300 -13400.4290 73.7240 -6892.5325 -13406.7748 73.7240 -6892.5325 -13406.7748 72.1240 -6896.5300 -13400.4290 73.7240 -6892.5325 -13406.7748 72.1240 -6896.5300 -13400.4290 72.1240 -6991.1046 -13451.1418 56.2540 -6988.4609 -13458.3404 56.2540 -6987.1071 -13457.4876 56.2540 -6991.1046 -13451.1418 56.2540 -6992.4584 -13451.9946 56.2540 -6988.4609 -13458.3404 56.2540 -6991.7815 -13451.5682 57.0540 -6987.7840 -13457.9140 57.0540 -6987.7840 -13457.9140 55.4540 -6991.7815 -13451.5682 57.0540 -6987.7840 -13457.9140 55.4540 -6991.7815 -13451.5682 55.4540 -6987.1071 -13457.4876 56.2540 -6984.4634 -13464.6862 56.2540 -6983.1096 -13463.8334 56.2540 -6987.1071 -13457.4876 56.2540 -6988.4609 -13458.3404 56.2540 -6984.4634 -13464.6862 56.2540 -6987.7840 -13457.9140 57.0540 -6983.7865 -13464.2598 57.0540 -6983.7865 -13464.2598 55.4540 -6987.7840 -13457.9140 57.0540 -6983.7865 -13464.2598 55.4540 -6987.7840 -13457.9140 55.4540</float_array>
          <technique_common>
            <accessor source="#portal_arc_a999-mesh-positions-array" count="5364" stride="3">
              <param name="X" type="float"/>
              <param name="Y" type="float"/>
              <param name="Z" type="float"/>
            </accessor>
          </technique_common>
        </source>
        <source id="portal_arc_a999-mesh-normals">
          <float_array id="portal_arc_a999-mesh-normals-array" count="16092">-0.0904 0.1302 0.9874 -0.0904 0.1302 0.9874 -0.0904 0.1302 0.9874 -0.0904 0.1302 0.9874 -0.0904 0.1302 0.9874 -0.0904 0.1302 0.9874 0.8214 0.5703 0.0000 0.8214 0.5703 0.0000 0.8214 0.5703 0.0000 0.8214 0.5703 0.0000 0.8214 0.5703 0.0000 0.8214 0.5703 0.0000 -0.0919 0.1267 0.9877 -0.0919 0.1267 0.9877 -0.0919 0.1267 0.9877 -0.0919 0.1267 0.9877 -0.0919 0.1267 0.9877 -0.0919 0.1267 0.9877 0.8092 0.5875 0.0000 0.8092 0.5875 0.0000 0.8092 0.5875 0.0000 0.8092 0.5875 0.0000 0.8092 0.5875 0.0000 0.8092 0.5875 0.0000 -0.0919 0.1236 0.9881 -0.0919 0.1236 0.9881 -0.0919 0.1236 0.9881 -0.0919 0.1236 0.9881 -0.0919 0.1236 0.9881 -0.0919 0.1236 0.9881 0.8025 0.5967 0.0000 0.8025 0.5967 0.0000 0.8025 0.5967 0.0000 0.8025 0.5967 0.0000 0.8025 0.5967 0.0000 0.8025 0.5967 0.0000 -0.0909 0.1208 0.9885 -0.0909 0.1208 0.9885 -0.0909 0.1208 0.9885 -0.0909 0.1208 0.9885 -0.0909 0.1208 0.9885 -0.0909 0.1208 0.9885 0.7988 0.6016 0.0000 0.7988 0.6016 0.0000 0.7988 0.6016 0.0000 0.7988 0.6016 0.0000 0.7988 0.6016 0.0000 0.7988 0.6016 0.0000 -0.0893 0.1180 0.9890 -0.0893 0.1180 0.9890 -0.0893 0.1180 0.9890 -0.0893 0.1180 0.9890 -0.0893 0.1180 0.9890 -0.0893 0.1180 0.9890 0.7973 0.6036 0.0000 0.7973 0.6036 0.0000 0.7973 0.6036 0.0000 0.7973 0.6036 0.0000 0.7973 0.6036 0.0000 0.7973 0.6036 0.0000 -0.0873 0.1152 0.9895 -0.0873 0.1152 0.9895 -0.0873 0.1152 0.9895 -0.0873 0.1152 0.9895 -0.0873 0.1152 0.9895 -0.0873 0.1152 0.9895 0.7972 0.6037 0.0000 0.7972 0.6037 0.0000 0.7972 0.6037 0.0000 0.7972 0.6037 0.0000 0.7972 0.6037 0.0000 0.7972 0.6037 0.0000 -0.0848 0.1124 0.9900 -0.0848 0.1124 0.9900 -0.0848 0.1124 0.9900 -0.0848 0.1124 0.9900 -0.0848 0.1124 0.9900 -0.0848 0.1124 0.9900 0.7984 0.6021 0.0000 0.7984 0.6021 0.0000 0.7984 0.6021 0.0000 0.7984 0.6021 0.0000 0.7984 0.6021 0.0000 0.7984 0.6021 0.0000 -0.0820 0.1097 0.9906 -0.0820 0.1097 0.9906 -0.0820 0.1097 0.9906 -0.0820 0.1097 0.9906 -0.0820 0.1097 0.9906 -0.0820 0.1097 0.9906 0.8007 0.5990 0.0000 0.8007 0.5990 0.0000 0.8007 0.5990 0.0000 0.8007 0.5990 0.0000 0.8007 0.5990 0.0000 0.8007 0.5990 0.0000 -0.0791 0.1069 0.9911 -0.0791 0.1069 0.9911 -0.0791 0.1069 0.9911 -0.0791 0.1069 0.9911 -0.0791 0.1069 0.9911 -0.0791 0.1069 0.9911 0.8041 0.5945 0.0000 0.8041 0.5945 0.0000 0.8041 0.5945 0.0000 0.8041 0.5945 0.0000 0.8041 0.5945 0.0000 0.8041 0.5945 0.0000 -0.0759 0.1042 0.9917 -0.0759 0.1042 0.9917 -0.0759 0.1042 0.9917 -0.0759 0.1042 0.9917 -0.0759 0.1042 0.9917 -0.0759 0.1042 0.9917 0.8085 0.5885 0.0000 0.8085 0.5885 0.0000 0.8085 0.5885 0.0000 0.8085 0.5885 0.0000 0.8085 0.5885 0.0000 0.8085 0.5885 0.0000 -0.0725 0.1016 0.9922 -0.0725 0.1016 0.9922 -0.0725 0.1016 0.9922 -0.0725 0.1016 0.9922 -0.0725 0.1016 0.9922 -0.0725 0.1016 0.9922 0.8140 0.5808 0.0000 0.8140 0.5808 0.0000 0.8140 0.5808 0.0000 0.8140 0.5808 0.0000 0.8140 0.5808 0.0000 0.8140 0.5808 0.0000 -0.0690 0.0991 0.9927 -0.0690 0.0991 0.9927 -0.0690 0.0991 0.9927 -0.0690 0.0991 0.9927 -0.0690 0.0991 0.9927 -0.0690 0.0991 0.9927 0.8209 0.5710 0.0000 0.8209 0.5710 0.0000 0.8209 0.5710 0.0000 0.8209 0.5710 0.0000 0.8209 0.5710 0.0000 0.8209 0.5710 0.0000 -0.0652 0.0968 0.9932 -0.0652 0.0968 0.9932 -0.0652 0.0968 0.9932 -0.0652 0.0968 0.9932 -0.0652 0.0968 0.9932 -0.0652 0.0968 0.9932 0.8293 0.5588 0.0000 0.8293 0.5588 0.0000 0.8293 0.5588 0.0000 0.8293 0.5588 0.0000 0.8293 0.5588 0.0000 0.8293 0.5588 0.0000 -0.0613 0.0948 0.9936 -0.0613 0.0948 0.9936 -0.0613 0.0948 0.9936 -0.0613 0.0948 0.9936 -0.0613 0.0948 0.9936 -0.0613 0.0948 0.9936 0.8396 0.5432 0.0000 0.8396 0.5432 0.0000 0.8396 0.5432 0.0000 0.8396 0.5432 0.0000 0.8396 0.5432 0.0000 0.8396 0.5432 0.0000 -0.0571 0.0931 0.9940 -0.0571 0.0931 0.9940 -0.0571 0.0931 0.9940 -0.0571 0.0931 0.9940 -0.0571 0.0931 0.9940 -0.0571 0.0931 0.9940 0.8522 0.5232 0.0000 0.8522 0.5232 0.0000 0.8522 0.5232 0.0000 0.8522 0.5232 0.0000 0.8522 0.5232 0.0000 0.8522 0.5232 0.0000 -0.0526 0.0918 0.9944 -0.0526 0.0918 0.9944 -0.0526 0.0918 0.9944 -0.0526 0.0918 0.9944 -0.0526 0.0918 0.9944 -0.0526 0.0918 0.9944 0.8677 0.4971 0.0000 0.8677 0.4971 0.0000 0.8677 0.4971 0.0000 0.8677 0.4971 0.0000 0.8677 0.4971 0.0000 0.8677 0.4971 0.0000 -0.0474 0.0910 0.9947 -0.0474 0.0910 0.9947 -0.0474 0.0910 0.9947 -0.0474 0.0910 0.9947 -0.0474 0.0910 0.9947 -0.0474 0.0910 0.9947 0.8870 0.4617 0.0000 0.8870 0.4617 0.0000 0.8870 0.4617 0.0000 0.8870 0.4617 0.0000 0.8870 0.4617 0.0000 0.8870 0.4617 0.0000 -0.0411 0.0909 0.9950 -0.0411 0.0909 0.9950 -0.0411 0.0909 0.9950 -0.0411 0.0909 0.9950 -0.0411 0.0909 0.9950 -0.0411 0.0909 0.9950 0.9111 0.4122 0.0000 0.9111 0.4122 0.0000 0.9111 0.4122 0.0000 0.9111 0.4122 0.0000 0.9111 0.4122 0.0000 0.9111 0.4122 0.0000 -0.0331 0.0918 0.9952 -0.0331 0.0918 0.9952 -0.0331 0.0918 0.9952 -0.0331 0.0918 0.9952 -0.0331 0.0918 0.9952 -0.0331 0.0918 0.9952 0.9406 0.3395 0.0000 0.9406 0.3395 0.0000 0.9406 0.3395 0.0000 0.9406 0.3395 0.0000 0.9406 0.3395 0.0000 0.9406 0.3395 0.0000 -0.0189 0.0920 0.9956 -0.0189 0.0920 0.9956 -0.0189 0.0920 0.9956 -0.0189 0.0920 0.9956 -0.0189 0.0920 0.9956 -0.0189 0.0920 0.9956 0.9796 0.2010 0.0000 0.9796 0.2010 0.0000 0.9796 0.2010 0.0000 0.9796 0.2010 0.0000 0.9796 0.2010 0.0000 0.9796 0.2010 0.0000 0.0024 0.0898 0.9960 0.0024 0.0898 0.9960 0.0024 0.0898 0.9960 0.0024 0.0898 0.9960 0.0024 0.0898 0.9960 0.0024 0.0898 0.9960 0.9997 -0.0263 0.0000 0.9997 -0.0263 0.0000 0.9997 -0.0263 0.0000 0.9997 -0.0263 0.0000 0.9997 -0.0263 0.0000 0.9997 -0.0263 0.0000 0.0243 0.0826 0.9963 0.0243 0.0826 0.9963 0.0243 0.0826 0.9963 0.0243 0.0826 0.9963 0.0243 0.0826 0.9963 0.0243 0.0826 0.9963 0.9593 -0.2824 0.0000 0.9593 -0.2824 0.0000 0.9593 -0.2824 0.0000 0.9593 -0.2824 0.0000 0.9593 -0.2824 0.0000 0.9593 -0.2824 0.0000 0.0405 0.0718 0.9966 0.0405 0.0718 0.9966 0.0405 0.0718 0.9966 0.0405 0.0718 0.9966 0.0405 0.0718 0.9966 0.0405 0.0718 0.9966 0.8713 -0.4908 0.0000 0.8713 -0.4908 0.0000 0.8713 -0.4908 0.0000 0.8713 -0.4908 0.0000 0.8713 -0.4908 0.0000 0.8713 -0.4908 0.0000 0.0481 0.0623 0.9969 0.0481 0.0623 0.9969 0.0481 0.0623 0.9969 0.0481 0.0623 0.9969 0.0481 0.0623 0.9969 0.0481 0.0623 0.9969 0.7911 -0.6117 0.0000 0.7911 -0.6117 0.0000 0.7911 -0.6117 0.0000 0.7911 -0.6117 0.0000 0.7911 -0.6117 0.0000 0.7911 -0.6117 0.0000 0.0491 0.0565 0.9972 0.0491 0.0565 0.9972 0.0491 0.0565 0.9972 0.0491 0.0565 0.9972 0.0491 0.0565 0.9972 0.0491 0.0565 0.9972 0.7545 -0.6563 0.0000 0.7545 -0.6563 0.0000 0.7545 -0.6563 0.0000 0.7545 -0.6563 0.0000 0.7545 -0.6563 0.0000 0.7545 -0.6563 0.0000 0.0455 0.0542 0.9975 0.0455 0.0542 0.9975 0.0455 0.0542 0.9975 0.0455 0.0542 0.9975 0.0455 0.0542 0.9975 0.0455 0.0542 0.9975 0.7654 -0.6435 0.0000 0.7654 -0.6435 0.0000 0.7654 -0.6435 0.0000 0.7654 -0.6435 0.0000 0.7654 -0.6435 0.0000 0.7654 -0.6435 0.0000 0.0389 0.0541 0.9978 0.0389 0.0541 0.9978 0.0389 0.0541 0.9978 0.0389 0.0541 0.9978 0.0389 0.0541 0.9978 0.0389 0.0541 0.9978 0.8118 -0.5840 0.0000 0.8118 -0.5840 0.0000 0.8118 -0.5840 0.0000 0.8118 -0.5840 0.0000 0.8118 -0.5840 0.0000 0.8118 -0.5840 0.0000 0.0357 0.0521 0.9980 0.0357 0.0521 0.9980 0.0357 0.0521 0.9980 0.0357 0.0521 0.9980 0.0357 0.0521 0.9980 0.0357 0.0521 0.9980 0.8248 -0.5654 0.0000 0.8248 -0.5654 0.0000 0.8248 -0.5654 0.0000 0.8248 -0.5654 0.0000 0.8248 -0.5654 0.0000 0.8248 -0.5654 0.0000 0.0365 0.0478 0.9982 0.0365 0.0478 0.9982 0.0365 0.0478 0.9982 0.0365 0.0478 0.9982 0.0365 0.0478 0.9982 0.0365 0.0478 0.9982 0.7947 -0.6070 0.0000 0.7947 -0.6070 0.0000 0.7947 -0.6070 0.0000 0.7947 -0.6070 0.0000 0.7947 -0.6070 0.0000 0.7947 -0.6070 0.0000 0.0364 0.0440 0.9984 0.0364 0.0440 0.9984 0.0364 0.0440 0.9984 0.0364 0.0440 0.9984 0.0364 0.0440 0.9984 0.0364 0.0440 0.9984 0.7704 -0.6376 0.0000 0.7704 -0.6376 0.0000 0.7704 -0.6376 0.0000 0.7704 -0.6376 0.0000 0.7704 -0.6376 0.0000 0.7704 -0.6376 0.0000 0.0356 0.0407 0.9985 0.0356 0.0407 0.9985 0.0356 0.0407 0.9985 0.0356 0.0407 0.9985 0.0356 0.0407 0.9985 0.0356 0.0407 0.9985 0.7526 -0.6584 0.0000 0.7526 -0.6584 0.0000 0.7526 -0.6584 0.0000 0.7526 -0.6584 0.0000 0.7526 -0.6584 0.0000 0.7526 -0.6584 0.0000 0.0341 0.0377 0.9987 0.0341 0.0377 0.9987 0.0341 0.0377 0.9987 0.0341 0.0377 0.9987 0.0341 0.0377 0.9987 0.0341 0.0377 0.9987 0.7418 -0.6706 0.0000 0.7418 -0.6706 0.0000 0.7418 -0.6706 0.0000 0.7418 -0.6706 0.0000 0.7418 -0.6706 0.0000 0.7418 -0.6706 0.0000 0.0321 0.0350 0.9989 0.0321 0.0350 0.9989 0.0321 0.0350 0.9989 0.0321 0.0350 0.9989 0.0321 0.0350 0.9989 0.0321 0.0350 0.9989 0.7376 -0.6752 0.0000 0.7376 -0.6752 0.0000 0.7376 -0.6752 0.0000 0.7376 -0.6752 0.0000 0.7376 -0.6752 0.0000 0.7376 -0.6752 0.0000 0.0297 0.0326 0.9990 0.0297 0.0326 0.9990 0.0297 0.0326 0.9990 0.0297 0.0326 0.9990 0.0297 0.0326 0.9990 0.0297 0.0326 0.9990 0.7397 -0.6730 0.0000 0.7397 -0.6730 0.0000 0.7397 -0.6730 0.0000 0.7397 -0.6730 0.0000 0.7397 -0.6730 0.0000 0.7397 -0.6730 0.0000 0.0269 0.0303 0.9992 0.0269 0.0303 0.9992 0.0269 0.0303 0.9992 0.0269 0.0303 0.9992 0.0269 0.0303 0.9992 0.0269 0.0303 0.9992 0.7473 -0.6645 0.0000 0.7473 -0.6645 0.0000 0.7473 -0.6645 0.0000 0.7473 -0.6645 0.0000 0.7473 -0.6645 0.0000 0.7473 -0.6645 0.0000 0.0240 0.0280 0.9993 0.0240 0.0280 0.9993 0.0240 0.0280 0.9993 0.0240 0.0280 0.9993 0.0240 0.0280 0.9993 0.0240 0.0280 0.9993 0.7596 -0.6504 0.0000 0.7596 -0.6504 0.0000 0.7596 -0.6504 0.0000 0.7596 -0.6504 0.0000 0.7596 -0.6504 0.0000 0.7596 -0.6504 0.0000 0.0209 0.0257 0.9995 0.0209 0.0257 0.9995 0.0209 0.0257 0.9995 0.0209 0.0257 0.9995 0.0209 0.0257 0.9995 0.0209 0.0257 0.9995 0.7757 -0.6311 0.0000 0.7757 -0.6311 0.0000 0.7757 -0.6311 0.0000 0.7757 -0.6311 0.0000 0.7757 -0.6311 0.0000 0.7757 -0.6311 0.0000 0.0177 0.0232 0.9996 0.0177 0.0232 0.9996 0.0177 0.0232 0.9996 0.0177 0.0232 0.9996 0.0177 0.0232 0.9996 0.0177 0.0232 0.9996 0.7948 -0.6069 0.0000 0.7948 -0.6069 0.0000 0.7948 -0.6069 0.0000 0.7948 -0.6069 0.0000 0.7948 -0.6069 0.0000 0.7948 -0.6069 0.0000 0.0145 0.0204 0.9997 0.0145 0.0204 0.9997 0.0145 0.0204 0.9997 0.0145 0.0204 0.9997 0.0145 0.0204 0.9997 0.0145 0.0204 0.9997 0.8157 -0.5784 0.0000 0.8157 -0.5784 0.0000 0.8157 -0.5784 0.0000 0.8157 -0.5784 0.0000 0.8157 -0.5784 0.0000 0.8157 -0.5784 0.0000 0.0113 0.0174 0.9998 0.0113 0.0174 0.9998 0.0113 0.0174 0.9998 0.0113 0.0174 0.9998 0.0113 0.0174 0.9998 0.0113 0.0174 0.9998 0.8378 -0.5460 0.0000 0.8378 -0.5460 0.0000 0.8378 -0.5460 0.0000 0.8378 -0.5460 0.0000 0.8378 -0.5460 0.0000 0.8378 -0.5460 0.0000 0.0086 0.0147 0.9999 0.0086 0.0147 0.9999 0.0086 0.0147 0.9999 0.0086 0.0147 0.9999 0.0086 0.0147 0.9999 0.0086 0.0147 0.9999 0.8635 -0.5043 0.0000 0.8635 -0.5043 0.0000 0.8635 -0.5043 0.0000 0.8635 -0.5043 0.0000 0.8635 -0.5043 0.0000 0.8635 -0.5043 0.0000 0.0065 0.0125 0.9999 0.0065 0.0125 0.9999 0.0065 0.0125 0.9999 0.0065 0.0125 0.9999 0.0065 0.0125 0.9999 0.0065 0.0125 0.9999 0.8877 -0.4605 0.0000 0.8877 -0.4605 0.0000 0.8877 -0.4605 0.0000 0.8877 -0.4605 0.0000 0.8877 -0.4605 0.0000 0.8877 -0.4605 0.0000 0.0046 0.0099 0.9999 0.0046 0.0099 0.9999 0.0046 0.0099 0.9999 0.0046 0.0099 0.9999 0.0046 0.0099 0.9999 0.0046 0.0099 0.9999 0.9054 -0.4245 0.0000 0.9054 -0.4245 0.0000 0.9054 -0.4245 0.0000 0.9054 -0.4245 0.0000 0.9054 -0.4245 0.0000 0.9054 -0.4245 0.0000 0.0031 0.0071 1.0000 0.0031 0.0071 1.0000 0.0031 0.0071 1.0000 0.0031 0.0071 1.0000 0.0031 0.0071 1.0000 0.0031 0.0071 1.0000 0.9182 -0.3961 0.0000 0.9182 -0.3961 0.0000 0.9182 -0.3961 0.0000 0.9182 -0.3961 0.0000 0.9182 -0.3961 0.0000 0.9182 -0.3961 0.0000 0.0017 0.0042 1.0000 0.0017 0.0042 1.0000 0.0017 0.0042 1.0000 0.0017 0.0042 1.0000 0.0017 0.0042 1.0000 0.0017 0.0042 1.0000 0.9271 -0.3749 0.0000 0.9271 -0.3749 0.0000 0.9271 -0.3749 0.0000 0.9271 -0.3749 0.0000 0.9271 -0.3749 0.0000 0.9271 -0.3749 0.0000 0.0004 0.0011 1.0000 0.0004 0.0011 1.0000 0.0004 0.0011 1.0000 0.0004 0.0011 1.0000 0.0004 0.0011 1.0000 0.0004 0.0011 1.0000 0.9327 -0.3606 0.0000 0.9327 -0.3606 0.0000 0.9327 -0.3606 0.0000 0.9327 -0.3606 0.0000 0.9327 -0.3606 0.0000 0.9327 -0.3606 0.0000 -0.0008 -0.0021 1.0000 -0.0008 -0.0021 1.0000 -0.0008 -0.0021 1.0000 -0.0008 -0.0021 1.0000 -0.0008 -0.0021 1.0000 -0.0008 -0.0021 1.0000 0.9358 -0.3526 0.0000 0.9358 -0.3526 0.0000 0.9358 -0.3526 0.0000 0.9358 -0.3526 0.0000 0.9358 -0.3526 0.0000 0.9358 -0.3526 0.0000 -0.0020 -0.0054 1.0000 -0.0020 -0.0054 1.0000 -0.0020 -0.0054 1.0000 -0.0020 -0.0054 1.0000 -0.0020 -0.0054 1.0000 -0.0020 -0.0054 1.0000 0.9365 -0.3507 0.0000 0.9365 -0.3507 0.0000 0.9365 -0.3507 0.0000 0.9365 -0.3507 0.0000 0.9365 -0.3507 0.0000 0.9365 -0.3507 0.0000 -0.0033 -0.0087 1.0000 -0.0033 -0.0087 1.0000 -0.0033 -0.0087 1.0000 -0.0033 -0.0087 1.0000 -0.0033 -0.0087 1.0000 -0.0033 -0.0087 1.0000 0.9351 -0.3545 0.0000 0.9351 -0.3545 0.0000 0.9351 -0.3545 0.0000 0.9351 -0.3545 0.0000 0.9351 -0.3545 0.0000 0.9351 -0.3545 0.0000 -0.0047 -0.0121 0.9999 -0.0047 -0.0121 0.9999 -0.0047 -0.0121 0.9999 -0.0047 -0.0121 0.9999 -0.0047 -0.0121 0.9999 -0.0047 -0.0121 0.9999 0.9315 -0.3637 0.0000 0.9315 -0.3637 0.0000 0.9315 -0.3637 0.0000 0.9315 -0.3637 0.0000 0.9315 -0.3637 0.0000 0.9315 -0.3637 0.0000 -0.0063 -0.0154 0.9999 -0.0063 -0.0154 0.9999 -0.0063 -0.0154 0.9999 -0.0063 -0.0154 0.9999 -0.0063 -0.0154 0.9999 -0.0063 -0.0154 0.9999 0.9258 -0.3781 0.0000 0.9258 -0.3781 0.0000 0.9258 -0.3781 0.0000 0.9258 -0.3781 0.0000 0.9258 -0.3781 0.0000 0.9258 -0.3781 0.0000 -0.0081 -0.0187 0.9998 -0.0081 -0.0187 0.9998 -0.0081 -0.0187 0.9998 -0.0081 -0.0187 0.9998 -0.0081 -0.0187 0.9998 -0.0081 -0.0187 0.9998 0.9177 -0.3974 0.0000 0.9177 -0.3974 0.0000 0.9177 -0.3974 0.0000 0.9177 -0.3974 0.0000 0.9177 -0.3974 0.0000 0.9177 -0.3974 0.0000 -0.0102 -0.0219 0.9997 -0.0102 -0.0219 0.9997 -0.0102 -0.0219 0.9997 -0.0102 -0.0219 0.9997 -0.0102 -0.0219 0.9997 -0.0102 -0.0219 0.9997 0.9069 -0.4213 0.0000 0.9069 -0.4213 0.0000 0.9069 -0.4213 0.0000 0.9069 -0.4213 0.0000 0.9069 -0.4213 0.0000 0.9069 -0.4213 0.0000 -0.0125 -0.0249 0.9996 -0.0125 -0.0249 0.9996 -0.0125 -0.0249 0.9996 -0.0125 -0.0249 0.9996 -0.0125 -0.0249 0.9996 -0.0125 -0.0249 0.9996 0.8932 -0.4496 0.0000 0.8932 -0.4496 0.0000 0.8932 -0.4496 0.0000 0.8932 -0.4496 0.0000 0.8932 -0.4496 0.0000 0.8932 -0.4496 0.0000 -0.0153 -0.0278 0.9995 -0.0153 -0.0278 0.9995 -0.0153 -0.0278 0.9995 -0.0153 -0.0278 0.9995 -0.0153 -0.0278 0.9995 -0.0153 -0.0278 0.9995 0.8762 -0.4820 0.0000 0.8762 -0.4820 0.0000 0.8762 -0.4820 0.0000 0.8762 -0.4820 0.0000 0.8762 -0.4820 0.0000 0.8762 -0.4820 0.0000 -0.0184 -0.0305 0.9994 -0.0184 -0.0305 0.9994 -0.0184 -0.0305 0.9994 -0.0184 -0.0305 0.9994 -0.0184 -0.0305 0.9994 -0.0184 -0.0305 0.9994 0.8554 -0.5180 0.0000 0.8554 -0.5180 0.0000 0.8554 -0.5180 0.0000 0.8554 -0.5180 0.0000 0.8554 -0.5180 0.0000 0.8554 -0.5180 0.0000 -0.0220 -0.0328 0.9992 -0.0220 -0.0328 0.9992 -0.0220 -0.0328 0.9992 -0.0220 -0.0328 0.9992 -0.0220 -0.0328 0.9992 -0.0220 -0.0328 0.9992 0.8305 -0.5570 0.0000 0.8305 -0.5570 0.0000 0.8305 -0.5570 0.0000 0.8305 -0.5570 0.0000 0.8305 -0.5570 0.0000 0.8305 -0.5570 0.0000 -0.0260 -0.0349 0.9991 -0.0260 -0.0349 0.9991 -0.0260 -0.0349 0.9991 -0.0260 -0.0349 0.9991 -0.0260 -0.0349 0.9991 -0.0260 -0.0349 0.9991 0.8012 -0.5984 0.0000 0.8012 -0.5984 0.0000 0.8012 -0.5984 0.0000 0.8012 -0.5984 0.0000 0.8012 -0.5984 0.0000 0.8012 -0.5984 0.0000 -0.0305 -0.0365 0.9989 -0.0305 -0.0365 0.9989 -0.0305 -0.0365 0.9989 -0.0305 -0.0365 0.9989 -0.0305 -0.0365 0.9989 -0.0305 -0.0365 0.9989 0.7672 -0.6414 0.0000 0.7672 -0.6414 0.0000 0.7672 -0.6414 0.0000 0.7672 -0.6414 0.0000 0.7672 -0.6414 0.0000 0.7672 -0.6414 0.0000 -0.0354 -0.0376 0.9987 -0.0354 -0.0376 0.9987 -0.0354 -0.0376 0.9987 -0.0354 -0.0376 0.9987 -0.0354 -0.0376 0.9987 -0.0354 -0.0376 0.9987 0.7286 -0.6850 0.0000 0.7286 -0.6850 0.0000 0.7286 -0.6850 0.0000 0.7286 -0.6850 0.0000 0.7286 -0.6850 0.0000 0.7286 -0.6850 0.0000 -0.0398 -0.0382 0.9985 -0.0398 -0.0382 0.9985 -0.0398 -0.0382 0.9985 -0.0398 -0.0382 0.9985 -0.0398 -0.0382 0.9985 -0.0398 -0.0382 0.9985 0.6927 -0.7212 0.0000 0.6927 -0.7212 0.0000 0.6927 -0.7212 0.0000 0.6927 -0.7212 0.0000 0.6927 -0.7212 0.0000 0.6927 -0.7212 0.0000 -0.0435 -0.0388 0.9983 -0.0435 -0.0388 0.9983 -0.0435 -0.0388 0.9983 -0.0435 -0.0388 0.9983 -0.0435 -0.0388 0.9983 -0.0435 -0.0388 0.9983 0.6657 -0.7462 0.0000 0.6657 -0.7462 0.0000 0.6657 -0.7462 0.0000 0.6657 -0.7462 0.0000 0.6657 -0.7462 0.0000 0.6657 -0.7462 0.0000 -0.0471 -0.0395 0.9981 -0.0471 -0.0395 0.9981 -0.0471 -0.0395 0.9981 -0.0471 -0.0395 0.9981 -0.0471 -0.0395 0.9981 -0.0471 -0.0395 0.9981 0.6425 -0.7663 0.0000 0.6425 -0.7663 0.0000 0.6425 -0.7663 0.0000 0.6425 -0.7663 0.0000 0.6425 -0.7663 0.0000 0.6425 -0.7663 0.0000 -0.0508 -0.0403 0.9979 -0.0508 -0.0403 0.9979 -0.0508 -0.0403 0.9979 -0.0508 -0.0403 0.9979 -0.0508 -0.0403 0.9979 -0.0508 -0.0403 0.9979 0.6222 -0.7828 0.0000 0.6222 -0.7828 0.0000 0.6222 -0.7828 0.0000 0.6222 -0.7828 0.0000 0.6222 -0.7828 0.0000 0.6222 -0.7828 0.0000 -0.0545 -0.0413 0.9977 -0.0545 -0.0413 0.9977 -0.0545 -0.0413 0.9977 -0.0545 -0.0413 0.9977 -0.0545 -0.0413 0.9977 -0.0545 -0.0413 0.9977 0.6046 -0.7965 0.0000 0.6046 -0.7965 0.0000 0.6046 -0.7965 0.0000 0.6046 -0.7965 0.0000 0.6046 -0.7965 0.0000 0.6046 -0.7965 0.0000 -0.0582 -0.0424 0.9974 -0.0582 -0.0424 0.9974 -0.0582 -0.0424 0.9974 -0.0582 -0.0424 0.9974 -0.0582 -0.0424 0.9974 -0.0582 -0.0424 0.9974 0.5892 -0.8080 0.0000 0.5892 -0.8080 0.0000 0.5892 -0.8080 0.0000 0.5892 -0.8080 0.0000 0.5892 -0.8080 0.0000 0.5892 -0.8080 0.0000 -0.0620 -0.0436 0.9971 -0.0620 -0.0436 0.9971 -0.0620 -0.0436 0.9971 -0.0620 -0.0436 0.9971 -0.0620 -0.0436 0.9971 -0.0620 -0.0436 0.9971 0.5756 -0.8177 0.0000 0.5756 -0.8177 0.0000 0.5756 -0.8177 0.0000 0.5756 -0.8177 0.0000 0.5756 -0.8177 0.0000 0.5756 -0.8177 0.0000 -0.0658 -0.0449 0.9968 -0.0658 -0.0449 0.9968 -0.0658 -0.0449 0.9968 -0.0658 -0.0449 0.9968 -0.0658 -0.0449 0.9968 -0.0658 -0.0449 0.9968 0.5636 -0.8261 0.0000 0.5636 -0.8261 0.0000 0.5636 -0.8261 0.0000 0.5636 -0.8261 0.0000 0.5636 -0.8261 0.0000 0.5636 -0.8261 0.0000 -0.0696 -0.0462 0.9965 -0.0696 -0.0462 0.9965 -0.0696 -0.0462 0.9965 -0.0696 -0.0462 0.9965 -0.0696 -0.0462 0.9965 -0.0696 -0.0462 0.9965 0.5530 -0.8332 0.0000 0.5530 -0.8332 0.0000 0.5530 -0.8332 0.0000 0.5530 -0.8332 0.0000 0.5530 -0.8332 0.0000 0.5530 -0.8332 0.0000 -0.0735 -0.0476 0.9962 -0.0735 -0.0476 0.9962 -0.0735 -0.0476 0.9962 -0.0735 -0.0476 0.9962 -0.0735 -0.0476 0.9962 -0.0735 -0.0476 0.9962 0.5436 -0.8394 0.0000 0.5436 -0.8394 0.0000 0.5436 -0.8394 0.0000 0.5436 -0.8394 0.0000 0.5436 -0.8394 0.0000 0.5436 -0.8394 0.0000 -0.0774 -0.0490 0.9958 -0.0774 -0.0490 0.9958 -0.0774 -0.0490 0.9958 -0.0774 -0.0490 0.9958 -0.0774 -0.0490 0.9958 -0.0774 -0.0490 0.9958 0.5352 -0.8447 0.0000 0.5352 -0.8447 0.0000 0.5352 -0.8447 0.0000 0.5352 -0.8447 0.0000 0.5352 -0.8447 0.0000 0.5352 -0.8447 0.0000 -0.0813 -0.0505 0.9954 -0.0813 -0.0505 0.9954 -0.0813 -0.0505 0.9954 -0.0813 -0.0505 0.9954 -0.0813 -0.0505 0.9954 -0.0813 -0.0505 0.9954 0.5278 -0.8493 0.0000 0.5278 -0.8493 0.0000 0.5278 -0.8493 0.0000 0.5278 -0.8493 0.0000 0.5278 -0.8493 0.0000 0.5278 -0.8493 0.0000 -0.0852 -0.0520 0.9950 -0.0852 -0.0520 0.9950 -0.0852 -0.0520 0.9950 -0.0852 -0.0520 0.9950 -0.0852 -0.0520 0.9950 -0.0852 -0.0520 0.9950 0.5213 -0.8534 0.0000 0.5213 -0.8534 0.0000 0.5213 -0.8534 0.0000 0.5213 -0.8534 0.0000 0.5213 -0.8534 0.0000 0.5213 -0.8534 0.0000 -0.0890 -0.0536 0.9946 -0.0890 -0.0536 0.9946 -0.0890 -0.0536 0.9946 -0.0890 -0.0536 0.9946 -0.0890 -0.0536 0.9946 -0.0890 -0.0536 0.9946 0.5155 -0.8569 0.0000 0.5155 -0.8569 0.0000 0.5155 -0.8569 0.0000 0.5155 -0.8569 0.0000 0.5155 -0.8569 0.0000 0.5155 -0.8569 0.0000 -0.0928 -0.0551 0.9942 -0.0928 -0.0551 0.9942 -0.0928 -0.0551 0.9942 -0.0928 -0.0551 0.9942 -0.0928 -0.0551 0.9942 -0.0928 -0.0551 0.9942 0.5105 -0.8599 0.0000 0.5105 -0.8599 0.0000 0.5105 -0.8599 0.0000 0.5105 -0.8599 0.0000 0.5105 -0.8599 0.0000 0.5105 -0.8599 0.0000 -0.0965 -0.0567 0.9937 -0.0965 -0.0567 0.9937 -0.0965 -0.0567 0.9937 -0.0965 -0.0567 0.9937 -0.0965 -0.0567 0.9937 -0.0965 -0.0567 0.9937 0.5061 -0.8625 0.0000 0.5061 -0.8625 0.0000 0.5061 -0.8625 0.0000 0.5061 -0.8625 0.0000 0.5061 -0.8625 0.0000 0.5061 -0.8625 0.0000 -0.1002 -0.0582 0.9933 -0.1002 -0.0582 0.9933 -0.1002 -0.0582 0.9933 -0.1002 -0.0582 0.9933 -0.1002 -0.0582 0.9933 -0.1002 -0.0582 0.9933 0.5024 -0.8646 0.0000 0.5024 -0.8646 0.0000 0.5024 -0.8646 0.0000 0.5024 -0.8646 0.0000 0.5024 -0.8646 0.0000 0.5024 -0.8646 0.0000 -0.1038 -0.0598 0.9928 -0.1038 -0.0598 0.9928 -0.1038 -0.0598 0.9928 -0.1038 -0.0598 0.9928 -0.1038 -0.0598 0.9928 -0.1038 -0.0598 0.9928 0.4993 -0.8664 0.0000 0.4993 -0.8664 0.0000 0.4993 -0.8664 0.0000 0.4993 -0.8664 0.0000 0.4993 -0.8664 0.0000 0.4993 -0.8664 0.0000 -0.1072 -0.0614 0.9923 -0.1072 -0.0614 0.9923 -0.1072 -0.0614 0.9923 -0.1072 -0.0614 0.9923 -0.1072 -0.0614 0.9923 -0.1072 -0.0614 0.9923 0.4969 -0.8678 0.0000 0.4969 -0.8678 0.0000 0.4969 -0.8678 0.0000 0.4969 -0.8678 0.0000 0.4969 -0.8678 0.0000 0.4969 -0.8678 0.0000 -0.1106 -0.0630 0.9919 -0.1106 -0.0630 0.9919 -0.1106 -0.0630 0.9919 -0.1106 -0.0630 0.9919 -0.1106 -0.0630 0.9919 -0.1106 -0.0630 0.9919 0.4952 -0.8688 0.0000 0.4952 -0.8688 0.0000 0.4952 -0.8688 0.0000 0.4952 -0.8688 0.0000 0.4952 -0.8688 0.0000 0.4952 -0.8688 0.0000 -0.1137 -0.0646 0.9914 -0.1137 -0.0646 0.9914 -0.1137 -0.0646 0.9914 -0.1137 -0.0646 0.9914 -0.1137 -0.0646 0.9914 -0.1137 -0.0646 0.9914 0.4941 -0.8694 0.0000 0.4941 -0.8694 0.0000 0.4941 -0.8694 0.0000 0.4941 -0.8694 0.0000 0.4941 -0.8694 0.0000 0.4941 -0.8694 0.0000 -0.1167 -0.0663 0.9910 -0.1167 -0.0663 0.9910 -0.1167 -0.0663 0.9910 -0.1167 -0.0663 0.9910 -0.1167 -0.0663 0.9910 -0.1167 -0.0663 0.9910 0.4938 -0.8696 0.0000 0.4938 -0.8696 0.0000 0.4938 -0.8696 0.0000 0.4938 -0.8696 0.0000 0.4938 -0.8696 0.0000 0.4938 -0.8696 0.0000 -0.1195 -0.0680 0.9905 -0.1195 -0.0680 0.9905 -0.1195 -0.0680 0.9905 -0.1195 -0.0680 0.9905 -0.1195 -0.0680 0.9905 -0.1195 -0.0680 0.9905 0.4944 -0.8692 0.0000 0.4944 -0.8692 0.0000 0.4944 -0.8692 0.0000 0.4944 -0.8692 0.0000 0.4944 -0.8692 0.0000 0.4944 -0.8692 0.0000 -0.1220 -0.0697 0.9901 -0.1220 -0.0697 0.9901 -0.1220 -0.0697 0.9901 -0.1220 -0.0697 0.9901 -0.1220 -0.0697 0.9901 -0.1220 -0.0697 0.9901 0.4960 -0.8683 0.0000 0.4960 -0.8683 0.0000 0.4960 -0.8683 0.0000 0.4960 -0.8683 0.0000 0.4960 -0.8683 0.0000 0.4960 -0.8683 0.0000 -0.1243 -0.0715 0.9897 -0.1243 -0.0715 0.9897 -0.1243 -0.0715 0.9897 -0.1243 -0.0715 0.9897 -0.1243 -0.0715 0.9897 -0.1243 -0.0715 0.9897 0.4989 -0.8667 0.0000 0.4989 -0.8667 0.0000 0.4989 -0.8667 0.0000 0.4989 -0.8667 0.0000 0.4989 -0.8667 0.0000 0.4989 -0.8667 0.0000 -0.1262 -0.0735 0.9893 -0.1262 -0.0735 0.9893 -0.1262 -0.0735 0.9893 -0.1262 -0.0735 0.9893 -0.1262 -0.0735 0.9893 -0.1262 -0.0735 0.9893 0.5033 -0.8641 0.0000 0.5033 -0.8641 0.0000 0.5033 -0.8641 0.0000 0.5033 -0.8641 0.0000 0.5033 -0.8641 0.0000 0.5033 -0.8641 0.0000 -0.1277 -0.0757 0.9889 -0.1277 -0.0757 0.9889 -0.1277 -0.0757 0.9889 -0.1277 -0.0757 0.9889 -0.1277 -0.0757 0.9889 -0.1277 -0.0757 0.9889 0.5098 -0.8603 0.0000 0.5098 -0.8603 0.0000 0.5098 -0.8603 0.0000 0.5098 -0.8603 0.0000 0.5098 -0.8603 0.0000 0.5098 -0.8603 0.0000 -0.1287 -0.0782 0.9886 -0.1287 -0.0782 0.9886 -0.1287 -0.0782 0.9886 -0.1287 -0.0782 0.9886 -0.1287 -0.0782 0.9886 -0.1287 -0.0782 0.9886 0.5193 -0.8546 0.0000 0.5193 -0.8546 0.0000 0.5193 -0.8546 0.0000 0.5193 -0.8546 0.0000 0.5193 -0.8546 0.0000 0.5193 -0.8546 0.0000 -0.1292 -0.0814 0.9883 -0.1292 -0.0814 0.9883 -0.1292 -0.0814 0.9883 -0.1292 -0.0814 0.9883 -0.1292 -0.0814 0.9883 -0.1292 -0.0814 0.9883 0.5330 -0.8461 0.0000 0.5330 -0.8461 0.0000 0.5330 -0.8461 0.0000 0.5330 -0.8461 0.0000 0.5330 -0.8461 0.0000 0.5330 -0.8461 0.0000 -0.0906 0.1306 0.9873 -0.0906 0.1306 0.9873 -0.0906 0.1306 0.9873 -0.0906 0.1306 0.9873 -0.0906 0.1306 0.9873 -0.0906 0.1306 0.9873 0.8214 0.5703 0.0000 0.8214 0.5703 0.0000 0.8214 0.5703 0.0000 0.8214 0.5703 0.0000 0.8214 0.5703 0.0000 0.8214 0.5703 0.0000 -0.0921 0.1268 0.9876 -0.0921 0.1268 0.9876 -0.0921 0.1268 0.9876 -0.0921 0.1268 0.9876 -0.0921 0.1268 0.9876 -0.0921 0.1268 0.9876 0.8093 0.5875 0.0000 0.8093 0.5875 0.0000 0.8093 0.5875 0.0000 0.8093 0.5875 0.0000 0.8093 0.5875 0.0000 0.8093 0.5875 0.0000 -0.0920 0.1237 0.9881 -0.0920 0.1237 0.9881 -0.0920 0.1237 0.9881 -0.0920 0.1237 0.9881 -0.0920 0.1237 0.9881 -0.0920 0.1237 0.9881 0.8025 0.5967 0.0000 0.8025 0.5967 0.0000 0.8025 0.5967 0.0000 0.8025 0.5967 0.0000 0.8025 0.5967 0.0000 0.8025 0.5967 0.0000 -0.0910 0.1208 0.9885 -0.0910 0.1208 0.9885 -0.0910 0.1208 0.9885 -0.0910 0.1208 0.9885 -0.0910 0.1208 0.9885 -0.0910 0.1208 0.9885 0.7988 0.6016 0.0000 0.7988 0.6016 0.0000 0.7988 0.6016 0.0000 0.7988 0.6016 0.0000 0.7988 0.6016 0.0000 0.7988 0.6016 0.0000 -0.0893 0.1180 0.9890 -0.0893 0.1180 0.9890 -0.0893 0.1180 0.9890 -0.0893 0.1180 0.9890 -0.0893 0.1180 0.9890 -0.0893 0.1180 0.9890 0.7973 0.6036 0.0000 0.7973 0.6036 0.0000 0.7973 0.6036 0.0000 0.7973 0.6036 0.0000 0.7973 0.6036 0.0000 0.7973 0.6036 0.0000 -0.0872 0.1152 0.9895 -0.0872 0.1152 0.9895 -0.0872 0.1152 0.9895 -0.0872 0.1152 0.9895 -0.0872 0.1152 0.9895 -0.0872 0.1152 0.9895 0.7972 0.6037 0.0000 0.7972 0.6037 0.0000 0.7972 0.6037 0.0000 0.7972 0.6037 0.0000 0.7972 0.6037 0.0000 0.7972 0.6037 0.0000 -0.0848 0.1124 0.9900 -0.0848 0.1124 0.9900 -0.0848 0.1124 0.9900 -0.0848 0.1124 0.9900 -0.0848 0.1124 0.9900 -0.0848 0.1124 0.9900 0.7984 0.6021 0.0000 0.7984 0.6021 0.0000 0.7984 0.6021 0.0000 0.7984 0.6021 0.0000 0.7984 0.6021 0.0000 0.7984 0.6021 0.0000 -0.0820 0.1096 0.9906 -0.0820 0.1096 0.9906 -0.0820 0.1096 0.9906 -0.0820 0.1096 0.9906 -0.0820 0.1096 0.9906 -0.0820 0.1096 0.9906 0.8007 0.5990 0.0000 0.8007 0.5990 0.0000 0.8007 0.5990 0.0000 0.8007 0.5990 0.0000 0.8007 0.5990 0.0000 0.8007 0.5990 0.0000 -0.0790 0.1069 0.9911 -0.0790 0.1069 0.9911 -0.0790 0.1069 0.9911 -0.0790 0.1069 0.9911 -0.0790 0.1069 0.9911 -0.0790 0.1069 0.9911 0.8041 0.5945 0.0000 0.8041 0.5945 0.0000 0.8041 0.5945 0.0000 0.8041 0.5945 0.0000 0.8041 0.5945 0.0000 0.8041 0.5945 0.0000 -0.0758 0.1042 0.9917 -0.0758 0.1042 0.9917 -0.0758 0.1042 0.9917 -0.0758 0.1042 0.9917 -0.0758 0.1042 0.9917 -0.0758 0.1042 0.9917 0.8085 0.5885 0.0000 0.8085 0.5885 0.0000 0.8085 0.5885 0.0000 0.8085 0.5885 0.0000 0.8085 0.5885 0.0000 0.8085 0.5885 0.0000 -0.0724 0.1015 0.9922 -0.0724 0.1015 0.9922 -0.0724 0.1015 0.9922 -0.0724 0.1015 0.9922 -0.0724 0.1015 0.9922 -0.0724 0.1015 0.9922 0.8140 0.5808 0.0000 0.8140 0.5808 0.0000 0.8140 0.5808 0.0000 0.8140 0.5808 0.0000 0.8140 0.5808 0.0000 0.8140 0.5808 0.0000 -0.0689 0.0990 0.9927 -0.0689 0.0990 0.9927 -0.0689 0.0990 0.9927 -0.0689 0.0990 0.9927 -0.0689 0.0990 0.9927 -0.0689 0.0990 0.9927 0.8209 0.5710 0.0000 0.8209 0.5710 0.0000 0.8209 0.5710 0.0000 0.8209 0.5710 0.0000 0.8209 0.5710 0.0000 0.8209 0.5710 0.0000 -0.0652 0.0967 0.9932 -0.0652 0.0967 0.9932 -0.0652 0.0967 0.9932 -0.0652 0.0967 0.9932 -0.0652 0.0967 0.9932 -0.0652 0.0967 0.9932 0.8293 0.5588 0.0000 0.8293 0.5588 0.0000 0.8293 0.5588 0.0000 0.8293 0.5588 0.0000 0.8293 0.5588 0.0000 0.8293 0.5588 0.0000 -0.0612 0.0946 0.9936 -0.0612 0.0946 0.9936 -0.0612 0.0946 0.9936 -0.0612 0.0946 0.9936 -0.0612 0.0946 0.9936 -0.0612 0.0946 0.9936 0.8396 0.5432 0.0000 0.8396 0.5432 0.0000 0.8396 0.5432 0.0000 0.8396 0.5432 0.0000 0.8396 0.5432 0.0000 0.8396 0.5432 0.0000 -0.0570 0.0929 0.9940 -0.0570 0.0929 0.9940 -0.0570 0.0929 0.9940 -0.0570 0.0929 0.9940 -0.0570 0.0929 0.9940 -0.0570 0.0929 0.9940 0.8522 0.5232 0.0000 0.8522 0.5232 0.0000 0.8522 0.5232 0.0000 0.8522 0.5232 0.0000 0.8522 0.5232 0.0000 0.8522 0.5232 0.0000 -0.0524 0.0915 0.9944 -0.0524 0.0915 0.9944 -0.0524 0.0915 0.9944 -0.0524 0.0915 0.9944 -0.0524 0.0915 0.9944 -0.0524 0.0915 0.9944 0.8677 0.4970 0.0000 0.8677 0.4970 0.0000 0.8677 0.4970 0.0000 0.8677 0.4970 0.0000 0.8677 0.4970 0.0000 0.8677 0.4970 0.0000 -0.0471 0.0906 0.9948 -0.0471 0.0906 0.9948 -0.0471 0.0906 0.9948 -0.0471 0.0906 0.9948 -0.0471 0.0906 0.9948 -0.0471 0.0906 0.9948 0.8871 0.4616 0.0000 0.8871 0.4616 0.0000 0.8871 0.4616 0.0000 0.8871 0.4616 0.0000 0.8871 0.4616 0.0000 0.8871 0.4616 0.0000 -0.0408 0.0903 0.9951 -0.0408 0.0903 0.9951 -0.0408 0.0903 0.9951 -0.0408 0.0903 0.9951 -0.0408 0.0903 0.9951 -0.0408 0.0903 0.9951 0.9112 0.4119 0.0000 0.9112 0.4119 0.0000 0.9112 0.4119 0.0000 0.9112 0.4119 0.0000 0.9112 0.4119 0.0000 0.9112 0.4119 0.0000 -0.0325 0.0904 0.9954 -0.0325 0.0904 0.9954 -0.0325 0.0904 0.9954 -0.0325 0.0904 0.9954 -0.0325 0.0904 0.9954 -0.0325 0.0904 0.9954 0.9410 0.3384 0.0000 0.9410 0.3384 0.0000 0.9410 0.3384 0.0000 0.9410 0.3384 0.0000 0.9410 0.3384 0.0000 0.9410 0.3384 0.0000 -0.0185 0.0908 0.9957 -0.0185 0.0908 0.9957 -0.0185 0.0908 0.9957 -0.0185 0.0908 0.9957 -0.0185 0.0908 0.9957 -0.0185 0.0908 0.9957 0.9799 0.1996 0.0000 0.9799 0.1996 0.0000 0.9799 0.1996 0.0000 0.9799 0.1996 0.0000 0.9799 0.1996 0.0000 0.9799 0.1996 0.0000 0.0025 0.0882 0.9961 0.0025 0.0882 0.9961 0.0025 0.0882 0.9961 0.0025 0.0882 0.9961 0.0025 0.0882 0.9961 0.0025 0.0882 0.9961 0.9996 -0.0285 0.0000 0.9996 -0.0285 0.0000 0.9996 -0.0285 0.0000 0.9996 -0.0285 0.0000 0.9996 -0.0285 0.0000 0.9996 -0.0285 0.0000 0.0241 0.0812 0.9964 0.0241 0.0812 0.9964 0.0241 0.0812 0.9964 0.0241 0.0812 0.9964 0.0241 0.0812 0.9964 0.0241 0.0812 0.9964 0.9587 -0.2843 0.0000 0.9587 -0.2843 0.0000 0.9587 -0.2843 0.0000 0.9587 -0.2843 0.0000 0.9587 -0.2843 0.0000 0.9587 -0.2843 0.0000 0.0401 0.0710 0.9967 0.0401 0.0710 0.9967 0.0401 0.0710 0.9967 0.0401 0.0710 0.9967 0.0401 0.0710 0.9967 0.0401 0.0710 0.9967 0.8709 -0.4915 0.0000 0.8709 -0.4915 0.0000 0.8709 -0.4915 0.0000 0.8709 -0.4915 0.0000 0.8709 -0.4915 0.0000 0.8709 -0.4915 0.0000 0.0480 0.0620 0.9969 0.0480 0.0620 0.9969 0.0480 0.0620 0.9969 0.0480 0.0620 0.9969 0.0480 0.0620 0.9969 0.0480 0.0620 0.9969 0.7910 -0.6118 0.0000 0.7910 -0.6118 0.0000 0.7910 -0.6118 0.0000 0.7910 -0.6118 0.0000 0.7910 -0.6118 0.0000 0.7910 -0.6118 0.0000 0.0492 0.0565 0.9972 0.0492 0.0565 0.9972 0.0492 0.0565 0.9972 0.0492 0.0565 0.9972 0.0492 0.0565 0.9972 0.0492 0.0565 0.9972 0.7545 -0.6563 0.0000 0.7545 -0.6563 0.0000 0.7545 -0.6563 0.0000 0.7545 -0.6563 0.0000 0.7545 -0.6563 0.0000 0.7545 -0.6563 0.0000 0.0458 0.0544 0.9975 0.0458 0.0544 0.9975 0.0458 0.0544 0.9975 0.0458 0.0544 0.9975 0.0458 0.0544 0.9975 0.0458 0.0544 0.9975 0.7653 -0.6436 0.0000 0.7653 -0.6436 0.0000 0.7653 -0.6436 0.0000 0.7653 -0.6436 0.0000 0.7653 -0.6436 0.0000 0.7653 -0.6436 0.0000 0.0390 0.0541 0.9978 0.0390 0.0541 0.9978 0.0390 0.0541 0.9978 0.0390 0.0541 0.9978 0.0390 0.0541 0.9978 0.0390 0.0541 0.9978 0.8117 -0.5840 0.0000 0.8117 -0.5840 0.0000 0.8117 -0.5840 0.0000 0.8117 -0.5840 0.0000 0.8117 -0.5840 0.0000 0.8117 -0.5840 0.0000 0.0355 0.0518 0.9980 0.0355 0.0518 0.9980 0.0355 0.0518 0.9980 0.0355 0.0518 0.9980 0.0355 0.0518 0.9980 0.0355 0.0518 0.9980 0.8247 -0.5655 0.0000 0.8247 -0.5655 0.0000 0.8247 -0.5655 0.0000 0.8247 -0.5655 0.0000 0.8247 -0.5655 0.0000 0.8247 -0.5655 0.0000 0.0364 0.0476 0.9982 0.0364 0.0476 0.9982 0.0364 0.0476 0.9982 0.0364 0.0476 0.9982 0.0364 0.0476 0.9982 0.0364 0.0476 0.9982 0.7947 -0.6070 0.0000 0.7947 -0.6070 0.0000 0.7947 -0.6070 0.0000 0.7947 -0.6070 0.0000 0.7947 -0.6070 0.0000 0.7947 -0.6070 0.0000 0.0363 0.0439 0.9984 0.0363 0.0439 0.9984 0.0363 0.0439 0.9984 0.0363 0.0439 0.9984 0.0363 0.0439 0.9984 0.0363 0.0439 0.9984 0.7704 -0.6376 0.0000 0.7704 -0.6376 0.0000 0.7704 -0.6376 0.0000 0.7704 -0.6376 0.0000 0.7704 -0.6376 0.0000 0.7704 -0.6376 0.0000 0.0355 0.0406 0.9985 0.0355 0.0406 0.9985 0.0355 0.0406 0.9985 0.0355 0.0406 0.9985 0.0355 0.0406 0.9985 0.0355 0.0406 0.9985 0.7526 -0.6584 0.0000 0.7526 -0.6584 0.0000 0.7526 -0.6584 0.0000 0.7526 -0.6584 0.0000 0.7526 -0.6584 0.0000 0.7526 -0.6584 0.0000 0.0341 0.0377 0.9987 0.0341 0.0377 0.9987 0.0341 0.0377 0.9987 0.0341 0.0377 0.9987 0.0341 0.0377 0.9987 0.0341 0.0377 0.9987 0.7418 -0.6706 0.0000 0.7418 -0.6706 0.0000 0.7418 -0.6706 0.0000 0.7418 -0.6706 0.0000 0.7418 -0.6706 0.0000 0.7418 -0.6706 0.0000 0.0321 0.0351 0.9989 0.0321 0.0351 0.9989 0.0321 0.0351 0.9989 0.0321 0.0351 0.9989 0.0321 0.0351 0.9989 0.0321 0.0351 0.9989 0.7376 -0.6752 0.0000 0.7376 -0.6752 0.0000 0.7376 -0.6752 0.0000 0.7376 -0.6752 0.0000 0.7376 -0.6752 0.0000 0.7376 -0.6752 0.0000 0.0297 0.0326 0.9990 0.0297 0.0326 0.9990 0.0297 0.0326 0.9990 0.0297 0.0326 0.9990 0.0297 0.0326 0.9990 0.0297 0.0326 0.9990 0.7397 -0.6730 0.0000 0.7397 -0.6730 0.0000 0.7397 -0.6730 0.0000 0.7397 -0.6730 0.0000 0.7397 -0.6730 0.0000 0.7397 -0.6730 0.0000 0.0270 0.0303 0.9992 0.0270 0.0303 0.9992 0.0270 0.0303 0.9992 0.0270 0.0303 0.9992 0.0270 0.0303 0.9992 0.0270 0.0303 0.9992 0.7472 -0.6645 0.0000 0.7472 -0.6645 0.0000 0.7472 -0.6645 0.0000 0.7472 -0.6645 0.0000 0.7472 -0.6645 0.0000 0.7472 -0.6645 0.0000 0.0240 0.0281 0.9993 0.0240 0.0281 0.9993 0.0240 0.0281 0.9993 0.0240 0.0281 0.9993 0.0240 0.0281 0.9993 0.0240 0.0281 0.9993 0.7596 -0.6504 0.0000 0.7596 -0.6504 0.0000 0.7596 -0.6504 0.0000 0.7596 -0.6504 0.0000 0.7596 -0.6504 0.0000 0.7596 -0.6504 0.0000 0.0209 0.0257 0.9994 0.0209 0.0257 0.9994 0.0209 0.0257 0.9994 0.0209 0.0257 0.9994 0.0209 0.0257 0.9994 0.0209 0.0257 0.9994 0.7757 -0.6311 0.0000 0.7757 -0.6311 0.0000 0.7757 -0.6311 0.0000 0.7757 -0.6311 0.0000 0.7757 -0.6311 0.0000 0.7757 -0.6311 0.0000 0.0177 0.0232 0.9996 0.0177 0.0232 0.9996 0.0177 0.0232 0.9996 0.0177 0.0232 0.9996 0.0177 0.0232 0.9996 0.0177 0.0232 0.9996 0.7947 -0.6070 0.0000 0.7947 -0.6070 0.0000 0.7947 -0.6070 0.0000 0.7947 -0.6070 0.0000 0.7947 -0.6070 0.0000 0.7947 -0.6070 0.0000 0.0145 0.0205 0.9997 0.0145 0.0205 0.9997 0.0145 0.0205 0.9997 0.0145 0.0205 0.9997 0.0145 0.0205 0.9997 0.0145 0.0205 0.9997 0.8157 -0.5785 0.0000 0.8157 -0.5785 0.0000 0.8157 -0.5785 0.0000 0.8157 -0.5785 0.0000 0.8157 -0.5785 0.0000 0.8157 -0.5785 0.0000 0.0113 0.0174 0.9998 0.0113 0.0174 0.9998 0.0113 0.0174 0.9998 0.0113 0.0174 0.9998 0.0113 0.0174 0.9998 0.0113 0.0174 0.9998 0.8377 -0.5461 0.0000 0.8377 -0.5461 0.0000 0.8377 -0.5461 0.0000 0.8377 -0.5461 0.0000 0.8377 -0.5461 0.0000 0.8377 -0.5461 0.0000 0.0086 0.0148 0.9999 0.0086 0.0148 0.9999 0.0086 0.0148 0.9999 0.0086 0.0148 0.9999 0.0086 0.0148 0.9999 0.0086 0.0148 0.9999 0.8635 -0.5044 0.0000 0.8635 -0.5044 0.0000 0.8635 -0.5044 0.0000 0.8635 -0.5044 0.0000 0.8635 -0.5044 0.0000 0.8635 -0.5044 0.0000 0.0065 0.0125 0.9999 0.0065 0.0125 0.9999 0.0065 0.0125 0.9999 0.0065 0.0125 0.9999 0.0065 0.0125 0.9999 0.0065 0.0125 0.9999 0.8876 -0.4606 0.0000 0.8876 -0.4606 0.0000 0.8876 -0.4606 0.0000 0.8876 -0.4606 0.0000 0.8876 -0.4606 0.0000 0.8876 -0.4606 0.0000 0.0047 0.0099 0.9999 0.0047 0.0099 0.9999 0.0047 0.0099 0.9999 0.0047 0.0099 0.9999 0.0047 0.0099 0.9999 0.0047 0.0099 0.9999 0.9054 -0.4245 0.0000 0.9054 -0.4245 0.0000 0.9054 -0.4245 0.0000 0.9054 -0.4245 0.0000 0.9054 -0.4245 0.0000 0.9054 -0.4245 0.0000 0.0031 0.0071 1.0000 0.0031 0.0071 1.0000 0.0031 0.0071 1.0000 0.0031 0.0071 1.0000 0.0031 0.0071 1.0000 0.0031 0.0071 1.0000 0.9182 -0.3961 0.0000 0.9182 -0.3961 0.0000 0.9182 -0.3961 0.0000 0.9182 -0.3961 0.0000 0.9182 -0.3961 0.0000 0.9182 -0.3961 0.0000 0.0017 0.0042 1.0000 0.0017 0.0042 1.0000 0.0017 0.0042 1.0000 0.0017 0.0042 1.0000 0.0017 0.0042 1.0000 0.0017 0.0042 1.0000 0.9271 -0.3749 0.0000 0.9271 -0.3749 0.0000 0.9271 -0.3749 0.0000 0.9271 -0.3749 0.0000 0.9271 -0.3749 0.0000 0.9271 -0.3749 0.0000 0.0004 0.0011 1.0000 0.0004 0.0011 1.0000 0.0004 0.0011 1.0000 0.0004 0.0011 1.0000 0.0004 0.0011 1.0000 0.0004 0.0011 1.0000 0.9327 -0.3606 0.0000 0.9327 -0.3606 0.0000 0.9327 -0.3606 0.0000 0.9327 -0.3606 0.0000 0.9327 -0.3606 0.0000 0.9327 -0.3606 0.0000 -0.0008 -0.0021 1.0000 -0.0008 -0.0021 1.0000 -0.0008 -0.0021 1.0000 -0.0008 -0.0021 1.0000 -0.0008 -0.0021 1.0000 -0.0008 -0.0021 1.0000 0.9358 -0.3526 0.0000 0.9358 -0.3526 0.0000 0.9358 -0.3526 0.0000 0.9358 -0.3526 0.0000 0.9358 -0.3526 0.0000 0.9358 -0.3526 0.0000 -0.0020 -0.0054 1.0000 -0.0020 -0.0054 1.0000 -0.0020 -0.0054 1.0000 -0.0020 -0.0054 1.0000 -0.0020 -0.0054 1.0000 -0.0020 -0.0054 1.0000 0.9365 -0.3507 0.0000 0.9365 -0.3507 0.0000 0.9365 -0.3507 0.0000 0.9365 -0.3507 0.0000 0.9365 -0.3507 0.0000 0.9365 -0.3507 0.0000 -0.0033 -0.0087 1.0000 -0.0033 -0.0087 1.0000 -0.0033 -0.0087 1.0000 -0.0033 -0.0087 1.0000 -0.0033 -0.0087 1.0000 -0.0033 -0.0087 1.0000 0.9350 -0.3545 0.0000 0.9350 -0.3545 0.0000 0.9350 -0.3545 0.0000 0.9350 -0.3545 0.0000 0.9350 -0.3545 0.0000 0.9350 -0.3545 0.0000 -0.0047 -0.0120 0.9999 -0.0047 -0.0120 0.9999 -0.0047 -0.0120 0.9999 -0.0047 -0.0120 0.9999 -0.0047 -0.0120 0.9999 -0.0047 -0.0120 0.9999 0.9315 -0.3637 0.0000 0.9315 -0.3637 0.0000 0.9315 -0.3637 0.0000 0.9315 -0.3637 0.0000 0.9315 -0.3637 0.0000 0.9315 -0.3637 0.0000 -0.0063 -0.0154 0.9999 -0.0063 -0.0154 0.9999 -0.0063 -0.0154 0.9999 -0.0063 -0.0154 0.9999 -0.0063 -0.0154 0.9999 -0.0063 -0.0154 0.9999 0.9258 -0.3781 0.0000 0.9258 -0.3781 0.0000 0.9258 -0.3781 0.0000 0.9258 -0.3781 0.0000 0.9258 -0.3781 0.0000 0.9258 -0.3781 0.0000 -0.0081 -0.0186 0.9998 -0.0081 -0.0186 0.9998 -0.0081 -0.0186 0.9998 -0.0081 -0.0186 0.9998 -0.0081 -0.0186 0.9998 -0.0081 -0.0186 0.9998 0.9177 -0.3974 0.0000 0.9177 -0.3974 0.0000 0.9177 -0.3974 0.0000 0.9177 -0.3974 0.0000 0.9177 -0.3974 0.0000 0.9177 -0.3974 0.0000 -0.0101 -0.0218 0.9997 -0.0101 -0.0218 0.9997 -0.0101 -0.0218 0.9997 -0.0101 -0.0218 0.9997 -0.0101 -0.0218 0.9997 -0.0101 -0.0218 0.9997 0.9069 -0.4213 0.0000 0.9069 -0.4213 0.0000 0.9069 -0.4213 0.0000 0.9069 -0.4213 0.0000 0.9069 -0.4213 0.0000 0.9069 -0.4213 0.0000 -0.0125 -0.0249 0.9996 -0.0125 -0.0249 0.9996 -0.0125 -0.0249 0.9996 -0.0125 -0.0249 0.9996 -0.0125 -0.0249 0.9996 -0.0125 -0.0249 0.9996 0.8932 -0.4497 0.0000 0.8932 -0.4497 0.0000 0.8932 -0.4497 0.0000 0.8932 -0.4497 0.0000 0.8932 -0.4497 0.0000 0.8932 -0.4497 0.0000 -0.0153 -0.0277 0.9995 -0.0153 -0.0277 0.9995 -0.0153 -0.0277 0.9995 -0.0153 -0.0277 0.9995 -0.0153 -0.0277 0.9995 -0.0153 -0.0277 0.9995 0.8761 -0.4820 0.0000 0.8761 -0.4820 0.0000 0.8761 -0.4820 0.0000 0.8761 -0.4820 0.0000 0.8761 -0.4820 0.0000 0.8761 -0.4820 0.0000 -0.0184 -0.0304 0.9994 -0.0184 -0.0304 0.9994 -0.0184 -0.0304 0.9994 -0.0184 -0.0304 0.9994 -0.0184 -0.0304 0.9994 -0.0184 -0.0304 0.9994 0.8554 -0.5180 0.0000 0.8554 -0.5180 0.0000 0.8554 -0.5180 0.0000 0.8554 -0.5180 0.0000 0.8554 -0.5180 0.0000 0.8554 -0.5180 0.0000 -0.0220 -0.0327 0.9992 -0.0220 -0.0327 0.9992 -0.0220 -0.0327 0.9992 -0.0220 -0.0327 0.9992 -0.0220 -0.0327 0.9992 -0.0220 -0.0327 0.9992 0.8305 -0.5571 0.0000 0.8305 -0.5571 0.0000 0.8305 -0.5571 0.0000 0.8305 -0.5571 0.0000 0.8305 -0.5571 0.0000 0.8305 -0.5571 0.0000 -0.0259 -0.0347 0.9991 -0.0259 -0.0347 0.9991 -0.0259 -0.0347 0.9991 -0.0259 -0.0347 0.9991 -0.0259 -0.0347 0.9991 -0.0259 -0.0347 0.9991 0.8011 -0.5985 0.0000 0.8011 -0.5985 0.0000 0.8011 -0.5985 0.0000 0.8011 -0.5985 0.0000 0.8011 -0.5985 0.0000 0.8011 -0.5985 0.0000 -0.0304 -0.0363 0.9989 -0.0304 -0.0363 0.9989 -0.0304 -0.0363 0.9989 -0.0304 -0.0363 0.9989 -0.0304 -0.0363 0.9989 -0.0304 -0.0363 0.9989 0.7672 -0.6414 0.0000 0.7672 -0.6414 0.0000 0.7672 -0.6414 0.0000 0.7672 -0.6414 0.0000 0.7672 -0.6414 0.0000 0.7672 -0.6414 0.0000 -0.0353 -0.0375 0.9987 -0.0353 -0.0375 0.9987 -0.0353 -0.0375 0.9987 -0.0353 -0.0375 0.9987 -0.0353 -0.0375 0.9987 -0.0353 -0.0375 0.9987 0.7285 -0.6850 0.0000 0.7285 -0.6850 0.0000 0.7285 -0.6850 0.0000 0.7285 -0.6850 0.0000 0.7285 -0.6850 0.0000 0.7285 -0.6850 0.0000 -0.0397 -0.0381 0.9985 -0.0397 -0.0381 0.9985 -0.0397 -0.0381 0.9985 -0.0397 -0.0381 0.9985 -0.0397 -0.0381 0.9985 -0.0397 -0.0381 0.9985 0.6927 -0.7213 0.0000 0.6927 -0.7213 0.0000 0.6927 -0.7213 0.0000 0.6927 -0.7213 0.0000 0.6927 -0.7213 0.0000 0.6927 -0.7213 0.0000 -0.0433 -0.0387 0.9983 -0.0433 -0.0387 0.9983 -0.0433 -0.0387 0.9983 -0.0433 -0.0387 0.9983 -0.0433 -0.0387 0.9983 -0.0433 -0.0387 0.9983 0.6657 -0.7462 0.0000 0.6657 -0.7462 0.0000 0.6657 -0.7462 0.0000 0.6657 -0.7462 0.0000 0.6657 -0.7462 0.0000 0.6657 -0.7462 0.0000 -0.0470 -0.0394 0.9981 -0.0470 -0.0394 0.9981 -0.0470 -0.0394 0.9981 -0.0470 -0.0394 0.9981 -0.0470 -0.0394 0.9981 -0.0470 -0.0394 0.9981 0.6424 -0.7663 0.0000 0.6424 -0.7663 0.0000 0.6424 -0.7663 0.0000 0.6424 -0.7663 0.0000 0.6424 -0.7663 0.0000 0.6424 -0.7663 0.0000 -0.0507 -0.0403 0.9979 -0.0507 -0.0403 0.9979 -0.0507 -0.0403 0.9979 -0.0507 -0.0403 0.9979 -0.0507 -0.0403 0.9979 -0.0507 -0.0403 0.9979 0.6222 -0.7828 0.0000 0.6222 -0.7828 0.0000 0.6222 -0.7828 0.0000 0.6222 -0.7828 0.0000 0.6222 -0.7828 0.0000 0.6222 -0.7828 0.0000 -0.0544 -0.0413 0.9977 -0.0544 -0.0413 0.9977 -0.0544 -0.0413 0.9977 -0.0544 -0.0413 0.9977 -0.0544 -0.0413 0.9977 -0.0544 -0.0413 0.9977 0.6046 -0.7965 0.0000 0.6046 -0.7965 0.0000 0.6046 -0.7965 0.0000 0.6046 -0.7965 0.0000 0.6046 -0.7965 0.0000 0.6046 -0.7965 0.0000 -0.0581 -0.0424 0.9974 -0.0581 -0.0424 0.9974 -0.0581 -0.0424 0.9974 -0.0581 -0.0424 0.9974 -0.0581 -0.0424 0.9974 -0.0581 -0.0424 0.9974 0.5892 -0.8080 0.0000 0.5892 -0.8080 0.0000 0.5892 -0.8080 0.0000 0.5892 -0.8080 0.0000 0.5892 -0.8080 0.0000 0.5892 -0.8080 0.0000 -0.0619 -0.0436 0.9971 -0.0619 -0.0436 0.9971 -0.0619 -0.0436 0.9971 -0.0619 -0.0436 0.9971 -0.0619 -0.0436 0.9971 -0.0619 -0.0436 0.9971 0.5756 -0.8177 0.0000 0.5756 -0.8177 0.0000 0.5756 -0.8177 0.0000 0.5756 -0.8177 0.0000 0.5756 -0.8177 0.0000 0.5756 -0.8177 0.0000 -0.0657 -0.0449 0.9968 -0.0657 -0.0449 0.9968 -0.0657 -0.0449 0.9968 -0.0657 -0.0449 0.9968 -0.0657 -0.0449 0.9968 -0.0657 -0.0449 0.9968 0.5636 -0.8261 0.0000 0.5636 -0.8261 0.0000 0.5636 -0.8261 0.0000 0.5636 -0.8261 0.0000 0.5636 -0.8261 0.0000 0.5636 -0.8261 0.0000 -0.0696 -0.0462 0.9965 -0.0696 -0.0462 0.9965 -0.0696 -0.0462 0.9965 -0.0696 -0.0462 0.9965 -0.0696 -0.0462 0.9965 -0.0696 -0.0462 0.9965 0.5530 -0.8332 0.0000 0.5530 -0.8332 0.0000 0.5530 -0.8332 0.0000 0.5530 -0.8332 0.0000 0.5530 -0.8332 0.0000 0.5530 -0.8332 0.0000 -0.0735 -0.0476 0.9962 -0.0735 -0.0476 0.9962 -0.0735 -0.0476 0.9962 -0.0735 -0.0476 0.9962 -0.0735 -0.0476 0.9962 -0.0735 -0.0476 0.9962 0.5436 -0.8394 0.0000 0.5436 -0.8394 0.0000 0.5436 -0.8394 0.0000 0.5436 -0.8394 0.0000 0.5436 -0.8394 0.0000 0.5436 -0.8394 0.0000 -0.0774 -0.0490 0.9958 -0.0774 -0.0490 0.9958 -0.0774 -0.0490 0.9958 -0.0774 -0.0490 0.9958 -0.0774 -0.0490 0.9958 -0.0774 -0.0490 0.9958 0.5352 -0.8447 0.0000 0.5352 -0.8447 0.0000 0.5352 -0.8447 0.0000 0.5352 -0.8447 0.0000 0.5352 -0.8447 0.0000 0.5352 -0.8447 0.0000 -0.0813 -0.0505 0.9954 -0.0813 -0.0505 0.9954 -0.0813 -0.0505 0.9954 -0.0813 -0.0505 0.9954 -0.0813 -0.0505 0.9954 -0.0813 -0.0505 0.9954 0.5278 -0.8493 0.0000 0.5278 -0.8493 0.0000 0.5278 -0.8493 0.0000 0.5278 -0.8493 0.0000 0.5278 -0.8493 0.0000 0.5278 -0.8493 0.0000 -0.0851 -0.0520 0.9950 -0.0851 -0.0520 0.9950 -0.0851 -0.0520 0.9950 -0.0851 -0.0520 0.9950 -0.0851 -0.0520 0.9950 -0.0851 -0.0520 0.9950 0.5213 -0.8534 0.0000 0.5213 -0.8534 0.0000 0.5213 -0.8534 0.0000 0.5213 -0.8534 0.0000 0.5213 -0.8534 0.0000 0.5213 -0.8534 0.0000 -0.0890 -0.0535 0.9946 -0.0890 -0.0535 0.9946 -0.0890 -0.0535 0.9946 -0.0890 -0.0535 0.9946 -0.0890 -0.0535 0.9946 -0.0890 -0.0535 0.9946 0.5155 -0.8569 0.0000 0.5155 -0.8569 0.0000 0.5155 -0.8569 0.0000 0.5155 -0.8569 0.0000 0.5155 -0.8569 0.0000 0.5155 -0.8569 0.0000 -0.0928 -0.0551 0.9942 -0.0928 -0.0551 0.9942 -0.0928 -0.0551 0.9942 -0.0928 -0.0551 0.9942 -0.0928 -0.0551 0.9942 -0.0928 -0.0551 0.9942 0.5105 -0.8599 0.0000 0.5105 -0.8599 0.0000 0.5105 -0.8599 0.0000 0.5105 -0.8599 0.0000 0.5105 -0.8599 0.0000 0.5105 -0.8599 0.0000 -0.0965 -0.0566 0.9937 -0.0965 -0.0566 0.9937 -0.0965 -0.0566 0.9937 -0.0965 -0.0566 0.9937 -0.0965 -0.0566 0.9937 -0.0965 -0.0566 0.9937 0.5061 -0.8625 0.0000 0.5061 -0.8625 0.0000 0.5061 -0.8625 0.0000 0.5061 -0.8625 0.0000 0.5061 -0.8625 0.0000 0.5061 -0.8625 0.0000 -0.1002 -0.0582 0.9933 -0.1002 -0.0582 0.9933 -0.1002 -0.0582 0.9933 -0.1002 -0.0582 0.9933 -0.1002 -0.0582 0.9933 -0.1002 -0.0582 0.9933 0.5024 -0.8646 0.0000 0.5024 -0.8646 0.0000 0.5024 -0.8646 0.0000 0.5024 -0.8646 0.0000 0.5024 -0.8646 0.0000 0.5024 -0.8646 0.0000 -0.1038 -0.0598 0.9928 -0.1038 -0.0598 0.9928 -0.1038 -0.0598 0.9928 -0.1038 -0.0598 0.9928 -0.1038 -0.0598 0.9928 -0.1038 -0.0598 0.9928 0.4993 -0.8664 0.0000 0.4993 -0.8664 0.0000 0.4993 -0.8664 0.0000 0.4993 -0.8664 0.0000 0.4993 -0.8664 0.0000 0.4993 -0.8664 0.0000 -0.1072 -0.0614 0.9923 -0.1072 -0.0614 0.9923 -0.1072 -0.0614 0.9923 -0.1072 -0.0614 0.9923 -0.1072 -0.0614 0.9923 -0.1072 -0.0614 0.9923 0.4969 -0.8678 0.0000 0.4969 -0.8678 0.0000 0.4969 -0.8678 0.0000 0.4969 -0.8678 0.0000 0.4969 -0.8678 0.0000 0.4969 -0.8678 0.0000 -0.1105 -0.0630 0.9919 -0.1105 -0.0630 0.9919 -0.1105 -0.0630 0.9919 -0.1105 -0.0630 0.9919 -0.1105 -0.0630 0.9919 -0.1105 -0.0630 0.9919 0.4952 -0.8688 0.0000 0.4952 -0.8688 0.0000 0.4952 -0.8688 0.0000 0.4952 -0.8688 0.0000 0.4952 -0.8688 0.0000 0.4952 -0.8688 0.0000 -0.1137 -0.0646 0.9914 -0.1137 -0.0646 0.9914 -0.1137 -0.0646 0.9914 -0.1137 -0.0646 0.9914 -0.1137 -0.0646 0.9914 -0.1137 -0.0646 0.9914 0.4941 -0.8694 0.0000 0.4941 -0.8694 0.0000 0.4941 -0.8694 0.0000 0.4941 -0.8694 0.0000 0.4941 -0.8694 0.0000 0.4941 -0.8694 0.0000 -0.1167 -0.0663 0.9910 -0.1167 -0.0663 0.9910 -0.1167 -0.0663 0.9910 -0.1167 -0.0663 0.9910 -0.1167 -0.0663 0.9910 -0.1167 -0.0663 0.9910 0.4938 -0.8696 0.0000 0.4938 -0.8696 0.0000 0.4938 -0.8696 0.0000 0.4938 -0.8696 0.0000 0.4938 -0.8696 0.0000 0.4938 -0.8696 0.0000 -0.1195 -0.0680 0.9905 -0.1195 -0.0680 0.9905 -0.1195 -0.0680 0.9905 -0.1195 -0.0680 0.9905 -0.1195 -0.0680 0.9905 -0.1195 -0.0680 0.9905 0.4944 -0.8692 0.0000 0.4944 -0.8692 0.0000 0.4944 -0.8692 0.0000 0.4944 -0.8692 0.0000 0.4944 -0.8692 0.0000 0.4944 -0.8692 0.0000 -0.1221 -0.0697 0.9901 -0.1221 -0.0697 0.9901 -0.1221 -0.0697 0.9901 -0.1221 -0.0697 0.9901 -0.1221 -0.0697 0.9901 -0.1221 -0.0697 0.9901 0.4960 -0.8683 0.0000 0.4960 -0.8683 0.0000 0.4960 -0.8683 0.0000 0.4960 -0.8683 0.0000 0.4960 -0.8683 0.0000 0.4960 -0.8683 0.0000 -0.1243 -0.0716 0.9897 -0.1243 -0.0716 0.9897 -0.1243 -0.0716 0.9897 -0.1243 -0.0716 0.9897 -0.1243 -0.0716 0.9897 -0.1243 -0.0716 0.9897 0.4989 -0.8667 0.0000 0.4989 -0.8667 0.0000 0.4989 -0.8667 0.0000 0.4989 -0.8667 0.0000 0.4989 -0.8667 0.0000 0.4989 -0.8667 0.0000 -0.1263 -0.0736 0.9893 -0.1263 -0.0736 0.9893 -0.1263 -0.0736 0.9893 -0.1263 -0.0736 0.9893 -0.1263 -0.0736 0.9893 -0.1263 -0.0736 0.9893 0.5033 -0.8641 0.0000 0.5033 -0.8641 0.0000 0.5033 -0.8641 0.0000 0.5033 -0.8641 0.0000 0.5033 -0.8641 0.0000 0.5033 -0.8641 0.0000 -0.1279 -0.0758 0.9889 -0.1279 -0.0758 0.9889 -0.1279 -0.0758 0.9889 -0.1279 -0.0758 0.9889 -0.1279 -0.0758 0.9889 -0.1279 -0.0758 0.9889 0.5098 -0.8603 0.0000 0.5098 -0.8603 0.0000 0.5098 -0.8603 0.0000 0.5098 -0.8603 0.0000 0.5098 -0.8603 0.0000 0.5098 -0.8603 0.0000 -0.1290 -0.0784 0.9885 -0.1290 -0.0784 0.9885 -0.1290 -0.0784 0.9885 -0.1290 -0.0784 0.9885 -0.1290 -0.0784 0.9885 -0.1290 -0.0784 0.9885 0.5193 -0.8546 0.0000 0.5193 -0.8546 0.0000 0.5193 -0.8546 0.0000 0.5193 -0.8546 0.0000 0.5193 -0.8546 0.0000 0.5193 -0.8546 0.0000 -0.1292 -0.0814 0.9883 -0.1292 -0.0814 0.9883 -0.1292 -0.0814 0.9883 -0.1292 -0.0814 0.9883 -0.1292 -0.0814 0.9883 -0.1292 -0.0814 0.9883 0.5330 -0.8461 0.0000 0.5330 -0.8461 0.0000 0.5330 -0.8461 0.0000 0.5330 -0.8461 0.0000 0.5330 -0.8461 0.0000 0.5330 -0.8461 0.0000 -0.0905 0.1304 0.9873 -0.0905 0.1304 0.9873 -0.0905 0.1304 0.9873 -0.0905 0.1304 0.9873 -0.0905 0.1304 0.9873 -0.0905 0.1304 0.9873 0.8214 0.5703 0.0000 0.8214 0.5703 0.0000 0.8214 0.5703 0.0000 0.8214 0.5703 0.0000 0.8214 0.5703 0.0000 0.8214 0.5703 0.0000 -0.0920 0.1267 0.9877 -0.0920 0.1267 0.9877 -0.0920 0.1267 0.9877 -0.0920 0.1267 0.9877 -0.0920 0.1267 0.9877 -0.0920 0.1267 0.9877 0.8092 0.5875 0.0000 0.8092 0.5875 0.0000 0.8092 0.5875 0.0000 0.8092 0.5875 0.0000 0.8092 0.5875 0.0000 0.8092 0.5875 0.0000 -0.0919 0.1236 0.9881 -0.0919 0.1236 0.9881 -0.0919 0.1236 0.9881 -0.0919 0.1236 0.9881 -0.0919 0.1236 0.9881 -0.0919 0.1236 0.9881 0.8025 0.5967 0.0000 0.8025 0.5967 0.0000 0.8025 0.5967 0.0000 0.8025 0.5967 0.0000 0.8025 0.5967 0.0000 0.8025 0.5967 0.0000 -0.0910 0.1208 0.9885 -0.0910 0.1208 0.9885 -0.0910 0.1208 0.9885 -0.0910 0.1208 0.9885 -0.0910 0.1208 0.9885 -0.0910 0.1208 0.9885 0.7988 0.6016 0.0000 0.7988 0.6016 0.0000 0.7988 0.6016 0.0000 0.7988 0.6016 0.0000 0.7988 0.6016 0.0000 0.7988 0.6016 0.0000 -0.0893 0.1180 0.9890 -0.0893 0.1180 0.9890 -0.0893 0.1180 0.9890 -0.0893 0.1180 0.9890 -0.0893 0.1180 0.9890 -0.0893 0.1180 0.9890 0.7973 0.6036 0.0000 0.7973 0.6036 0.0000 0.7973 0.6036 0.0000 0.7973 0.6036 0.0000 0.7973 0.6036 0.0000 0.7973 0.6036 0.0000 -0.0872 0.1152 0.9895 -0.0872 0.1152 0.9895 -0.0872 0.1152 0.9895 -0.0872 0.1152 0.9895 -0.0872 0.1152 0.9895 -0.0872 0.1152 0.9895 0.7972 0.6037 0.0000 0.7972 0.6037 0.0000 0.7972 0.6037 0.0000 0.7972 0.6037 0.0000 0.7972 0.6037 0.0000 0.7972 0.6037 0.0000 -0.0848 0.1124 0.9900 -0.0848 0.1124 0.9900 -0.0848 0.1124 0.9900 -0.0848 0.1124 0.9900 -0.0848 0.1124 0.9900 -0.0848 0.1124 0.9900 0.7984 0.6021 0.0000 0.7984 0.6021 0.0000 0.7984 0.6021 0.0000 0.7984 0.6021 0.0000 0.7984 0.6021 0.0000 0.7984 0.6021 0.0000 -0.0820 0.1097 0.9906 -0.0820 0.1097 0.9906 -0.0820 0.1097 0.9906 -0.0820 0.1097 0.9906 -0.0820 0.1097 0.9906 -0.0820 0.1097 0.9906 0.8007 0.5990 0.0000 0.8007 0.5990 0.0000 0.8007 0.5990 0.0000 0.8007 0.5990 0.0000 0.8007 0.5990 0.0000 0.8007 0.5990 0.0000 -0.0790 0.1069 0.9911 -0.0790 0.1069 0.9911 -0.0790 0.1069 0.9911 -0.0790 0.1069 0.9911 -0.0790 0.1069 0.9911 -0.0790 0.1069 0.9911 0.8041 0.5945 0.0000 0.8041 0.5945 0.0000 0.8041 0.5945 0.0000 0.8041 0.5945 0.0000 0.8041 0.5945 0.0000 0.8041 0.5945 0.0000 -0.0758 0.1042 0.9917 -0.0758 0.1042 0.9917 -0.0758 0.1042 0.9917 -0.0758 0.1042 0.9917 -0.0758 0.1042 0.9917 -0.0758 0.1042 0.9917 0.8085 0.5885 0.0000 0.8085 0.5885 0.0000 0.8085 0.5885 0.0000 0.8085 0.5885 0.0000 0.8085 0.5885 0.0000 0.8085 0.5885 0.0000 -0.0725 0.1016 0.9922 -0.0725 0.1016 0.9922 -0.0725 0.1016 0.9922 -0.0725 0.1016 0.9922 -0.0725 0.1016 0.9922 -0.0725 0.1016 0.9922 0.8140 0.5808 0.0000 0.8140 0.5808 0.0000 0.8140 0.5808 0.0000 0.8140 0.5808 0.0000 0.8140 0.5808 0.0000 0.8140 0.5808 0.0000 -0.0689 0.0991 0.9927 -0.0689 0.0991 0.9927 -0.0689 0.0991 0.9927 -0.0689 0.0991 0.9927 -0.0689 0.0991 0.9927 -0.0689 0.0991 0.9927 0.8209 0.5710 0.0000 0.8209 0.5710 0.0000 0.8209 0.5710 0.0000 0.8209 0.5710 0.0000 0.8209 0.5710 0.0000 0.8209 0.5710 0.0000 -0.0652 0.0968 0.9932 -0.0652 0.0968 0.9932 -0.0652 0.0968 0.9932 -0.0652 0.0968 0.9932 -0.0652 0.0968 0.9932 -0.0652 0.0968 0.9932 0.8293 0.5588 0.0000 0.8293 0.5588 0.0000 0.8293 0.5588 0.0000 0.8293 0.5588 0.0000 0.8293 0.5588 0.0000 0.8293 0.5588 0.0000 -0.0613 0.0947 0.9936 -0.0613 0.0947 0.9936 -0.0613 0.0947 0.9936 -0.0613 0.0947 0.9936 -0.0613 0.0947 0.9936 -0.0613 0.0947 0.9936 0.8396 0.5432 0.0000 0.8396 0.5432 0.0000 0.8396 0.5432 0.0000 0.8396 0.5432 0.0000 0.8396 0.5432 0.0000 0.8396 0.5432 0.0000 -0.0571 0.0930 0.9940 -0.0571 0.0930 0.9940 -0.0571 0.0930 0.9940 -0.0571 0.0930 0.9940 -0.0571 0.0930 0.9940 -0.0571 0.0930 0.9940 0.8522 0.5232 0.0000 0.8522 0.5232 0.0000 0.8522 0.5232 0.0000 0.8522 0.5232 0.0000 0.8522 0.5232 0.0000 0.8522 0.5232 0.0000 -0.0525 0.0916 0.9944 -0.0525 0.0916 0.9944 -0.0525 0.0916 0.9944 -0.0525 0.0916 0.9944 -0.0525 0.0916 0.9944 -0.0525 0.0916 0.9944 0.8677 0.4970 0.0000 0.8677 0.4970 0.0000 0.8677 0.4970 0.0000 0.8677 0.4970 0.0000 0.8677 0.4970 0.0000 0.8677 0.4970 0.0000 -0.0473 0.0908 0.9947 -0.0473 0.0908 0.9947 -0.0473 0.0908 0.9947 -0.0473 0.0908 0.9947 -0.0473 0.0908 0.9947 -0.0473 0.0908 0.9947 0.8871 0.4617 0.0000 0.8871 0.4617 0.0000 0.8871 0.4617 0.0000 0.8871 0.4617 0.0000 0.8871 0.4617 0.0000 0.8871 0.4617 0.0000 -0.0410 0.0906 0.9950 -0.0410 0.0906 0.9950 -0.0410 0.0906 0.9950 -0.0410 0.0906 0.9950 -0.0410 0.0906 0.9950 -0.0410 0.0906 0.9950 0.9112 0.4121 0.0000 0.9112 0.4121 0.0000 0.9112 0.4121 0.0000 0.9112 0.4121 0.0000 0.9112 0.4121 0.0000 0.9112 0.4121 0.0000 -0.0328 0.0911 0.9953 -0.0328 0.0911 0.9953 -0.0328 0.0911 0.9953 -0.0328 0.0911 0.9953 -0.0328 0.0911 0.9953 -0.0328 0.0911 0.9953 0.9408 0.3389 0.0000 0.9408 0.3389 0.0000 0.9408 0.3389 0.0000 0.9408 0.3389 0.0000 0.9408 0.3389 0.0000 0.9408 0.3389 0.0000 -0.0187 0.0914 0.9956 -0.0187 0.0914 0.9956 -0.0187 0.0914 0.9956 -0.0187 0.0914 0.9956 -0.0187 0.0914 0.9956 -0.0187 0.0914 0.9956 0.9797 0.2003 0.0000 0.9797 0.2003 0.0000 0.9797 0.2003 0.0000 0.9797 0.2003 0.0000 0.9797 0.2003 0.0000 0.9797 0.2003 0.0000 0.0024 0.0890 0.9960 0.0024 0.0890 0.9960 0.0024 0.0890 0.9960 0.0024 0.0890 0.9960 0.0024 0.0890 0.9960 0.0024 0.0890 0.9960 0.9996 -0.0274 0.0000 0.9996 -0.0274 0.0000 0.9996 -0.0274 0.0000 0.9996 -0.0274 0.0000 0.9996 -0.0274 0.0000 0.9996 -0.0274 0.0000 0.0242 0.0819 0.9963 0.0242 0.0819 0.9963 0.0242 0.0819 0.9963 0.0242 0.0819 0.9963 0.0242 0.0819 0.9963 0.0242 0.0819 0.9963 0.9590 -0.2834 0.0000 0.9590 -0.2834 0.0000 0.9590 -0.2834 0.0000 0.9590 -0.2834 0.0000 0.9590 -0.2834 0.0000 0.9590 -0.2834 0.0000 0.0403 0.0714 0.9966 0.0403 0.0714 0.9966 0.0403 0.0714 0.9966 0.0403 0.0714 0.9966 0.0403 0.0714 0.9966 0.0403 0.0714 0.9966 0.8711 -0.4912 0.0000 0.8711 -0.4912 0.0000 0.8711 -0.4912 0.0000 0.8711 -0.4912 0.0000 0.8711 -0.4912 0.0000 0.8711 -0.4912 0.0000 0.0480 0.0621 0.9969 0.0480 0.0621 0.9969 0.0480 0.0621 0.9969 0.0480 0.0621 0.9969 0.0480 0.0621 0.9969 0.0480 0.0621 0.9969 0.7910 -0.6118 0.0000 0.7910 -0.6118 0.0000 0.7910 -0.6118 0.0000 0.7910 -0.6118 0.0000 0.7910 -0.6118 0.0000 0.7910 -0.6118 0.0000 0.0491 0.0565 0.9972 0.0491 0.0565 0.9972 0.0491 0.0565 0.9972 0.0491 0.0565 0.9972 0.0491 0.0565 0.9972 0.0491 0.0565 0.9972 0.7545 -0.6563 0.0000 0.7545 -0.6563 0.0000 0.7545 -0.6563 0.0000 0.7545 -0.6563 0.0000 0.7545 -0.6563 0.0000 0.7545 -0.6563 0.0000 0.0456 0.0543 0.9975 0.0456 0.0543 0.9975 0.0456 0.0543 0.9975 0.0456 0.0543 0.9975 0.0456 0.0543 0.9975 0.0456 0.0543 0.9975 0.7654 -0.6436 0.0000 0.7654 -0.6436 0.0000 0.7654 -0.6436 0.0000 0.7654 -0.6436 0.0000 0.7654 -0.6436 0.0000 0.7654 -0.6436 0.0000 0.0389 0.0541 0.9978 0.0389 0.0541 0.9978 0.0389 0.0541 0.9978 0.0389 0.0541 0.9978 0.0389 0.0541 0.9978 0.0389 0.0541 0.9978 0.8118 -0.5840 0.0000 0.8118 -0.5840 0.0000 0.8118 -0.5840 0.0000 0.8118 -0.5840 0.0000 0.8118 -0.5840 0.0000 0.8118 -0.5840 0.0000 0.0356 0.0519 0.9980 0.0356 0.0519 0.9980 0.0356 0.0519 0.9980 0.0356 0.0519 0.9980 0.0356 0.0519 0.9980 0.0356 0.0519 0.9980 0.8248 -0.5655 0.0000 0.8248 -0.5655 0.0000 0.8248 -0.5655 0.0000 0.8248 -0.5655 0.0000 0.8248 -0.5655 0.0000 0.8248 -0.5655 0.0000 0.0365 0.0477 0.9982 0.0365 0.0477 0.9982 0.0365 0.0477 0.9982 0.0365 0.0477 0.9982 0.0365 0.0477 0.9982 0.0365 0.0477 0.9982 0.7947 -0.6070 0.0000 0.7947 -0.6070 0.0000 0.7947 -0.6070 0.0000 0.7947 -0.6070 0.0000 0.7947 -0.6070 0.0000 0.7947 -0.6070 0.0000 0.0364 0.0440 0.9984 0.0364 0.0440 0.9984 0.0364 0.0440 0.9984 0.0364 0.0440 0.9984 0.0364 0.0440 0.9984 0.0364 0.0440 0.9984 0.7704 -0.6376 0.0000 0.7704 -0.6376 0.0000 0.7704 -0.6376 0.0000 0.7704 -0.6376 0.0000 0.7704 -0.6376 0.0000 0.7704 -0.6376 0.0000 0.0355 0.0406 0.9985 0.0355 0.0406 0.9985 0.0355 0.0406 0.9985 0.0355 0.0406 0.9985 0.0355 0.0406 0.9985 0.0355 0.0406 0.9985 0.7526 -0.6584 0.0000 0.7526 -0.6584 0.0000 0.7526 -0.6584 0.0000 0.7526 -0.6584 0.0000 0.7526 -0.6584 0.0000 0.7526 -0.6584 0.0000 0.0341 0.0377 0.9987 0.0341 0.0377 0.9987 0.0341 0.0377 0.9987 0.0341 0.0377 0.9987 0.0341 0.0377 0.9987 0.0341 0.0377 0.9987 0.7418 -0.6706 0.0000 0.7418 -0.6706 0.0000 0.7418 -0.6706 0.0000 0.7418 -0.6706 0.0000 0.7418 -0.6706 0.0000 0.7418 -0.6706 0.0000 0.0321 0.0350 0.9989 0.0321 0.0350 0.9989 0.0321 0.0350 0.9989 0.0321 0.0350 0.9989 0.0321 0.0350 0.9989 0.0321 0.0350 0.9989 0.7376 -0.6752 0.0000 0.7376 -0.6752 0.0000 0.7376 -0.6752 0.0000 0.7376 -0.6752 0.0000 0.7376 -0.6752 0.0000 0.7376 -0.6752 0.0000 0.0297 0.0326 0.9990 0.0297 0.0326 0.9990 0.0297 0.0326 0.9990 0.0297 0.0326 0.9990 0.0297 0.0326 0.9990 0.0297 0.0326 0.9990 0.7397 -0.6730 0.0000 0.7397 -0.6730 0.0000 0.7397 -0.6730 0.0000 0.7397 -0.6730 0.0000 0.7397 -0.6730 0.0000 0.7397 -0.6730 0.0000 0.0270 0.0303 0.9992 0.0270 0.0303 0.9992 0.0270 0.0303 0.9992 0.0270 0.0303 0.9992 0.0270 0.0303 0.9992 0.0270 0.0303 0.9992 0.7473 -0.6645 0.0000 0.7473 -0.6645 0.0000 0.7473 -0.6645 0.0000 0.7473 -0.6645 0.0000 0.7473 -0.6645 0.0000 0.7473 -0.6645 0.0000 0.0240 0.0280 0.9993 0.0240 0.0280 0.9993 0.0240 0.0280 0.9993 0.0240 0.0280 0.9993 0.0240 0.0280 0.9993 0.0240 0.0280 0.9993 0.7596 -0.6504 0.0000 0.7596 -0.6504 0.0000 0.7596 -0.6504 0.0000 0.7596 -0.6504 0.0000 0.7596 -0.6504 0.0000 0.7596 -0.6504 0.0000 0.0209 0.0257 0.9995 0.0209 0.0257 0.9995 0.0209 0.0257 0.9995 0.0209 0.0257 0.9995 0.0209 0.0257 0.9995 0.0209 0.0257 0.9995 0.7757 -0.6311 0.0000 0.7757 -0.6311 0.0000 0.7757 -0.6311 0.0000 0.7757 -0.6311 0.0000 0.7757 -0.6311 0.0000 0.7757 -0.6311 0.0000 0.0177 0.0232 0.9996 0.0177 0.0232 0.9996 0.0177 0.0232 0.9996 0.0177 0.0232 0.9996 0.0177 0.0232 0.9996 0.0177 0.0232 0.9996 0.7947 -0.6069 0.0000 0.7947 -0.6069 0.0000 0.7947 -0.6069 0.0000 0.7947 -0.6069 0.0000 0.7947 -0.6069 0.0000 0.7947 -0.6069 0.0000 0.0145 0.0204 0.9997 0.0145 0.0204 0.9997 0.0145 0.0204 0.9997 0.0145 0.0204 0.9997 0.0145 0.0204 0.9997 0.0145 0.0204 0.9997 0.8157 -0.5784 0.0000 0.8157 -0.5784 0.0000 0.8157 -0.5784 0.0000 0.8157 -0.5784 0.0000 0.8157 -0.5784 0.0000 0.8157 -0.5784 0.0000 0.0113 0.0174 0.9998 0.0113 0.0174 0.9998 0.0113 0.0174 0.9998 0.0113 0.0174 0.9998 0.0113 0.0174 0.9998 0.0113 0.0174 0.9998 0.8378 -0.5460 0.0000 0.8378 -0.5460 0.0000 0.8378 -0.5460 0.0000 0.8378 -0.5460 0.0000 0.8378 -0.5460 0.0000 0.8378 -0.5460 0.0000 0.0086 0.0147 0.9999 0.0086 0.0147 0.9999 0.0086 0.0147 0.9999 0.0086 0.0147 0.9999 0.0086 0.0147 0.9999 0.0086 0.0147 0.9999 0.8635 -0.5043 0.0000 0.8635 -0.5043 0.0000 0.8635 -0.5043 0.0000 0.8635 -0.5043 0.0000 0.8635 -0.5043 0.0000 0.8635 -0.5043 0.0000 0.0065 0.0125 0.9999 0.0065 0.0125 0.9999 0.0065 0.0125 0.9999 0.0065 0.0125 0.9999 0.0065 0.0125 0.9999 0.0065 0.0125 0.9999 0.8876 -0.4605 0.0000 0.8876 -0.4605 0.0000 0.8876 -0.4605 0.0000 0.8876 -0.4605 0.0000 0.8876 -0.4605 0.0000 0.8876 -0.4605 0.0000 0.0047 0.0099 0.9999 0.0047 0.0099 0.9999 0.0047 0.0099 0.9999 0.0047 0.0099 0.9999 0.0047 0.0099 0.9999 0.0047 0.0099 0.9999 0.9054 -0.4245 0.0000 0.9054 -0.4245 0.0000 0.9054 -0.4245 0.0000 0.9054 -0.4245 0.0000 0.9054 -0.4245 0.0000 0.9054 -0.4245 0.0000 0.0031 0.0071 1.0000 0.0031 0.0071 1.0000 0.0031 0.0071 1.0000 0.0031 0.0071 1.0000 0.0031 0.0071 1.0000 0.0031 0.0071 1.0000 0.9182 -0.3961 0.0000 0.9182 -0.3961 0.0000 0.9182 -0.3961 0.0000 0.9182 -0.3961 0.0000 0.9182 -0.3961 0.0000 0.9182 -0.3961 0.0000 0.0017 0.0042 1.0000 0.0017 0.0042 1.0000 0.0017 0.0042 1.0000 0.0017 0.0042 1.0000 0.0017 0.0042 1.0000 0.0017 0.0042 1.0000 0.9271 -0.3749 0.0000 0.9271 -0.3749 0.0000 0.9271 -0.3749 0.0000 0.9271 -0.3749 0.0000 0.9271 -0.3749 0.0000 0.9271 -0.3749 0.0000 0.0004 0.0011 1.0000 0.0004 0.0011 1.0000 0.0004 0.0011 1.0000 0.0004 0.0011 1.0000 0.0004 0.0011 1.0000 0.0004 0.0011 1.0000 0.9327 -0.3606 0.0000 0.9327 -0.3606 0.0000 0.9327 -0.3606 0.0000 0.9327 -0.3606 0.0000 0.9327 -0.3606 0.0000 0.9327 -0.3606 0.0000 -0.0008 -0.0021 1.0000 -0.0008 -0.0021 1.0000 -0.0008 -0.0021 1.0000 -0.0008 -0.0021 1.0000 -0.0008 -0.0021 1.0000 -0.0008 -0.0021 1.0000 0.9358 -0.3526 0.0000 0.9358 -0.3526 0.0000 0.9358 -0.3526 0.0000 0.9358 -0.3526 0.0000 0.9358 -0.3526 0.0000 0.9358 -0.3526 0.0000 -0.0020 -0.0054 1.0000 -0.0020 -0.0054 1.0000 -0.0020 -0.0054 1.0000 -0.0020 -0.0054 1.0000 -0.0020 -0.0054 1.0000 -0.0020 -0.0054 1.0000 0.9365 -0.3507 0.0000 0.9365 -0.3507 0.0000 0.9365 -0.3507 0.0000 0.9365 -0.3507 0.0000 0.9365 -0.3507 0.0000 0.9365 -0.3507 0.0000 -0.0033 -0.0087 1.0000 -0.0033 -0.0087 1.0000 -0.0033 -0.0087 1.0000 -0.0033 -0.0087 1.0000 -0.0033 -0.0087 1.0000 -0.0033 -0.0087 1.0000 0.9351 -0.3545 0.0000 0.9351 -0.3545 0.0000 0.9351 -0.3545 0.0000 0.9351 -0.3545 0.0000 0.9351 -0.3545 0.0000 0.9351 -0.3545 0.0000 -0.0047 -0.0121 0.9999 -0.0047 -0.0121 0.9999 -0.0047 -0.0121 0.9999 -0.0047 -0.0121 0.9999 -0.0047 -0.0121 0.9999 -0.0047 -0.0121 0.9999 0.9315 -0.3637 0.0000 0.9315 -0.3637 0.0000 0.9315 -0.3637 0.0000 0.9315 -0.3637 0.0000 0.9315 -0.3637 0.0000 0.9315 -0.3637 0.0000 -0.0063 -0.0154 0.9999 -0.0063 -0.0154 0.9999 -0.0063 -0.0154 0.9999 -0.0063 -0.0154 0.9999 -0.0063 -0.0154 0.9999 -0.0063 -0.0154 0.9999 0.9258 -0.3781 0.0000 0.9258 -0.3781 0.0000 0.9258 -0.3781 0.0000 0.9258 -0.3781 0.0000 0.9258 -0.3781 0.0000 0.9258 -0.3781 0.0000 -0.0081 -0.0186 0.9998 -0.0081 -0.0186 0.9998 -0.0081 -0.0186 0.9998 -0.0081 -0.0186 0.9998 -0.0081 -0.0186 0.9998 -0.0081 -0.0186 0.9998 0.9177 -0.3974 0.0000 0.9177 -0.3974 0.0000 0.9177 -0.3974 0.0000 0.9177 -0.3974 0.0000 0.9177 -0.3974 0.0000 0.9177 -0.3974 0.0000 -0.0101 -0.0218 0.9997 -0.0101 -0.0218 0.9997 -0.0101 -0.0218 0.9997 -0.0101 -0.0218 0.9997 -0.0101 -0.0218 0.9997 -0.0101 -0.0218 0.9997 0.9069 -0.4213 0.0000 0.9069 -0.4213 0.0000 0.9069 -0.4213 0.0000 0.9069 -0.4213 0.0000 0.9069 -0.4213 0.0000 0.9069 -0.4213 0.0000 -0.0125 -0.0249 0.9996 -0.0125 -0.0249 0.9996 -0.0125 -0.0249 0.9996 -0.0125 -0.0249 0.9996 -0.0125 -0.0249 0.9996 -0.0125 -0.0249 0.9996 0.8932 -0.4496 0.0000 0.8932 -0.4496 0.0000 0.8932 -0.4496 0.0000 0.8932 -0.4496 0.0000 0.8932 -0.4496 0.0000 0.8932 -0.4496 0.0000 -0.0153 -0.0278 0.9995 -0.0153 -0.0278 0.9995 -0.0153 -0.0278 0.9995 -0.0153 -0.0278 0.9995 -0.0153 -0.0278 0.9995 -0.0153 -0.0278 0.9995 0.8762 -0.4820 0.0000 0.8762 -0.4820 0.0000 0.8762 -0.4820 0.0000 0.8762 -0.4820 0.0000 0.8762 -0.4820 0.0000 0.8762 -0.4820 0.0000 -0.0184 -0.0304 0.9994 -0.0184 -0.0304 0.9994 -0.0184 -0.0304 0.9994 -0.0184 -0.0304 0.9994 -0.0184 -0.0304 0.9994 -0.0184 -0.0304 0.9994 0.8554 -0.5180 0.0000 0.8554 -0.5180 0.0000 0.8554 -0.5180 0.0000 0.8554 -0.5180 0.0000 0.8554 -0.5180 0.0000 0.8554 -0.5180 0.0000 -0.0220 -0.0328 0.9992 -0.0220 -0.0328 0.9992 -0.0220 -0.0328 0.9992 -0.0220 -0.0328 0.9992 -0.0220 -0.0328 0.9992 -0.0220 -0.0328 0.9992 0.8305 -0.5570 0.0000 0.8305 -0.5570 0.0000 0.8305 -0.5570 0.0000 0.8305 -0.5570 0.0000 0.8305 -0.5570 0.0000 0.8305 -0.5570 0.0000 -0.0260 -0.0348 0.9991 -0.0260 -0.0348 0.9991 -0.0260 -0.0348 0.9991 -0.0260 -0.0348 0.9991 -0.0260 -0.0348 0.9991 -0.0260 -0.0348 0.9991 0.8012 -0.5984 0.0000 0.8012 -0.5984 0.0000 0.8012 -0.5984 0.0000 0.8012 -0.5984 0.0000 0.8012 -0.5984 0.0000 0.8012 -0.5984 0.0000 -0.0304 -0.0364 0.9989 -0.0304 -0.0364 0.9989 -0.0304 -0.0364 0.9989 -0.0304 -0.0364 0.9989 -0.0304 -0.0364 0.9989 -0.0304 -0.0364 0.9989 0.7672 -0.6414 0.0000 0.7672 -0.6414 0.0000 0.7672 -0.6414 0.0000 0.7672 -0.6414 0.0000 0.7672 -0.6414 0.0000 0.7672 -0.6414 0.0000 -0.0353 -0.0376 0.9987 -0.0353 -0.0376 0.9987 -0.0353 -0.0376 0.9987 -0.0353 -0.0376 0.9987 -0.0353 -0.0376 0.9987 -0.0353 -0.0376 0.9987 0.7285 -0.6850 0.0000 0.7285 -0.6850 0.0000 0.7285 -0.6850 0.0000 0.7285 -0.6850 0.0000 0.7285 -0.6850 0.0000 0.7285 -0.6850 0.0000 -0.0397 -0.0382 0.9985 -0.0397 -0.0382 0.9985 -0.0397 -0.0382 0.9985 -0.0397 -0.0382 0.9985 -0.0397 -0.0382 0.9985 -0.0397 -0.0382 0.9985 0.6927 -0.7213 0.0000 0.6927 -0.7213 0.0000 0.6927 -0.7213 0.0000 0.6927 -0.7213 0.0000 0.6927 -0.7213 0.0000 0.6927 -0.7213 0.0000 -0.0434 -0.0387 0.9983 -0.0434 -0.0387 0.9983 -0.0434 -0.0387 0.9983 -0.0434 -0.0387 0.9983 -0.0434 -0.0387 0.9983 -0.0434 -0.0387 0.9983 0.6657 -0.7462 0.0000 0.6657 -0.7462 0.0000 0.6657 -0.7462 0.0000 0.6657 -0.7462 0.0000 0.6657 -0.7462 0.0000 0.6657 -0.7462 0.0000 -0.0470 -0.0394 0.9981 -0.0470 -0.0394 0.9981 -0.0470 -0.0394 0.9981 -0.0470 -0.0394 0.9981 -0.0470 -0.0394 0.9981 -0.0470 -0.0394 0.9981 0.6425 -0.7663 0.0000 0.6425 -0.7663 0.0000 0.6425 -0.7663 0.0000 0.6425 -0.7663 0.0000 0.6425 -0.7663 0.0000 0.6425 -0.7663 0.0000 -0.0507 -0.0403 0.9979 -0.0507 -0.0403 0.9979 -0.0507 -0.0403 0.9979 -0.0507 -0.0403 0.9979 -0.0507 -0.0403 0.9979 -0.0507 -0.0403 0.9979 0.6222 -0.7828 0.0000 0.6222 -0.7828 0.0000 0.6222 -0.7828 0.0000 0.6222 -0.7828 0.0000 0.6222 -0.7828 0.0000 0.6222 -0.7828 0.0000 -0.0544 -0.0413 0.9977 -0.0544 -0.0413 0.9977 -0.0544 -0.0413 0.9977 -0.0544 -0.0413 0.9977 -0.0544 -0.0413 0.9977 -0.0544 -0.0413 0.9977 0.6046 -0.7965 0.0000 0.6046 -0.7965 0.0000 0.6046 -0.7965 0.0000 0.6046 -0.7965 0.0000 0.6046 -0.7965 0.0000 0.6046 -0.7965 0.0000 -0.0582 -0.0424 0.9974 -0.0582 -0.0424 0.9974 -0.0582 -0.0424 0.9974 -0.0582 -0.0424 0.9974 -0.0582 -0.0424 0.9974 -0.0582 -0.0424 0.9974 0.5892 -0.8080 0.0000 0.5892 -0.8080 0.0000 0.5892 -0.8080 0.0000 0.5892 -0.8080 0.0000 0.5892 -0.8080 0.0000 0.5892 -0.8080 0.0000 -0.0619 -0.0436 0.9971 -0.0619 -0.0436 0.9971 -0.0619 -0.0436 0.9971 -0.0619 -0.0436 0.9971 -0.0619 -0.0436 0.9971 -0.0619 -0.0436 0.9971 0.5756 -0.8177 0.0000 0.5756 -0.8177 0.0000 0.5756 -0.8177 0.0000 0.5756 -0.8177 0.0000 0.5756 -0.8177 0.0000 0.5756 -0.8177 0.0000 -0.0658 -0.0449 0.9968 -0.0658 -0.0449 0.9968 -0.0658 -0.0449 0.9968 -0.0658 -0.0449 0.9968 -0.0658 -0.0449 0.9968 -0.0658 -0.0449 0.9968 0.5636 -0.8261 0.0000 0.5636 -0.8261 0.0000 0.5636 -0.8261 0.0000 0.5636 -0.8261 0.0000 0.5636 -0.8261 0.0000 0.5636 -0.8261 0.0000 -0.0696 -0.0462 0.9965 -0.0696 -0.0462 0.9965 -0.0696 -0.0462 0.9965 -0.0696 -0.0462 0.9965 -0.0696 -0.0462 0.9965 -0.0696 -0.0462 0.9965 0.5530 -0.8332 0.0000 0.5530 -0.8332 0.0000 0.5530 -0.8332 0.0000 0.5530 -0.8332 0.0000 0.5530 -0.8332 0.0000 0.5530 -0.8332 0.0000 -0.0735 -0.0476 0.9962 -0.0735 -0.0476 0.9962 -0.0735 -0.0476 0.9962 -0.0735 -0.0476 0.9962 -0.0735 -0.0476 0.9962 -0.0735 -0.0476 0.9962 0.5436 -0.8394 0.0000 0.5436 -0.8394 0.0000 0.5436 -0.8394 0.0000 0.5436 -0.8394 0.0000 0.5436 -0.8394 0.0000 0.5436 -0.8394 0.0000 -0.0774 -0.0490 0.9958 -0.0774 -0.0490 0.9958 -0.0774 -0.0490 0.9958 -0.0774 -0.0490 0.9958 -0.0774 -0.0490 0.9958 -0.0774 -0.0490 0.9958 0.5352 -0.8447 0.0000 0.5352 -0.8447 0.0000 0.5352 -0.8447 0.0000 0.5352 -0.8447 0.0000 0.5352 -0.8447 0.0000 0.5352 -0.8447 0.0000 -0.0813 -0.0505 0.9954 -0.0813 -0.0505 0.9954 -0.0813 -0.0505 0.9954 -0.0813 -0.0505 0.9954 -0.0813 -0.0505 0.9954 -0.0813 -0.0505 0.9954 0.5278 -0.8493 0.0000 0.5278 -0.8493 0.0000 0.5278 -0.8493 0.0000 0.5278 -0.8493 0.0000 0.5278 -0.8493 0.0000 0.5278 -0.8493 0.0000 -0.0851 -0.0520 0.9950 -0.0851 -0.0520 0.9950 -0.0851 -0.0520 0.9950 -0.0851 -0.0520 0.9950 -0.0851 -0.0520 0.9950 -0.0851 -0.0520 0.9950 0.5213 -0.8534 0.0000 0.5213 -0.8534 0.0000 0.5213 -0.8534 0.0000 0.5213 -0.8534 0.0000 0.5213 -0.8534 0.0000 0.5213 -0.8534 0.0000 -0.0890 -0.0535 0.9946 -0.0890 -0.0535 0.9946 -0.0890 -0.0535 0.9946 -0.0890 -0.0535 0.9946 -0.0890 -0.0535 0.9946 -0.0890 -0.0535 0.9946 0.5155 -0.8569 0.0000 0.5155 -0.8569 0.0000 0.5155 -0.8569 0.0000 0.5155 -0.8569 0.0000 0.5155 -0.8569 0.0000 0.5155 -0.8569 0.0000 -0.0928 -0.0551 0.9942 -0.0928 -0.0551 0.9942 -0.0928 -0.0551 0.9942 -0.0928 -0.0551 0.9942 -0.0928 -0.0551 0.9942 -0.0928 -0.0551 0.9942 0.5105 -0.8599 0.0000 0.5105 -0.8599 0.0000 0.5105 -0.8599 0.0000 0.5105 -0.8599 0.0000 0.5105 -0.8599 0.0000 0.5105 -0.8599 0.0000 -0.0965 -0.0566 0.9937 -0.0965 -0.0566 0.9937 -0.0965 -0.0566 0.9937 -0.0965 -0.0566 0.9937 -0.0965 -0.0566 0.9937 -0.0965 -0.0566 0.9937 0.5061 -0.8625 0.0000 0.5061 -0.8625 0.0000 0.5061 -0.8625 0.0000 0.5061 -0.8625 0.0000 0.5061 -0.8625 0.0000 0.5061 -0.8625 0.0000 -0.1002 -0.0582 0.9933 -0.1002 -0.0582 0.9933 -0.1002 -0.0582 0.9933 -0.1002 -0.0582 0.9933 -0.1002 -0.0582 0.9933 -0.1002 -0.0582 0.9933 0.5024 -0.8646 0.0000 0.5024 -0.8646 0.0000 0.5024 -0.8646 0.0000 0.5024 -0.8646 0.0000 0.5024 -0.8646 0.0000 0.5024 -0.8646 0.0000 -0.1038 -0.0598 0.9928 -0.1038 -0.0598 0.9928 -0.1038 -0.0598 0.9928 -0.1038 -0.0598 0.9928 -0.1038 -0.0598 0.9928 -0.1038 -0.0598 0.9928 0.4993 -0.8664 0.0000 0.4993 -0.8664 0.0000 0.4993 -0.8664 0.0000 0.4993 -0.8664 0.0000 0.4993 -0.8664 0.0000 0.4993 -0.8664 0.0000 -0.1072 -0.0614 0.9923 -0.1072 -0.0614 0.9923 -0.1072 -0.0614 0.9923 -0.1072 -0.0614 0.9923 -0.1072 -0.0614 0.9923 -0.1072 -0.0614 0.9923 0.4969 -0.8678 0.0000 0.4969 -0.8678 0.0000 0.4969 -0.8678 0.0000 0.4969 -0.8678 0.0000 0.4969 -0.8678 0.0000 0.4969 -0.8678 0.0000 -0.1106 -0.0630 0.9919 -0.1106 -0.0630 0.9919 -0.1106 -0.0630 0.9919 -0.1106 -0.0630 0.9919 -0.1106 -0.0630 0.9919 -0.1106 -0.0630 0.9919 0.4952 -0.8688 0.0000 0.4952 -0.8688 0.0000 0.4952 -0.8688 0.0000 0.4952 -0.8688 0.0000 0.4952 -0.8688 0.0000 0.4952 -0.8688 0.0000 -0.1137 -0.0646 0.9914 -0.1137 -0.0646 0.9914 -0.1137 -0.0646 0.9914 -0.1137 -0.0646 0.9914 -0.1137 -0.0646 0.9914 -0.1137 -0.0646 0.9914 0.4941 -0.8694 0.0000 0.4941 -0.8694 0.0000 0.4941 -0.8694 0.0000 0.4941 -0.8694 0.0000 0.4941 -0.8694 0.0000 0.4941 -0.8694 0.0000 -0.1167 -0.0663 0.9910 -0.1167 -0.0663 0.9910 -0.1167 -0.0663 0.9910 -0.1167 -0.0663 0.9910 -0.1167 -0.0663 0.9910 -0.1167 -0.0663 0.9910 0.4938 -0.8696 0.0000 0.4938 -0.8696 0.0000 0.4938 -0.8696 0.0000 0.4938 -0.8696 0.0000 0.4938 -0.8696 0.0000 0.4938 -0.8696 0.0000 -0.1195 -0.0680 0.9905 -0.1195 -0.0680 0.9905 -0.1195 -0.0680 0.9905 -0.1195 -0.0680 0.9905 -0.1195 -0.0680 0.9905 -0.1195 -0.0680 0.9905 0.4944 -0.8692 0.0000 0.4944 -0.8692 0.0000 0.4944 -0.8692 0.0000 0.4944 -0.8692 0.0000 0.4944 -0.8692 0.0000 0.4944 -0.8692 0.0000 -0.1220 -0.0697 0.9901 -0.1220 -0.0697 0.9901 -0.1220 -0.0697 0.9901 -0.1220 -0.0697 0.9901 -0.1220 -0.0697 0.9901 -0.1220 -0.0697 0.9901 0.4960 -0.8683 0.0000 0.4960 -0.8683 0.0000 0.4960 -0.8683 0.0000 0.4960 -0.8683 0.0000 0.4960 -0.8683 0.0000 0.4960 -0.8683 0.0000 -0.1243 -0.0716 0.9897 -0.1243 -0.0716 0.9897 -0.1243 -0.0716 0.9897 -0.1243 -0.0716 0.9897 -0.1243 -0.0716 0.9897 -0.1243 -0.0716 0.9897 0.4989 -0.8667 0.0000 0.4989 -0.8667 0.0000 0.4989 -0.8667 0.0000 0.4989 -0.8667 0.0000 0.4989 -0.8667 0.0000 0.4989 -0.8667 0.0000 -0.1263 -0.0735 0.9893 -0.1263 -0.0735 0.9893 -0.1263 -0.0735 0.9893 -0.1263 -0.0735 0.9893 -0.1263 -0.0735 0.9893 -0.1263 -0.0735 0.9893 0.5033 -0.8641 0.0000 0.5033 -0.8641 0.0000 0.5033 -0.8641 0.0000 0.5033 -0.8641 0.0000 0.5033 -0.8641 0.0000 0.5033 -0.8641 0.0000 -0.1278 -0.0757 0.9889 -0.1278 -0.0757 0.9889 -0.1278 -0.0757 0.9889 -0.1278 -0.0757 0.9889 -0.1278 -0.0757 0.9889 -0.1278 -0.0757 0.9889 0.5098 -0.8603 0.0000 0.5098 -0.8603 0.0000 0.5098 -0.8603 0.0000 0.5098 -0.8603 0.0000 0.5098 -0.8603 0.0000 0.5098 -0.8603 0.0000 -0.1289 -0.0783 0.9886 -0.1289 -0.0783 0.9886 -0.1289 -0.0783 0.9886 -0.1289 -0.0783 0.9886 -0.1289 -0.0783 0.9886 -0.1289 -0.0783 0.9886 0.5193 -0.8546 0.0000 0.5193 -0.8546 0.0000 0.5193 -0.8546 0.0000 0.5193 -0.8546 0.0000 0.5193 -0.8546 0.0000 0.5193 -0.8546 0.0000 -0.1292 -0.0814 0.9883 -0.1292 -0.0814 0.9883 -0.1292 -0.0814 0.9883 -0.1292 -0.0814 0.9883 -0.1292 -0.0814 0.9883 -0.1292 -0.0814 0.9883 0.5330 -0.8461 0.0000 0.5330 -0.8461 0.0000 0.5330 -0.8461 0.0000 0.5330 -0.8461 0.0000 0.5330 -0.8461 0.0000 0.5330 -0.8461 0.0000 0.0000 0.0000 1.0000 0.0000 0.0000 1.0000 0.0000 0.0000 1.0000 -0.0000 0.0000 1.0000 -0.0000 0.0000 1.0000 -0.0000 0.0000 1.0000 -0.5703 0.8214 0.0000 -0.5703 0.8214 0.0000 -0.5703 0.8214 0.0000 -0.5703 0.8214 0.0000 -0.5703 0.8214 0.0000 -0.5703 0.8214 0.0000 0.0000 0.0000 1.0000 0.0000 0.0000 1.0000 0.0000 0.0000 1.0000 -0.0000 0.0000 1.0000 -0.0000 0.0000 1.0000 -0.0000 0.0000 1.0000 -0.5703 0.8214 0.0000 -0.5703 0.8214 0.0000 -0.5703 0.8214 0.0000 -0.5703 0.8214 0.0000 -0.5703 0.8214 0.0000 -0.5703 0.8214 0.0000 0.0000 0.0000 1.0000 0.0000 0.0000 1.0000 0.0000 0.0000 1.0000 -0.0000 0.0000 1.0000 -0.0000 0.0000 1.0000 -0.0000 0.0000 1.0000 -0.5875 0.8092 0.0000 -0.5875 0.8092 0.0000 -0.5875 0.8092 0.0000 -0.5875 0.8092 0.0000 -0.5875 0.8092 0.0000 -0.5875 0.8092 0.0000 0.0000 0.0000 1.0000 0.0000 0.0000 1.0000 0.0000 0.0000 1.0000 -0.0000 0.0000 1.0000 -0.0000 0.0000 1.0000 -0.0000 0.0000 1.0000 -0.5875 0.8092 0.0000 -0.5875 0.8092 0.0000 -0.5875 0.8092 0.0000 -0.5875 0.8092 0.0000 -0.5875 0.8092 0.0000 -0.5875 0.8092 0.0000 0.0000 0.0000 1.0000 0.0000 0.0000 1.0000 0.0000 0.0000 1.0000 -0.0000 0.0000 1.0000 -0.0000 0.0000 1.0000 -0.0000 0.0000 1.0000 -0.5967 0.8025 0.0000 -0.5967 0.8025 0.0000 -0.5967 0.8025 0.0000 -0.5967 0.8025 0.0000 -0.5967 0.8025 0.0000 -0.5967 0.8025 0.0000 0.0000 0.0000 1.0000 0.0000 0.0000 1.0000 0.0000 0.0000 1.0000 -0.0000 0.0000 1.0000 -0.0000 0.0000 1.0000 -0.0000 0.0000 1.0000 -0.5967 0.8025 0.0000 -0.5967 0.8025 0.0000 -0.5967 0.8025 0.0000 -0.5967 0.8025 0.0000 -0.5967 0.8025 0.0000 -0.5967 0.8025 0.0000 0.0000 0.0000 1.0000 0.0000 0.0000 1.0000 0.0000 0.0000 1.0000 -0.0000 0.0000 1.0000 -0.0000 0.0000 1.0000 -0.0000 0.0000 1.0000 -0.6016 0.7988 0.0000 -0.6016 0.7988 0.0000 -0.6016 0.7988 0.0000 -0.6016 0.7988 0.0000 -0.6016 0.7988 0.0000 -0.6016 0.7988 0.0000 0.0000 0.0000 1.0000 0.0000 0.0000 1.0000 0.0000 0.0000 1.0000 -0.0000 0.0000 1.0000 -0.0000 0.0000 1.0000 -0.0000 0.0000 1.0000 -0.6016 0.7988 0.0000 -0.6016 0.7988 0.0000 -0.6016 0.7988 0.0000 -0.6016 0.7988 0.0000 -0.6016 0.7988 0.0000 -0.6016 0.7988 0.0000 0.0000 0.0000 1.0000 0.0000 0.0000 1.0000 0.0000 0.0000 1.0000 -0.0000 0.0000 1.0000 -0.0000 0.0000 1.0000 -0.0000 0.0000 1.0000 -0.6036 0.7973 0.0000 -0.6036 0.7973 0.0000 -0.6036 0.7973 0.0000 -0.6036 0.7973 0.0000 -0.6036 0.7973 0.0000 -0.6036 0.7973 0.0000 0.0000 0.0000 1.0000 0.0000 0.0000 1.0000 0.0000 0.0000 1.0000 -0.0000 0.0000 1.0000 -0.0000 0.0000 1.0000 -0.0000 0.0000 1.0000 -0.6036 0.7973 0.0000 -0.6036 0.7973 0.0000 -0.6036 0.7973 0.0000 -0.6036 0.7973 0.0000 -0.6036 0.7973 0.0000 -0.6036 0.7973 0.0000 0.0000 0.0000 1.0000 0.0000 0.0000 1.0000 0.0000 0.0000 1.0000 -0.0000 0.0000 1.0000 -0.0000 0.0000 1.0000 -0.0000 0.0000 1.0000 -0.6037 0.7972 0.0000 -0.6037 0.7972 0.0000 -0.6037 0.7972 0.0000 -0.6037 0.7972 0.0000 -0.6037 0.7972 0.0000 -0.6037 0.7972 0.0000 0.0000 0.0000 1.0000 0.0000 0.0000 1.0000 0.0000 0.0000 1.0000 -0.0000 0.0000 1.0000 -0.0000 0.0000 1.0000 -0.0000 0.0000 1.0000 -0.6037 0.7972 0.0000 -0.6037 0.7972 0.0000 -0.6037 0.7972 0.0000 -0.6037 0.7972 0.0000 -0.6037 0.7972 0.0000 -0.6037 0.7972 0.0000 0.0000 0.0000 1.0000 0.0000 0.0000 1.0000 0.0000 0.0000 1.0000 -0.0000 0.0000 1.0000 -0.0000 0.0000 1.0000 -0.0000 0.0000 1.0000 -0.6021 0.7984 0.0000 -0.6021 0.7984 0.0000 -0.6021 0.7984 0.0000 -0.6021 0.7984 0.0000 -0.6021 0.7984 0.0000 -0.6021 0.7984 0.0000 0.0000 0.0000 1.0000 0.0000 0.0000 1.0000 0.0000 0.0000 1.0000 -0.0000 0.0000 1.0000 -0.0000 0.0000 1.0000 -0.0000 0.0000 1.0000 -0.6021 0.7984 0.0000 -0.6021 0.7984 0.0000 -0.6021 0.7984 0.0000 -0.6021 0.7984 0.0000 -0.6021 0.7984 0.0000 -0.6021 0.7984 0.0000 0.0000 0.0000 1.0000 0.0000 0.0000 1.0000 0.0000 0.0000 1.0000 -0.0000 0.0000 1.0000 -0.0000 0.0000 1.0000 -0.0000 0.0000 1.0000 -0.5990 0.8007 0.0000 -0.5990 0.8007 0.0000 -0.5990 0.8007 0.0000 -0.5990 0.8007 0.0000 -0.5990 0.8007 0.0000 -0.5990 0.8007 0.0000 0.0000 0.0000 1.0000 0.0000 0.0000 1.0000 0.0000 0.0000 1.0000 -0.0000 0.0000 1.0000 -0.0000 0.0000 1.0000 -0.0000 0.0000 1.0000 -0.5990 0.8007 0.0000 -0.5990 0.8007 0.0000 -0.5990 0.8007 0.0000 -0.5990 0.8007 0.0000 -0.5990 0.8007 0.0000 -0.5990 0.8007 0.0000 0.0000 0.0000 1.0000 0.0000 0.0000 1.0000 0.0000 0.0000 1.0000 -0.0000 0.0000 1.0000 -0.0000 0.0000 1.0000 -0.0000 0.0000 1.0000 -0.5945 0.8041 0.0000 -0.5945 0.8041 0.0000 -0.5945 0.8041 0.0000 -0.5945 0.8041 0.0000 -0.5945 0.8041 0.0000 -0.5945 0.8041 0.0000 0.0000 0.0000 1.0000 0.0000 0.0000 1.0000 0.0000 0.0000 1.0000 -0.0000 0.0000 1.0000 -0.0000 0.0000 1.0000 -0.0000 0.0000 1.0000 -0.5945 0.8041 0.0000 -0.5945 0.8041 0.0000 -0.5945 0.8041 0.0000 -0.5945 0.8041 0.0000 -0.5945 0.8041 0.0000 -0.5945 0.8041 0.0000 0.0000 0.0000 1.0000 0.0000 0.0000 1.0000 0.0000 0.0000 1.0000 -0.0000 0.0000 1.0000 -0.0000 0.0000 1.0000 -0.0000 0.0000 1.0000 -0.5885 0.8085 0.0000 -0.5885 0.8085 0.0000 -0.5885 0.8085 0.0000 -0.5885 0.8085 0.0000 -0.5885 0.8085 0.0000 -0.5885 0.8085 0.0000 0.0000 0.0000 1.0000 0.0000 0.0000 1.0000 0.0000 0.0000 1.0000 -0.0000 0.0000 1.0000 -0.0000 0.0000 1.0000 -0.0000 0.0000 1.0000 -0.5885 0.8085 0.0000 -0.5885 0.8085 0.0000 -0.5885 0.8085 0.0000 -0.5885 0.8085 0.0000 -0.5885 0.8085 0.0000 -0.5885 0.8085 0.0000 0.0000 0.0000 1.0000 0.0000 0.0000 1.0000 0.0000 0.0000 1.0000 -0.0000 0.0000 1.0000 -0.0000 0.0000 1.0000 -0.0000 0.0000 1.0000 -0.5808 0.8140 0.0000 -0.5808 0.8140 0.0000 -0.5808 0.8140 0.0000 -0.5808 0.8140 0.0000 -0.5808 0.8140 0.0000 -0.5808 0.8140 0.0000 0.0000 0.0000 1.0000 0.0000 0.0000 1.0000 0.0000 0.0000 1.0000 -0.0000 0.0000 1.0000 -0.0000 0.0000 1.0000 -0.0000 0.0000 1.0000 -0.5808 0.8140 0.0000 -0.5808 0.8140 0.0000 -0.5808 0.8140 0.0000 -0.5808 0.8140 0.0000 -0.5808 0.8140 0.0000 -0.5808 0.8140 0.0000 0.0000 0.0000 1.0000 0.0000 0.0000 1.0000 0.0000 0.0000 1.0000 -0.0000 0.0000 1.0000 -0.0000 0.0000 1.0000 -0.0000 0.0000 1.0000 -0.5710 0.8209 0.0000 -0.5710 0.8209 0.0000 -0.5710 0.8209 0.0000 -0.5710 0.8209 0.0000 -0.5710 0.8209 0.0000 -0.5710 0.8209 0.0000 0.0000 0.0000 1.0000 0.0000 0.0000 1.0000 0.0000 0.0000 1.0000 -0.0000 0.0000 1.0000 -0.0000 0.0000 1.0000 -0.0000 0.0000 1.0000 -0.5710 0.8209 0.0000 -0.5710 0.8209 0.0000 -0.5710 0.8209 0.0000 -0.5710 0.8209 0.0000 -0.5710 0.8209 0.0000 -0.5710 0.8209 0.0000 0.0000 0.0000 1.0000 0.0000 0.0000 1.0000 0.0000 0.0000 1.0000 -0.0000 0.0000 1.0000 -0.0000 0.0000 1.0000 -0.0000 0.0000 1.0000 -0.5588 0.8293 0.0000 -0.5588 0.8293 0.0000 -0.5588 0.8293 0.0000 -0.5588 0.8293 0.0000 -0.5588 0.8293 0.0000 -0.5588 0.8293 0.0000 0.0000 0.0000 1.0000 0.0000 0.0000 1.0000 0.0000 0.0000 1.0000 -0.0000 0.0000 1.0000 -0.0000 0.0000 1.0000 -0.0000 0.0000 1.0000 -0.5588 0.8293 0.0000 -0.5588 0.8293 0.0000 -0.5588 0.8293 0.0000 -0.5588 0.8293 0.0000 -0.5588 0.8293 0.0000 -0.5588 0.8293 0.0000 0.0000 0.0000 1.0000 0.0000 0.0000 1.0000 0.0000 0.0000 1.0000 -0.0000 0.0000 1.0000 -0.0000 0.0000 1.0000 -0.0000 0.0000 1.0000 -0.5432 0.8396 0.0000 -0.5432 0.8396 0.0000 -0.5432 0.8396 0.0000 -0.5432 0.8396 0.0000 -0.5432 0.8396 0.0000 -0.5432 0.8396 0.0000 0.0000 0.0000 1.0000 0.0000 0.0000 1.0000 0.0000 0.0000 1.0000 -0.0000 0.0000 1.0000 -0.0000 0.0000 1.0000 -0.0000 0.0000 1.0000 -0.5432 0.8396 0.0000 -0.5432 0.8396 0.0000 -0.5432 0.8396 0.0000 -0.5432 0.8396 0.0000 -0.5432 0.8396 0.0000 -0.5432 0.8396 0.0000 0.0000 0.0000 1.0000 0.0000 0.0000 1.0000 0.0000 0.0000 1.0000 -0.0000 0.0000 1.0000 -0.0000 0.0000 1.0000 -0.0000 0.0000 1.0000 -0.5232 0.8522 0.0000 -0.5232 0.8522 0.0000 -0.5232 0.8522 0.0000 -0.5232 0.8522 0.0000 -0.5232 0.8522 0.0000 -0.5232 0.8522 0.0000 0.0000 0.0000 1.0000 0.0000 0.0000 1.0000 0.0000 0.0000 1.0000 -0.0000 0.0000 1.0000 -0.0000 0.0000 1.0000 -0.0000 0.0000 1.0000 -0.5232 0.8522 0.0000 -0.5232 0.8522 0.0000 -0.5232 0.8522 0.0000 -0.5232 0.8522 0.0000 -0.5232 0.8522 0.0000 -0.5232 0.8522 0.0000 0.0000 0.0000 1.0000 0.0000 0.0000 1.0000 0.0000 0.0000 1.0000 -0.0000 0.0000 1.0000 -0.0000 0.0000 1.0000 -0.0000 0.0000 1.0000 -0.4970 0.8677 0.0000 -0.4970 0.8677 0.0000 -0.4970 0.8677 0.0000 -0.4970 0.8677 0.0000 -0.4970 0.8677 0.0000 -0.4970 0.8677 0.0000 0.0000 0.0000 1.0000 0.0000 0.0000 1.0000 0.0000 0.0000 1.0000 -0.0000 0.0000 1.0000 -0.0000 0.0000 1.0000 -0.0000 0.0000 1.0000 -0.4970 0.8677 0.0000 -0.4970 0.8677 0.0000 -0.4970 0.8677 0.0000 -0.4970 0.8677 0.0000 -0.4970 0.8677 0.0000 -0.4970 0.8677 0.0000 0.0000 0.0000 1.0000 0.0000 0.0000 1.0000 0.0000 0.0000 1.0000 -0.0000 0.0000 1.0000 -0.0000 0.0000 1.0000 -0.0000 0.0000 1.0000 -0.4617 0.8871 0.0000 -0.4617 0.8871 0.0000 -0.4617 0.8871 0.0000 -0.4617 0.8871 0.0000 -0.4617 0.8871 0.0000 -0.4617 0.8871 0.0000 0.0000 0.0000 1.0000 0.0000 0.0000 1.0000 0.0000 0.0000 1.0000 -0.0000 0.0000 1.0000 -0.0000 0.0000 1.0000 -0.0000 0.0000 1.0000 -0.4617 0.8871 0.0000 -0.4617 0.8871 0.0000 -0.4617 0.8871 0.0000 -0.4617 0.8871 0.0000 -0.4617 0.8871 0.0000 -0.4617 0.8871 0.0000 0.0000 0.0000 1.0000 0.0000 0.0000 1.0000 0.0000 0.0000 1.0000 -0.0000 0.0000 1.0000 -0.0000 0.0000 1.0000 -0.0000 0.0000 1.0000 -0.4121 0.9112 0.0000 -0.4121 0.9112 0.0000 -0.4121 0.9112 0.0000 -0.4121 0.9112 0.0000 -0.4121 0.9112 0.0000 -0.4121 0.9112 0.0000 0.0000 0.0000 1.0000 0.0000 0.0000 1.0000 0.0000 0.0000 1.0000 -0.0000 0.0000 1.0000 -0.0000 0.0000 1.0000 -0.0000 0.0000 1.0000 -0.4121 0.9112 0.0000 -0.4121 0.9112 0.0000 -0.4121 0.9112 0.0000 -0.4121 0.9112 0.0000 -0.4121 0.9112 0.0000 -0.4121 0.9112 0.0000 0.0000 0.0000 1.0000 0.0000 0.0000 1.0000 0.0000 0.0000 1.0000 -0.0000 0.0000 1.0000 -0.0000 0.0000 1.0000 -0.0000 0.0000 1.0000 -0.3389 0.9408 0.0000 -0.3389 0.9408 0.0000 -0.3389 0.9408 0.0000 -0.3389 0.9408 0.0000 -0.3389 0.9408 0.0000 -0.3389 0.9408 0.0000 0.0000 0.0000 1.0000 0.0000 0.0000 1.0000 0.0000 0.0000 1.0000 -0.0000 0.0000 1.0000 -0.0000 0.0000 1.0000 -0.0000 0.0000 1.0000 -0.3389 0.9408 0.0000 -0.3389 0.9408 0.0000 -0.3389 0.9408 0.0000 -0.3389 0.9408 0.0000 -0.3389 0.9408 0.0000 -0.3389 0.9408 0.0000 -0.0000 0.0000 1.0000 -0.0000 0.0000 1.0000 -0.0000 0.0000 1.0000 0.0000 0.0000 1.0000 0.0000 0.0000 1.0000 0.0000 0.0000 1.0000 -0.2003 0.9797 0.0000 -0.2003 0.9797 0.0000 -0.2003 0.9797 0.0000 -0.2003 0.9797 0.0000 -0.2003 0.9797 0.0000 -0.2003 0.9797 0.0000 -0.0000 0.0000 1.0000 -0.0000 0.0000 1.0000 -0.0000 0.0000 1.0000 0.0000 0.0000 1.0000 0.0000 0.0000 1.0000 0.0000 0.0000 1.0000 -0.2003 0.9797 0.0000 -0.2003 0.9797 0.0000 -0.2003 0.9797 0.0000 -0.2003 0.9797 0.0000 -0.2003 0.9797 0.0000 -0.2003 0.9797 0.0000 0.0000 0.0000 1.0000 0.0000 0.0000 1.0000 0.0000 0.0000 1.0000 0.0000 0.0000 1.0000 0.0000 0.0000 1.0000 0.0000 0.0000 1.0000 0.0274 0.9996 0.0000 0.0274 0.9996 0.0000 0.0274 0.9996 0.0000 0.0274 0.9996 0.0000 0.0274 0.9996 0.0000 0.0274 0.9996 0.0000 0.0000 0.0000 1.0000 0.0000 0.0000 1.0000 0.0000 0.0000 1.0000 0.0000 0.0000 1.0000 0.0000 0.0000 1.0000 0.0000 0.0000 1.0000 0.0274 0.9996 0.0000 0.0274 0.9996 0.0000 0.0274 0.9996 0.0000 0.0274 0.9996 0.0000 0.0274 0.9996 0.0000 0.0274 0.9996 0.0000 0.0000 0.0000 1.0000 0.0000 0.0000 1.0000 0.0000 0.0000 1.0000 0.0000 0.0000 1.0000 0.0000 0.0000 1.0000 0.0000 0.0000 1.0000 0.2834 0.9590 0.0000 0.2834 0.9590 0.0000 0.2834 0.9590 0.0000 0.2834 0.9590 0.0000 0.2834 0.9590 0.0000 0.2834 0.9590 0.0000 0.0000 0.0000 1.0000 0.0000 0.0000 1.0000 0.0000 0.0000 1.0000 0.0000 0.0000 1.0000 0.0000 0.0000 1.0000 0.0000 0.0000 1.0000 0.2834 0.9590 0.0000 0.2834 0.9590 0.0000 0.2834 0.9590 0.0000 0.2834 0.9590 0.0000 0.2834 0.9590 0.0000 0.2834 0.9590 0.0000 0.0000 0.0000 1.0000 0.0000 0.0000 1.0000 0.0000 0.0000 1.0000 0.0000 0.0000 1.0000 0.0000 0.0000 1.0000 0.0000 0.0000 1.0000 0.4912 0.8711 0.0000 0.4912 0.8711 0.0000 0.4912 0.8711 0.0000 0.4912 0.8711 0.0000 0.4912 0.8711 0.0000 0.4912 0.8711 0.0000 0.0000 0.0000 1.0000 0.0000 0.0000 1.0000 0.0000 0.0000 1.0000 0.0000 0.0000 1.0000 0.0000 0.0000 1.0000 0.0000 0.0000 1.0000 0.4912 0.8711 0.0000 0.4912 0.8711 0.0000 0.4912 0.8711 0.0000 0.4912 0.8711 0.0000 0.4912 0.8711 0.0000 0.4912 0.8711 0.0000 0.0000 0.0000 1.0000 0.0000 0.0000 1.0000 0.0000 0.0000 1.0000 0.0000 0.0000 1.0000 0.0000 0.0000 1.0000 0.0000 0.0000 1.0000 0.6118 0.7910 0.0000 0.6118 0.7910 0.0000 0.6118 0.7910 0.0000 0.6118 0.7910 0.0000 0.6118 0.7910 0.0000 0.6118 0.7910 0.0000 0.0000 0.0000 1.0000 0.0000 0.0000 1.0000 0.0000 0.0000 1.0000 0.0000 0.0000 1.0000 0.0000 0.0000 1.0000 0.0000 0.0000 1.0000 0.6118 0.7910 0.0000 0.6118 0.7910 0.0000 0.6118 0.7910 0.0000 0.6118 0.7910 0.0000 0.6118 0.7910 0.0000 0.6118 0.7910 0.0000 0.0000 0.0000 1.0000 0.0000 0.0000 1.0000 0.0000 0.0000 1.0000 0.0000 0.0000 1.0000 0.0000 0.0000 1.0000 0.0000 0.0000 1.0000 0.6563 0.7545 0.0000 0.6563 0.7545 0.0000 0.6563 0.7545 0.0000 0.6563 0.7545 0.0000 0.6563 0.7545 0.0000 0.6563 0.7545 0.0000 0.0000 0.0000 1.0000 0.0000 0.0000 1.0000 0.0000 0.0000 1.0000 0.0000 0.0000 1.0000 0.0000 0.0000 1.0000 0.0000 0.0000 1.0000 0.6563 0.7545 0.0000 0.6563 0.7545 0.0000 0.6563 0.7545 0.0000 0.6563 0.7545 0.0000 0.6563 0.7545 0.0000 0.6563 0.7545 0.0000 0.0000 0.0000 1.0000 0.0000 0.0000 1.0000 0.0000 0.0000 1.0000 0.0000 0.0000 1.0000 0.0000 0.0000 1.0000 0.0000 0.0000 1.0000 0.6436 0.7654 0.0000 0.6436 0.7654 0.0000 0.6436 0.7654 0.0000 0.6436 0.7654 0.0000 0.6436 0.7654 0.0000 0.6436 0.7654 0.0000 0.0000 0.0000 1.0000 0.0000 0.0000 1.0000 0.0000 0.0000 1.0000 0.0000 0.0000 1.0000 0.0000 0.0000 1.0000 0.0000 0.0000 1.0000 0.6436 0.7654 0.0000 0.6436 0.7654 0.0000 0.6436 0.7654 0.0000 0.6436 0.7654 0.0000 0.6436 0.7654 0.0000 0.6436 0.7654 0.0000 0.0000 0.0000 1.0000 0.0000 0.0000 1.0000 0.0000 0.0000 1.0000 0.0000 0.0000 1.0000 0.0000 0.0000 1.0000 0.0000 0.0000 1.0000 0.5840 0.8118 0.0000 0.5840 0.8118 0.0000 0.5840 0.8118 0.0000 0.5840 0.8118 0.0000 0.5840 0.8118 0.0000 0.5840 0.8118 0.0000 0.0000 0.0000 1.0000 0.0000 0.0000 1.0000 0.0000 0.0000 1.0000 0.0000 0.0000 1.0000 0.0000 0.0000 1.0000 0.0000 0.0000 1.0000 0.5840 0.8118 0.0000 0.5840 0.8118 0.0000 0.5840 0.8118 0.0000 0.5840 0.8118 0.0000 0.5840 0.8118 0.0000 0.5840 0.8118 0.0000 0.0000 0.0000 1.0000 0.0000 0.0000 1.0000 0.0000 0.0000 1.0000 0.0000 0.0000 1.0000 0.0000 0.0000 1.0000 0.0000 0.0000 1.0000 0.5655 0.8248 0.0000 0.5655 0.8248 0.0000 0.5655 0.8248 0.0000 0.5655 0.8248 0.0000 0.5655 0.8248 0.0000 0.5655 0.8248 0.0000 0.0000 0.0000 1.0000 0.0000 0.0000 1.0000 0.0000 0.0000 1.0000 0.0000 0.0000 1.0000 0.0000 0.0000 1.0000 0.0000 0.0000 1.0000 0.5655 0.8248 0.0000 0.5655 0.8248 0.0000 0.5655 0.8248 0.0000 0.5655 0.8248 0.0000 0.5655 0.8248 0.0000 0.5655 0.8248 0.0000 0.0000 0.0000 1.0000 0.0000 0.0000 1.0000 0.0000 0.0000 1.0000 0.0000 0.0000 1.0000 0.0000 0.0000 1.0000 0.0000 0.0000 1.0000 0.6070 0.7947 0.0000 0.6070 0.7947 0.0000 0.6070 0.7947 0.0000 0.6070 0.7947 0.0000 0.6070 0.7947 0.0000 0.6070 0.7947 0.0000 0.0000 0.0000 1.0000 0.0000 0.0000 1.0000 0.0000 0.0000 1.0000 0.0000 0.0000 1.0000 0.0000 0.0000 1.0000 0.0000 0.0000 1.0000 0.6070 0.7947 0.0000 0.6070 0.7947 0.0000 0.6070 0.7947 0.0000 0.6070 0.7947 0.0000 0.6070 0.7947 0.0000 0.6070 0.7947 0.0000 0.0000 0.0000 1.0000 0.0000 0.0000 1.0000 0.0000 0.0000 1.0000 0.0000 0.0000 1.0000 0.0000 0.0000 1.0000 0.0000 0.0000 1.0000 0.6376 0.7704 0.0000 0.6376 0.7704 0.0000 0.6376 0.7704 0.0000 0.6376 0.7704 0.0000 0.6376 0.7704 0.0000 0.6376 0.7704 0.0000 0.0000 0.0000 1.0000 0.0000 0.0000 1.0000 0.0000 0.0000 1.0000 0.0000 0.0000 1.0000 0.0000 0.0000 1.0000 0.0000 0.0000 1.0000 0.6376 0.7704 0.0000 0.6376 0.7704 0.0000 0.6376 0.7704 0.0000 0.6376 0.7704 0.0000 0.6376 0.7704 0.0000 0.6376 0.7704 0.0000 0.0000 0.0000 1.0000 0.0000 0.0000 1.0000 0.0000 0.0000 1.0000 0.0000 0.0000 1.0000 0.0000 0.0000 1.0000 0.0000 0.0000 1.0000 0.6584 0.7526 0.0000 0.6584 0.7526 0.0000 0.6584 0.7526 0.0000 0.6584 0.7526 0.0000 0.6584 0.7526 0.0000 0.6584 0.7526 0.0000 0.0000 0.0000 1.0000 0.0000 0.0000 1.0000 0.0000 0.0000 1.0000 0.0000 0.0000 1.0000 0.0000 0.0000 1.0000 0.0000 0.0000 1.0000 0.6584 0.7526 0.0000 0.6584 0.7526 0.0000 0.6584 0.7526 0.0000 0.6584 0.7526 0.0000 0.6584 0.7526 0.0000 0.6584 0.7526 0.0000 0.0000 0.0000 1.0000 0.0000 0.0000 1.0000 0.0000 0.0000 1.0000 0.0000 0.0000 1.0000 0.0000 0.0000 1.0000 0.0000 0.0000 1.0000 0.6706 0.7418 0.0000 0.6706 0.7418 0.0000 0.6706 0.7418 0.0000 0.6706 0.7418 0.0000 0.6706 0.7418 0.0000 0.6706 0.7418 0.0000 0.0000 0.0000 1.0000 0.0000 0.0000 1.0000 0.0000 0.0000 1.0000 0.0000 0.0000 1.0000 0.0000 0.0000 1.0000 0.0000 0.0000 1.0000 0.6706 0.7418 0.0000 0.6706 0.7418 0.0000 0.6706 0.7418 0.0000 0.6706 0.7418 0.0000 0.6706 0.7418 0.0000 0.6706 0.7418 0.0000 0.0000 0.0000 1.0000 0.0000 0.0000 1.0000 0.0000 0.0000 1.0000 0.0000 0.0000 1.0000 0.0000 0.0000 1.0000 0.0000 0.0000 1.0000 0.6752 0.7376 0.0000 0.6752 0.7376 0.0000 0.6752 0.7376 0.0000 0.6752 0.7376 0.0000 0.6752 0.7376 0.0000 0.6752 0.7376 0.0000 0.0000 0.0000 1.0000 0.0000 0.0000 1.0000 0.0000 0.0000 1.0000 0.0000 0.0000 1.0000 0.0000 0.0000 1.0000 0.0000 0.0000 1.0000 0.6752 0.7376 0.0000 0.6752 0.7376 0.0000 0.6752 0.7376 0.0000 0.6752 0.7376 0.0000 0.6752 0.7376 0.0000 0.6752 0.7376 0.0000 0.0000 0.0000 1.0000 0.0000 0.0000 1.0000 0.0000 0.0000 1.0000 0.0000 0.0000 1.0000 0.0000 0.0000 1.0000 0.0000 0.0000 1.0000 0.6730 0.7397 0.0000 0.6730 0.7397 0.0000 0.6730 0.7397 0.0000 0.6730 0.7397 0.0000 0.6730 0.7397 0.0000 0.6730 0.7397 0.0000 0.0000 0.0000 1.0000 0.0000 0.0000 1.0000 0.0000 0.0000 1.0000 0.0000 0.0000 1.0000 0.0000 0.0000 1.0000 0.0000 0.0000 1.0000 0.6730 0.7397 0.0000 0.6730 0.7397 0.0000 0.6730 0.7397 0.0000 0.6730 0.7397 0.0000 0.6730 0.7397 0.0000 0.6730 0.7397 0.0000 0.0000 0.0000 1.0000 0.0000 0.0000 1.0000 0.0000 0.0000 1.0000 0.0000 0.0000 1.0000 0.0000 0.0000 1.0000 0.0000 0.0000 1.0000 0.6645 0.7473 0.0000 0.6645 0.7473 0.0000 0.6645 0.7473 0.0000 0.6645 0.7473 0.0000 0.6645 0.7473 0.0000 0.6645 0.7473 0.0000 0.0000 0.0000 1.0000 0.0000 0.0000 1.0000 0.0000 0.0000 1.0000 0.0000 0.0000 1.0000 0.0000 0.0000 1.0000 0.0000 0.0000 1.0000 0.6645 0.7473 0.0000 0.6645 0.7473 0.0000 0.6645 0.7473 0.0000 0.6645 0.7473 0.0000 0.6645 0.7473 0.0000 0.6645 0.7473 0.0000 0.0000 0.0000 1.0000 0.0000 0.0000 1.0000 0.0000 0.0000 1.0000 0.0000 0.0000 1.0000 0.0000 0.0000 1.0000 0.0000 0.0000 1.0000 0.6504 0.7596 0.0000 0.6504 0.7596 0.0000 0.6504 0.7596 0.0000 0.6504 0.7596 0.0000 0.6504 0.7596 0.0000 0.6504 0.7596 0.0000 0.0000 0.0000 1.0000 0.0000 0.0000 1.0000 0.0000 0.0000 1.0000 0.0000 0.0000 1.0000 0.0000 0.0000 1.0000 0.0000 0.0000 1.0000 0.6504 0.7596 0.0000 0.6504 0.7596 0.0000 0.6504 0.7596 0.0000 0.6504 0.7596 0.0000 0.6504 0.7596 0.0000 0.6504 0.7596 0.0000 0.0000 0.0000 1.0000 0.0000 0.0000 1.0000 0.0000 0.0000 1.0000 0.0000 0.0000 1.0000 0.0000 0.0000 1.0000 0.0000 0.0000 1.0000 0.6311 0.7757 0.0000 0.6311 0.7757 0.0000 0.6311 0.7757 0.0000 0.6311 0.7757 0.0000 0.6311 0.7757 0.0000 0.6311 0.7757 0.0000 0.0000 0.0000 1.0000 0.0000 0.0000 1.0000 0.0000 0.0000 1.0000 0.0000 0.0000 1.0000 0.0000 0.0000 1.0000 0.0000 0.0000 1.0000 0.6311 0.7757 0.0000 0.6311 0.7757 0.0000 0.6311 0.7757 0.0000 0.6311 0.7757 0.0000 0.6311 0.7757 0.0000 0.6311 0.7757 0.0000 0.0000 0.0000 1.0000 0.0000 0.0000 1.0000 0.0000 0.0000 1.0000 0.0000 0.0000 1.0000 0.0000 0.0000 1.0000 0.0000 0.0000 1.0000 0.6069 0.7947 0.0000 0.6069 0.7947 0.0000 0.6069 0.7947 0.0000 0.6069 0.7947 0.0000 0.6069 0.7947 0.0000 0.6069 0.7947 0.0000 0.0000 0.0000 1.0000 0.0000 0.0000 1.0000 0.0000 0.0000 1.0000 0.0000 0.0000 1.0000 0.0000 0.0000 1.0000 0.0000 0.0000 1.0000 0.6069 0.7947 0.0000 0.6069 0.7947 0.0000 0.6069 0.7947 0.0000 0.6069 0.7947 0.0000 0.6069 0.7947 0.0000 0.6069 0.7947 0.0000 0.0000 0.0000 1.0000 0.0000 0.0000 1.0000 0.0000 0.0000 1.0000 0.0000 0.0000 1.0000 0.0000 0.0000 1.0000 0.0000 0.0000 1.0000 0.5784 0.8157 0.0000 0.5784 0.8157 0.0000 0.5784 0.8157 0.0000 0.5784 0.8157 0.0000 0.5784 0.8157 0.0000 0.5784 0.8157 0.0000 0.0000 0.0000 1.0000 0.0000 0.0000 1.0000 0.0000 0.0000 1.0000 0.0000 0.0000 1.0000 0.0000 0.0000 1.0000 0.0000 0.0000 1.0000 0.5784 0.8157 0.0000 0.5784 0.8157 0.0000 0.5784 0.8157 0.0000 0.5784 0.8157 0.0000 0.5784 0.8157 0.0000 0.5784 0.8157 0.0000 0.0000 0.0000 1.0000 0.0000 0.0000 1.0000 0.0000 0.0000 1.0000 0.0000 0.0000 1.0000 0.0000 0.0000 1.0000 0.0000 0.0000 1.0000 0.5460 0.8378 0.0000 0.5460 0.8378 0.0000 0.5460 0.8378 0.0000 0.5460 0.8378 0.0000 0.5460 0.8378 0.0000 0.5460 0.8378 0.0000 0.0000 0.0000 1.0000 0.0000 0.0000 1.0000 0.0000 0.0000 1.0000 0.0000 0.0000 1.0000 0.0000 0.0000 1.0000 0.0000 0.0000 1.0000 0.5460 0.8378 0.0000 0.5460 0.8378 0.0000 0.5460 0.8378 0.0000 0.5460 0.8378 0.0000 0.5460 0.8378 0.0000 0.5460 0.8378 0.0000 0.0000 0.0000 1.0000 0.0000 0.0000 1.0000 0.0000 0.0000 1.0000 0.0000 0.0000 1.0000 0.0000 0.0000 1.0000 0.0000 0.0000 1.0000 0.5043 0.8635 0.0000 0.5043 0.8635 0.0000 0.5043 0.8635 0.0000 0.5043 0.8635 0.0000 0.5043 0.8635 0.0000 0.5043 0.8635 0.0000 0.0000 0.0000 1.0000 0.0000 0.0000 1.0000 0.0000 0.0000 1.0000 0.0000 0.0000 1.0000 0.0000 0.0000 1.0000 0.0000 0.0000 1.0000 0.5043 0.8635 0.0000 0.5043 0.8635 0.0000 0.5043 0.8635 0.0000 0.5043 0.8635 0.0000 0.5043 0.8635 0.0000 0.5043 0.8635 0.0000 0.0000 0.0000 1.0000 0.0000 0.0000 1.0000 0.0000 0.0000 1.0000 0.0000 0.0000 1.0000 0.0000 0.0000 1.0000 0.0000 0.0000 1.0000 0.4605 0.8876 0.0000 0.4605 0.8876 0.0000 0.4605 0.8876 0.0000 0.4605 0.8876 0.0000 0.4605 0.8876 0.0000 0.4605 0.8876 0.0000 0.0000 0.0000 1.0000 0.0000 0.0000 1.0000 0.0000 0.0000 1.0000 0.0000 0.0000 1.0000 0.0000 0.0000 1.0000 0.0000 0.0000 1.0000 0.4605 0.8876 0.0000 0.4605 0.8876 0.0000 0.4605 0.8876 0.0000 0.4605 0.8876 0.0000 0.4605 0.8876 0.0000 0.4605 0.8876 0.0000 0.0000 0.0000 1.0000 0.0000 0.0000 1.0000 0.0000 0.0000 1.0000 0.0000 0.0000 1.0000 0.0000 0.0000 1.0000 0.0000 0.0000 1.0000 0.4245 0.9054 0.0000 0.4245 0.9054 0.0000 0.4245 0.9054 0.0000 0.4245 0.9054 0.0000 0.4245 0.9054 0.0000 0.4245 0.9054 0.0000 0.0000 0.0000 1.0000 0.0000 0.0000 1.0000 0.0000 0.0000 1.0000 0.0000 0.0000 1.0000 0.0000 0.0000 1.0000 0.0000 0.0000 1.0000 0.4245 0.9054 0.0000 0.4245 0.9054 0.0000 0.4245 0.9054 0.0000 0.4245 0.9054 0.0000 0.4245 0.9054 0.0000 0.4245 0.9054 0.0000 0.0000 0.0000 1.0000 0.0000 0.0000 1.0000 0.0000 0.0000 1.0000 0.0000 0.0000 1.0000 0.0000 0.0000 1.0000 0.0000 0.0000 1.0000 0.3961 0.9182 0.0000 0.3961 0.9182 0.0000 0.3961 0.9182 0.0000 0.3961 0.9182 0.0000 0.3961 0.9182 0.0000 0.3961 0.9182 0.0000 0.0000 0.0000 1.0000 0.0000 0.0000 1.0000 0.0000 0.0000 1.0000 0.0000 0.0000 1.0000 0.0000 0.0000 1.0000 0.0000 0.0000 1.0000 0.3961 0.9182 0.0000 0.3961 0.9182 0.0000 0.3961 0.9182 0.0000 0.3961 0.9182 0.0000 0.3961 0.9182 0.0000 0.3961 0.9182 0.0000 0.0000 0.0000 1.0000 0.0000 0.0000 1.0000 0.0000 0.0000 1.0000 0.0000 0.0000 1.0000 0.0000 0.0000 1.0000 0.0000 0.0000 1.0000 0.3749 0.9271 0.0000 0.3749 0.9271 0.0000 0.3749 0.9271 0.0000 0.3749 0.9271 0.0000 0.3749 0.9271 0.0000 0.3749 0.9271 0.0000 0.0000 0.0000 1.0000 0.0000 0.0000 1.0000 0.0000 0.0000 1.0000 0.0000 0.0000 1.0000 0.0000 0.0000 1.0000 0.0000 0.0000 1.0000 0.3749 0.9271 0.0000 0.3749 0.9271 0.0000 0.3749 0.9271 0.0000 0.3749 0.9271 0.0000 0.3749 0.9271 0.0000 0.3749 0.9271 0.0000 0.0000 0.0000 1.0000 0.0000 0.0000 1.0000 0.0000 0.0000 1.0000 0.0000 0.0000 1.0000 0.0000 0.0000 1.0000 0.0000 0.0000 1.0000 0.3606 0.9327 0.0000 0.3606 0.9327 0.0000 0.3606 0.9327 0.0000 0.3606 0.9327 0.0000 0.3606 0.9327 0.0000 0.3606 0.9327 0.0000 0.0000 0.0000 1.0000 0.0000 0.0000 1.0000 0.0000 0.0000 1.0000 0.0000 0.0000 1.0000 0.0000 0.0000 1.0000 0.0000 0.0000 1.0000 0.3606 0.9327 0.0000 0.3606 0.9327 0.0000 0.3606 0.9327 0.0000 0.3606 0.9327 0.0000 0.3606 0.9327 0.0000 0.3606 0.9327 0.0000 0.0000 0.0000 1.0000 0.0000 0.0000 1.0000 0.0000 0.0000 1.0000 0.0000 0.0000 1.0000 0.0000 0.0000 1.0000 0.0000 0.0000 1.0000 0.3526 0.9358 0.0000 0.3526 0.9358 0.0000 0.3526 0.9358 0.0000 0.3526 0.9358 0.0000 0.3526 0.9358 0.0000 0.3526 0.9358 0.0000 0.0000 0.0000 1.0000 0.0000 0.0000 1.0000 0.0000 0.0000 1.0000 0.0000 0.0000 1.0000 0.0000 0.0000 1.0000 0.0000 0.0000 1.0000 0.3526 0.9358 0.0000 0.3526 0.9358 0.0000 0.3526 0.9358 0.0000 0.3526 0.9358 0.0000 0.3526 0.9358 0.0000 0.3526 0.9358 0.0000 0.0000 0.0000 1.0000 0.0000 0.0000 1.0000 0.0000 0.0000 1.0000 0.0000 0.0000 1.0000 0.0000 0.0000 1.0000 0.0000 0.0000 1.0000 0.3507 0.9365 0.0000 0.3507 0.9365 0.0000 0.3507 0.9365 0.0000 0.3507 0.9365 0.0000 0.3507 0.9365 0.0000 0.3507 0.9365 0.0000 0.0000 0.0000 1.0000 0.0000 0.0000 1.0000 0.0000 0.0000 1.0000 0.0000 0.0000 1.0000 0.0000 0.0000 1.0000 0.0000 0.0000 1.0000 0.3507 0.9365 0.0000 0.3507 0.9365 0.0000 0.3507 0.9365 0.0000 0.3507 0.9365 0.0000 0.3507 0.9365 0.0000 0.3507 0.9365 0.0000 0.0000 0.0000 1.0000 0.0000 0.0000 1.0000 0.0000 0.0000 1.0000 0.0000 0.0000 1.0000 0.0000 0.0000 1.0000 0.0000 0.0000 1.0000 0.3545 0.9351 0.0000 0.3545 0.9351 0.0000 0.3545 0.9351 0.0000 0.3545 0.9351 0.0000 0.3545 0.9351 0.0000 0.3545 0.9351 0.0000 0.0000 0.0000 1.0000 0.0000 0.0000 1.0000 0.0000 0.0000 1.0000 0.0000 0.0000 1.0000 0.0000 0.0000 1.0000 0.0000 0.0000 1.0000 0.3545 0.9351 0.0000 0.3545 0.9351 0.0000 0.3545 0.9351 0.0000 0.3545 0.9351 0.0000 0.3545 0.9351 0.0000 0.3545 0.9351 0.0000 0.0000 0.0000 1.0000 0.0000 0.0000 1.0000 0.0000 0.0000 1.0000 0.0000 0.0000 1.0000 0.0000 0.0000 1.0000 0.0000 0.0000 1.0000 0.3637 0.9315 0.0000 0.3637 0.9315 0.0000 0.3637 0.9315 0.0000 0.3637 0.9315 0.0000 0.3637 0.9315 0.0000 0.3637 0.9315 0.0000 0.0000 0.0000 1.0000 0.0000 0.0000 1.0000 0.0000 0.0000 1.0000 0.0000 0.0000 1.0000 0.0000 0.0000 1.0000 0.0000 0.0000 1.0000 0.3637 0.9315 0.0000 0.3637 0.9315 0.0000 0.3637 0.9315 0.0000 0.3637 0.9315 0.0000 0.3637 0.9315 0.0000 0.3637 0.9315 0.0000 0.0000 0.0000 1.0000 0.0000 0.0000 1.0000 0.0000 0.0000 1.0000 0.0000 0.0000 1.0000 0.0000 0.0000 1.0000 0.0000 0.0000 1.0000 0.3781 0.9258 0.0000 0.3781 0.9258 0.0000 0.3781 0.9258 0.0000 0.3781 0.9258 0.0000 0.3781 0.9258 0.0000 0.3781 0.9258 0.0000 0.0000 0.0000 1.0000 0.0000 0.0000 1.0000 0.0000 0.0000 1.0000 0.0000 0.0000 1.0000 0.0000 0.0000 1.0000 0.0000 0.0000 1.0000 0.3781 0.9258 0.0000 0.3781 0.9258 0.0000 0.3781 0.9258 0.0000 0.3781 0.9258 0.0000 0.3781 0.9258 0.0000 0.3781 0.9258 0.0000 0.0000 0.0000 1.0000 0.0000 0.0000 1.0000 0.0000 0.0000 1.0000 0.0000 0.0000 1.0000 0.0000 0.0000 1.0000 0.0000 0.0000 1.0000 0.3974 0.9177 0.0000 0.3974 0.9177 0.0000 0.3974 0.9177 0.0000 0.3974 0.9177 0.0000 0.3974 0.9177 0.0000 0.3974 0.9177 0.0000 0.0000 0.0000 1.0000 0.0000 0.0000 1.0000 0.0000 0.0000 1.0000 0.0000 0.0000 1.0000 0.0000 0.0000 1.0000 0.0000 0.0000 1.0000 0.3974 0.9177 0.0000 0.3974 0.9177 0.0000 0.3974 0.9177 0.0000 0.3974 0.9177 0.0000 0.3974 0.9177 0.0000 0.3974 0.9177 0.0000 0.0000 0.0000 1.0000 0.0000 0.0000 1.0000 0.0000 0.0000 1.0000 0.0000 0.0000 1.0000 0.0000 0.0000 1.0000 0.0000 0.0000 1.0000 0.4213 0.9069 0.0000 0.4213 0.9069 0.0000 0.4213 0.9069 0.0000 0.4213 0.9069 0.0000 0.4213 0.9069 0.0000 0.4213 0.9069 0.0000 0.0000 0.0000 1.0000 0.0000 0.0000 1.0000 0.0000 0.0000 1.0000 0.0000 0.0000 1.0000 0.0000 0.0000 1.0000 0.0000 0.0000 1.0000 0.4213 0.9069 0.0000 0.4213 0.9069 0.0000 0.4213 0.9069 0.0000 0.4213 0.9069 0.0000 0.4213 0.9069 0.0000 0.4213 0.9069 0.0000 0.0000 0.0000 1.0000 0.0000 0.0000 1.0000 0.0000 0.0000 1.0000 0.0000 0.0000 1.0000 0.0000 0.0000 1.0000 0.0000 0.0000 1.0000 0.4496 0.8932 0.0000 0.4496 0.8932 0.0000 0.4496 0.8932 0.0000 0.4496 0.8932 0.0000 0.4496 0.8932 0.0000 0.4496 0.8932 0.0000 0.0000 0.0000 1.0000 0.0000 0.0000 1.0000 0.0000 0.0000 1.0000 0.0000 0.0000 1.0000 0.0000 0.0000 1.0000 0.0000 0.0000 1.0000 0.4496 0.8932 0.0000 0.4496 0.8932 0.0000 0.4496 0.8932 0.0000 0.4496 0.8932 0.0000 0.4496 0.8932 0.0000 0.4496 0.8932 0.0000 0.0000 0.0000 1.0000 0.0000 0.0000 1.0000 0.0000 0.0000 1.0000 0.0000 0.0000 1.0000 0.0000 0.0000 1.0000 0.0000 0.0000 1.0000 0.4820 0.8762 0.0000 0.4820 0.8762 0.0000 0.4820 0.8762 0.0000 0.4820 0.8762 0.0000 0.4820 0.8762 0.0000 0.4820 0.8762 0.0000 0.0000 0.0000 1.0000 0.0000 0.0000 1.0000 0.0000 0.0000 1.0000 0.0000 0.0000 1.0000 0.0000 0.0000 1.0000 0.0000 0.0000 1.0000 0.4820 0.8762 0.0000 0.4820 0.8762 0.0000 0.4820 0.8762 0.0000 0.4820 0.8762 0.0000 0.4820 0.8762 0.0000 0.4820 0.8762 0.0000 0.0000 0.0000 1.0000 0.0000 0.0000 1.0000 0.0000 0.0000 1.0000 0.0000 0.0000 1.0000 0.0000 0.0000 1.0000 0.0000 0.0000 1.0000 0.5180 0.8554 0.0000 0.5180 0.8554 0.0000 0.5180 0.8554 0.0000 0.5180 0.8554 0.0000 0.5180 0.8554 0.0000 0.5180 0.8554 0.0000 0.0000 0.0000 1.0000 0.0000 0.0000 1.0000 0.0000 0.0000 1.0000 0.0000 0.0000 1.0000 0.0000 0.0000 1.0000 0.0000 0.0000 1.0000 0.5180 0.8554 0.0000 0.5180 0.8554 0.0000 0.5180 0.8554 0.0000 0.5180 0.8554 0.0000 0.5180 0.8554 0.0000 0.5180 0.8554 0.0000 0.0000 0.0000 1.0000 0.0000 0.0000 1.0000 0.0000 0.0000 1.0000 0.0000 0.0000 1.0000 0.0000 0.0000 1.0000 0.0000 0.0000 1.0000 0.5570 0.8305 0.0000 0.5570 0.8305 0.0000 0.5570 0.8305 0.0000 0.5570 0.8305 0.0000 0.5570 0.8305 0.0000 0.5570 0.8305 0.0000 0.0000 0.0000 1.0000 0.0000 0.0000 1.0000 0.0000 0.0000 1.0000 0.0000 0.0000 1.0000 0.0000 0.0000 1.0000 0.0000 0.0000 1.0000 0.5570 0.8305 0.0000 0.5570 0.8305 0.0000 0.5570 0.8305 0.0000 0.5570 0.8305 0.0000 0.5570 0.8305 0.0000 0.5570 0.8305 0.0000 0.0000 0.0000 1.0000 0.0000 0.0000 1.0000 0.0000 0.0000 1.0000 0.0000 0.0000 1.0000 0.0000 0.0000 1.0000 0.0000 0.0000 1.0000 0.5984 0.8012 0.0000 0.5984 0.8012 0.0000 0.5984 0.8012 0.0000 0.5984 0.8012 0.0000 0.5984 0.8012 0.0000 0.5984 0.8012 0.0000 0.0000 0.0000 1.0000 0.0000 0.0000 1.0000 0.0000 0.0000 1.0000 0.0000 0.0000 1.0000 0.0000 0.0000 1.0000 0.0000 0.0000 1.0000 0.5984 0.8012 0.0000 0.5984 0.8012 0.0000 0.5984 0.8012 0.0000 0.5984 0.8012 0.0000 0.5984 0.8012 0.0000 0.5984 0.8012 0.0000 0.0000 0.0000 1.0000 0.0000 0.0000 1.0000 0.0000 0.0000 1.0000 0.0000 0.0000 1.0000 0.0000 0.0000 1.0000 0.0000 0.0000 1.0000 0.6414 0.7672 0.0000 0.6414 0.7672 0.0000 0.6414 0.7672 0.0000 0.6414 0.7672 0.0000 0.6414 0.7672 0.0000 0.6414 0.7672 0.0000 0.0000 0.0000 1.0000 0.0000 0.0000 1.0000 0.0000 0.0000 1.0000 0.0000 0.0000 1.0000 0.0000 0.0000 1.0000 0.0000 0.0000 1.0000 0.6414 0.7672 0.0000 0.6414 0.7672 0.0000 0.6414 0.7672 0.0000 0.6414 0.7672 0.0000 0.6414 0.7672 0.0000 0.6414 0.7672 0.0000 0.0000 0.0000 1.0000 0.0000 0.0000 1.0000 0.0000 0.0000 1.0000 0.0000 0.0000 1.0000 0.0000 0.0000 1.0000 0.0000 0.0000 1.0000 0.6850 0.7285 0.0000 0.6850 0.7285 0.0000 0.6850 0.7285 0.0000 0.6850 0.7285 0.0000 0.6850 0.7285 0.0000 0.6850 0.7285 0.0000 0.0000 0.0000 1.0000 0.0000 0.0000 1.0000 0.0000 0.0000 1.0000 0.0000 0.0000 1.0000 0.0000 0.0000 1.0000 0.0000 0.0000 1.0000 0.6850 0.7285 0.0000 0.6850 0.7285 0.0000 0.6850 0.7285 0.0000 0.6850 0.7285 0.0000 0.6850 0.7285 0.0000 0.6850 0.7285 0.0000 0.0000 0.0000 1.0000 0.0000 0.0000 1.0000 0.0000 0.0000 1.0000 0.0000 0.0000 1.0000 0.0000 0.0000 1.0000 0.0000 0.0000 1.0000 0.7213 0.6927 0.0000 0.7213 0.6927 0.0000 0.7213 0.6927 0.0000 0.7213 0.6927 0.0000 0.7213 0.6927 0.0000 0.7213 0.6927 0.0000 0.0000 0.0000 1.0000 0.0000 0.0000 1.0000 0.0000 0.0000 1.0000 0.0000 0.0000 1.0000 0.0000 0.0000 1.0000 0.0000 0.0000 1.0000 0.7213 0.6927 0.0000 0.7213 0.6927 0.0000 0.7213 0.6927 0.0000 0.7213 0.6927 0.0000 0.7213 0.6927 0.0000 0.7213 0.6927 0.0000 0.0000 0.0000 1.0000 0.0000 0.0000 1.0000 0.0000 0.0000 1.0000 0.0000 0.0000 1.0000 0.0000 0.0000 1.0000 0.0000 0.0000 1.0000 0.7462 0.6657 0.0000 0.7462 0.6657 0.0000 0.7462 0.6657 0.0000 0.7462 0.6657 0.0000 0.7462 0.6657 0.0000 0.7462 0.6657 0.0000 0.0000 0.0000 1.0000 0.0000 0.0000 1.0000 0.0000 0.0000 1.0000 0.0000 0.0000 1.0000 0.0000 0.0000 1.0000 0.0000 0.0000 1.0000 0.7462 0.6657 0.0000 0.7462 0.6657 0.0000 0.7462 0.6657 0.0000 0.7462 0.6657 0.0000 0.7462 0.6657 0.0000 0.7462 0.6657 0.0000 0.0000 0.0000 1.0000 0.0000 0.0000 1.0000 0.0000 0.0000 1.0000 0.0000 0.0000 1.0000 0.0000 0.0000 1.0000 0.0000 0.0000 1.0000 0.7663 0.6425 0.0000 0.7663 0.6425 0.0000 0.7663 0.6425 0.0000 0.7663 0.6425 0.0000 0.7663 0.6425 0.0000 0.7663 0.6425 0.0000 0.0000 0.0000 1.0000 0.0000 0.0000 1.0000 0.0000 0.0000 1.0000 0.0000 0.0000 1.0000 0.0000 0.0000 1.0000 0.0000 0.0000 1.0000 0.7663 0.6425 0.0000 0.7663 0.6425 0.0000 0.7663 0.6425 0.0000 0.7663 0.6425 0.0000 0.7663 0.6425 0.0000 0.7663 0.6425 0.0000 0.0000 0.0000 1.0000 0.0000 0.0000 1.0000 0.0000 0.0000 1.0000 0.0000 0.0000 1.0000 0.0000 0.0000 1.0000 0.0000 0.0000 1.0000 0.7828 0.6222 0.0000 0.7828 0.6222 0.0000 0.7828 0.6222 0.0000 0.7828 0.6222 0.0000 0.7828 0.6222 0.0000 0.7828 0.6222 0.0000 0.0000 0.0000 1.0000 0.0000 0.0000 1.0000 0.0000 0.0000 1.0000 0.0000 0.0000 1.0000 0.0000 0.0000 1.0000 0.0000 0.0000 1.0000 0.7828 0.6222 0.0000 0.7828 0.6222 0.0000 0.7828 0.6222 0.0000 0.7828 0.6222 0.0000 0.7828 0.6222 0.0000 0.7828 0.6222 0.0000 0.0000 0.0000 1.0000 0.0000 0.0000 1.0000 0.0000 0.0000 1.0000 0.0000 0.0000 1.0000 0.0000 0.0000 1.0000 0.0000 0.0000 1.0000 0.7965 0.6046 0.0000 0.7965 0.6046 0.0000 0.7965 0.6046 0.0000 0.7965 0.6046 0.0000 0.7965 0.6046 0.0000 0.7965 0.6046 0.0000 0.0000 0.0000 1.0000 0.0000 0.0000 1.0000 0.0000 0.0000 1.0000 0.0000 0.0000 1.0000 0.0000 0.0000 1.0000 0.0000 0.0000 1.0000 0.7965 0.6046 0.0000 0.7965 0.6046 0.0000 0.7965 0.6046 0.0000 0.7965 0.6046 0.0000 0.7965 0.6046 0.0000 0.7965 0.6046 0.0000 0.0000 0.0000 1.0000 0.0000 0.0000 1.0000 0.0000 0.0000 1.0000 0.0000 0.0000 1.0000 0.0000 0.0000 1.0000 0.0000 0.0000 1.0000 0.8080 0.5892 0.0000 0.8080 0.5892 0.0000 0.8080 0.5892 0.0000 0.8080 0.5892 0.0000 0.8080 0.5892 0.0000 0.8080 0.5892 0.0000 0.0000 0.0000 1.0000 0.0000 0.0000 1.0000 0.0000 0.0000 1.0000 0.0000 0.0000 1.0000 0.0000 0.0000 1.0000 0.0000 0.0000 1.0000 0.8080 0.5892 0.0000 0.8080 0.5892 0.0000 0.8080 0.5892 0.0000 0.8080 0.5892 0.0000 0.8080 0.5892 0.0000 0.8080 0.5892 0.0000 0.0000 0.0000 1.0000 0.0000 0.0000 1.0000 0.0000 0.0000 1.0000 0.0000 0.0000 1.0000 0.0000 0.0000 1.0000 0.0000 0.0000 1.0000 0.8177 0.5756 0.0000 0.8177 0.5756 0.0000 0.8177 0.5756 0.0000 0.8177 0.5756 0.0000 0.8177 0.5756 0.0000 0.8177 0.5756 0.0000 0.0000 0.0000 1.0000 0.0000 0.0000 1.0000 0.0000 0.0000 1.0000 0.0000 0.0000 1.0000 0.0000 0.0000 1.0000 0.0000 0.0000 1.0000 0.8177 0.5756 0.0000 0.8177 0.5756 0.0000 0.8177 0.5756 0.0000 0.8177 0.5756 0.0000 0.8177 0.5756 0.0000 0.8177 0.5756 0.0000 0.0000 0.0000 1.0000 0.0000 0.0000 1.0000 0.0000 0.0000 1.0000 0.0000 0.0000 1.0000 0.0000 0.0000 1.0000 0.0000 0.0000 1.0000 0.8261 0.5636 0.0000 0.8261 0.5636 0.0000 0.8261 0.5636 0.0000 0.8261 0.5636 0.0000 0.8261 0.5636 0.0000 0.8261 0.5636 0.0000 0.0000 0.0000 1.0000 0.0000 0.0000 1.0000 0.0000 0.0000 1.0000 0.0000 0.0000 1.0000 0.0000 0.0000 1.0000 0.0000 0.0000 1.0000 0.8261 0.5636 0.0000 0.8261 0.5636 0.0000 0.8261 0.5636 0.0000 0.8261 0.5636 0.0000 0.8261 0.5636 0.0000 0.8261 0.5636 0.0000 0.0000 0.0000 1.0000 0.0000 0.0000 1.0000 0.0000 0.0000 1.0000 0.0000 0.0000 1.0000 0.0000 0.0000 1.0000 0.0000 0.0000 1.0000 0.8332 0.5530 0.0000 0.8332 0.5530 0.0000 0.8332 0.5530 0.0000 0.8332 0.5530 0.0000 0.8332 0.5530 0.0000 0.8332 0.5530 0.0000 0.0000 0.0000 1.0000 0.0000 0.0000 1.0000 0.0000 0.0000 1.0000 0.0000 0.0000 1.0000 0.0000 0.0000 1.0000 0.0000 0.0000 1.0000 0.8332 0.5530 0.0000 0.8332 0.5530 0.0000 0.8332 0.5530 0.0000 0.8332 0.5530 0.0000 0.8332 0.5530 0.0000 0.8332 0.5530 0.0000 0.0000 0.0000 1.0000 0.0000 0.0000 1.0000 0.0000 0.0000 1.0000 0.0000 0.0000 1.0000 0.0000 0.0000 1.0000 0.0000 0.0000 1.0000 0.8394 0.5436 0.0000 0.8394 0.5436 0.0000 0.8394 0.5436 0.0000 0.8394 0.5436 0.0000 0.8394 0.5436 0.0000 0.8394 0.5436 0.0000 0.0000 0.0000 1.0000 0.0000 0.0000 1.0000 0.0000 0.0000 1.0000 0.0000 0.0000 1.0000 0.0000 0.0000 1.0000 0.0000 0.0000 1.0000 0.8394 0.5436 0.0000 0.8394 0.5436 0.0000 0.8394 0.5436 0.0000 0.8394 0.5436 0.0000 0.8394 0.5436 0.0000 0.8394 0.5436 0.0000 0.0000 0.0000 1.0000 0.0000 0.0000 1.0000 0.0000 0.0000 1.0000 0.0000 0.0000 1.0000 0.0000 0.0000 1.0000 0.0000 0.0000 1.0000 0.8447 0.5352 0.0000 0.8447 0.5352 0.0000 0.8447 0.5352 0.0000 0.8447 0.5352 0.0000 0.8447 0.5352 0.0000 0.8447 0.5352 0.0000 0.0000 0.0000 1.0000 0.0000 0.0000 1.0000 0.0000 0.0000 1.0000 0.0000 0.0000 1.0000 0.0000 0.0000 1.0000 0.0000 0.0000 1.0000 0.8447 0.5352 0.0000 0.8447 0.5352 0.0000 0.8447 0.5352 0.0000 0.8447 0.5352 0.0000 0.8447 0.5352 0.0000 0.8447 0.5352 0.0000 0.0000 0.0000 1.0000 0.0000 0.0000 1.0000 0.0000 0.0000 1.0000 0.0000 0.0000 1.0000 0.0000 0.0000 1.0000 0.0000 0.0000 1.0000 0.8493 0.5278 0.0000 0.8493 0.5278 0.0000 0.8493 0.5278 0.0000 0.8493 0.5278 0.0000 0.8493 0.5278 0.0000 0.8493 0.5278 0.0000 0.0000 0.0000 1.0000 0.0000 0.0000 1.0000 0.0000 0.0000 1.0000 0.0000 0.0000 1.0000 0.0000 0.0000 1.0000 0.0000 0.0000 1.0000 0.8493 0.5278 0.0000 0.8493 0.5278 0.0000 0.8493 0.5278 0.0000 0.8493 0.5278 0.0000 0.8493 0.5278 0.0000 0.8493 0.5278 0.0000 0.0000 0.0000 1.0000 0.0000 0.0000 1.0000 0.0000 0.0000 1.0000 0.0000 0.0000 1.0000 0.0000 0.0000 1.0000 0.0000 0.0000 1.0000 0.8534 0.5213 0.0000 0.8534 0.5213 0.0000 0.8534 0.5213 0.0000 0.8534 0.5213 0.0000 0.8534 0.5213 0.0000 0.8534 0.5213 0.0000 0.0000 0.0000 1.0000 0.0000 0.0000 1.0000 0.0000 0.0000 1.0000 0.0000 0.0000 1.0000 0.0000 0.0000 1.0000 0.0000 0.0000 1.0000 0.8534 0.5213 0.0000 0.8534 0.5213 0.0000 0.8534 0.5213 0.0000 0.8534 0.5213 0.0000 0.8534 0.5213 0.0000 0.8534 0.5213 0.0000 0.0000 0.0000 1.0000 0.0000 0.0000 1.0000 0.0000 0.0000 1.0000 0.0000 0.0000 1.0000 0.0000 0.0000 1.0000 0.0000 0.0000 1.0000 0.8569 0.5155 0.0000 0.8569 0.5155 0.0000 0.8569 0.5155 0.0000 0.8569 0.5155 0.0000 0.8569 0.5155 0.0000 0.8569 0.5155 0.0000 0.0000 0.0000 1.0000 0.0000 0.0000 1.0000 0.0000 0.0000 1.0000 0.0000 0.0000 1.0000 0.0000 0.0000 1.0000 0.0000 0.0000 1.0000 0.8569 0.5155 0.0000 0.8569 0.5155 0.0000 0.8569 0.5155 0.0000 0.8569 0.5155 0.0000 0.8569 0.5155 0.0000 0.8569 0.5155 0.0000 0.0000 0.0000 1.0000 0.0000 0.0000 1.0000 0.0000 0.0000 1.0000 0.0000 0.0000 1.0000 0.0000 0.0000 1.0000 0.0000 0.0000 1.0000 0.8599 0.5105 0.0000 0.8599 0.5105 0.0000 0.8599 0.5105 0.0000 0.8599 0.5105 0.0000 0.8599 0.5105 0.0000 0.8599 0.5105 0.0000 0.0000 0.0000 1.0000 0.0000 0.0000 1.0000 0.0000 0.0000 1.0000 0.0000 0.0000 1.0000 0.0000 0.0000 1.0000 0.0000 0.0000 1.0000 0.8599 0.5105 0.0000 0.8599 0.5105 0.0000 0.8599 0.5105 0.0000 0.8599 0.5105 0.0000 0.8599 0.5105 0.0000 0.8599 0.5105 0.0000 0.0000 0.0000 1.0000 0.0000 0.0000 1.0000 0.0000 0.0000 1.0000 0.0000 0.0000 1.0000 0.0000 0.0000 1.0000 0.0000 0.0000 1.0000 0.8625 0.5061 0.0000 0.8625 0.5061 0.0000 0.8625 0.5061 0.0000 0.8625 0.5061 0.0000 0.8625 0.5061 0.0000 0.8625 0.5061 0.0000 0.0000 0.0000 1.0000 0.0000 0.0000 1.0000 0.0000 0.0000 1.0000 0.0000 0.0000 1.0000 0.0000 0.0000 1.0000 0.0000 0.0000 1.0000 0.8625 0.5061 0.0000 0.8625 0.5061 0.0000 0.8625 0.5061 0.0000 0.8625 0.5061 0.0000 0.8625 0.5061 0.0000 0.8625 0.5061 0.0000 0.0000 0.0000 1.0000 0.0000 0.0000 1.0000 0.0000 0.0000 1.0000 0.0000 0.0000 1.0000 0.0000 0.0000 1.0000 0.0000 0.0000 1.0000 0.8646 0.5024 0.0000 0.8646 0.5024 0.0000 0.8646 0.5024 0.0000 0.8646 0.5024 0.0000 0.8646 0.5024 0.0000 0.8646 0.5024 0.0000 0.0000 0.0000 1.0000 0.0000 0.0000 1.0000 0.0000 0.0000 1.0000 0.0000 0.0000 1.0000 0.0000 0.0000 1.0000 0.0000 0.0000 1.0000 0.8646 0.5024 0.0000 0.8646 0.5024 0.0000 0.8646 0.5024 0.0000 0.8646 0.5024 0.0000 0.8646 0.5024 0.0000 0.8646 0.5024 0.0000 0.0000 0.0000 1.0000 0.0000 0.0000 1.0000 0.0000 0.0000 1.0000 0.0000 0.0000 1.0000 0.0000 0.0000 1.0000 0.0000 0.0000 1.0000 0.8664 0.4993 0.0000 0.8664 0.4993 0.0000 0.8664 0.4993 0.0000 0.8664 0.4993 0.0000 0.8664 0.4993 0.0000 0.8664 0.4993 0.0000 0.0000 0.0000 1.0000 0.0000 0.0000 1.0000 0.0000 0.0000 1.0000 0.0000 0.0000 1.0000 0.0000 0.0000 1.0000 0.0000 0.0000 1.0000 0.8664 0.4993 0.0000 0.8664 0.4993 0.0000 0.8664 0.4993 0.0000 0.8664 0.4993 0.0000 0.8664 0.4993 0.0000 0.8664 0.4993 0.0000 0.0000 0.0000 1.0000 0.0000 0.0000 1.0000 0.0000 0.0000 1.0000 0.0000 0.0000 1.0000 0.0000 0.0000 1.0000 0.0000 0.0000 1.0000 0.8678 0.4969 0.0000 0.8678 0.4969 0.0000 0.8678 0.4969 0.0000 0.8678 0.4969 0.0000 0.8678 0.4969 0.0000 0.8678 0.4969 0.0000 0.0000 0.0000 1.0000 0.0000 0.0000 1.0000 0.0000 0.0000 1.0000 0.0000 0.0000 1.0000 0.0000 0.0000 1.0000 0.0000 0.0000 1.0000 0.8678 0.4969 0.0000 0.8678 0.4969 0.0000 0.8678 0.4969 0.0000 0.8678 0.4969 0.0000 0.8678 0.4969 0.0000 0.8678 0.4969 0.0000 0.0000 0.0000 1.0000 0.0000 0.0000 1.0000 0.0000 0.0000 1.0000 0.0000 0.0000 1.0000 0.0000 0.0000 1.0000 0.0000 0.0000 1.0000 0.8688 0.4952 0.0000 0.8688 0.4952 0.0000 0.8688 0.4952 0.0000 0.8688 0.4952 0.0000 0.8688 0.4952 0.0000 0.8688 0.4952 0.0000 0.0000 0.0000 1.0000 0.0000 0.0000 1.0000 0.0000 0.0000 1.0000 0.0000 0.0000 1.0000 0.0000 0.0000 1.0000 0.0000 0.0000 1.0000 0.8688 0.4952 0.0000 0.8688 0.4952 0.0000 0.8688 0.4952 0.0000 0.8688 0.4952 0.0000 0.8688 0.4952 0.0000 0.8688 0.4952 0.0000 0.0000 0.0000 1.0000 0.0000 0.0000 1.0000 0.0000 0.0000 1.0000 0.0000 0.0000 1.0000 0.0000 0.0000 1.0000 0.0000 0.0000 1.0000 0.8694 0.4941 0.0000 0.8694 0.4941 0.0000 0.8694 0.4941 0.0000 0.8694 0.4941 0.0000 0.8694 0.4941 0.0000 0.8694 0.4941 0.0000 0.0000 0.0000 1.0000 0.0000 0.0000 1.0000 0.0000 0.0000 1.0000 0.0000 0.0000 1.0000 0.0000 0.0000 1.0000 0.0000 0.0000 1.0000 0.8694 0.4941 0.0000 0.8694 0.4941 0.0000 0.8694 0.4941 0.0000 0.8694 0.4941 0.0000 0.8694 0.4941 0.0000 0.8694 0.4941 0.0000 0.0000 0.0000 1.0000 0.0000 0.0000 1.0000 0.0000 0.0000 1.0000 0.0000 0.0000 1.0000 0.0000 0.0000 1.0000 0.0000 0.0000 1.0000 0.8696 0.4938 0.0000 0.8696 0.4938 0.0000 0.8696 0.4938 0.0000 0.8696 0.4938 0.0000 0.8696 0.4938 0.0000 0.8696 0.4938 0.0000 0.0000 0.0000 1.0000 0.0000 0.0000 1.0000 0.0000 0.0000 1.0000 0.0000 0.0000 1.0000 0.0000 0.0000 1.0000 0.0000 0.0000 1.0000 0.8696 0.4938 0.0000 0.8696 0.4938 0.0000 0.8696 0.4938 0.0000 0.8696 0.4938 0.0000 0.8696 0.4938 0.0000 0.8696 0.4938 0.0000 0.0000 0.0000 1.0000 0.0000 0.0000 1.0000 0.0000 0.0000 1.0000 0.0000 0.0000 1.0000 0.0000 0.0000 1.0000 0.0000 0.0000 1.0000 0.8692 0.4944 0.0000 0.8692 0.4944 0.0000 0.8692 0.4944 0.0000 0.8692 0.4944 0.0000 0.8692 0.4944 0.0000 0.8692 0.4944 0.0000 0.0000 0.0000 1.0000 0.0000 0.0000 1.0000 0.0000 0.0000 1.0000 0.0000 0.0000 1.0000 0.0000 0.0000 1.0000 0.0000 0.0000 1.0000 0.8692 0.4944 0.0000 0.8692 0.4944 0.0000 0.8692 0.4944 0.0000 0.8692 0.4944 0.0000 0.8692 0.4944 0.0000 0.8692 0.4944 0.0000 0.0000 0.0000 1.0000 0.0000 0.0000 1.0000 0.0000 0.0000 1.0000 0.0000 0.0000 1.0000 0.0000 0.0000 1.0000 0.0000 0.0000 1.0000 0.8683 0.4960 0.0000 0.8683 0.4960 0.0000 0.8683 0.4960 0.0000 0.8683 0.4960 0.0000 0.8683 0.4960 0.0000 0.8683 0.4960 0.0000 0.0000 0.0000 1.0000 0.0000 0.0000 1.0000 0.0000 0.0000 1.0000 0.0000 0.0000 1.0000 0.0000 0.0000 1.0000 0.0000 0.0000 1.0000 0.8683 0.4960 0.0000 0.8683 0.4960 0.0000 0.8683 0.4960 0.0000 0.8683 0.4960 0.0000 0.8683 0.4960 0.0000 0.8683 0.4960 0.0000 0.0000 0.0000 1.0000 0.0000 0.0000 1.0000 0.0000 0.0000 1.0000 0.0000 0.0000 1.0000 0.0000 0.0000 1.0000 0.0000 0.0000 1.0000 0.8667 0.4989 0.0000 0.8667 0.4989 0.0000 0.8667 0.4989 0.0000 0.8667 0.4989 0.0000 0.8667 0.4989 0.0000 0.8667 0.4989 0.0000 0.0000 0.0000 1.0000 0.0000 0.0000 1.0000 0.0000 0.0000 1.0000 0.0000 0.0000 1.0000 0.0000 0.0000 1.0000 0.0000 0.0000 1.0000 0.8667 0.4989 0.0000 0.8667 0.4989 0.0000 0.8667 0.4989 0.0000 0.8667 0.4989 0.0000 0.8667 0.4989 0.0000 0.8667 0.4989 0.0000 0.0000 0.0000 1.0000 0.0000 0.0000 1.0000 0.0000 0.0000 1.0000 0.0000 0.0000 1.0000 0.0000 0.0000 1.0000 0.0000 0.0000 1.0000 0.8641 0.5033 0.0000 0.8641 0.5033 0.0000 0.8641 0.5033 0.0000 0.8641 0.5033 0.0000 0.8641 0.5033 0.0000 0.8641 0.5033 0.0000 0.0000 0.0000 1.0000 0.0000 0.0000 1.0000 0.0000 0.0000 1.0000 0.0000 0.0000 1.0000 0.0000 0.0000 1.0000 0.0000 0.0000 1.0000 0.8641 0.5033 0.0000 0.8641 0.5033 0.0000 0.8641 0.5033 0.0000 0.8641 0.5033 0.0000 0.8641 0.5033 0.0000 0.8641 0.5033 0.0000 0.0000 0.0000 1.0000 0.0000 0.0000 1.0000 0.0000 0.0000 1.0000 0.0000 0.0000 1.0000 0.0000 0.0000 1.0000 0.0000 0.0000 1.0000 0.8603 0.5098 0.0000 0.8603 0.5098 0.0000 0.8603 0.5098 0.0000 0.8603 0.5098 0.0000 0.8603 0.5098 0.0000 0.8603 0.5098 0.0000 0.0000 0.0000 1.0000 0.0000 0.0000 1.0000 0.0000 0.0000 1.0000 0.0000 0.0000 1.0000 0.0000 0.0000 1.0000 0.0000 0.0000 1.0000 0.8603 0.5098 0.0000 0.8603 0.5098 0.0000 0.8603 0.5098 0.0000 0.8603 0.5098 0.0000 0.8603 0.5098 0.0000 0.8603 0.5098 0.0000 0.0000 0.0000 1.0000 0.0000 0.0000 1.0000 0.0000 0.0000 1.0000 0.0000 0.0000 1.0000 0.0000 0.0000 1.0000 0.0000 0.0000 1.0000 0.8546 0.5193 0.0000 0.8546 0.5193 0.0000 0.8546 0.5193 0.0000 0.8546 0.5193 0.0000 0.8546 0.5193 0.0000 0.8546 0.5193 0.0000 0.0000 0.0000 1.0000 0.0000 0.0000 1.0000 0.0000 0.0000 1.0000 0.0000 0.0000 1.0000 0.0000 0.0000 1.0000 0.0000 0.0000 1.0000 0.8546 0.5193 0.0000 0.8546 0.5193 0.0000 0.8546 0.5193 0.0000 0.8546 0.5193 0.0000 0.8546 0.5193 0.0000 0.8546 0.5193 0.0000 0.0000 0.0000 1.0000 0.0000 0.0000 1.0000 0.0000 0.0000 1.0000 0.0000 0.0000 1.0000 0.0000 0.0000 1.0000 0.0000 0.0000 1.0000 0.8461 0.5330 0.0000 0.8461 0.5330 0.0000 0.8461 0.5330 0.0000 0.8461 0.5330 0.0000 0.8461 0.5330 0.0000 0.8461 0.5330 0.0000 0.0000 0.0000 1.0000 0.0000 0.0000 1.0000 0.0000 0.0000 1.0000 0.0000 0.0000 1.0000 0.0000 0.0000 1.0000 0.0000 0.0000 1.0000 0.8461 0.5330 0.0000 0.8461 0.5330 0.0000 0.8461 0.5330 0.0000 0.8461 0.5330 0.0000 0.8461 0.5330 0.0000 0.8461 0.5330 0.0000 0.0000 0.0000 1.0000 0.0000 0.0000 1.0000 0.0000 0.0000 1.0000 0.0000 0.0000 1.0000 0.0000 0.0000 1.0000 0.0000 0.0000 1.0000 0.8461 0.5330 0.0000 0.8461 0.5330 0.0000 0.8461 0.5330 0.0000 0.8461 0.5330 0.0000 0.8461 0.5330 0.0000 0.8461 0.5330 0.0000 0.0000 0.0000 1.0000 0.0000 0.0000 1.0000 0.0000 0.0000 1.0000 0.0000 0.0000 1.0000 0.0000 0.0000 1.0000 0.0000 0.0000 1.0000 0.8461 0.5330 0.0000 0.8461 0.5330 0.0000 0.8461 0.5330 0.0000 0.8461 0.5330 0.0000 0.8461 0.5330 0.0000 0.8461 0.5330 0.0000</float_array>
          <technique_common>
            <accessor source="#portal_arc_a999-mesh-normals-array" count="5364" stride="3">
              <param name="X" type="float"/>
              <param name="Y" type="float"/>
              <param name="Z" type="float"/>
            </accessor>
          </technique_common>
        </source>
        <source id="portal_arc_a999-mesh-map-0">
          <float_array id="portal_arc_a999-mesh-map-0-array" count="10728">0 0 0 0 0 0 0 0 0 0 0 0 0 0 0 0 0 0 0 0 0 0 0 0 0 0 0 0 0 0 0 0 0 0 0 0 0 0 0 0 0 0 0 0 0 0 0 0 0 0 0 0 0 0 0 0 0 0 0 0 0 0 0 0 0 0 0 0 0 0 0 0 0 0 0 0 0 0 0 0 0 0 0 0 0 0 0 0 0 0 0 0 0 0 0 0 0 0 0 0 0 0 0 0 0 0 0 0 0 0 0 0 0 0 0 0 0 0 0 0 0 0 0 0 0 0 0 0 0 0 0 0 0 0 0 0 0 0 0 0 0 0 0 0 0 0 0 0 0 0 0 0 0 0 0 0 0 0 0 0 0 0 0 0 0 0 0 0 0 0 0 0 0 0 0 0 0 0 0 0 0 0 0 0 0 0 0 0 0 0 0 0 0 0 0 0 0 0 0 0 0 0 0 0 0 0 0 0 0 0 0 0 0 0 0 0 0 0 0 0 0 0 0 0 0 0 0 0 0 0 0 0 0 0 0 0 0 0 0 0 0 0 0 0 0 0 0 0 0 0 0 0 0 0 0 0 0 0 0 0 0 0 0 0 0 0 0 0 0 0 0 0 0 0 0 0 0 0 0 0 0 0 0 0 0 0 0 0 0 0 0 0 0 0 0 0 0 0 0 0 0 0 0 0 0 0 0 0 0 0 0 0 0 0 0 0 0 0 0 0 0 0 0 0 0 0 0 0 0 0 0 0 0 0 0 0 0 0 0 0 0 0 0 0 0 0 0 0 0 0 0 0 0 0 0 0 0 0 0 0 0 0 0 0 0 0 0 0 0 0 0 0 0 0 0 0 0 0 0 0 0 0 0 0 0 0 0 0 0 0 0 0 0 0 0 0 0 0 0 0 0 0 0 0 0 0 0 0 0 0 0 0 0 0 0 0 0 0 0 0 0 0 0 0 0 0 0 0 0 0 0 0 0 0 0 0 0 0 0 0 0 0 0 0 0 0 0 0 0 0 0 0 0 0 0 0 0 0 0 0 0 0 0 0 0 0 0 0 0 0 0 0 0 0 0 0 0 0 0 0 0 0 0 0 0 0 0 0 0 0 0 0 0 0 0 0 0 0 0 0 0 0 0 0 0 0 0 0 0 0 0 0 0 0 0 0 0 0 0 0 0 0 0 0 0 0 0 0 0 0 0 0 0 0 0 0 0 0 0 0 0 0 0 0 0 0 0 0 0 0 0 0 0 0 0 0 0 0 0 0 0 0 0 0 0 0 0 0 0 0 0 0 0 0 0 0 0 0 0 0 0 0 0 0 0 0 0 0 0 0 0 0 0 0 0 0 0 0 0 0 0 0 0 0 0 0 0 0 0 0 0 0 0 0 0 0 0 0 0 0 0 0 0 0 0 0 0 0 0 0 0 0 0 0 0 0 0 0 0 0 0 0 0 0 0 0 0 0 0 0 0 0 0 0 0 0 0 0 0 0 0 0 0 0 0 0 0 0 0 0 0 0 0 0 0 0 0 0 0 0 0 0 0 0 0 0 0 0 0 0 0 0 0 0 0 0 0 0 0 0 0 0 0 0 0 0 0 0 0 0 0 0 0 0 0 0 0 0 0 0 0 0 0 0 0 0 0 0 0 0 0 0 0 0 0 0 0 0 0 0 0 0 0 0 0 0 0 0 0 0 0 0 0 0 0 0 0 0 0 0 0 0 0 0 0 0 0 0 0 0 0 0 0 0 0 0 0 0 0 0 0 0 0 0 0 0 0 0 0 0 0 0 0 0 0 0 0 0 0 0 0 0 0 0 0 0 0 0 0 0 0 0 0 0 0 0 0 0 0 0 0 0 0 0 0 0 0 0 0 0 0 0 0 0 0 0 0 0 0 0 0 0 0 0 0 0 0 0 0 0 0 0 0 0 0 0 0 0 0 0 0 0 0 0 0 0 0 0 0 0 0 0 0 0 0 0 0 0 0 0 0 0 0 0 0 0 0 0 0 0 0 0 0 0 0 0 0 0 0 0 0 0 0 0 0 0 0 0 0 0 0 0 0 0 0 0 0 0 0 0 0 0 0 0 0 0 0 0 0 0 0 0 0 0 0 0 0 0 0 0 0 0 0 0 0 0 0 0 0 0 0 0 0 0 0 0 0 0 0 0 0 0 0 0 0 0 0 0 0 0 0 0 0 0 0 0 0 0 0 0 0 0 0 0 0 0 0 0 0 0 0 0 0 0 0 0 0 0 0 0 0 0 0 0 0 0 0 0 0 0 0 0 0 0 0 0 0 0 0 0 0 0 0 0 0 0 0 0 0 0 0 0 0 0 0 0 0 0 0 0 0 0 0 0 0 0 0 0 0 0 0 0 0 0 0 0 0 0 0 0 0 0 0 0 0 0 0 0 0 0 0 0 0 0 0 0 0 0 0 0 0 0 0 0 0 0 0 0 0 0 0 0 0 0 0 0 0 0 0 0 0 0 0 0 0 0 0 0 0 0 0 0 0 0 0 0 0 0 0 0 0 0 0 0 0 0 0 0 0 0 0 0 0 0 0 0 0 0 0 0 0 0 0 0 0 0 0 0 0 0 0 0 0 0 0 0 0 0 0 0 0 0 0 0 0 0 0 0 0 0 0 0 0 0 0 0 0 0 0 0 0 0 0 0 0 0 0 0 0 0 0 0 0 0 0 0 0 0 0 0 0 0 0 0 0 0 0 0 0 0 0 0 0 0 0 0 0 0 0 0 0 0 0 0 0 0 0 0 0 0 0 0 0 0 0 0 0 0 0 0 0 0 0 0 0 0 0 0 0 0 0 0 0 0 0 0 0 0 0 0 0 0 0 0 0 0 0 0 0 0 0 0 0 0 0 0 0 0 0 0 0 0 0 0 0 0 0 0 0 0 0 0 0 0 0 0 0 0 0 0 0 0 0 0 0 0 0 0 0 0 0 0 0 0 0 0 0 0 0 0 0 0 0 0 0 0 0 0 0 0 0 0 0 0 0 0 0 0 0 0 0 0 0 0 0 0 0 0 0 0 0 0 0 0 0 0 0 0 0 0 0 0 0 0 0 0 0 0 0 0 0 0 0 0 0 0 0 0 0 0 0 0 0 0 0 0 0 0 0 0 0 0 0 0 0 0 0 0 0 0 0 0 0 0 0 0 0 0 0 0 0 0 0 0 0 0 0 0 0 0 0 0 0 0 0 0 0 0 0 0 0 0 0 0 0 0 0 0 0 0 0 0 0 0 0 0 0 0 0 0 0 0 0 0 0 0 0 0 0 0 0 0 0 0 0 0 0 0 0 0 0 0 0 0 0 0 0 0 0 0 0 0 0 0 0 0 0 0 0 0 0 0 0 0 0 0 0 0 0 0 0 0 0 0 0 0 0 0 0 0 0 0 0 0 0 0 0 0 0 0 0 0 0 0 0 0 0 0 0 0 0 0 0 0 0 0 0 0 0 0 0 0 0 0 0 0 0 0 0 0 0 0 0 0 0 0 0 0 0 0 0 0 0 0 0 0 0 0 0 0 0 0 0 0 0 0 0 0 0 0 0 0 0 0 0 0 0 0 0 0 0 0 0 0 0 0 0 0 0 0 0 0 0 0 0 0 0 0 0 0 0 0 0 0 0 0 0 0 0 0 0 0 0 0 0 0 0 0 0 0 0 0 0 0 0 0 0 0 0 0 0 0 0 0 0 0 0 0 0 0 0 0 0 0 0 0 0 0 0 0 0 0 0 0 0 0 0 0 0 0 0 0 0 0 0 0 0 0 0 0 0 0 0 0 0 0 0 0 0 0 0 0 0 0 0 0 0 0 0 0 0 0 0 0 0 0 0 0 0 0 0 0 0 0 0 0 0 0 0 0 0 0 0 0 0 0 0 0 0 0 0 0 0 0 0 0 0 0 0 0 0 0 0 0 0 0 0 0 0 0 0 0 0 0 0 0 0 0 0 0 0 0 0 0 0 0 0 0 0 0 0 0 0 0 0 0 0 0 0 0 0 0 0 0 0 0 0 0 0 0 0 0 0 0 0 0 0 0 0 0 0 0 0 0 0 0 0 0 0 0 0 0 0 0 0 0 0 0 0 0 0 0 0 0 0 0 0 0 0 0 0 0 0 0 0 0 0 0 0 0 0 0 0 0 0 0 0 0 0 0 0 0 0 0 0 0 0 0 0 0 0 0 0 0 0 0 0 0 0 0 0 0 0 0 0 0 0 0 0 0 0 0 0 0 0 0 0 0 0 0 0 0 0 0 0 0 0 0 0 0 0 0 0 0 0 0 0 0 0 0 0 0 0 0 0 0 0 0 0 0 0 0 0 0 0 0 0 0 0 0 0 0 0 0 0 0 0 0 0 0 0 0 0 0 0 0 0 0 0 0 0 0 0 0 0 0 0 0 0 0 0 0 0 0 0 0 0 0 0 0 0 0 0 0 0 0 0 0 0 0 0 0 0 0 0 0 0 0 0 0 0 0 0 0 0 0 0 0 0 0 0 0 0 0 0 0 0 0 0 0 0 0 0 0 0 0 0 0 0 0 0 0 0 0 0 0 0 0 0 0 0 0 0 0 0 0 0 0 0 0 0 0 0 0 0 0 0 0 0 0 0 0 0 0 0 0 0 0 0 0 0 0 0 0 0 0 0 0 0 0 0 0 0 0 0 0 0 0 0 0 0 0 0 0 0 0 0 0 0 0 0 0 0 0 0 0 0 0 0 0 0 0 0 0 0 0 0 0 0 0 0 0 0 0 0 0 0 0 0 0 0 0 0 0 0 0 0 0 0 0 0 0 0 0 0 0 0 0 0 0 0 0 0 0 0 0 0 0 0 0 0 0 0 0 0 0 0 0 0 0 0 0 0 0 0 0 0 0 0 0 0 0 0 0 0 0 0 0 0 0 0 0 0 0 0 0 0 0 0 0 0 0 0 0 0 0 0 0 0 0 0 0 0 0 0 0 0 0 0 0 0 0 0 0 0 0 0 0 0 0 0 0 0 0 0 0 0 0 0 0 0 0 0 0 0 0 0 0 0 0 0 0 0 0 0 0 0 0 0 0 0 0 0 0 0 0 0 0 0 0 0 0 0 0 0 0 0 0 0 0 0 0 0 0 0 0 0 0 0 0 0 0 0 0 0 0 0 0 0 0 0 0 0 0 0 0 0 0 0 0 0 0 0 0 0 0 0 0 0 0 0 0 0 0 0 0 0 0 0 0 0 0 0 0 0 0 0 0 0 0 0 0 0 0 0 0 0 0 0 0 0 0 0 0 0 0 0 0 0 0 0 0 0 0 0 0 0 0 0 0 0 0 0 0 0 0 0 0 0 0 0 0 0 0 0 0 0 0 0 0 0 0 0 0 0 0 0 0 0 0 0 0 0 0 0 0 0 0 0 0 0 0 0 0 0 0 0 0 0 0 0 0 0 0 0 0 0 0 0 0 0 0 0 0 0 0 0 0 0 0 0 0 0 0 0 0 0 0 0 0 0 0 0 0 0 0 0 0 0 0 0 0 0 0 0 0 0 0 0 0 0 0 0 0 0 0 0 0 0 0 0 0 0 0 0 0 0 0 0 0 0 0 0 0 0 0 0 0 0 0 0 0 0 0 0 0 0 0 0 0 0 0 0 0 0 0 0 0 0 0 0 0 0 0 0 0 0 0 0 0 0 0 0 0 0 0 0 0 0 0 0 0 0 0 0 0 0 0 0 0 0 0 0 0 0 0 0 0 0 0 0 0 0 0 0 0 0 0 0 0 0 0 0 0 0 0 0 0 0 0 0 0 0 0 0 0 0 0 0 0 0 0 0 0 0 0 0 0 0 0 0 0 0 0 0 0 0 0 0 0 0 0 0 0 0 0 0 0 0 0 0 0 0 0 0 0 0 0 0 0 0 0 0 0 0 0 0 0 0 0 0 0 0 0 0 0 0 0 0 0 0 0 0 0 0 0 0 0 0 0 0 0 0 0 0 0 0 0 0 0 0 0 0 0 0 0 0 0 0 0 0 0 0 0 0 0 0 0 0 0 0 0 0 0 0 0 0 0 0 0 0 0 0 0 0 0 0 0 0 0 0 0 0 0 0 0 0 0 0 0 0 0 0 0 0 0 0 0 0 0 0 0 0 0 0 0 0 0 0 0 0 0 0 0 0 0 0 0 0 0 0 0 0 0 0 0 0 0 0 0 0 0 0 0 0 0 0 0 0 0 0 0 0 0 0 0 0 0 0 0 0 0 0 0 0 0 0 0 0 0 0 0 0 0 0 0 0 0 0 0 0 0 0 0 0 0 0 0 0 0 0 0 0 0 0 0 0 0 0 0 0 0 0 0 0 0 0 0 0 0 0 0 0 0 0 0 0 0 0 0 0 0 0 0 0 0 0 0 0 0 0 0 0 0 0 0 0 0 0 0 0 0 0 0 0 0 0 0 0 0 0 0 0 0 0 0 0 0 0 0 0 0 0 0 0 0 0 0 0 0 0 0 0 0 0 0 0 0 0 0 0 0 0 0 0 0 0 0 0 0 0 0 0 0 0 0 0 0 0 0 0 0 0 0 0 0 0 0 0 0 0 0 0 0 0 0 0 0 0 0 0 0 0 0 0 0 0 0 0 0 0 0 0 0 0 0 0 0 0 0 0 0 0 0 0 0 0 0 0 0 0 0 0 0 0 0 0 0 0 0 0 0 0 0 0 0 0 0 0 0 0 0 0 0 0 0 0 0 0 0 0 0 0 0 0 0 0 0 0 0 0 0 0 0 0 0 0 0 0 0 0 0 0 0 0 0 0 0 0 0 0 0 0 0 0 0 0 0 0 0 0 0 0 0 0 0 0 0 0 0 0 0 0 0 0 0 0 0 0 0 0 0 0 0 0 0 0 0 0 0 0 0 0 0 0 0 0 0 0 0 0 0 0 0 0 0 0 0 0 0 0 0 0 0 0 0 0 0 0 0 0 0 0 0 0 0 0 0 0 0 0 0 0 0 0 0 0 0 0 0 0 0 0 0 0 0 0 0 0 0 0 0 0 0 0 0 0 0 0 0 0 0 0 0 0 0 0 0 0 0 0 0 0 0 0 0 0 0 0 0 0 0 0 0 0 0 0 0 0 0 0 0 0 0 0 0 0 0 0 0 0 0 0 0 0 0 0 0 0 0 0 0 0 0 0 0 0 0 0 0 0 0 0 0 0 0 0 0 0 0 0 0 0 0 0 0 0 0 0 0 0 0 0 0 0 0 0 0 0 0 0 0 0 0 0 0 0 0 0 0 0 0 0 0 0 0 0 0 0 0 0 0 0 0 0 0 0 0 0 0 0 0 0 0 0 0 0 0 0 0 0 0 0 0 0 0 0 0 0 0 0 0 0 0 0 0 0 0 0 0 0 0 0 0 0 0 0 0 0 0 0 0 0 0 0 0 0 0 0 0 0 0 0 0 0 0 0 0 0 0 0 0 0 0 0 0 0 0 0 0 0 0 0 0 0 0 0 0 0 0 0 0 0 0 0 0 0 0 0 0 0 0 0 0 0 0 0 0 0 0 0 0 0 0 0 0 0 0 0 0 0 0 0 0 0 0 0 0 0 0 0 0 0 0 0 0 0 0 0 0 0 0 0 0 0 0 0 0 0 0 0 0 0 0 0 0 0 0 0 0 0 0 0 0 0 0 0 0 0 0 0 0 0 0 0 0 0 0 0 0 0 0 0 0 0 0 0 0 0 0 0 0 0 0 0 0 0 0 0 0 0 0 0 0 0 0 0 0 0 0 0 0 0 0 0 0 0 0 0 0 0 0 0 0 0 0 0 0 0 0 0 0 0 0 0 0 0 0 0 0 0 0 0 0 0 0 0 0 0 0 0 0 0 0 0 0 0 0 0 0 0 0 0 0 0 0 0 0 0 0 0 0 0 0 0 0 0 0 0 0 0 0 0 0 0 0 0 0 0 0 0 0 0 0 0 0 0 0 0 0 0 0 0 0 0 0 0 0 0 0 0 0 0 0 0 0 0 0 0 0 0 0 0 0 0 0 0 0 0 0 0 0 0 0 0 0 0 0 0 0 0 0 0 0 0 0 0 0 0 0 0 0 0 0 0 0 0 0 0 0 0 0 0 0 0 0 0 0 0 0 0 0 0 0 0 0 0 0 0 0 0 0 0 0 0 0 0 0 0 0 0 0 0 0 0 0 0 0 0 0 0 0 0 0 0 0 0 0 0 0 0 0 0 0 0 0 0 0 0 0 0 0 0 0 0 0 0 0 0 0 0 0 0 0 0 0 0 0 0 0 0 0 0 0 0 0 0 0 0 0 0 0 0 0 0 0 0 0 0 0 0 0 0 0 0 0 0 0 0 0 0 0 0 0 0 0 0 0 0 0 0 0 0 0 0 0 0 0 0 0 0 0 0 0 0 0 0 0 0 0 0 0 0 0 0 0 0 0 0 0 0 0 0 0 0 0 0 0 0 0 0 0 0 0 0 0 0 0 0 0 0 0 0 0 0 0 0 0 0 0 0 0 0 0 0 0 0 0 0 0 0 0 0 0 0 0 0 0 0 0 0 0 0 0 0 0 0 0 0 0 0 0 0 0 0 0 0 0 0 0 0 0 0 0 0 0 0 0 0 0 0 0 0 0 0 0 0 0 0 0 0 0 0 0 0 0 0 0 0 0 0 0 0 0 0 0 0 0 0 0 0 0 0 0 0 0 0 0 0 0 0 0 0 0 0 0 0 0 0 0 0 0 0 0 0 0 0 0 0 0 0 0 0 0 0 0 0 0 0 0 0 0 0 0 0 0 0 0 0 0 0 0 0 0 0 0 0 0 0 0 0 0 0 0 0 0 0 0 0 0 0 0 0 0 0 0 0 0 0 0 0 0 0 0 0 0 0 0 0 0 0 0 0 0 0 0 0 0 0 0 0 0 0 0 0 0 0 0 0 0 0 0 0 0 0 0 0 0 0 0 0 0 0 0 0 0 0 0 0 0 0 0 0 0 0 0 0 0 0 0 0 0 0 0 0 0 0 0 0 0 0 0 0 0 0 0 0 0 0 0 0 0 0 0 0 0 0 0 0 0 0 0 0 0 0 0 0 0 0 0 0 0 0 0 0 0 0 0 0 0 0 0 0 0 0 0 0 0 0 0 0 0 0 0 0 0 0 0 0 0 0 0 0 0 0 0 0 0 0 0 0 0 0 0 0 0 0 0 0 0 0 0 0 0 0 0 0 0 0 0 0 0 0 0 0 0 0 0 0 0 0 0 0 0 0 0 0 0 0 0 0 0 0 0 0 0 0 0 0 0 0 0 0 0 0 0 0 0 0 0 0 0 0 0 0 0 0 0 0 0 0 0 0 0 0 0 0 0 0 0 0 0 0 0 0 0 0 0 0 0 0 0 0 0 0 0 0 0 0 0 0 0 0 0 0 0 0 0 0 0 0 0 0 0 0 0 0 0 0 0 0 0 0 0 0 0 0 0 0 0 0 0 0 0 0 0 0 0 0 0 0 0 0 0 0 0 0 0 0 0 0 0 0 0 0 0 0 0 0 0 0 0 0 0 0 0 0 0 0 0 0 0 0 0 0 0 0 0 0 0 0 0 0 0 0 0 0 0 0 0 0 0 0 0 0 0 0 0 0 0 0 0 0 0 0 0 0 0 0 0 0 0 0 0 0 0 0 0 0 0 0 0 0 0 0 0 0 0 0 0 0 0 0 0 0 0 0 0 0 0 0 0 0 0 0 0 0 0 0 0 0 0 0 0 0 0 0 0 0 0 0 0 0 0 0 0 0 0 0 0 0 0 0 0 0 0 0 0 0 0 0 0 0 0 0 0 0 0 0 0 0 0 0 0 0 0 0 0 0 0 0 0 0 0 0 0 0 0 0 0 0 0 0 0 0 0 0 0 0 0 0 0 0 0 0 0 0 0 0 0 0 0 0 0 0 0 0 0 0 0 0 0 0 0 0 0 0 0 0 0 0 0 0 0 0 0 0 0 0 0 0 0 0 0 0 0 0 0 0 0 0 0 0 0 0 0 0 0 0 0 0 0 0 0 0 0 0 0 0 0 0 0 0 0 0 0 0 0 0 0 0 0 0 0 0 0 0 0 0 0 0 0 0 0 0 0 0 0 0 0 0 0 0 0 0 0 0 0 0 0 0 0 0 0 0 0 0 0 0 0 0 0 0 0 0 0 0 0 0 0 0 0 0 0 0 0 0 0 0 0 0 0 0 0 0 0 0 0 0 0 0 0 0 0 0 0 0 0 0 0 0 0 0 0 0 0 0 0 0 0 0 0 0 0 0 0 0 0 0 0 0 0 0 0 0 0 0 0 0 0 0 0 0 0 0 0 0 0 0 0 0 0 0 0 0 0 0 0 0 0 0 0 0 0 0 0 0 0 0 0 0 0 0 0 0 0 0 0 0 0 0 0 0 0 0 0 0 0 0 0 0 0 0 0 0 0 0 0 0 0 0 0 0 0 0 0 0 0 0 0 0 0 0 0 0 0 0 0 0 0 0 0 0 0 0 0 0 0 0 0 0 0 0 0 0 0 0 0 0 0 0 0 0 0 0 0 0 0 0 0 0 0 0 0 0 0 0 0 0 0 0 0 0 0 0 0 0 0 0 0 0 0 0 0 0 0 0 0 0 0 0 0 0 0 0 0 0 0 0 0 0 0 0 0 0 0 0 0 0 0 0 0 0 0 0 0 0 0 0 0 0 0 0 0 0 0 0 0 0 0 0 0 0 0 0 0 0 0 0 0 0 0 0 0 0 0 0 0 0 0 0 0 0 0 0 0 0 0 0 0 0 0 0 0 0 0 0 0 0 0 0 0 0 0 0 0 0 0 0 0 0 0 0 0 0 0 0 0 0 0 0 0 0 0 0 0 0 0 0 0 0 0 0 0 0 0 0 0 0 0 0 0 0 0 0 0 0 0 0 0 0 0 0 0 0 0 0 0 0 0 0 0 0 0 0 0 0 0 0 0 0 0 0 0 0 0 0 0 0 0 0 0 0 0 0 0 0 0 0 0 0 0 0 0 0 0 0 0 0 0 0 0 0 0 0 0 0 0 0 0 0 0 0 0 0 0 0 0 0 0 0 0 0 0 0 0 0 0 0 0 0 0 0 0 0 0 0 0 0 0 0 0 0 0 0 0 0 0 0 0 0 0 0 0 0 0 0 0 0 0 0 0 0 0 0 0 0 0 0 0 0 0 0 0 0 0 0 0 0 0 0 0 0 0 0 0 0 0 0 0 0 0 0 0 0 0 0 0 0 0 0 0 0 0 0 0 0 0 0 0 0 0 0 0 0 0 0 0 0 0 0 0 0 0 0 0 0 0 0 0 0 0 0 0 0 0 0 0 0 0 0 0 0 0 0 0 0 0 0 0 0 0 0 0 0 0 0 0 0 0 0 0 0 0 0 0 0 0 0 0 0 0 0 0 0 0 0 0 0 0 0 0 0 0 0 0 0 0 0 0 0 0 0 0 0 0 0 0 0 0 0 0 0 0 0 0 0 0 0 0 0 0 0 0 0 0 0 0 0 0 0 0 0 0 0 0 0 0 0 0 0 0 0 0 0 0 0 0 0 0 0 0 0 0 0 0 0 0 0 0 0 0 0 0 0 0 0 0 0 0 0 0 0 0 0 0 0 0 0 0 0 0 0 0 0 0 0 0 0 0 0 0 0 0 0 0 0 0 0 0 0 0 0 0 0 0 0 0 0 0 0 0 0 0 0 0 0 0 0 0 0 0 0 0 0 0 0 0 0 0 0 0 0 0 0 0 0 0 0 0 0 0 0 0 0 0 0 0 0 0 0 0 0 0 0 0 0 0 0 0 0 0 0 0 0 0 0 0 0 0 0 0 0 0 0 0 0 0 0 0 0 0 0 0 0 0 0 0 0 0 0 0 0 0 0 0 0 0 0 0 0 0 0 0 0 0 0 0 0 0 0 0 0 0 0 0 0 0 0 0 0 0 0 0 0 0 0 0 0 0 0 0 0 0 0 0 0 0 0 0 0 0 0 0 0 0 0 0 0 0 0 0 0 0 0 0 0 0 0 0 0 0 0 0 0 0 0 0 0 0 0 0 0 0 0 0 0 0 0 0 0 0 0 0 0 0 0 0 0 0 0 0 0 0 0 0 0 0 0 0 0 0 0 0 0 0 0 0 0 0 0 0 0 0 0 0 0 0 0 0 0 0 0 0 0 0 0 0 0 0 0 0 0 0 0 0 0 0 0 0 0 0 0 0 0 0 0 0 0 0 0 0 0 0 0 0 0 0 0 0 0 0 0 0 0 0 0 0 0 0 0 0 0 0 0 0 0 0 0 0 0 0 0 0 0 0 0 0 0 0 0 0 0 0 0 0 0 0 0 0 0 0 0 0 0 0 0 0 0 0 0 0 0 0 0 0 0 0 0 0 0 0 0 0 0 0 0 0 0 0 0 0 0 0 0 0 0 0 0 0 0 0 0 0 0 0 0 0 0 0 0 0 0 0 0 0 0 0 0 0 0 0 0 0 0 0 0 0 0 0 0 0 0 0 0 0 0 0 0 0 0 0 0 0 0 0 0 0 0 0 0 0 0 0 0 0 0 0 0 0 0 0 0 0 0 0 0 0 0 0 0 0 0 0 0 0 0 0 0 0 0 0 0 0 0 0 0 0 0 0 0 0 0 0 0 0 0 0 0 0 0 0 0 0 0 0 0 0 0 0 0 0 0 0 0 0 0 0 0 0 0 0 0 0 0 0 0 0 0 0 0 0 0 0 0 0 0 0 0 0 0 0 0 0 0 0 0 0 0 0 0 0 0 0 0 0 0 0 0 0 0 0 0 0 0 0 0 0 0 0 0 0 0 0 0 0 0 0 0 0 0 0 0 0 0 0 0 0 0 0 0 0 0 0 0 0 0 0 0 0 0 0 0 0 0 0 0 0 0 0 0 0 0 0 0 0 0 0 0 0 0 0 0 0 0 0 0 0 0 0 0 0 0 0 0 0 0 0 0 0 0 0 0 0 0 0 0 0 0 0 0 0 0 0 0 0 0 0 0 0 0 0 0 0 0 0 0 0 0 0 0 0 0 0 0 0 0 0 0 0 0 0 0 0 0 0 0 0 0 0 0 0 0 0 0 0 0 0 0 0 0 0 0 0 0 0 0 0 0 0 0 0 0 0 0 0 0 0 0 0 0 0 0 0 0 0 0 0 0 0 0 0 0 0 0 0 0 0 0 0 0 0 0 0 0 0 0 0 0 0 0 0 0 0 0 0 0 0 0 0 0 0 0 0 0 0 0 0 0 0 0 0 0 0 0 0 0 0 0 0 0 0 0 0 0 0 0 0 0 0 0 0 0 0 0 0 0 0 0 0 0 0 0 0 0 0 0 0 0 0 0 0 0 0 0 0 0 0 0 0 0 0 0 0 0 0 0 0 0 0 0 0 0 0 0 0 0 0 0 0 0 0 0 0 0 0 0 0 0 0 0 0 0 0 0 0 0 0 0 0 0 0 0 0 0 0 0 0 0 0 0 0 0 0 0 0 0 0 0 0 0 0 0 0 0 0 0 0 0 0 0 0 0 0 0 0 0 0 0 0 0 0 0 0 0 0 0 0 0 0 0 0 0 0 0 0 0 0 0 0 0 0 0 0 0 0 0 0 0 0 0 0 0 0 0 0 0 0 0 0 0 0 0 0 0 0 0 0 0 0 0 0 0 0 0 0 0 0 0 0 0 0 0 0 0 0 0 0 0 0 0 0 0 0 0 0 0 0 0 0 0 0 0 0 0 0 0 0 0 0 0 0 0 0 0 0 0 0 0 0 0 0 0 0 0 0 0 0 0 0 0 0 0 0 0 0 0 0 0 0 0 0 0 0 0 0 0 0 0 0 0 0 0 0 0 0 0 0 0 0 0 0 0 0 0 0 0 0 0 0 0 0 0 0 0 0 0 0 0 0 0 0 0 0 0 0 0 0 0 0 0 0 0 0 0 0 0 0 0 0 0 0 0 0 0 0 0 0 0 0 0 0 0 0 0 0 0 0 0 0 0 0 0 0 0 0 0 0 0 0 0 0 0 0 0 0 0 0 0 0 0 0 0 0 0 0 0 0 0 0 0 0 0 0 0 0 0 0 0 0 0 0 0 0 0 0 0 0 0 0 0 0 0 0 0 0 0 0 0 0 0 0 0 0 0 0 0 0 0 0 0 0 0 0 0 0 0 0 0 0 0 0 0 0 0 0 0 0 0 0 0 0 0 0 0 0 0 0 0 0 0 0 0 0 0 0 0 0 0 0 0 0 0 0 0 0 0 0 0 0 0 0 0 0 0 0 0 0 0 0 0 0 0 0 0 0 0 0 0 0 0 0 0 0 0 0 0 0 0 0 0 0 0 0 0 0 0 0 0 0 0 0 0 0 0 0 0 0 0 0 0 0 0 0 0 0 0 0 0 0 0 0 0 0 0 0 0 0 0 0 0 0 0 0 0 0 0 0 0 0 0 0 0 0 0 0 0 0 0 0 0 0 0 0 0 0 0 0 0 0 0 0 0 0 0 0 0 0 0 0 0 0 0 0 0 0 0 0 0 0 0 0 0 0 0 0 0 0 0 0 0 0 0 0 0 0 0 0 0 0 0 0 0 0 0 0 0 0 0 0 0 0 0 0 0 0 0 0 0 0 0 0 0 0 0 0 0 0 0 0 0 0 0 0 0 0 0 0 0 0 0 0 0 0 0 0 0 0 0 0 0 0 0 0 0 0 0 0 0 0 0 0 0 0 0 0 0 0 0 0 0 0 0 0 0 0 0 0 0 0 0 0 0 0 0 0 0 0 0 0 0 0 0 0 0 0 0 0 0 0 0 0 0 0 0 0 0 0 0 0 0 0 0 0 0 0 0 0 0 0 0 0 0 0 0 0 0 0 0 0 0 0 0 0 0 0 0 0 0 0 0 0 0 0 0 0 0 0 0 0 0 0 0 0 0 0 0 0 0 0 0 0 0 0 0 0 0 0 0 0 0 0 0 0 0 0 0 0 0 0 0 0 0 0 0 0 0 0 0 0 0 0 0 0 0 0 0 0 0 0 0 0 0 0 0 0 0 0 0 0 0 0 0 0 0 0 0 0 0 0 0 0 0 0 0 0 0 0 0 0 0 0 0 0 0 0 0 0 0 0 0 0 0 0 0 0 0 0 0 0 0 0 0 0 0 0 0 0 0 0 0 0 0 0 0 0 0 0 0 0 0 0 0 0 0 0 0 0 0 0 0 0 0 0 0 0 0 0 0 0 0 0 0 0 0 0 0 0 0 0 0 0 0 0 0 0 0 0 0 0 0 0 0 0 0 0 0 0 0 0 0 0 0 0 0 0 0 0 0 0 0 0 0 0 0 0 0 0 0 0 0 0 0 0 0 0 0 0 0 0 0 0 0 0 0 0 0 0 0 0 0 0 0 0 0 0 0 0 0 0 0 0 0 0 0 0 0 0 0 0 0 0 0 0 0 0 0 0 0 0 0 0 0 0 0 0 0 0 0 0 0 0 0 0 0 0 0 0 0 0 0 0 0 0 0 0 0 0 0 0 0 0 0 0 0 0 0 0 0 0 0 0 0 0 0 0 0 0 0 0 0 0 0 0 0 0 0 0 0 0 0 0 0 0 0 0 0 0 0 0 0 0 0 0 0 0 0 0 0 0 0 0 0 0 0 0 0 0 0 0 0 0 0 0 0 0 0 0 0 0 0 0 0 0 0 0 0 0 0 0 0 0 0 0 0 0 0 0 0 0 0 0 0 0 0 0 0 0 0 0 0 0 0 0 0 0 0 0 0 0 0 0 0 0 0 0 0 0 0 0 0 0 0 0 0 0 0 0 0 0 0 0 0 0 0 0 0 0 0 0 0 0 0 0 0 0 0 0 0 0 0 0 0 0 0 0 0 0 0 0 0 0 0 0 0 0 0 0 0 0 0 0 0 0 0 0 0 0 0 0 0 0 0 0 0 0 0 0 0 0 0 0 0 0 0 0 0 0 0 0 0 0 0 0 0 0 0 0 0 0 0 0 0 0 0 0 0 0 0 0 0 0 0 0 0 0 0 0 0 0 0 0 0 0 0 0 0 0 0 0 0 0 0 0 0 0 0 0 0 0 0 0 0 0 0 0 0 0 0 0 0 0 0 0 0 0 0 0 0 0 0 0 0 0 0 0 0 0 0 0 0 0 0 0 0 0 0 0 0 0 0 0 0 0 0 0 0 0 0 0 0 0 0 0 0 0 0 0 0 0 0 0 0 0 0 0 0 0 0 0 0 0 0 0 0 0 0 0 0 0 0 0 0 0 0 0 0 0 0 0 0 0 0 0 0 0 0 0 0 0 0 0 0 0 0 0 0 0 0 0 0 0 0 0 0 0 0 0 0 0 0 0 0 0 0 0 0 0 0 0 0 0 0 0 0 0 0 0 0 0 0 0 0 0 0 0 0 0 0 0 0 0 0 0 0 0 0 0 0 0 0 0 0 0 0 0 0 0 0 0 0 0 0 0 0 0 0 0 0 0 0 0 0 0 0 0 0 0 0 0 0 0 0 0 0 0 0 0 0 0 0 0 0 0 0 0 0 0 0 0 0 0 0 0 0 0 0 0 0 0 0 0 0 0 0 0 0 0 0 0 0 0 0 0 0 0 0 0 0 0 0 0 0 0 0 0 0 0 0 0 0 0 0 0 0 0 0 0 0 0 0 0 0 0 0 0 0 0 0 0 0 0 0 0 0 0 0 0 0 0 0 0 0 0 0 0 0 0 0 0 0 0 0 0 0 0 0 0 0 0 0 0 0 0 0 0 0 0 0 0 0 0 0 0 0 0 0 0 0 0 0 0 0 0 0 0 0 0 0 0 0 0 0 0 0 0 0 0 0 0 0 0 0 0 0 0 0 0 0 0 0 0 0 0 0 0 0 0 0 0 0 0 0 0 0 0 0 0 0 0 0 0 0 0 0 0 0 0 0 0 0 0 0 0 0 0 0 0 0 0 0 0 0 0 0 0 0 0 0 0 0 0 0 0 0 0 0 0 0 0 0 0 0 0 0 0 0 0 0 0 0 0 0 0 0 0 0 0 0 0 0 0 0 0 0 0 0 0 0 0 0 0 0 0 0 0 0 0 0 0 0 0 0 0 0 0 0 0 0 0 0 0 0 0 0 0 0 0 0 0 0 0 0 0 0 0 0 0 0 0 0 0 0 0 0 0 0 0 0 0 0 0 0 0 0 0 0 0 0 0 0 0 0 0 0 0 0 0 0 0 0 0 0 0 0 0 0 0 0 0 0 0 0 0 0 0 0 0 0 0 0 0 0 0 0 0 0 0 0 0 0 0 0 0 0 0 0 0 0 0 0 0 0 0 0 0 0 0 0 0 0 0 0 0 0 0 0 0 0 0 0 0 0 0 0 0 0 0 0 0 0 0 0 0 0 0 0 0 0 0 0 0 0 0 0 0 0 0 0 0 0 0 0 0 0 0 0 0 0 0 0 0 0 0 0 0 0 0 0 0 0 0 0 0 0 0 0 0 0 0 0 0 0 0 0 0 0 0 0 0 0 0 0 0 0 0 0 0 0 0 0 0 0 0 0 0 0 0 0 0 0 0 0 0 0 0 0 0 0 0 0 0 0 0 0 0 0 0 0 0 0 0 0 0 0 0 0 0 0 0 0 0 0 0 0 0 0 0 0 0 0 0 0 0 0 0 0 0 0 0 0 0 0 0 0 0 0 0 0 0 0 0 0 0 0 0 0 0 0 0 0 0 0 0 0 0 0 0 0 0 0 0 0 0 0 0 0 0 0 0 0 0 0 0 0 0 0 0 0 0 0 0 0 0 0 0 0 0 0 0 0 0 0 0 0 0 0 0 0 0 0 0 0 0 0 0 0 0 0 0 0 0 0 0 0 0 0 0 0 0 0 0 0 0 0 0 0 0 0 0 0 0 0 0 0 0 0 0 0 0 0 0 0 0 0 0 0 0 0 0 0 0 0 0 0 0 0 0 0 0 0 0 0 0 0 0 0 0 0 0 0 0 0 0 0 0 0 0 0 0 0 0 0 0 0 0 0 0 0 0 0 0 0 0 0 0 0 0 0 0 0 0 0 0 0 0 0 0 0 0 0 0 0 0 0 0 0 0 0 0 0 0 0 0 0 0 0 0 0 0 0 0 0 0 0 0 0 0 0 0 0 0 0 0 0 0 0 0 0 0 0 0 0 0 0 0 0 0 0 0 0 0 0 0 0 0 0 0 0 0 0 0 0 0 0 0 0 0 0 0 0 0 0 0 0 0 0 0 0 0 0 0 0 0 0 0 0 0 0 0 0 0 0 0 0 0 0 0 0 0 0 0 0 0 0 0 0 0 0 0 0 0 0 0 0 0 0 0 0 0 0 0 0 0 0 0 0 0 0 0 0 0 0 0 0 0 0 0 0 0 0 0 0 0 0 0 0 0 0 0 0 0 0 0 0 0 0 0 0 0 0 0 0 0 0 0 0 0 0 0 0 0 0 0 0 0 0 0 0 0 0 0 0 0 0 0 0 0 0 0 0 0 0 0 0 0 0 0 0 0 0 0 0 0 0 0 0 0 0 0 0 0 0 0 0 0 0 0 0 0 0 0 0 0 0 0 0 0 0 0 0 0 0 0 0 0 0 0 0 0 0 0 0 0 0 0 0 0 0 0 0 0 0 0 0 0 0 0 0 0 0 0 0 0 0 0 0 0 0 0 0 0 0 0 0 0 0 0 0 0 0 0 0 0 0 0 0 0 0 0 0 0 0 0 0 0 0 0 0 0 0 0 0 0 0 0 0 0 0 0 0 0 0 0 0 0 0 0 0 0 0 0 0 0 0 0 0 0 0 0 0 0 0 0 0 0 0 0 0 0 0 0 0 0 0 0 0 0 0 0 0 0 0 0 0 0 0 0 0 0 0 0 0 0 0 0 0 0 0 0 0 0 0 0 0 0 0 0 0 0 0 0 0 0 0 0 0 0 0 0 0 0 0 0 0 0 0 0 0 0 0 0 0 0 0 0 0 0 0 0 0 0 0 0 0 0 0 0 0 0 0 0 0 0 0 0 0 0 0 0 0 0 0 0 0 0 0 0 0 0 0 0 0 0 0 0 0 0 0 0 0 0 0 0 0 0 0 0 0 0 0 0 0 0 0 0 0 0 0 0 0 0 0 0 0 0 0 0 0 0 0 0 0 0 0 0 0 0 0 0 0 0 0 0 0 0 0 0 0 0 0 0 0 0 0 0 0 0 0 0 0 0 0 0 0 0 0 0 0 0 0 0 0 0 0 0 0 0 0 0 0 0 0 0 0 0 0 0 0 0 0 0 0 0 0 0 0 0 0 0 0 0 0 0 0 0 0 0 0 0 0 0 0 0 0 0 0 0 0 0 0 0 0 0 0 0 0 0 0 0 0 0 0 0 0 0 0 0 0 0 0 0 0 0 0 0 0 0 0 0 0 0 0 0 0 0 0 0 0 0 0 0 0 0 0 0 0 0 0 0 0 0 0 0 0 0 0 0 0 0 0 0 0 0 0 0 0 0 0 0 0 0 0 0 0 0 0 0 0 0 0 0 0 0 0 0 0 0 0 0 0 0 0 0 0 0 0 0 0 0 0 0 0 0 0 0 0 0 0 0 0 0 0 0 0 0 0 0 0 0 0 0 0 0 0 0 0 0 0 0 0 0 0 0 0 0 0 0 0 0 0 0 0 0 0 0 0 0 0 0 0 0 0 0 0 0 0 0 0 0 0 0 0 0 0 0 0 0 0 0 0 0 0 0 0 0 0 0 0 0 0 0 0 0 0 0 0 0 0 0 0 0 0 0 0 0 0 0 0 0 0 0 0 0 0 0 0 0 0 0 0 0 0 0 0 0 0 0 0 0 0 0 0 0 0 0 0 0 0 0 0 0 0 0 0 0 0 0 0 0 0 0 0 0 0 0 0 0 0 0 0 0 0 0 0 0 0 0 0 0 0 0 0 0 0 0 0 0 0 0 0 0 0 0 0 0 0 0 0 0 0 0 0 0 0 0 0 0 0 0 0 0 0 0 0 0 0 0 0 0 0 0 0 0 0 0 0 0 0 0 0 0 0 0 0 0 0 0 0 0 0 0 0 0 0 0 0 0 0 0 0 0 0 0 0 0 0 0 0 0 0 0 0 0 0 0 0 0 0 0 0 0 0 0 0 0 0 0 0 0 0 0 0 0 0 0 0 0 0 0 0 0 0 0 0 0 0 0 0 0 0 0 0 0 0 0 0 0 0 0 0 0 0 0 0 0 0 0 0 0 0 0 0 0 0 0 0 0 0 0 0 0 0 0 0 0 0 0 0 0 0 0 0 0 0 0 0 0 0 0 0 0 0 0 0 0 0 0 0 0 0 0 0 0 0 0 0 0 0 0 0 0 0 0 0 0 0 0 0 0 0 0 0 0 0 0 0 0 0 0 0 0 0 0 0 0 0 0 0 0 0 0 0 0 0 0 0 0 0 0 0 0 0 0 0 0 0 0 0 0 0 0 0 0 0 0 0 0 0 0 0 0 0 0 0 0 0 0 0 0 0 0 0 0 0 0 0 0 0 0 0 0 0 0 0 0 0 0 0 0 0 0 0 0 0 0 0 0 0 0 0 0 0 0 0 0 0 0 0 0 0 0 0 0 0 0 0 0 0 0 0 0 0 0 0 0 0 0 0 0 0 0 0 0 0 0 0 0 0 0 0 0 0 0 0 0 0 0 0 0 0 0 0 0 0 0 0 0 0 0 0 0 0 0 0 0 0 0 0 0 0 0 0 0 0 0 0 0 0 0 0 0 0 0 0 0 0 0 0 0 0 0 0 0 0 0 0 0 0 0 0 0 0 0 0 0 0 0 0 0 0 0 0 0 0 0 0 0 0 0 0 0 0 0 0 0 0 0 0 0 0 0 0 0 0 0 0 0 0 0 0 0 0 0 0 0 0 0 0 0 0 0 0 0 0 0 0 0 0 0 0 0 0 0 0 0 0 0 0 0 0 0 0 0 0 0 0 0 0 0 0 0 0 0 0 0 0 0 0 0 0 0 0 0 0 0 0 0 0 0 0 0 0 0 0 0 0 0 0 0 0 0 0 0 0 0 0 0 0 0 0 0 0 0 0 0 0 0 0 0 0 0 0 0 0 0 0 0 0 0 0 0 0 0 0 0 0 0 0 0 0 0 0 0 0 0 0 0 0 0 0 0 0 0 0 0 0 0 0 0 0 0 0 0 0 0 0 0 0 0 0 0 0 0 0 0 0 0 0 0 0 0 0 0 0 0 0 0 0 0 0 0 0 0 0 0 0 0 0 0 0 0 0 0 0 0 0 0 0 0 0 0 0 0 0 0 0 0 0 0 0 0 0 0 0 0 0 0 0 0 0 0 0 0 0 0 0 0 0 0 0 0 0 0 0 0 0 0 0 0 0 0 0 0 0 0 0 0 0 0 0 0 0 0 0 0 0 0 0 0 0 0 0 0 0 0 0 0 0 0 0 0 0 0 0 0 0 0 0 0 0 0 0 0 0 0 0 0 0 0 0 0 0 0 0 0 0 0 0 0 0 0 0 0 0 0 0 0 0 0 0 0 0 0 0 0 0 0 0 0 0 0 0 0 0 0 0 0 0 0 0 0 0 0 0 0 0 0 0 0 0 0 0 0 0 0 0 0 0 0 0 0 0 0 0 0 0 0 0 0 0 0 0 0 0 0 0 0 0 0 0 0 0 0 0 0 0 0 0 0 0 0 0 0 0 0 0 0 0 0 0 0 0 0 0 0 0 0 0 0 0 0 0 0 0 0 0 0 0 0 0 0 0 0 0 0 0 0 0 0 0 0 0 0 0 0 0 0 0 0 0 0 0 0 0 0 0 0 0 0 0 0 0 0 0 0 0 0 0 0 0 0 0 0 0 0 0 0 0 0 0 0 0 0 0 0 0 0 0 0 0 0 0 0 0 0 0 0 0 0 0 0 0 0 0 0 0 0 0 0 0 0 0 0 0 0 0 0 0 0 0 0 0 0 0 0 0 0 0 0 0 0 0 0 0 0 0 0 0 0 0 0 0 0 0 0 0 0 0 0 0 0 0 0 0 0 0 0 0 0 0 0 0 0 0 0 0 0 0 0 0 0 0 0 0 0 0 0 0 0 0 0 0 0 0 0 0 0 0 0 0 0 0 0 0 0 0 0 0 0 0 0 0 0 0 0 0 0 0 0 0 0 0 0 0 0 0 0 0 0 0 0 0 0 0 0 0 0 0 0 0 0 0 0 0 0 0 0 0 0 0 0 0 0 0 0 0 0 0 0 0 0 0 0 0 0 0 0 0 0 0 0 0 0 0 0 0 0 0 0 0 0 0 0 0 0 0 0 0 0 0 0 0 0 0 0 0 0 0 0 0 0 0 0 0 0 0 0 0 0 0 0 0 0 0 0 0 0 0 0 0 0 0 0 0 0 0 0 0 0 0 0 0 0 0 0 0 0 0 0 0 0 0 0 0 0 0 0 0 0 0 0 0 0 0 0 0 0 0 0 0 0 0 0 0 0 0 0 0 0 0 0 0 0 0 0 0 0 0 0 0 0 0 0 0 0 0 0 0 0 0 0 0 0 0 0 0 0 0 0 0 0 0 0 0 0 0 0 0 0 0 0 0 0 0 0 0 0 0 0 0 0 0 0 0 0 0 0 0 0 0 0 0 0 0 0 0 0 0 0 0 0 0 0 0 0 0 0 0 0 0 0 0 0 0 0 0 0 0 0 0 0 0 0 0 0 0 0 0 0 0 0 0 0 0 0 0 0 0 0 0 0 0 0 0 0 0 0 0 0 0 0 0 0 0 0 0 0 0 0 0 0 0 0 0 0 0 0 0 0 0 0 0 0 0 0 0 0 0 0 0 0 0 0 0 0 0 0 0 0 0 0 0 0 0 0 0 0 0 0 0 0 0 0 0 0 0 0 0 0 0 0 0 0 0 0 0 0 0 0 0 0 0 0 0 0 0 0 0 0 0 0 0 0 0 0 0 0 0 0 0 0 0 0 0 0 0 0 0 0 0 0 0 0 0 0 0 0 0 0 0 0 0 0 0 0 0 0 0 0 0 0 0 0 0 0 0 0 0 0 0 0 0 0 0 0 0 0 0 0 0 0 0 0 0 0 0 0 0 0 0 0 0 0 0 0 0 0 0 0 0 0 0 0 0 0 0 0 0 0 0 0 0 0 0 0 0 0 0 0 0 0 0 0 0 0 0 0 0 0 0 0 0 0 0 0 0 0 0 0 0 0 0 0 0 0 0 0 0 0 0 0 0 0 0 0 0 0 0 0 0 0 0 0 0 0 0 0 0 0 0 0 0 0 0 0 0 0 0 0 0 0 0 0 0 0 0 0 0 0 0 0 0 0 0 0 0 0 0 0 0 0 0 0 0 0 0 0 0 0 0 0 0 0 0 0 0 0 0 0 0 0 0 0 0 0 0 0 0 0 0 0 0 0 0 0 0 0 0 0 0 0 0 0 0 0 0 0 0 0 0 0 0 0 0 0 0 0 0 0 0 0 0 0 0 0 0 0 0 0 0 0 0 0 0 0 0 0 0 0 0 0 0 0 0 0 0 0 0 0 0 0 0 0 0 0 0 0 0 0 0 0 0 0 0 0 0 0 0 0 0 0 0 0 0 0 0 0 0 0 0 0 0 0 0 0 0 0 0 0 0 0 0 0 0 0 0 0 0 0 0 0 0 0 0 0 0 0 0 0 0 0 0 0 0 0 0 0 0 0 0 0 0 0 0 0 0 0 0 0 0 0 0 0 0 0 0 0 0 0 0 0 0 0 0 0 0 0 0 0 0 0 0 0 0 0 0 0 0 0 0 0 0 0 0 0 0 0 0 0 0 0 0 0 0 0 0 0 0 0 0 0 0 0 0 0 0 0 0 0 0 0 0 0 0 0 0 0 0 0 0 0 0 0 0 0 0 0 0 0 0 0 0 0 0 0 0 0 0 0 0 0 0 0 0 0 0 0 0 0 0 0 0 0 0 0 0 0 0 0 0 0 0 0 0 0 0 0 0 0 0 0 0 0 0 0 0 0 0 0 0 0 0 0 0 0 0 0</float_array>
          <technique_common>
            <accessor source="#portal_arc_a999-mesh-map-0-array" count="5364" stride="2">
              <param name="S" type="float"/>
              <param name="T" type="float"/>
            </accessor>
          </technique_common>
        </source>
        <vertices id="portal_arc_a999-mesh-vertices">
          <input semantic="POSITION" source="#portal_arc_a999-mesh-positions"/>
        </vertices>
        <triangles material="portal_arc" count="1788">
          <input semantic="VERTEX" source="#portal_arc_a999-mesh-vertices" offset="0"/>
          <input semantic="NORMAL" source="#portal_arc_a999-mesh-normals" offset="0"/>
          <input semantic="TEXCOORD" source="#portal_arc_a999-mesh-map-0" offset="0" set="0"/>
          <p>0 1 2 3 4 5 6 7 8 9 10 11 12 13 14 15 16 17 18 19 20 21 22 23 24 25 26 27 28 29 30 31 32 33 34 35 36 37 38 39 40 41 42 43 44 45 46 47 48 49 50 51 52 53 54 55 56 57 58 59 60 61 62 63 64 65 66 67 68 69 70 71 72 73 74 75 76 77 78 79 80 81 82 83 84 85 86 87 88 89 90 91 92 93 94 95 96 97 98 99 100 101 102 103 104 105 106 107 108 109 110 111 112 113 114 115 116 117 118 119 120 121 122 123 124 125 126 127 128 129 130 131 132 133 134 135 136 137 138 139 140 141 142 143 144 145 146 147 148 149 150 151 152 153 154 155 156 157 158 159 160 161 162 163 164 165 166 167 168 169 170 171 172 173 174 175 176 177 178 179 180 181 182 183 184 185 186 187 188 189 190 191 192 193 194 195 196 197 198 199 200 201 202 203 204 205 206 207 208 209 210 211 212 213 214 215 216 217 218 219 220 221 222 223 224 225 226 227 228 229 230 231 232 233 234 235 236 237 238 239 240 241 242 243 244 245 246 247 248 249 250 251 252 253 254 255 256 257 258 259 260 261 262 263 264 265 266 267 268 269 270 271 272 273 274 275 276 277 278 279 280 281 282 283 284 285 286 287 288 289 290 291 292 293 294 295 296 297 298 299 300 301 302 303 304 305 306 307 308 309 310 311 312 313 314 315 316 317 318 319 320 321 322 323 324 325 326 327 328 329 330 331 332 333 334 335 336 337 338 339 340 341 342 343 344 345 346 347 348 349 350 351 352 353 354 355 356 357 358 359 360 361 362 363 364 365 366 367 368 369 370 371 372 373 374 375 376 377 378 379 380 381 382 383 384 385 386 387 388 389 390 391 392 393 394 395 396 397 398 399 400 401 402 403 404 405 406 407 408 409 410 411 412 413 414 415 416 417 418 419 420 421 422 423 424 425 426 427 428 429 430 431 432 433 434 435 436 437 438 439 440 441 442 443 444 445 446 447 448 449 450 451 452 453 454 455 456 457 458 459 460 461 462 463 464 465 466 467 468 469 470 471 472 473 474 475 476 477 478 479 480 481 482 483 484 485 486 487 488 489 490 491 492 493 494 495 496 497 498 499 500 501 502 503 504 505 506 507 508 509 510 511 512 513 514 515 516 517 518 519 520 521 522 523 524 525 526 527 528 529 530 531 532 533 534 535 536 537 538 539 540 541 542 543 544 545 546 547 548 549 550 551 552 553 554 555 556 557 558 559 560 561 562 563 564 565 566 567 568 569 570 571 572 573 574 575 576 577 578 579 580 581 582 583 584 585 586 587 588 589 590 591 592 593 594 595 596 597 598 599 600 601 602 603 604 605 606 607 608 609 610 611 612 613 614 615 616 617 618 619 620 621 622 623 624 625 626 627 628 629 630 631 632 633 634 635 636 637 638 639 640 641 642 643 644 645 646 647 648 649 650 651 652 653 654 655 656 657 658 659 660 661 662 663 664 665 666 667 668 669 670 671 672 673 674 675 676 677 678 679 680 681 682 683 684 685 686 687 688 689 690 691 692 693 694 695 696 697 698 699 700 701 702 703 704 705 706 707 708 709 710 711 712 713 714 715 716 717 718 719 720 721 722 723 724 725 726 727 728 729 730 731 732 733 734 735 736 737 738 739 740 741 742 743 744 745 746 747 748 749 750 751 752 753 754 755 756 757 758 759 760 761 762 763 764 765 766 767 768 769 770 771 772 773 774 775 776 777 778 779 780 781 782 783 784 785 786 787 788 789 790 791 792 793 794 795 796 797 798 799 800 801 802 803 804 805 806 807 808 809 810 811 812 813 814 815 816 817 818 819 820 821 822 823 824 825 826 827 828 829 830 831 832 833 834 835 836 837 838 839 840 841 842 843 844 845 846 847 848 849 850 851 852 853 854 855 856 857 858 859 860 861 862 863 864 865 866 867 868 869 870 871 872 873 874 875 876 877 878 879 880 881 882 883 884 885 886 887 888 889 890 891 892 893 894 895 896 897 898 899 900 901 902 903 904 905 906 907 908 909 910 911 912 913 914 915 916 917 918 919 920 921 922 923 924 925 926 927 928 929 930 931 932 933 934 935 936 937 938 939 940 941 942 943 944 945 946 947 948 949 950 951 952 953 954 955 956 957 958 959 960 961 962 963 964 965 966 967 968 969 970 971 972 973 974 975 976 977 978 979 980 981 982 983 984 985 986 987 988 989 990 991 992 993 994 995 996 997 998 999 1000 1001 1002 1003 1004 1005 1006 1007 1008 1009 1010 1011 1012 1013 1014 1015 1016 1017 1018 1019 1020 1021 1022 1023 1024 1025 1026 1027 1028 1029 1030 1031 1032 1033 1034 1035 1036 1037 1038 1039 1040 1041 1042 1043 1044 1045 1046 1047 1048 1049 1050 1051 1052 1053 1054 1055 1056 1057 1058 1059 1060 1061 1062 1063 1064 1065 1066 1067 1068 1069 1070 1071 1072 1073 1074 1075 1076 1077 1078 1079 1080 1081 1082 1083 1084 1085 1086 1087 1088 1089 1090 1091 1092 1093 1094 1095 1096 1097 1098 1099 1100 1101 1102 1103 1104 1105 1106 1107 1108 1109 1110 1111 1112 1113 1114 1115 1116 1117 1118 1119 1120 1121 1122 1123 1124 1125 1126 1127 1128 1129 1130 1131 1132 1133 1134 1135 1136 1137 1138 1139 1140 1141 1142 1143 1144 1145 1146 1147 1148 1149 1150 1151 1152 1153 1154 1155 1156 1157 1158 1159 1160 1161 1162 1163 1164 1165 1166 1167 1168 1169 1170 1171 1172 1173 1174 1175 1176 1177 1178 1179 1180 1181 1182 1183 1184 1185 1186 1187 1188 1189 1190 1191 1192 1193 1194 1195 1196 1197 1198 1199 1200 1201 1202 1203 1204 1205 1206 1207 1208 1209 1210 1211 1212 1213 1214 1215 1216 1217 1218 1219 1220 1221 1222 1223 1224 1225 1226 1227 1228 1229 1230 1231 1232 1233 1234 1235 1236 1237 1238 1239 1240 1241 1242 1243 1244 1245 1246 1247 1248 1249 1250 1251 1252 1253 1254 1255 1256 1257 1258 1259 1260 1261 1262 1263 1264 1265 1266 1267 1268 1269 1270 1271 1272 1273 1274 1275 1276 1277 1278 1279 1280 1281 1282 1283 1284 1285 1286 1287 1288 1289 1290 1291 1292 1293 1294 1295 1296 1297 1298 1299 1300 1301 1302 1303 1304 1305 1306 1307 1308 1309 1310 1311 1312 1313 1314 1315 1316 1317 1318 1319 1320 1321 1322 1323 1324 1325 1326 1327 1328 1329 1330 1331 1332 1333 1334 1335 1336 1337 1338 1339 1340 1341 1342 1343 1344 1345 1346 1347 1348 1349 1350 1351 1352 1353 1354 1355 1356 1357 1358 1359 1360 1361 1362 1363 1364 1365 1366 1367 1368 1369 1370 1371 1372 1373 1374 1375 1376 1377 1378 1379 1380 1381 1382 1383 1384 1385 1386 1387 1388 1389 1390 1391 1392 1393 1394 1395 1396 1397 1398 1399 1400 1401 1402 1403 1404 1405 1406 1407 1408 1409 1410 1411 1412 1413 1414 1415 1416 1417 1418 1419 1420 1421 1422 1423 1424 1425 1426 1427 1428 1429 1430 1431 1432 1433 1434 1435 1436 1437 1438 1439 1440 1441 1442 1443 1444 1445 1446 1447 1448 1449 1450 1451 1452 1453 1454 1455 1456 1457 1458 1459 1460 1461 1462 1463 1464 1465 1466 1467 1468 1469 1470 1471 1472 1473 1474 1475 1476 1477 1478 1479 1480 1481 1482 1483 1484 1485 1486 1487 1488 1489 1490 1491 1492 1493 1494 1495 1496 1497 1498 1499 1500 1501 1502 1503 1504 1505 1506 1507 1508 1509 1510 1511 1512 1513 1514 1515 1516 1517 1518 1519 1520 1521 1522 1523 1524 1525 1526 1527 1528 1529 1530 1531 1532 1533 1534 1535 1536 1537 1538 1539 1540 1541 1542 1543 1544 1545 1546 1547 1548 1549 1550 1551 1552 1553 1554 1555 1556 1557 1558 1559 1560 1561 1562 1563 1564 1565 1566 1567 1568 1569 1570 1571 1572 1573 1574 1575 1576 1577 1578 1579 1580 1581 1582 1583 1584 1585 1586 1587 1588 1589 1590 1591 1592 1593 1594 1595 1596 1597 1598 1599 1600 1601 1602 1603 1604 1605 1606 1607 1608 1609 1610 1611 1612 1613 1614 1615 1616 1617 1618 1619 1620 1621 1622 1623 1624 1625 1626 1627 1628 1629 1630 1631 1632 1633 1634 1635 1636 1637 1638 1639 1640 1641 1642 1643 1644 1645 1646 1647 1648 1649 1650 1651 1652 1653 1654 1655 1656 1657 1658 1659 1660 1661 1662 1663 1664 1665 1666 1667 1668 1669 1670 1671 1672 1673 1674 1675 1676 1677 1678 1679 1680 1681 1682 1683 1684 1685 1686 1687 1688 1689 1690 1691 1692 1693 1694 1695 1696 1697 1698 1699 1700 1701 1702 1703 1704 1705 1706 1707 1708 1709 1710 1711 1712 1713 1714 1715 1716 1717 1718 1719 1720 1721 1722 1723 1724 1725 1726 1727 1728 1729 1730 1731 1732 1733 1734 1735 1736 1737 1738 1739 1740 1741 1742 1743 1744 1745 1746 1747 1748 1749 1750 1751 1752 1753 1754 1755 1756 1757 1758 1759 1760 1761 1762 1763 1764 1765 1766 1767 1768 1769 1770 1771 1772 1773 1774 1775 1776 1777 1778 1779 1780 1781 1782 1783 1784 1785 1786 1787 1788 1789 1790 1791 1792 1793 1794 1795 1796 1797 1798 1799 1800 1801 1802 1803 1804 1805 1806 1807 1808 1809 1810 1811 1812 1813 1814 1815 1816 1817 1818 1819 1820 1821 1822 1823 1824 1825 1826 1827 1828 1829 1830 1831 1832 1833 1834 1835 1836 1837 1838 1839 1840 1841 1842 1843 1844 1845 1846 1847 1848 1849 1850 1851 1852 1853 1854 1855 1856 1857 1858 1859 1860 1861 1862 1863 1864 1865 1866 1867 1868 1869 1870 1871 1872 1873 1874 1875 1876 1877 1878 1879 1880 1881 1882 1883 1884 1885 1886 1887 1888 1889 1890 1891 1892 1893 1894 1895 1896 1897 1898 1899 1900 1901 1902 1903 1904 1905 1906 1907 1908 1909 1910 1911 1912 1913 1914 1915 1916 1917 1918 1919 1920 1921 1922 1923 1924 1925 1926 1927 1928 1929 1930 1931 1932 1933 1934 1935 1936 1937 1938 1939 1940 1941 1942 1943 1944 1945 1946 1947 1948 1949 1950 1951 1952 1953 1954 1955 1956 1957 1958 1959 1960 1961 1962 1963 1964 1965 1966 1967 1968 1969 1970 1971 1972 1973 1974 1975 1976 1977 1978 1979 1980 1981 1982 1983 1984 1985 1986 1987 1988 1989 1990 1991 1992 1993 1994 1995 1996 1997 1998 1999 2000 2001 2002 2003 2004 2005 2006 2007 2008 2009 2010 2011 2012 2013 2014 2015 2016 2017 2018 2019 2020 2021 2022 2023 2024 2025 2026 2027 2028 2029 2030 2031 2032 2033 2034 2035 2036 2037 2038 2039 2040 2041 2042 2043 2044 2045 2046 2047 2048 2049 2050 2051 2052 2053 2054 2055 2056 2057 2058 2059 2060 2061 2062 2063 2064 2065 2066 2067 2068 2069 2070 2071 2072 2073 2074 2075 2076 2077 2078 2079 2080 2081 2082 2083 2084 2085 2086 2087 2088 2089 2090 2091 2092 2093 2094 2095 2096 2097 2098 2099 2100 2101 2102 2103 2104 2105 2106 2107 2108 2109 2110 2111 2112 2113 2114 2115 2116 2117 2118 2119 2120 2121 2122 2123 2124 2125 2126 2127 2128 2129 2130 2131 2132 2133 2134 2135 2136 2137 2138 2139 2140 2141 2142 2143 2144 2145 2146 2147 2148 2149 2150 2151 2152 2153 2154 2155 2156 2157 2158 2159 2160 2161 2162 2163 2164 2165 2166 2167 2168 2169 2170 2171 2172 2173 2174 2175 2176 2177 2178 2179 2180 2181 2182 2183 2184 2185 2186 2187 2188 2189 2190 2191 2192 2193 2194 2195 2196 2197 2198 2199 2200 2201 2202 2203 2204 2205 2206 2207 2208 2209 2210 2211 2212 2213 2214 2215 2216 2217 2218 2219 2220 2221 2222 2223 2224 2225 2226 2227 2228 2229 2230 2231 2232 2233 2234 2235 2236 2237 2238 2239 2240 2241 2242 2243 2244 2245 2246 2247 2248 2249 2250 2251 2252 2253 2254 2255 2256 2257 2258 2259 2260 2261 2262 2263 2264 2265 2266 2267 2268 2269 2270 2271 2272 2273 2274 2275 2276 2277 2278 2279 2280 2281 2282 2283 2284 2285 2286 2287 2288 2289 2290 2291 2292 2293 2294 2295 2296 2297 2298 2299 2300 2301 2302 2303 2304 2305 2306 2307 2308 2309 2310 2311 2312 2313 2314 2315 2316 2317 2318 2319 2320 2321 2322 2323 2324 2325 2326 2327 2328 2329 2330 2331 2332 2333 2334 2335 2336 2337 2338 2339 2340 2341 2342 2343 2344 2345 2346 2347 2348 2349 2350 2351 2352 2353 2354 2355 2356 2357 2358 2359 2360 2361 2362 2363 2364 2365 2366 2367 2368 2369 2370 2371 2372 2373 2374 2375 2376 2377 2378 2379 2380 2381 2382 2383 2384 2385 2386 2387 2388 2389 2390 2391 2392 2393 2394 2395 2396 2397 2398 2399 2400 2401 2402 2403 2404 2405 2406 2407 2408 2409 2410 2411 2412 2413 2414 2415 2416 2417 2418 2419 2420 2421 2422 2423 2424 2425 2426 2427 2428 2429 2430 2431 2432 2433 2434 2435 2436 2437 2438 2439 2440 2441 2442 2443 2444 2445 2446 2447 2448 2449 2450 2451 2452 2453 2454 2455 2456 2457 2458 2459 2460 2461 2462 2463 2464 2465 2466 2467 2468 2469 2470 2471 2472 2473 2474 2475 2476 2477 2478 2479 2480 2481 2482 2483 2484 2485 2486 2487 2488 2489 2490 2491 2492 2493 2494 2495 2496 2497 2498 2499 2500 2501 2502 2503 2504 2505 2506 2507 2508 2509 2510 2511 2512 2513 2514 2515 2516 2517 2518 2519 2520 2521 2522 2523 2524 2525 2526 2527 2528 2529 2530 2531 2532 2533 2534 2535 2536 2537 2538 2539 2540 2541 2542 2543 2544 2545 2546 2547 2548 2549 2550 2551 2552 2553 2554 2555 2556 2557 2558 2559 2560 2561 2562 2563 2564 2565 2566 2567 2568 2569 2570 2571 2572 2573 2574 2575 2576 2577 2578 2579 2580 2581 2582 2583 2584 2585 2586 2587 2588 2589 2590 2591 2592 2593 2594 2595 2596 2597 2598 2599 2600 2601 2602 2603 2604 2605 2606 2607 2608 2609 2610 2611 2612 2613 2614 2615 2616 2617 2618 2619 2620 2621 2622 2623 2624 2625 2626 2627 2628 2629 2630 2631 2632 2633 2634 2635 2636 2637 2638 2639 2640 2641 2642 2643 2644 2645 2646 2647 2648 2649 2650 2651 2652 2653 2654 2655 2656 2657 2658 2659 2660 2661 2662 2663 2664 2665 2666 2667 2668 2669 2670 2671 2672 2673 2674 2675 2676 2677 2678 2679 2680 2681 2682 2683 2684 2685 2686 2687 2688 2689 2690 2691 2692 2693 2694 2695 2696 2697 2698 2699 2700 2701 2702 2703 2704 2705 2706 2707 2708 2709 2710 2711 2712 2713 2714 2715 2716 2717 2718 2719 2720 2721 2722 2723 2724 2725 2726 2727 2728 2729 2730 2731 2732 2733 2734 2735 2736 2737 2738 2739 2740 2741 2742 2743 2744 2745 2746 2747 2748 2749 2750 2751 2752 2753 2754 2755 2756 2757 2758 2759 2760 2761 2762 2763 2764 2765 2766 2767 2768 2769 2770 2771 2772 2773 2774 2775 2776 2777 2778 2779 2780 2781 2782 2783 2784 2785 2786 2787 2788 2789 2790 2791 2792 2793 2794 2795 2796 2797 2798 2799 2800 2801 2802 2803 2804 2805 2806 2807 2808 2809 2810 2811 2812 2813 2814 2815 2816 2817 2818 2819 2820 2821 2822 2823 2824 2825 2826 2827 2828 2829 2830 2831 2832 2833 2834 2835 2836 2837 2838 2839 2840 2841 2842 2843 2844 2845 2846 2847 2848 2849 2850 2851 2852 2853 2854 2855 2856 2857 2858 2859 2860 2861 2862 2863 2864 2865 2866 2867 2868 2869 2870 2871 2872 2873 2874 2875 2876 2877 2878 2879 2880 2881 2882 2883 2884 2885 2886 2887 2888 2889 2890 2891 2892 2893 2894 2895 2896 2897 2898 2899 2900 2901 2902 2903 2904 2905 2906 2907 2908 2909 2910 2911 2912 2913 2914 2915 2916 2917 2918 2919 2920 2921 2922 2923 2924 2925 2926 2927 2928 2929 2930 2931 2932 2933 2934 2935 2936 2937 2938 2939 2940 2941 2942 2943 2944 2945 2946 2947 2948 2949 2950 2951 2952 2953 2954 2955 2956 2957 2958 2959 2960 2961 2962 2963 2964 2965 2966 2967 2968 2969 2970 2971 2972 2973 2974 2975 2976 2977 2978 2979 2980 2981 2982 2983 2984 2985 2986 2987 2988 2989 2990 2991 2992 2993 2994 2995 2996 2997 2998 2999 3000 3001 3002 3003 3004 3005 3006 3007 3008 3009 3010 3011 3012 3013 3014 3015 3016 3017 3018 3019 3020 3021 3022 3023 3024 3025 3026 3027 3028 3029 3030 3031 3032 3033 3034 3035 3036 3037 3038 3039 3040 3041 3042 3043 3044 3045 3046 3047 3048 3049 3050 3051 3052 3053 3054 3055 3056 3057 3058 3059 3060 3061 3062 3063 3064 3065 3066 3067 3068 3069 3070 3071 3072 3073 3074 3075 3076 3077 3078 3079 3080 3081 3082 3083 3084 3085 3086 3087 3088 3089 3090 3091 3092 3093 3094 3095 3096 3097 3098 3099 3100 3101 3102 3103 3104 3105 3106 3107 3108 3109 3110 3111 3112 3113 3114 3115 3116 3117 3118 3119 3120 3121 3122 3123 3124 3125 3126 3127 3128 3129 3130 3131 3132 3133 3134 3135 3136 3137 3138 3139 3140 3141 3142 3143 3144 3145 3146 3147 3148 3149 3150 3151 3152 3153 3154 3155 3156 3157 3158 3159 3160 3161 3162 3163 3164 3165 3166 3167 3168 3169 3170 3171 3172 3173 3174 3175 3176 3177 3178 3179 3180 3181 3182 3183 3184 3185 3186 3187 3188 3189 3190 3191 3192 3193 3194 3195 3196 3197 3198 3199 3200 3201 3202 3203 3204 3205 3206 3207 3208 3209 3210 3211 3212 3213 3214 3215 3216 3217 3218 3219 3220 3221 3222 3223 3224 3225 3226 3227 3228 3229 3230 3231 3232 3233 3234 3235 3236 3237 3238 3239 3240 3241 3242 3243 3244 3245 3246 3247 3248 3249 3250 3251 3252 3253 3254 3255 3256 3257 3258 3259 3260 3261 3262 3263 3264 3265 3266 3267 3268 3269 3270 3271 3272 3273 3274 3275 3276 3277 3278 3279 3280 3281 3282 3283 3284 3285 3286 3287 3288 3289 3290 3291 3292 3293 3294 3295 3296 3297 3298 3299 3300 3301 3302 3303 3304 3305 3306 3307 3308 3309 3310 3311 3312 3313 3314 3315 3316 3317 3318 3319 3320 3321 3322 3323 3324 3325 3326 3327 3328 3329 3330 3331 3332 3333 3334 3335 3336 3337 3338 3339 3340 3341 3342 3343 3344 3345 3346 3347 3348 3349 3350 3351 3352 3353 3354 3355 3356 3357 3358 3359 3360 3361 3362 3363 3364 3365 3366 3367 3368 3369 3370 3371 3372 3373 3374 3375 3376 3377 3378 3379 3380 3381 3382 3383 3384 3385 3386 3387 3388 3389 3390 3391 3392 3393 3394 3395 3396 3397 3398 3399 3400 3401 3402 3403 3404 3405 3406 3407 3408 3409 3410 3411 3412 3413 3414 3415 3416 3417 3418 3419 3420 3421 3422 3423 3424 3425 3426 3427 3428 3429 3430 3431 3432 3433 3434 3435 3436 3437 3438 3439 3440 3441 3442 3443 3444 3445 3446 3447 3448 3449 3450 3451 3452 3453 3454 3455 3456 3457 3458 3459 3460 3461 3462 3463 3464 3465 3466 3467 3468 3469 3470 3471 3472 3473 3474 3475 3476 3477 3478 3479 3480 3481 3482 3483 3484 3485 3486 3487 3488 3489 3490 3491 3492 3493 3494 3495 3496 3497 3498 3499 3500 3501 3502 3503 3504 3505 3506 3507 3508 3509 3510 3511 3512 3513 3514 3515 3516 3517 3518 3519 3520 3521 3522 3523 3524 3525 3526 3527 3528 3529 3530 3531 3532 3533 3534 3535 3536 3537 3538 3539 3540 3541 3542 3543 3544 3545 3546 3547 3548 3549 3550 3551 3552 3553 3554 3555 3556 3557 3558 3559 3560 3561 3562 3563 3564 3565 3566 3567 3568 3569 3570 3571 3572 3573 3574 3575 3576 3577 3578 3579 3580 3581 3582 3583 3584 3585 3586 3587 3588 3589 3590 3591 3592 3593 3594 3595 3596 3597 3598 3599 3600 3601 3602 3603 3604 3605 3606 3607 3608 3609 3610 3611 3612 3613 3614 3615 3616 3617 3618 3619 3620 3621 3622 3623 3624 3625 3626 3627 3628 3629 3630 3631 3632 3633 3634 3635 3636 3637 3638 3639 3640 3641 3642 3643 3644 3645 3646 3647 3648 3649 3650 3651 3652 3653 3654 3655 3656 3657 3658 3659 3660 3661 3662 3663 3664 3665 3666 3667 3668 3669 3670 3671 3672 3673 3674 3675 3676 3677 3678 3679 3680 3681 3682 3683 3684 3685 3686 3687 3688 3689 3690 3691 3692 3693 3694 3695 3696 3697 3698 3699 3700 3701 3702 3703 3704 3705 3706 3707 3708 3709 3710 3711 3712 3713 3714 3715 3716 3717 3718 3719 3720 3721 3722 3723 3724 3725 3726 3727 3728 3729 3730 3731 3732 3733 3734 3735 3736 3737 3738 3739 3740 3741 3742 3743 3744 3745 3746 3747 3748 3749 3750 3751 3752 3753 3754 3755 3756 3757 3758 3759 3760 3761 3762 3763 3764 3765 3766 3767 3768 3769 3770 3771 3772 3773 3774 3775 3776 3777 3778 3779 3780 3781 3782 3783 3784 3785 3786 3787 3788 3789 3790 3791 3792 3793 3794 3795 3796 3797 3798 3799 3800 3801 3802 3803 3804 3805 3806 3807 3808 3809 3810 3811 3812 3813 3814 3815 3816 3817 3818 3819 3820 3821 3822 3823 3824 3825 3826 3827 3828 3829 3830 3831 3832 3833 3834 3835 3836 3837 3838 3839 3840 3841 3842 3843 3844 3845 3846 3847 3848 3849 3850 3851 3852 3853 3854 3855 3856 3857 3858 3859 3860 3861 3862 3863 3864 3865 3866 3867 3868 3869 3870 3871 3872 3873 3874 3875 3876 3877 3878 3879 3880 3881 3882 3883 3884 3885 3886 3887 3888 3889 3890 3891 3892 3893 3894 3895 3896 3897 3898 3899 3900 3901 3902 3903 3904 3905 3906 3907 3908 3909 3910 3911 3912 3913 3914 3915 3916 3917 3918 3919 3920 3921 3922 3923 3924 3925 3926 3927 3928 3929 3930 3931 3932 3933 3934 3935 3936 3937 3938 3939 3940 3941 3942 3943 3944 3945 3946 3947 3948 3949 3950 3951 3952 3953 3954 3955 3956 3957 3958 3959 3960 3961 3962 3963 3964 3965 3966 3967 3968 3969 3970 3971 3972 3973 3974 3975 3976 3977 3978 3979 3980 3981 3982 3983 3984 3985 3986 3987 3988 3989 3990 3991 3992 3993 3994 3995 3996 3997 3998 3999 4000 4001 4002 4003 4004 4005 4006 4007 4008 4009 4010 4011 4012 4013 4014 4015 4016 4017 4018 4019 4020 4021 4022 4023 4024 4025 4026 4027 4028 4029 4030 4031 4032 4033 4034 4035 4036 4037 4038 4039 4040 4041 4042 4043 4044 4045 4046 4047 4048 4049 4050 4051 4052 4053 4054 4055 4056 4057 4058 4059 4060 4061 4062 4063 4064 4065 4066 4067 4068 4069 4070 4071 4072 4073 4074 4075 4076 4077 4078 4079 4080 4081 4082 4083 4084 4085 4086 4087 4088 4089 4090 4091 4092 4093 4094 4095 4096 4097 4098 4099 4100 4101 4102 4103 4104 4105 4106 4107 4108 4109 4110 4111 4112 4113 4114 4115 4116 4117 4118 4119 4120 4121 4122 4123 4124 4125 4126 4127 4128 4129 4130 4131 4132 4133 4134 4135 4136 4137 4138 4139 4140 4141 4142 4143 4144 4145 4146 4147 4148 4149 4150 4151 4152 4153 4154 4155 4156 4157 4158 4159 4160 4161 4162 4163 4164 4165 4166 4167 4168 4169 4170 4171 4172 4173 4174 4175 4176 4177 4178 4179 4180 4181 4182 4183 4184 4185 4186 4187 4188 4189 4190 4191 4192 4193 4194 4195 4196 4197 4198 4199 4200 4201 4202 4203 4204 4205 4206 4207 4208 4209 4210 4211 4212 4213 4214 4215 4216 4217 4218 4219 4220 4221 4222 4223 4224 4225 4226 4227 4228 4229 4230 4231 4232 4233 4234 4235 4236 4237 4238 4239 4240 4241 4242 4243 4244 4245 4246 4247 4248 4249 4250 4251 4252 4253 4254 4255 4256 4257 4258 4259 4260 4261 4262 4263 4264 4265 4266 4267 4268 4269 4270 4271 4272 4273 4274 4275 4276 4277 4278 4279 4280 4281 4282 4283 4284 4285 4286 4287 4288 4289 4290 4291 4292 4293 4294 4295 4296 4297 4298 4299 4300 4301 4302 4303 4304 4305 4306 4307 4308 4309 4310 4311 4312 4313 4314 4315 4316 4317 4318 4319 4320 4321 4322 4323 4324 4325 4326 4327 4328 4329 4330 4331 4332 4333 4334 4335 4336 4337 4338 4339 4340 4341 4342 4343 4344 4345 4346 4347 4348 4349 4350 4351 4352 4353 4354 4355 4356 4357 4358 4359 4360 4361 4362 4363 4364 4365 4366 4367 4368 4369 4370 4371 4372 4373 4374 4375 4376 4377 4378 4379 4380 4381 4382 4383 4384 4385 4386 4387 4388 4389 4390 4391 4392 4393 4394 4395 4396 4397 4398 4399 4400 4401 4402 4403 4404 4405 4406 4407 4408 4409 4410 4411 4412 4413 4414 4415 4416 4417 4418 4419 4420 4421 4422 4423 4424 4425 4426 4427 4428 4429 4430 4431 4432 4433 4434 4435 4436 4437 4438 4439 4440 4441 4442 4443 4444 4445 4446 4447 4448 4449 4450 4451 4452 4453 4454 4455 4456 4457 4458 4459 4460 4461 4462 4463 4464 4465 4466 4467 4468 4469 4470 4471 4472 4473 4474 4475 4476 4477 4478 4479 4480 4481 4482 4483 4484 4485 4486 4487 4488 4489 4490 4491 4492 4493 4494 4495 4496 4497 4498 4499 4500 4501 4502 4503 4504 4505 4506 4507 4508 4509 4510 4511 4512 4513 4514 4515 4516 4517 4518 4519 4520 4521 4522 4523 4524 4525 4526 4527 4528 4529 4530 4531 4532 4533 4534 4535 4536 4537 4538 4539 4540 4541 4542 4543 4544 4545 4546 4547 4548 4549 4550 4551 4552 4553 4554 4555 4556 4557 4558 4559 4560 4561 4562 4563 4564 4565 4566 4567 4568 4569 4570 4571 4572 4573 4574 4575 4576 4577 4578 4579 4580 4581 4582 4583 4584 4585 4586 4587 4588 4589 4590 4591 4592 4593 4594 4595 4596 4597 4598 4599 4600 4601 4602 4603 4604 4605 4606 4607 4608 4609 4610 4611 4612 4613 4614 4615 4616 4617 4618 4619 4620 4621 4622 4623 4624 4625 4626 4627 4628 4629 4630 4631 4632 4633 4634 4635 4636 4637 4638 4639 4640 4641 4642 4643 4644 4645 4646 4647 4648 4649 4650 4651 4652 4653 4654 4655 4656 4657 4658 4659 4660 4661 4662 4663 4664 4665 4666 4667 4668 4669 4670 4671 4672 4673 4674 4675 4676 4677 4678 4679 4680 4681 4682 4683 4684 4685 4686 4687 4688 4689 4690 4691 4692 4693 4694 4695 4696 4697 4698 4699 4700 4701 4702 4703 4704 4705 4706 4707 4708 4709 4710 4711 4712 4713 4714 4715 4716 4717 4718 4719 4720 4721 4722 4723 4724 4725 4726 4727 4728 4729 4730 4731 4732 4733 4734 4735 4736 4737 4738 4739 4740 4741 4742 4743 4744 4745 4746 4747 4748 4749 4750 4751 4752 4753 4754 4755 4756 4757 4758 4759 4760 4761 4762 4763 4764 4765 4766 4767 4768 4769 4770 4771 4772 4773 4774 4775 4776 4777 4778 4779 4780 4781 4782 4783 4784 4785 4786 4787 4788 4789 4790 4791 4792 4793 4794 4795 4796 4797 4798 4799 4800 4801 4802 4803 4804 4805 4806 4807 4808 4809 4810 4811 4812 4813 4814 4815 4816 4817 4818 4819 4820 4821 4822 4823 4824 4825 4826 4827 4828 4829 4830 4831 4832 4833 4834 4835 4836 4837 4838 4839 4840 4841 4842 4843 4844 4845 4846 4847 4848 4849 4850 4851 4852 4853 4854 4855 4856 4857 4858 4859 4860 4861 4862 4863 4864 4865 4866 4867 4868 4869 4870 4871 4872 4873 4874 4875 4876 4877 4878 4879 4880 4881 4882 4883 4884 4885 4886 4887 4888 4889 4890 4891 4892 4893 4894 4895 4896 4897 4898 4899 4900 4901 4902 4903 4904 4905 4906 4907 4908 4909 4910 4911 4912 4913 4914 4915 4916 4917 4918 4919 4920 4921 4922 4923 4924 4925 4926 4927 4928 4929 4930 4931 4932 4933 4934 4935 4936 4937 4938 4939 4940 4941 4942 4943 4944 4945 4946 4947 4948 4949 4950 4951 4952 4953 4954 4955 4956 4957 4958 4959 4960 4961 4962 4963 4964 4965 4966 4967 4968 4969 4970 4971 4972 4973 4974 4975 4976 4977 4978 4979 4980 4981 4982 4983 4984 4985 4986 4987 4988 4989 4990 4991 4992 4993 4994 4995 4996 4997 4998 4999 5000 5001 5002 5003 5004 5005 5006 5007 5008 5009 5010 5011 5012 5013 5014 5015 5016 5017 5018 5019 5020 5021 5022 5023 5024 5025 5026 5027 5028 5029 5030 5031 5032 5033 5034 5035 5036 5037 5038 5039 5040 5041 5042 5043 5044 5045 5046 5047 5048 5049 5050 5051 5052 5053 5054 5055 5056 5057 5058 5059 5060 5061 5062 5063 5064 5065 5066 5067 5068 5069 5070 5071 5072 5073 5074 5075 5076 5077 5078 5079 5080 5081 5082 5083 5084 5085 5086 5087 5088 5089 5090 5091 5092 5093 5094 5095 5096 5097 5098 5099 5100 5101 5102 5103 5104 5105 5106 5107 5108 5109 5110 5111 5112 5113 5114 5115 5116 5117 5118 5119 5120 5121 5122 5123 5124 5125 5126 5127 5128 5129 5130 5131 5132 5133 5134 5135 5136 5137 5138 5139 5140 5141 5142 5143 5144 5145 5146 5147 5148 5149 5150 5151 5152 5153 5154 5155 5156 5157 5158 5159 5160 5161 5162 5163 5164 5165 5166 5167 5168 5169 5170 5171 5172 5173 5174 5175 5176 5177 5178 5179 5180 5181 5182 5183 5184 5185 5186 5187 5188 5189 5190 5191 5192 5193 5194 5195 5196 5197 5198 5199 5200 5201 5202 5203 5204 5205 5206 5207 5208 5209 5210 5211 5212 5213 5214 5215 5216 5217 5218 5219 5220 5221 5222 5223 5224 5225 5226 5227 5228 5229 5230 5231 5232 5233 5234 5235 5236 5237 5238 5239 5240 5241 5242 5243 5244 5245 5246 5247 5248 5249 5250 5251 5252 5253 5254 5255 5256 5257 5258 5259 5260 5261 5262 5263 5264 5265 5266 5267 5268 5269 5270 5271 5272 5273 5274 5275 5276 5277 5278 5279 5280 5281 5282 5283 5284 5285 5286 5287 5288 5289 5290 5291 5292 5293 5294 5295 5296 5297 5298 5299 5300 5301 5302 5303 5304 5305 5306 5307 5308 5309 5310 5311 5312 5313 5314 5315 5316 5317 5318 5319 5320 5321 5322 5323 5324 5325 5326 5327 5328 5329 5330 5331 5332 5333 5334 5335 5336 5337 5338 5339 5340 5341 5342 5343 5344 5345 5346 5347 5348 5349 5350 5351 5352 5353 5354 5355 5356 5357 5358 5359 5360 5361 5362 5363</p>
        </triangles>
      </mesh>
    </geometry>
  </library_geometries>
  <library_visual_scenes>
    <visual_scene id="Scene" name="Scene">
      <node id="base00" name="base00" type="NODE">
        <node id="start01" name="start01" type="NODE">
          <node id="portal_arc_a999" name="portal_arc_a999" type="NODE">
            <instance_geometry url="#portal_arc_a999-mesh">
              <bind_material>
                <technique_common>
                  <instance_material symbol="portal_arc" target="#portal_arc-material">
                    <bind_vertex_input semantic="UVSET0" input_semantic="TEXCOORD" input_set="0"/>
                  </instance_material>
                </technique_common>
              </bind_material>
            </instance_geometry>
          </node>
        </node>
      </node>
    </visual_scene>
  </library_visual_scenes>
  <scene>
    <instance_visual_scene url="#Scene"/>
  </scene>
</COLLADA>
