<?xml version="1.0" encoding="utf-8"?>
<COLLADA xmlns="http://www.collada.org/2005/11/COLLADASchema" version="1.4.1">
  <asset>
    <contributor><authoring_tool>alpine-roadtrip build_portals</authoring_tool></contributor>
    <unit name="meter" meter="1"/>
    <up_axis>Z_UP</up_axis>
  </asset>
  <library_effects>
    <effect id="portal_arc-effect">
      <profile_COMMON>
        <technique sid="common">
          <lambert>
            <diffuse><color>1.0 0.4 0.28 0.85</color></diffuse>
            <transparent opaque="A_ONE"><color>1 1 1 1</color></transparent>
            <transparency><float>0.15</float></transparency>
          </lambert>
        </technique>
      </profile_COMMON>
    </effect>
  </library_effects>
  <library_materials>
    <material id="portal_arc-material" name="portal_arc">
      <instance_effect url="#portal_arc-effect"/>
    </material>
  </library_materials>
  <library_geometries>
    <geometry id="portal_arc_a999-mesh" name="portal_arc_a999-mesh">
      <mesh>
        <source id="portal_arc_a999-mesh-positions">
          <float_array id="portal_arc_a999-mesh-positions-array" count="10152">-4.5706 -4.8989 0.0000 52.8511 -60.6013 11.7340 53.9419 -59.4308 11.7340 -4.5706 -4.8989 0.0000 -5.6615 -6.0694 0.0000 52.8511 -60.6013 11.7340 -5.1161 -5.4842 0.8000 53.3965 -60.0160 12.5340 53.3965 -60.0160 10.9340 -5.1161 -5.4842 0.8000 53.3965 -60.0160 10.9340 -5.1161 -5.4842 -0.8000 53.8797 -59.3784 11.7340 136.7170 -124.1680 26.8600 137.6835 -122.8929 26.8600 53.8797 -59.3784 11.7340 52.9133 -60.6536 11.7340 136.7170 -124.1680 26.8600 53.3965 -60.0160 12.5340 137.2002 -123.5305 27.6600 137.2002 -123.5305 26.0600 53.3965 -60.0160 12.5340 137.2002 -123.5305 26.0600 53.3965 -60.0160 10.9340 137.6576 -122.8741 26.8600 240.2989 -196.3446 44.4490 241.2136 -195.0318 44.4490 137.6576 -122.8741 26.8600 136.7429 -124.1868 26.8600 240.2989 -196.3446 44.4490 137.2002 -123.5305 27.6600 240.7563 -195.6882 45.2490 240.7563 -195.6882 43.6490 137.2002 -123.5305 27.6600 240.7563 -195.6882 43.6490 137.2002 -123.5305 26.0600 241.2073 -195.0275 44.4490 357.9820 -276.6853 63.5250 358.8841 -275.3638 63.5250 241.2073 -195.0275 44.4490 240.3052 -196.3489 44.4490 357.9820 -276.6853 63.5250 240.7563 -195.6882 45.2490 358.4331 -276.0246 64.3250 358.4331 -276.0246 62.7250 240.7563 -195.6882 45.2490 358.4331 -276.0246 62.7250 240.7563 -195.6882 43.6490 358.8909 -275.3685 63.5250 484.0983 -364.6876 83.1750 485.0138 -363.3755 83.1750 358.8909 -275.3685 63.5250 357.9753 -276.6806 63.5250 484.0983 -364.6876 83.1750 358.4331 -276.0246 64.3250 484.5561 -364.0315 83.9750 484.5561 -364.0315 82.3750 358.4331 -276.0246 64.3250 484.5561 -364.0315 82.3750 358.4331 -276.0246 62.7250 485.0312 -363.3879 83.1750 612.9598 -459.8259 102.6030 613.9101 -458.5387 102.6030 485.0312 -363.3879 83.1750 484.0809 -364.6751 83.1750 612.9598 -459.8259 102.6030 484.5561 -364.0315 83.9750 613.4350 -459.1823 103.4030 613.4350 -459.1823 101.8030 484.5561 -364.0315 83.9750 613.4350 -459.1823 101.8030 484.5561 -364.0315 82.3750 613.9377 -458.5601 102.6030 738.8634 -561.5526 121.1570 739.8689 -560.3081 121.1570 613.9377 -458.5601 102.6030 612.9322 -459.8046 102.6030 738.8634 -561.5526 121.1570 613.4350 -459.1823 103.4030 739.3661 -560.9304 121.9570 739.3661 -560.9304 120.3570 613.4350 -459.1823 103.4030 739.3661 -560.9304 120.3570 613.4350 -459.1823 101.8030 739.9074 -560.3413 121.1570 856.1029 -669.2938 138.3560 857.1856 -668.1157 138.3560 739.9074 -560.3413 121.1570 738.8248 -561.5194 121.1570 856.1029 -669.2938 138.3560 739.3661 -560.9304 121.9570 856.6443 -668.7047 139.1560 856.6443 -668.7047 137.5560 739.3661 -560.9304 121.9570 856.6443 -668.7047 137.5560 739.3661 -560.9304 120.3570 857.2361 -668.1665 138.3560 958.9835 -782.4332 153.8970 960.1672 -781.3567 153.8970 857.2361 -668.1665 138.3560 856.0524 -669.2430 138.3560 958.9835 -782.4332 153.8970 856.6443 -668.7047 139.1560 959.5753 -781.8949 154.6970 959.5753 -781.8949 153.0970 856.6443 -668.7047 139.1560 959.5753 -781.8949 153.0970 856.6443 -668.7047 137.5560 960.2298 -781.4348 153.8970 1041.8550 -900.3090 167.6730 1043.1638 -899.3887 167.6730 960.2298 -781.4348 153.8970 958.9209 -782.3551 153.8970 1041.8550 -900.3090 167.6730 959.5753 -781.8949 154.6970 1042.5094 -899.8488 168.4730 1042.5094 -899.8488 166.8730 959.5753 -781.8949 154.6970 1042.5094 -899.8488 166.8730 959.5753 -781.8949 153.0970 1043.2333 -899.5084 167.6730 1099.1968 -1022.2565 179.8040 1100.6447 -1021.5755 179.8040 1043.2333 -899.5084 167.6730 1041.7855 -900.1893 167.6730 1099.1968 -1022.2565 179.8040 1042.5094 -899.8488 168.4730 1099.9207 -1021.9160 180.6040 1099.9207 -1021.9160 179.0040 1042.5094 -899.8488 168.4730 1099.9207 -1021.9160 179.0040 1042.5094 -899.8488 166.8730 1100.7035 -1021.7510 179.8040 1125.6435 -1147.8008 190.6690 1127.2091 -1147.4708 190.6690 1100.7035 -1021.7510 179.8040 1099.1379 -1022.0811 179.8040 1125.6435 -1147.8008 190.6690 1099.9207 -1021.9160 180.6040 1126.4263 -1147.6358 191.4690 1126.4263 -1147.6358 189.8690 1099.9207 -1021.9160 180.6040 1126.4263 -1147.6358 189.8690 1099.9207 -1021.9160 179.0040 1127.2239 -1147.6978 190.6690 1115.5319 -1277.4973 200.9150 1117.1271 -1277.6213 200.9150 1127.2239 -1147.6978 190.6690 1125.6287 -1147.5738 190.6690 1115.5319 -1277.4973 200.9150 1126.4263 -1147.6358 191.4690 1116.3295 -1277.5593 201.7150 1116.3295 -1277.5593 200.1150 1126.4263 -1147.6358 191.4690 1116.3295 -1277.5593 200.1150 1126.4263 -1147.6358 189.8690 1117.0974 -1277.7839 200.9150 1091.9788 -1357.9524 207.1140 1093.5145 -1358.4016 207.1140 1117.0974 -1277.7839 200.9150 1115.5617 -1277.3347 200.9150 1091.9788 -1357.9524 207.1140 1116.3295 -1277.5593 201.7150 1092.7467 -1358.1770 207.9140 1092.7467 -1358.1770 206.3140 1116.3295 -1277.5593 201.7150 1092.7467 -1358.1770 206.3140 1116.3295 -1277.5593 200.1150 1093.4893 -1358.4745 207.1140 1057.6337 -1443.6647 213.5720 1059.1189 -1444.2597 213.5720 1093.4893 -1358.4745 207.1140 1092.0040 -1357.8795 207.1140 1057.6337 -1443.6647 213.5720 1092.7467 -1358.1770 207.9140 1058.3763 -1443.9622 214.3720 1058.3763 -1443.9622 212.7720 1092.7467 -1358.1770 207.9140 1058.3763 -1443.9622 212.7720 1092.7467 -1358.1770 206.3140 1059.0942 -1444.3153 213.5720 1013.1961 -1534.0172 220.1910 1014.6319 -1534.7233 220.1910 1059.0942 -1444.3153 213.5720 1057.6584 -1443.6092 213.5720 1013.1961 -1534.0172 220.1910 1058.3763 -1443.9622 214.3720 1013.9140 -1534.3702 220.9910 1013.9140 -1534.3702 219.3910 1058.3763 -1443.9622 214.3720 1013.9140 -1534.3702 219.3910 1058.3763 -1443.9622 212.7720 1014.6091 -1534.7663 220.1910 959.3670 -1628.4788 226.8480 960.7572 -1629.2709 226.8480 1014.6091 -1534.7663 220.1910 1013.2189 -1533.9742 220.1910 959.3670 -1628.4788 226.8480 1013.9140 -1534.3702 220.9910 960.0621 -1628.8748 227.6480 960.0621 -1628.8748 226.0480 1013.9140 -1534.3702 220.9910 960.0621 -1628.8748 226.0480 1013.9140 -1534.3702 219.3910 960.7367 -1629.3049 226.8480 896.8577 -1726.5262 233.4110 898.2068 -1727.3863 233.4110 960.7367 -1629.3049 226.8480 959.3875 -1628.4448 226.8480 896.8577 -1726.5262 233.4110 960.0621 -1628.8748 227.6480 897.5322 -1726.9562 234.2110 897.5322 -1726.9562 232.6110 960.0621 -1628.8748 227.6480 897.5322 -1726.9562 232.6110 960.0621 -1628.8748 226.0480 898.1886 -1727.4137 233.4110 826.3772 -1827.6452 239.7420 827.6899 -1828.5601 239.7420 898.1886 -1727.4137 233.4110 896.8759 -1726.4988 233.4110 826.3772 -1827.6452 239.7420 897.5322 -1726.9562 234.2110 827.0335 -1828.1026 240.5420 827.0335 -1828.1026 238.9420 897.5322 -1726.9562 234.2110 827.0335 -1828.1026 238.9420 897.5322 -1726.9562 232.6110 827.6736 -1828.5825 239.7420 748.6374 -1931.3250 245.7070 749.9175 -1932.2848 245.7070 827.6736 -1828.5825 239.7420 826.3935 -1827.6227 239.7420 748.6374 -1931.3250 245.7070 827.0335 -1828.1026 240.5420 749.2774 -1931.8049 246.5070 749.2774 -1931.8049 244.9070 827.0335 -1828.1026 240.5420 749.2774 -1931.8049 244.9070 827.0335 -1828.1026 238.9420 749.9030 -1932.3036 245.7070 664.3487 -2037.0623 251.1780 665.5999 -2038.0596 251.1780 749.9030 -1932.3036 245.7070 748.6519 -1931.3062 245.7070 664.3487 -2037.0623 251.1780 749.2774 -1931.8049 246.5070 664.9743 -2037.5609 251.9780 664.9743 -2037.5609 250.3780 749.2774 -1931.8049 246.5070 664.9743 -2037.5609 250.3780 749.2774 -1931.8049 244.9070 665.5869 -2038.0755 251.1780 574.2228 -2144.3533 256.0360 575.4479 -2145.3824 256.0360 665.5869 -2038.0755 251.1780 664.3617 -2037.0464 251.1780 574.2228 -2144.3533 256.0360 664.9743 -2037.5609 251.9780 574.8354 -2144.8679 256.8360 574.8354 -2144.8679 255.2360 664.9743 -2037.5609 251.9780 574.8354 -2144.8679 255.2360 664.9743 -2037.5609 250.3780 575.4362 -2145.3961 256.0360 478.9707 -2252.6960 260.1770 480.1724 -2253.7524 260.1770 575.4362 -2145.3961 256.0360 574.2346 -2144.3396 256.0360 478.9707 -2252.6960 260.1770 574.8354 -2144.8679 256.8360 479.5715 -2253.2242 260.9770 479.5715 -2253.2242 259.3770 574.8354 -2144.8679 256.8360 479.5715 -2253.2242 259.3770 574.8354 -2144.8679 255.2360 480.1617 -2253.7643 260.1770 379.3023 -2361.5905 263.5090 380.4826 -2362.6708 263.5090 480.1617 -2253.7643 260.1770 478.9814 -2252.6841 260.1770 379.3023 -2361.5905 263.5090 479.5715 -2253.2242 260.9770 379.8924 -2362.1306 264.3090 379.8924 -2362.1306 262.7090 479.5715 -2253.2242 260.9770 379.8924 -2362.1306 262.7090 479.5715 -2253.2242 259.3770 380.4728 -2362.6813 263.5090 275.9281 -2470.5369 265.9620 277.0887 -2471.6382 265.9620 380.4728 -2362.6813 263.5090 379.3121 -2361.5800 263.5090 275.9281 -2470.5369 265.9620 379.8924 -2362.1306 264.3090 276.5084 -2471.0875 266.7620 276.5084 -2471.0875 265.1620 379.8924 -2362.1306 264.3090 276.5084 -2471.0875 265.1620 379.8924 -2362.1306 262.7090 277.0797 -2471.6476 265.9620 169.5575 -2579.0377 267.4810 170.7000 -2580.1578 267.4810 277.0797 -2471.6476 265.9620 275.9371 -2470.5275 265.9620 169.5575 -2579.0377 267.4810 276.5084 -2471.0875 266.7620 170.1288 -2579.5978 268.2810 170.1288 -2579.5978 266.6810 276.5084 -2471.0875 266.7620 170.1288 -2579.5978 266.6810 276.5084 -2471.0875 265.1620 170.6916 -2580.1663 267.4810 60.8999 -2686.5951 268.0330 62.0255 -2687.7322 268.0330 170.6916 -2580.1663 267.4810 169.5660 -2579.0292 267.4810 60.8999 -2686.5951 268.0330 170.1288 -2579.5978 268.2810 61.4627 -2687.1637 268.8330 61.4627 -2687.1637 267.2330 170.1288 -2579.5978 268.2810 61.4627 -2687.1637 267.2330 170.1288 -2579.5978 266.6810 62.0175 -2687.7400 268.0330 -49.3348 -2792.7095 267.6040 -48.2252 -2793.8622 267.6040 62.0175 -2687.7400 268.0330 60.9078 -2686.5873 268.0330 -49.3348 -2792.7095 267.6040 61.4627 -2687.1637 268.8330 -48.7800 -2793.2859 268.4040 -48.7800 -2793.2859 266.8040 61.4627 -2687.1637 268.8330 -48.7800 -2793.2859 266.8040 61.4627 -2687.1637 267.2330 -48.2328 -2793.8694 267.6040 -160.4363 -2896.8835 266.2040 -159.3419 -2898.0507 266.2040 -48.2328 -2793.8694 267.6040 -49.3272 -2792.7023 267.6040 -160.4363 -2896.8835 266.2040 -48.7800 -2793.2859 268.4040 -159.8891 -2897.4671 267.0040 -159.8891 -2897.4671 265.4040 -48.7800 -2793.2859 268.4040 -159.8891 -2897.4671 265.4040 -48.7800 -2793.2859 266.8040 -159.3493 -2898.0575 266.2040 -271.6958 -2998.6210 263.8600 -270.6160 -2999.8018 263.8600 -159.3493 -2898.0575 266.2040 -160.4290 -2896.8767 266.2040 -271.6958 -2998.6210 263.8600 -159.8891 -2897.4671 267.0040 -271.1559 -2999.2114 264.6600 -271.1559 -2999.2114 263.0600 -159.8891 -2897.4671 267.0040 -271.1559 -2999.2114 263.0600 -159.8891 -2897.4671 265.4040 -270.6232 -2999.8082 263.8600 -382.4029 -3097.4237 260.6230 -381.3375 -3098.6174 260.6230 -270.6232 -2999.8082 263.8600 -271.6886 -2998.6145 263.8600 -382.4029 -3097.4237 260.6230 -271.1559 -2999.2114 264.6600 -381.8702 -3098.0206 261.4230 -381.8702 -3098.0206 259.8230 -271.1559 -2999.2114 264.6600 -381.8702 -3098.0206 259.8230 -271.1559 -2999.2114 263.0600 -381.3446 -3098.6237 260.6230 -491.8486 -3192.7936 256.5630 -490.7975 -3193.9999 256.5630 -381.3446 -3098.6237 260.6230 -382.3958 -3097.4174 260.6230 -491.8486 -3192.7936 256.5630 -381.8702 -3098.0206 261.4230 -491.3230 -3193.3967 257.3630 -491.3230 -3193.3967 255.7630 -381.8702 -3098.0206 261.4230 -491.3230 -3193.3967 255.7630 -381.8702 -3098.0206 259.8230 -490.8046 -3194.0060 256.5630 -599.3236 -3284.2345 251.7710 -598.2868 -3285.4532 251.7710 -490.8046 -3194.0060 256.5630 -491.8414 -3192.7874 256.5630 -599.3236 -3284.2345 251.7710 -491.3230 -3193.3967 257.3630 -598.8052 -3284.8438 252.5710 -598.8052 -3284.8438 250.9710 -491.3230 -3193.3967 257.3630 -598.8052 -3284.8438 250.9710 -491.3230 -3193.3967 255.7630 -598.2941 -3285.4593 251.7710 -704.1161 -3371.2482 246.3530 -703.0939 -3372.4792 246.3530 -598.2941 -3285.4593 251.7710 -599.3162 -3284.2284 251.7710 -704.1161 -3371.2482 246.3530 -598.8052 -3284.8438 252.5710 -703.6050 -3371.8637 247.1530 -703.6050 -3371.8637 245.5530 -598.8052 -3284.8438 252.5710 -703.6050 -3371.8637 245.5530 -598.8052 -3284.8438 250.9710 -703.1016 -3372.4855 246.3530 -805.4364 -3453.2735 240.4340 -804.4297 -3454.5171 240.4340 -703.1016 -3372.4855 246.3530 -704.1084 -3371.2419 246.3530 -805.4364 -3453.2735 240.4340 -703.6050 -3371.8637 247.1530 -804.9330 -3453.8953 241.2340 -804.9330 -3453.8953 239.6340 -703.6050 -3371.8637 247.1530 -804.9330 -3453.8953 239.6340 -703.6050 -3371.8637 245.5530 -804.4465 -3454.5303 240.4340 -913.3291 -3535.9340 233.4990 -912.3560 -3537.2041 233.4990 -804.4465 -3454.5303 240.4340 -805.4196 -3453.2602 240.4340 -913.3291 -3535.9340 233.4990 -804.9330 -3453.8953 241.2340 -912.8426 -3536.5691 234.2990 -912.8426 -3536.5691 232.6990 -804.9330 -3453.8953 241.2340 -912.8426 -3536.5691 232.6990 -804.9330 -3453.8953 239.6340 -912.3793 -3537.2213 233.4990 -1028.2621 -3617.5588 225.4890 -1027.3356 -3618.8633 225.4890 -912.3793 -3537.2213 233.4990 -913.3058 -3535.9168 233.4990 -1028.2621 -3617.5588 225.4890 -912.8426 -3536.5691 234.2990 -1027.7989 -3618.2110 226.2890 -1027.7989 -3618.2110 224.6890 -912.8426 -3536.5691 234.2990 -1027.7989 -3618.2110 224.6890 -912.8426 -3536.5691 232.6990 -1027.3560 -3618.8773 225.4890 -1149.2710 -3697.9991 216.3620 -1148.3853 -3699.3316 216.3620 -1027.3560 -3618.8773 225.4890 -1028.2417 -3617.5448 225.4890 -1149.2710 -3697.9991 216.3620 -1027.7989 -3618.2110 226.2890 -1148.8281 -3698.6654 217.1620 -1148.8281 -3698.6654 215.5620 -1027.7989 -3618.2110 226.2890 -1148.8281 -3698.6654 215.5620 -1027.7989 -3618.2110 224.6890 -1148.4031 -3699.3431 216.3620 -1275.3842 -3777.1024 206.0950 -1274.5341 -3778.4578 206.0950 -1148.4031 -3699.3431 216.3620 -1149.2532 -3697.9877 216.3620 -1275.3842 -3777.1024 206.0950 -1148.8281 -3698.6654 217.1620 -1274.9592 -3777.7801 206.8950 -1274.9592 -3777.7801 205.2950 -1148.8281 -3698.6654 217.1620 -1274.9592 -3777.7801 205.2950 -1148.8281 -3698.6654 215.5620 -1274.5496 -3778.4673 206.0950 -1405.6308 -3854.7144 194.6840 -1404.8118 -3856.0888 194.6840 -1274.5496 -3778.4673 206.0950 -1275.3687 -3777.0929 206.0950 -1405.6308 -3854.7144 194.6840 -1274.9592 -3777.7801 206.8950 -1405.2213 -3855.4016 195.4840 -1405.2213 -3855.4016 193.8840 -1274.9592 -3777.7801 206.8950 -1405.2213 -3855.4016 193.8840 -1274.9592 -3777.7801 205.2950 -1404.8254 -3856.0968 194.6840 -1539.0392 -3930.6839 182.1500 -1538.2474 -3932.0743 182.1500 -1404.8254 -3856.0968 194.6840 -1405.6172 -3854.7064 194.6840 -1539.0392 -3930.6839 182.1500 -1405.2213 -3855.4016 195.4840 -1538.6433 -3931.3791 182.9500 -1538.6433 -3931.3791 181.3500 -1405.2213 -3855.4016 195.4840 -1538.6433 -3931.3791 181.3500 -1405.2213 -3855.4016 193.8840 -1538.2594 -3932.0810 182.1500 -1674.6404 -4004.8607 168.5350 -1673.8726 -4006.2644 168.5350 -1538.2594 -3932.0810 182.1500 -1539.0272 -3930.6773 182.1500 -1674.6404 -4004.8607 168.5350 -1538.6433 -3931.3791 182.9500 -1674.2565 -4005.5625 169.3350 -1674.2565 -4005.5625 167.7350 -1538.6433 -3931.3791 182.9500 -1674.2565 -4005.5625 167.7350 -1538.6433 -3931.3791 181.3500 -1673.8830 -4006.2700 168.5350 -1811.4639 -4077.0949 153.9050 -1810.7169 -4078.5098 153.9050 -1673.8830 -4006.2700 168.5350 -1674.6300 -4004.8551 168.5350 -1811.4639 -4077.0949 153.9050 -1674.2565 -4005.5625 169.3350 -1811.0904 -4077.8023 154.7050 -1811.0904 -4077.8023 153.1050 -1674.2565 -4005.5625 169.3350 -1811.0904 -4077.8023 153.1050 -1674.2565 -4005.5625 167.7350 -1810.7260 -4078.5145 153.9050 -1948.5395 -4147.2361 138.3500 -1947.8106 -4148.6605 138.3500 -1810.7260 -4078.5145 153.9050 -1811.4548 -4077.0901 153.9050 -1948.5395 -4147.2361 138.3500 -1811.0904 -4077.8023 154.7050 -1948.1751 -4147.9483 139.1500 -1948.1751 -4147.9483 137.5500 -1811.0904 -4077.8023 154.7050 -1948.1751 -4147.9483 137.5500 -1811.0904 -4077.8023 153.1050 -1947.8185 -4148.6644 138.3500 -2084.8982 -4215.1354 121.9870 -2084.1850 -4216.5677 121.9870 -1947.8185 -4148.6644 138.3500 -1948.5316 -4147.2322 138.3500 -2084.8982 -4215.1354 121.9870 -1948.1751 -4147.9483 139.1500 -2084.5416 -4215.8515 122.7870 -2084.5416 -4215.8515 121.1870 -1948.1751 -4147.9483 139.1500 -2084.5416 -4215.8515 121.1870 -1948.1751 -4147.9483 137.5500 -2084.1916 -4216.5709 121.9870 -2219.5716 -4280.6421 104.9530 -2218.8718 -4282.0810 104.9530 -2084.1916 -4216.5709 121.9870 -2084.8915 -4215.1321 121.9870 -2219.5716 -4280.6421 104.9530 -2084.5416 -4215.8515 122.7870 -2219.2217 -4281.3616 105.7530 -2219.2217 -4281.3616 104.1530 -2084.5416 -4215.8515 122.7870 -2219.2217 -4281.3616 104.1530 -2084.5416 -4215.8515 121.1870 -2218.8773 -4282.0836 104.9530 -2351.5917 -4343.6099 87.4110 -2350.9029 -4345.0540 87.4110 -2218.8773 -4282.0836 104.9530 -2219.5661 -4280.6395 104.9530 -2351.5917 -4343.6099 87.4110 -2219.2217 -4281.3616 105.7530 -2351.2473 -4344.3319 88.2110 -2351.2473 -4344.3319 86.6110 -2219.2217 -4281.3616 105.7530 -2351.2473 -4344.3319 86.6110 -2219.2217 -4281.3616 104.1530 -2350.9073 -4345.0561 87.4110 -2479.9895 -4403.8894 69.5450 -2479.3095 -4405.3377 69.5450 -2350.9073 -4345.0561 87.4110 -2351.5873 -4343.6078 87.4110 -2479.9895 -4403.8894 69.5450 -2351.2473 -4344.3319 88.2110 -2479.6495 -4404.6136 70.3450 -2479.6495 -4404.6136 68.7450 -2351.2473 -4344.3319 88.2110 -2479.6495 -4404.6136 68.7450 -2351.2473 -4344.3319 86.6110 -2479.3128 -4405.3393 69.5450 -2603.7979 -4461.3310 51.5610 -2603.1245 -4462.7824 51.5610 -2479.3128 -4405.3393 69.5450 -2479.9862 -4403.8879 69.5450 -2603.7979 -4461.3310 51.5610 -2479.6495 -4404.6136 70.3450 -2603.4612 -4462.0567 52.3610 -2603.4612 -4462.0567 50.7610 -2479.6495 -4404.6136 70.3450 -2603.4612 -4462.0567 50.7610 -2479.6495 -4404.6136 68.7450 -2603.1266 -4462.7833 51.5610 -2722.0494 -4515.7880 33.6810 -2721.3801 -4517.2413 33.6810 -2603.1266 -4462.7833 51.5610 -2603.7958 -4461.3300 51.5610 -2722.0494 -4515.7880 33.6810 -2603.4612 -4462.0567 52.3610 -2721.7148 -4516.5147 34.4810 -2721.7148 -4516.5147 32.8810 -2603.4612 -4462.0567 52.3610 -2721.7148 -4516.5147 32.8810 -2603.4612 -4462.0567 50.7610 -2721.3808 -4517.2417 33.6810 -2833.7794 -4567.1137 16.1470 -2833.1115 -4568.5676 16.1470 -2721.3808 -4517.2417 33.6810 -2722.0487 -4515.7877 33.6810 -2833.7794 -4567.1137 16.1470 -2721.7148 -4516.5147 34.4810 -2833.4454 -4567.8407 16.9470 -2833.4454 -4567.8407 15.3470 -2721.7148 -4516.5147 34.4810 -2833.4454 -4567.8407 15.3470 -2721.7148 -4516.5147 32.8810 -2833.1105 -4568.5672 16.1470 -2938.0228 -4615.1609 -0.7900 -2937.3530 -4616.6140 -0.7900 -2833.1105 -4568.5672 16.1470 -2833.7803 -4567.1141 16.1470 -2938.0228 -4615.1609 -0.7900 -2833.4454 -4567.8407 16.9470 -2937.6879 -4615.8874 0.0100 -2937.6879 -4615.8874 -1.5900 -2833.4454 -4567.8407 16.9470 -2937.6879 -4615.8874 -1.5900 -2833.4454 -4567.8407 15.3470 -2937.3501 -4616.6126 -0.7900 -3033.8172 -4659.7839 -16.8650 -3033.1416 -4661.2343 -16.8650 -2937.3501 -4616.6126 -0.7900 -2938.0257 -4615.1622 -0.7900 -3033.8172 -4659.7839 -16.8650 -2937.6879 -4615.8874 0.0100 -3033.4794 -4660.5091 -16.0650 -3033.4794 -4660.5091 -17.6650 -2937.6879 -4615.8874 0.0100 -3033.4794 -4660.5091 -17.6650 -2937.6879 -4615.8874 -1.5900 -3033.1360 -4661.2317 -16.8650 -3120.2054 -4700.8419 -31.8090 -3119.5186 -4702.2870 -31.8090 -3033.1360 -4661.2317 -16.8650 -3033.8228 -4659.7866 -16.8650 -3120.2054 -4700.8419 -31.8090 -3033.4794 -4660.5091 -16.0650 -3119.8620 -4701.5645 -31.0090 -3119.8620 -4701.5645 -32.6090 -3033.4794 -4660.5091 -16.0650 -3119.8620 -4701.5645 -32.6090 -3033.4794 -4660.5091 -17.6650 -3119.5092 -4702.2825 -31.8090 -3196.2392 -4738.1968 -45.3520 -3195.5337 -4739.6328 -45.3520 -3119.5092 -4702.2825 -31.8090 -3120.2148 -4700.8464 -31.8090 -3196.2392 -4738.1968 -45.3520 -3119.8620 -4701.5645 -31.0090 -3195.8865 -4738.9148 -44.5520 -3195.8865 -4738.9148 -46.1520 -3119.8620 -4701.5645 -31.0090 -3195.8865 -4738.9148 -46.1520 -3119.8620 -4701.5645 -32.6090 -3195.5186 -4739.6252 -45.3520 -3260.7573 -4771.6024 -57.2260 -3260.0216 -4773.0232 -57.2260 -3195.5186 -4739.6252 -45.3520 -3196.2543 -4738.2044 -45.3520 -3260.7573 -4771.6024 -57.2260 -3195.8865 -4738.9148 -44.5520 -3260.3895 -4772.3128 -56.4260 -3260.3895 -4772.3128 -58.0260 -3195.8865 -4738.9148 -44.5520 -3260.3895 -4772.3128 -58.0260 -3195.8865 -4738.9148 -46.1520 5.6621 6.0689 0.0000 61.9115 -48.6467 11.7340 63.0035 -47.4773 11.7340 5.6621 6.0689 0.0000 4.5701 4.8994 0.0000 61.9115 -48.6467 11.7340 5.1161 5.4842 0.8000 62.4575 -48.0620 12.5340 62.4575 -48.0620 10.9340 5.1161 5.4842 0.8000 62.4575 -48.0620 10.9340 5.1161 5.4842 -0.8000 62.9408 -47.4245 11.7340 145.2925 -111.8611 26.8600 146.2590 -110.5860 26.8600 62.9408 -47.4245 11.7340 61.9742 -48.6995 11.7340 145.2925 -111.8611 26.8600 62.4575 -48.0620 12.5340 145.7758 -111.2235 27.6600 145.7758 -111.2235 26.0600 62.4575 -48.0620 12.5340 145.7758 -111.2235 26.0600 62.4575 -48.0620 10.9340 146.2331 -110.5672 26.8600 248.7564 -183.9562 44.4490 249.6711 -182.6434 44.4490 146.2331 -110.5672 26.8600 145.3184 -111.8799 26.8600 248.7564 -183.9562 44.4490 145.7758 -111.2235 27.6600 249.2137 -183.2998 45.2490 249.2137 -183.2998 43.6490 145.7758 -111.2235 27.6600 249.2137 -183.2998 43.6490 145.7758 -111.2235 26.0600 249.6648 -182.6391 44.4490 366.5659 -264.3842 63.5250 367.4680 -263.0627 63.5250 249.6648 -182.6391 44.4490 248.7627 -183.9605 44.4490 366.5659 -264.3842 63.5250 249.2137 -183.2998 45.2490 367.0169 -263.7234 64.3250 367.0169 -263.7234 62.7250 249.2137 -183.2998 45.2490 367.0169 -263.7234 62.7250 249.2137 -183.2998 43.6490 367.4748 -263.0674 63.5250 493.0081 -352.6205 83.1750 493.9238 -351.3084 83.1750 367.4748 -263.0674 63.5250 366.5591 -264.3795 63.5250 493.0081 -352.6205 83.1750 367.0169 -263.7234 64.3250 493.4659 -351.9645 83.9750 493.4659 -351.9645 82.3750 367.0169 -263.7234 64.3250 493.4659 -351.9645 82.3750 367.0169 -263.7234 62.7250 493.9412 -351.3209 83.1750 622.3878 -448.1592 102.6030 623.3383 -446.8721 102.6030 493.9412 -351.3209 83.1750 492.9907 -352.6080 83.1750 622.3878 -448.1592 102.6030 493.4659 -351.9645 83.9750 622.8630 -447.5157 103.4030 622.8630 -447.5157 101.8030 493.4659 -351.9645 83.9750 622.8630 -447.5157 101.8030 493.4659 -351.9645 82.3750 623.3659 -446.8935 102.6030 749.0150 -550.5098 121.1570 750.0208 -549.2655 121.1570 623.3659 -446.8935 102.6030 622.3602 -448.1378 102.6030 749.0150 -550.5098 121.1570 622.8630 -447.5157 103.4030 749.5179 -549.8876 121.9570 749.5179 -549.8876 120.3570 622.8630 -447.5157 103.4030 749.5179 -549.8876 120.3570 622.8630 -447.5157 101.8030 750.0594 -549.2988 121.1570 867.2042 -659.2061 138.3560 868.2873 -658.0284 138.3560 750.0594 -549.2988 121.1570 748.9763 -550.4765 121.1570 867.2042 -659.2061 138.3560 749.5179 -549.8876 121.9570 867.7457 -658.6173 139.1560 867.7457 -658.6173 137.5560 749.5179 -549.8876 121.9570 867.7457 -658.6173 137.5560 749.5179 -549.8876 120.3570 868.3380 -658.0795 138.3560 971.2604 -773.8148 153.8970 972.4449 -772.7393 153.8970 868.3380 -658.0795 138.3560 867.1535 -659.1550 138.3560 971.2604 -773.8148 153.8970 867.7457 -658.6173 139.1560 971.8527 -773.2771 154.6970 971.8527 -773.2771 153.0970 867.7457 -658.6173 139.1560 971.8527 -773.2771 153.0970 867.7457 -658.6173 137.5560 972.5078 -772.8180 153.8970 1055.4375 -893.9443 167.6730 1056.7477 -893.0260 167.6730 972.5078 -772.8180 153.8970 971.1975 -773.7362 153.8970 1055.4375 -893.9443 167.6730 971.8527 -773.2771 154.6970 1056.0926 -893.4852 168.4730 1056.0926 -893.4852 166.8730 971.8527 -773.2771 154.6970 1056.0926 -893.4852 166.8730 971.8527 -773.2771 153.0970 1056.8175 -893.1468 167.6730 1113.8803 -1019.1943 179.8040 1115.3302 -1018.5176 179.8040 1056.8175 -893.1468 167.6730 1055.3677 -893.8235 167.6730 1113.8803 -1019.1943 179.8040 1056.0926 -893.4852 168.4730 1114.6053 -1018.8560 180.6040 1114.6053 -1018.8560 179.0040 1056.0926 -893.4852 168.4730 1114.6053 -1018.8560 179.0040 1056.0926 -893.4852 166.8730 1115.3888 -1018.6946 179.8040 1140.5962 -1148.9776 190.6690 1142.1633 -1148.6548 190.6690 1115.3888 -1018.6946 179.8040 1113.8217 -1019.0174 179.8040 1140.5962 -1148.9776 190.6690 1114.6053 -1018.8560 180.6040 1141.3797 -1148.8162 191.4690 1141.3797 -1148.8162 189.8690 1114.6053 -1018.8560 180.6040 1141.3797 -1148.8162 189.8690 1114.6053 -1018.8560 179.0040 1142.1772 -1148.8801 190.6690 1129.9270 -1281.7128 200.9150 1131.5219 -1281.8406 200.9150 1142.1772 -1148.8801 190.6690 1140.5823 -1148.7523 190.6690 1129.9270 -1281.7128 200.9150 1141.3797 -1148.8162 191.4690 1130.7245 -1281.7767 201.7150 1130.7245 -1281.7767 200.1150 1141.3797 -1148.8162 191.4690 1130.7245 -1281.7767 200.1150 1141.3797 -1148.8162 189.8690 1131.4921 -1282.0019 200.9150 1105.9017 -1363.5338 207.1140 1107.4370 -1363.9842 207.1140 1131.4921 -1282.0019 200.9150 1129.9568 -1281.5514 200.9150 1105.9017 -1363.5338 207.1140 1130.7245 -1281.7767 201.7150 1106.6693 -1363.7590 207.9140 1106.6693 -1363.7590 206.3140 1130.7245 -1281.7767 201.7150 1106.6693 -1363.7590 206.3140 1130.7245 -1281.7767 200.1150 1107.4118 -1364.0569 207.1140 1071.0932 -1450.2859 213.5720 1072.5782 -1450.8817 213.5720 1107.4118 -1364.0569 207.1140 1105.9269 -1363.4611 207.1140 1071.0932 -1450.2859 213.5720 1106.6693 -1363.7590 207.9140 1071.8357 -1450.5838 214.3720 1071.8357 -1450.5838 212.7720 1106.6693 -1363.7590 207.9140 1071.8357 -1450.5838 212.7720 1106.6693 -1363.7590 206.3140 1072.5535 -1450.9370 213.5720 1026.2282 -1541.4445 220.1910 1027.6638 -1542.1510 220.1910 1072.5535 -1450.9370 213.5720 1071.1179 -1450.2305 213.5720 1026.2282 -1541.4445 220.1910 1071.8357 -1450.5838 214.3720 1026.9460 -1541.7978 220.9910 1026.9460 -1541.7978 219.3910 1071.8357 -1450.5838 214.3720 1026.9460 -1541.7978 219.3910 1071.8357 -1450.5838 212.7720 1027.6410 -1542.1940 220.1910 972.0149 -1636.5430 226.8480 973.4049 -1637.3354 226.8480 1027.6410 -1542.1940 220.1910 1026.2510 -1541.4016 220.1910 972.0149 -1636.5430 226.8480 1026.9460 -1541.7978 220.9910 972.7099 -1636.9392 227.6480 972.7099 -1636.9392 226.0480 1026.9460 -1541.7978 220.9910 972.7099 -1636.9392 226.0480 1026.9460 -1541.7978 219.3910 973.3844 -1637.3693 226.8480 909.1632 -1735.1036 233.4110 910.5123 -1735.9639 233.4110 973.3844 -1637.3693 226.8480 972.0354 -1636.5090 226.8480 909.1632 -1735.1036 233.4110 972.7099 -1636.9392 227.6480 909.8378 -1735.5338 234.2110 909.8378 -1735.5338 232.6110 972.7099 -1636.9392 227.6480 909.8378 -1735.5338 232.6110 972.7099 -1636.9392 226.0480 910.4940 -1735.9913 233.4110 838.3782 -1836.6439 239.7420 839.6907 -1837.5589 239.7420 910.4940 -1735.9913 233.4110 909.1815 -1735.0763 233.4110 838.3782 -1836.6439 239.7420 909.8378 -1735.5338 234.2110 839.0345 -1837.1014 240.5420 839.0345 -1837.1014 238.9420 909.8378 -1735.5338 234.2110 839.0345 -1837.1014 238.9420 909.8378 -1735.5338 232.6110 839.6745 -1837.5813 239.7420 760.3665 -1940.6752 245.7070 761.6466 -1941.6351 245.7070 839.6745 -1837.5813 239.7420 838.3944 -1836.6214 239.7420 760.3665 -1940.6752 245.7070 839.0345 -1837.1014 240.5420 761.0066 -1941.1551 246.5070 761.0066 -1941.1551 244.9070 839.0345 -1837.1014 240.5420 761.0066 -1941.1551 244.9070 839.0345 -1837.1014 238.9420 761.6321 -1941.6538 245.7070 675.8341 -2046.7104 251.1780 677.0852 -2047.7077 251.1780 761.6321 -1941.6538 245.7070 760.3810 -1940.6564 245.7070 675.8341 -2046.7104 251.1780 761.0066 -1941.1551 246.5070 676.4597 -2047.2091 251.9780 676.4597 -2047.2091 250.3780 761.0066 -1941.1551 246.5070 676.4597 -2047.2091 250.3780 761.0066 -1941.1551 244.9070 677.0722 -2047.7236 251.1780 585.4881 -2154.2576 256.0360 586.7132 -2155.2867 256.0360 677.0722 -2047.7236 251.1780 675.8471 -2046.6945 251.1780 585.4881 -2154.2576 256.0360 676.4597 -2047.2091 251.9780 586.1006 -2154.7721 256.8360 586.1006 -2154.7721 255.2360 676.4597 -2047.2091 251.9780 586.1006 -2154.7721 255.2360 676.4597 -2047.2091 250.3780 586.7014 -2155.3004 256.0360 490.0356 -2262.8236 260.1770 491.2373 -2263.8800 260.1770 586.7014 -2155.3004 256.0360 585.4998 -2154.2439 256.0360 490.0356 -2262.8236 260.1770 586.1006 -2154.7721 256.8360 490.6365 -2263.3518 260.9770 490.6365 -2263.3518 259.3770 586.1006 -2154.7721 256.8360 490.6365 -2263.3518 259.3770 586.1006 -2154.7721 255.2360 491.2266 -2263.8919 260.1770 390.1835 -2371.9152 263.5090 391.3637 -2372.9955 263.5090 491.2266 -2263.8919 260.1770 490.0463 -2262.8116 260.1770 390.1835 -2371.9152 263.5090 490.6365 -2263.3518 260.9770 390.7736 -2372.4554 264.3090 390.7736 -2372.4554 262.7090 490.6365 -2263.3518 260.9770 390.7736 -2372.4554 262.7090 490.6365 -2263.3518 259.3770 391.3539 -2373.0060 263.5090 286.6393 -2481.0378 265.9620 287.7999 -2482.1391 265.9620 391.3539 -2373.0060 263.5090 390.1933 -2371.9047 263.5090 286.6393 -2481.0378 265.9620 390.7736 -2372.4554 264.3090 287.2196 -2481.5885 266.7620 287.2196 -2481.5885 265.1620 390.7736 -2372.4554 264.3090 287.2196 -2481.5885 265.1620 390.7736 -2372.4554 262.7090 287.7909 -2482.1485 265.9620 180.1100 -2589.6982 267.4810 181.2525 -2590.8183 267.4810 287.7909 -2482.1485 265.9620 286.6483 -2481.0284 265.9620 180.1100 -2589.6982 267.4810 287.2196 -2481.5885 266.7620 180.6812 -2590.2582 268.2810 180.6812 -2590.2582 266.6810 287.2196 -2481.5885 266.7620 180.6812 -2590.2582 266.6810 287.2196 -2481.5885 265.1620 181.2440 -2590.8268 267.4810 71.3025 -2697.4018 268.0330 72.4281 -2698.5389 268.0330 181.2440 -2590.8268 267.4810 180.1184 -2589.6897 267.4810 71.3025 -2697.4018 268.0330 180.6812 -2590.2582 268.2810 71.8653 -2697.9703 268.8330 71.8653 -2697.9703 267.2330 180.6812 -2590.2582 268.2810 71.8653 -2697.9703 267.2330 180.6812 -2590.2582 266.6810 72.4201 -2698.5467 268.0330 -39.0748 -2803.6518 267.6040 -37.9652 -2804.8045 267.6040 72.4201 -2698.5467 268.0330 71.3105 -2697.3940 268.0330 -39.0748 -2803.6518 267.6040 71.8653 -2697.9703 268.8330 -38.5200 -2804.2281 268.4040 -38.5200 -2804.2281 266.8040 71.8653 -2697.9703 268.8330 -38.5200 -2804.2281 266.8040 71.8653 -2697.9703 267.2330 -37.9728 -2804.8117 267.6040 -150.3140 -2907.9533 266.2040 -149.2197 -2909.1205 266.2040 -37.9728 -2804.8117 267.6040 -39.0672 -2803.6446 267.6040 -150.3140 -2907.9533 266.2040 -38.5200 -2804.2281 268.4040 -149.7669 -2908.5369 267.0040 -149.7669 -2908.5369 265.4040 -38.5200 -2804.2281 268.4040 -149.7669 -2908.5369 265.4040 -38.5200 -2804.2281 266.8040 -149.2270 -2909.1273 266.2040 -261.7080 -3009.8122 263.8600 -260.6283 -3010.9930 263.8600 -149.2270 -2909.1273 266.2040 -150.3067 -2907.9465 266.2040 -261.7080 -3009.8122 263.8600 -149.7669 -2908.5369 267.0040 -261.1681 -3010.4026 264.6600 -261.1681 -3010.4026 263.0600 -149.7669 -2908.5369 267.0040 -261.1681 -3010.4026 263.0600 -149.7669 -2908.5369 265.4040 -260.6354 -3010.9995 263.8600 -372.5485 -3108.7326 260.6230 -371.4831 -3109.9263 260.6230 -260.6354 -3010.9995 263.8600 -261.7008 -3009.8058 263.8600 -372.5485 -3108.7326 260.6230 -261.1681 -3010.4026 264.6600 -372.0158 -3109.3294 261.4230 -372.0158 -3109.3294 259.8230 -261.1681 -3010.4026 264.6600 -372.0158 -3109.3294 259.8230 -261.1681 -3010.4026 263.0600 -371.4902 -3109.9326 260.6230 -482.1285 -3204.2181 256.5630 -481.0774 -3205.4244 256.5630 -371.4902 -3109.9326 260.6230 -372.5414 -3108.7263 260.6230 -482.1285 -3204.2181 256.5630 -372.0158 -3109.3294 261.4230 -481.6030 -3204.8213 257.3630 -481.6030 -3204.8213 255.7630 -372.0158 -3109.3294 261.4230 -481.6030 -3204.8213 255.7630 -372.0158 -3109.3294 259.8230 -481.0846 -3205.4306 256.5630 -589.7412 -3295.7748 251.7710 -588.7044 -3296.9935 251.7710 -481.0846 -3205.4306 256.5630 -482.1214 -3204.2120 256.5630 -589.7412 -3295.7748 251.7710 -481.6030 -3204.8213 257.3630 -589.2228 -3296.3842 252.5710 -589.2228 -3296.3842 250.9710 -481.6030 -3204.8213 257.3630 -589.2228 -3296.3842 250.9710 -481.6030 -3204.8213 255.7630 -588.7118 -3296.9996 251.7710 -694.6780 -3382.9068 246.3530 -693.6559 -3384.1378 246.3530 -588.7118 -3296.9996 251.7710 -589.7339 -3295.7687 251.7710 -694.6780 -3382.9068 246.3530 -589.2228 -3296.3842 252.5710 -694.1670 -3383.5223 247.1530 -694.1670 -3383.5223 245.5530 -589.2228 -3296.3842 252.5710 -694.1670 -3383.5223 245.5530 -589.2228 -3296.3842 250.9710 -693.6636 -3384.1441 246.3530 -796.3143 -3465.1809 240.4340 -795.3076 -3466.4245 240.4340 -693.6636 -3384.1441 246.3530 -694.6703 -3382.9005 246.3530 -796.3143 -3465.1809 240.4340 -694.1670 -3383.5223 247.1530 -795.8110 -3465.8027 241.2340 -795.8110 -3465.8027 239.6340 -694.1670 -3383.5223 247.1530 -795.8110 -3465.8027 239.6340 -694.1670 -3383.5223 245.5530 -795.3245 -3466.4378 240.4340 -904.6439 -3548.1638 233.4990 -903.6709 -3549.4340 233.4990 -795.3245 -3466.4378 240.4340 -796.2974 -3465.1676 240.4340 -904.6439 -3548.1638 233.4990 -795.8110 -3465.8027 241.2340 -904.1574 -3548.7989 234.2990 -904.1574 -3548.7989 232.6990 -795.8110 -3465.8027 241.2340 -904.1574 -3548.7989 232.6990 -795.8110 -3465.8027 239.6340 -903.6942 -3549.4512 233.4990 -1019.9583 -3630.0507 225.4890 -1019.0320 -3631.3552 225.4890 -903.6942 -3549.4512 233.4990 -904.6206 -3548.1466 233.4990 -1019.9583 -3630.0507 225.4890 -904.1574 -3548.7989 234.2990 -1019.4951 -3630.7030 226.2890 -1019.4951 -3630.7030 224.6890 -904.1574 -3548.7989 234.2990 -1019.4951 -3630.7030 224.6890 -904.1574 -3548.7989 232.6990 -1019.0523 -3631.3692 225.4890 -1141.3007 -3710.7064 216.3620 -1140.4150 -3712.0389 216.3620 -1019.0523 -3631.3692 225.4890 -1019.9380 -3630.0367 225.4890 -1141.3007 -3710.7064 216.3620 -1019.4951 -3630.7030 226.2890 -1140.8579 -3711.3726 217.1620 -1140.8579 -3711.3726 215.5620 -1019.4951 -3630.7030 226.2890 -1140.8579 -3711.3726 215.5620 -1019.4951 -3630.7030 224.6890 -1140.4328 -3712.0504 216.3620 -1267.7059 -3789.9882 206.0950 -1266.8558 -3791.3436 206.0950 -1140.4328 -3712.0504 216.3620 -1141.2829 -3710.6949 216.3620 -1267.7059 -3789.9882 206.0950 -1140.8579 -3711.3726 217.1620 -1267.2808 -3790.6659 206.8950 -1267.2808 -3790.6659 205.2950 -1140.8579 -3711.3726 217.1620 -1267.2808 -3790.6659 205.2950 -1140.8579 -3711.3726 215.5620 -1266.8713 -3791.3531 206.0950 -1398.2082 -3867.7491 194.6840 -1397.3892 -3869.1236 194.6840 -1266.8713 -3791.3531 206.0950 -1267.6903 -3789.9786 206.0950 -1398.2082 -3867.7491 194.6840 -1267.2808 -3790.6659 206.8950 -1397.7987 -3868.4364 195.4840 -1397.7987 -3868.4364 193.8840 -1267.2808 -3790.6659 206.8950 -1397.7987 -3868.4364 193.8840 -1267.2808 -3790.6659 205.2950 -1397.4029 -3869.1316 194.6840 -1531.8406 -3943.8437 182.1500 -1531.0488 -3945.2341 182.1500 -1397.4029 -3869.1316 194.6840 -1398.1946 -3867.7412 194.6840 -1531.8406 -3943.8437 182.1500 -1397.7987 -3868.4364 195.4840 -1531.4447 -3944.5389 182.9500 -1531.4447 -3944.5389 181.3500 -1397.7987 -3868.4364 195.4840 -1531.4447 -3944.5389 181.3500 -1397.7987 -3868.4364 193.8840 -1531.0608 -3945.2408 182.1500 -1667.6374 -4018.1256 168.5350 -1666.8696 -4019.5293 168.5350 -1531.0608 -3945.2408 182.1500 -1531.8286 -3943.8370 182.1500 -1667.6374 -4018.1256 168.5350 -1531.4447 -3944.5389 182.9500 -1667.2535 -4018.8275 169.3350 -1667.2535 -4018.8275 167.7350 -1531.4447 -3944.5389 182.9500 -1667.2535 -4018.8275 167.7350 -1531.4447 -3944.5389 181.3500 -1666.8800 -4019.5349 168.5350 -1804.6311 -4090.4482 153.9050 -1803.8841 -4091.8631 153.9050 -1666.8800 -4019.5349 168.5350 -1667.6270 -4018.1200 168.5350 -1804.6311 -4090.4482 153.9050 -1667.2535 -4018.8275 169.3350 -1804.2576 -4091.1557 154.7050 -1804.2576 -4091.1557 153.1050 -1667.2535 -4018.8275 169.3350 -1804.2576 -4091.1557 153.1050 -1667.2535 -4018.8275 167.7350 -1803.8932 -4091.8679 153.9050 -1941.8534 -4160.6635 138.3500 -1941.1245 -4162.0879 138.3500 -1803.8932 -4091.8679 153.9050 -1804.6220 -4090.4435 153.9050 -1941.8534 -4160.6635 138.3500 -1804.2576 -4091.1557 154.7050 -1941.4889 -4161.3757 139.1500 -1941.4889 -4161.3757 137.5500 -1804.2576 -4091.1557 154.7050 -1941.4889 -4161.3757 137.5500 -1804.2576 -4091.1557 153.1050 -1941.1324 -4162.0918 138.3500 -2078.3370 -4228.6243 121.9870 -2077.6238 -4230.0566 121.9870 -1941.1324 -4162.0918 138.3500 -1941.8455 -4160.6596 138.3500 -2078.3370 -4228.6243 121.9870 -1941.4889 -4161.3757 139.1500 -2077.9804 -4229.3405 122.7870 -2077.9804 -4229.3405 121.1870 -1941.4889 -4161.3757 139.1500 -2077.9804 -4229.3405 121.1870 -1941.4889 -4161.3757 137.5500 -2077.6305 -4230.0599 121.9870 -2213.1142 -4294.1810 104.9530 -2212.4144 -4295.6199 104.9530 -2077.6305 -4230.0599 121.9870 -2078.3304 -4228.6211 121.9870 -2213.1142 -4294.1810 104.9530 -2077.9804 -4229.3405 122.7870 -2212.7643 -4294.9004 105.7530 -2212.7643 -4294.9004 104.1530 -2077.9804 -4229.3405 122.7870 -2212.7643 -4294.9004 104.1530 -2077.9804 -4229.3405 121.1870 -2212.4199 -4295.6225 104.9530 -2345.2171 -4357.1880 87.4110 -2344.5283 -4358.6321 87.4110 -2212.4199 -4295.6225 104.9530 -2213.1087 -4294.1784 104.9530 -2345.2171 -4357.1880 87.4110 -2212.7643 -4294.9004 105.7530 -2344.8727 -4357.9101 88.2110 -2344.8727 -4357.9101 86.6110 -2212.7643 -4294.9004 105.7530 -2344.8727 -4357.9101 86.6110 -2212.7643 -4294.9004 104.1530 -2344.5327 -4358.6342 87.4110 -2473.6765 -4417.4963 69.5450 -2472.9965 -4418.9446 69.5450 -2344.5327 -4358.6342 87.4110 -2345.2127 -4357.1859 87.4110 -2473.6765 -4417.4963 69.5450 -2344.8727 -4357.9101 88.2110 -2473.3365 -4418.2204 70.3450 -2473.3365 -4418.2204 68.7450 -2344.8727 -4357.9101 88.2110 -2473.3365 -4418.2204 68.7450 -2344.8727 -4357.9101 86.6110 -2472.9998 -4418.9461 69.5450 -2597.5235 -4474.9556 51.5610 -2596.8501 -4476.4070 51.5610 -2472.9998 -4418.9461 69.5450 -2473.6732 -4417.4947 69.5450 -2597.5235 -4474.9556 51.5610 -2473.3365 -4418.2204 70.3450 -2597.1868 -4475.6813 52.3610 -2597.1868 -4475.6813 50.7610 -2473.3365 -4418.2204 70.3450 -2597.1868 -4475.6813 50.7610 -2473.3365 -4418.2204 68.7450 -2596.8522 -4476.4080 51.5610 -2715.7879 -4529.4187 33.6810 -2715.1186 -4530.8720 33.6810 -2596.8522 -4476.4080 51.5610 -2597.5214 -4474.9547 51.5610 -2715.7879 -4529.4187 33.6810 -2597.1868 -4475.6813 52.3610 -2715.4532 -4530.1453 34.4810 -2715.4532 -4530.1453 32.8810 -2597.1868 -4475.6813 52.3610 -2715.4532 -4530.1453 32.8810 -2597.1868 -4475.6813 50.7610 -2715.1193 -4530.8723 33.6810 -2827.5005 -4580.7364 16.1470 -2826.8326 -4582.1903 16.1470 -2715.1193 -4530.8723 33.6810 -2715.7872 -4529.4183 33.6810 -2827.5005 -4580.7364 16.1470 -2715.4532 -4530.1453 34.4810 -2827.1666 -4581.4633 16.9470 -2827.1666 -4581.4633 15.3470 -2715.4532 -4530.1453 34.4810 -2827.1666 -4581.4633 15.3470 -2715.4532 -4530.1453 32.8810 -2826.8317 -4582.1899 16.1470 -2931.6890 -4628.7580 -0.7900 -2931.0192 -4630.2111 -0.7900 -2826.8317 -4582.1899 16.1470 -2827.5014 -4580.7368 16.1470 -2931.6890 -4628.7580 -0.7900 -2827.1666 -4581.4633 16.9470 -2931.3541 -4629.4846 0.0100 -2931.3541 -4629.4846 -1.5900 -2827.1666 -4581.4633 16.9470 -2931.3541 -4629.4846 -1.5900 -2827.1666 -4581.4633 15.3470 -2931.0163 -4630.2098 -0.7900 -3027.3784 -4673.3317 -16.8650 -3026.7028 -4674.7821 -16.8650 -2931.0163 -4630.2098 -0.7900 -2931.6919 -4628.7594 -0.7900 -3027.3784 -4673.3317 -16.8650 -2931.3541 -4629.4846 0.0100 -3027.0406 -4674.0569 -16.0650 -3027.0406 -4674.0569 -17.6650 -2931.3541 -4629.4846 0.0100 -3027.0406 -4674.0569 -17.6650 -2931.3541 -4629.4846 -1.5900 -3026.6972 -4674.7794 -16.8650 -3113.5914 -4714.3050 -31.8090 -3112.9046 -4715.7501 -31.8090 -3026.6972 -4674.7794 -16.8650 -3027.3840 -4673.3343 -16.8650 -3113.5914 -4714.3050 -31.8090 -3027.0406 -4674.0569 -16.0650 -3113.2480 -4715.0275 -31.0090 -3113.2480 -4715.0275 -32.6090 -3027.0406 -4674.0569 -16.0650 -3113.2480 -4715.0275 -32.6090 -3027.0406 -4674.0569 -17.6650 -3112.8953 -4715.7456 -31.8090 -3189.3423 -4751.5171 -45.3520 -3188.6368 -4752.9532 -45.3520 -3112.8953 -4715.7456 -31.8090 -3113.6007 -4714.3095 -31.8090 -3189.3423 -4751.5171 -45.3520 -3113.2480 -4715.0275 -31.0090 -3188.9895 -4752.2352 -44.5520 -3188.9895 -4752.2352 -46.1520 -3113.2480 -4715.0275 -31.0090 -3188.9895 -4752.2352 -46.1520 -3113.2480 -4715.0275 -32.6090 -3188.6217 -4752.9456 -45.3520 -3253.8604 -4784.9228 -57.2260 -3253.1247 -4786.3436 -57.2260 -3188.6217 -4752.9456 -45.3520 -3189.3574 -4751.5248 -45.3520 -3253.8604 -4784.9228 -57.2260 -3188.9895 -4752.2352 -44.5520 -3253.4925 -4785.6332 -56.4260 -3253.4925 -4785.6332 -58.0260 -3188.9895 -4752.2352 -44.5520 -3253.4925 -4785.6332 -58.0260 -3188.9895 -4752.2352 -46.1520 0.5457 0.5850 0.0000 57.3813 -54.6240 11.7340 58.4727 -53.4540 11.7340 0.5457 0.5850 0.0000 -0.5457 -0.5850 0.0000 57.3813 -54.6240 11.7340 0.0000 0.0000 0.8000 57.9270 -54.0390 12.5340 57.9270 -54.0390 10.9340 0.0000 0.0000 0.8000 57.9270 -54.0390 10.9340 0.0000 0.0000 -0.8000 58.4103 -53.4015 11.7340 141.0047 -118.0145 26.8600 141.9713 -116.7395 26.8600 58.4103 -53.4015 11.7340 57.4437 -54.6765 11.7340 141.0047 -118.0145 26.8600 57.9270 -54.0390 12.5340 141.4880 -117.3770 27.6600 141.4880 -117.3770 26.0600 57.9270 -54.0390 12.5340 141.4880 -117.3770 26.0600 57.9270 -54.0390 10.9340 141.9454 -116.7206 26.8600 244.5276 -190.1504 44.4490 245.4424 -188.8376 44.4490 141.9454 -116.7206 26.8600 141.0306 -118.0334 26.8600 244.5276 -190.1504 44.4490 141.4880 -117.3770 27.6600 244.9850 -189.4940 45.2490 244.9850 -189.4940 43.6490 141.4880 -117.3770 27.6600 244.9850 -189.4940 43.6490 141.4880 -117.3770 26.0600 245.4361 -188.8333 44.4490 362.2739 -270.5347 63.5250 363.1761 -269.2133 63.5250 245.4361 -188.8333 44.4490 244.5339 -190.1547 44.4490 362.2739 -270.5347 63.5250 244.9850 -189.4940 45.2490 362.7250 -269.8740 64.3250 362.7250 -269.8740 62.7250 244.9850 -189.4940 45.2490 362.7250 -269.8740 62.7250 244.9850 -189.4940 43.6490 363.1828 -269.2179 63.5250 488.5532 -358.6541 83.1750 489.4688 -357.3419 83.1750 363.1828 -269.2179 63.5250 362.2672 -270.5301 63.5250 488.5532 -358.6541 83.1750 362.7250 -269.8740 64.3250 489.0110 -357.9980 83.9750 489.0110 -357.9980 82.3750 362.7250 -269.8740 64.3250 489.0110 -357.9980 82.3750 362.7250 -269.8740 62.7250 489.4862 -357.3544 83.1750 617.6738 -453.9926 102.6030 618.6242 -452.7054 102.6030 489.4862 -357.3544 83.1750 488.5358 -358.6416 83.1750 617.6738 -453.9926 102.6030 489.0110 -357.9980 83.9750 618.1490 -453.3490 103.4030 618.1490 -453.3490 101.8030 489.0110 -357.9980 83.9750 618.1490 -453.3490 101.8030 489.0110 -357.9980 82.3750 618.6518 -452.7268 102.6030 743.9392 -556.0312 121.1570 744.9448 -554.7868 121.1570 618.6518 -452.7268 102.6030 617.6462 -453.9712 102.6030 743.9392 -556.0312 121.1570 618.1490 -453.3490 103.4030 744.4420 -555.4090 121.9570 744.4420 -555.4090 120.3570 618.1490 -453.3490 103.4030 744.4420 -555.4090 120.3570 618.1490 -453.3490 101.8030 744.9834 -554.8201 121.1570 861.6536 -664.2499 138.3560 862.7364 -663.0721 138.3560 744.9834 -554.8201 121.1570 743.9006 -555.9979 121.1570 861.6536 -664.2499 138.3560 744.4420 -555.4090 121.9570 862.1950 -663.6610 139.1560 862.1950 -663.6610 137.5560 744.4420 -555.4090 121.9570 862.1950 -663.6610 137.5560 744.4420 -555.4090 120.3570 862.7871 -663.1230 138.3560 965.1219 -778.1240 153.8970 966.3061 -777.0480 153.8970 862.7871 -663.1230 138.3560 861.6029 -664.1990 138.3560 965.1219 -778.1240 153.8970 862.1950 -663.6610 139.1560 965.7140 -777.5860 154.6970 965.7140 -777.5860 153.0970 862.1950 -663.6610 139.1560 965.7140 -777.5860 153.0970 862.1950 -663.6610 137.5560 966.3688 -777.1264 153.8970 1048.6462 -897.1266 167.6730 1049.9558 -896.2074 167.6730 966.3688 -777.1264 153.8970 965.0592 -778.0456 153.8970 1048.6462 -897.1266 167.6730 965.7140 -777.5860 154.6970 1049.3010 -896.6670 168.4730 1049.3010 -896.6670 166.8730 965.7140 -777.5860 154.6970 1049.3010 -896.6670 166.8730 965.7140 -777.5860 153.0970 1050.0254 -896.3276 167.6730 1106.5386 -1020.7254 179.8040 1107.9874 -1020.0466 179.8040 1050.0254 -896.3276 167.6730 1048.5766 -897.0064 167.6730 1106.5386 -1020.7254 179.8040 1049.3010 -896.6670 168.4730 1107.2630 -1020.3860 180.6040 1107.2630 -1020.3860 179.0040 1049.3010 -896.6670 168.4730 1107.2630 -1020.3860 179.0040 1049.3010 -896.6670 166.8730 1108.0462 -1020.2228 179.8040 1133.1198 -1148.3892 190.6690 1134.6862 -1148.0628 190.6690 1108.0462 -1020.2228 179.8040 1106.4798 -1020.5492 179.8040 1133.1198 -1148.3892 190.6690 1107.2630 -1020.3860 180.6040 1133.9030 -1148.2260 191.4690 1133.9030 -1148.2260 189.8690 1107.2630 -1020.3860 180.6040 1133.9030 -1148.2260 189.8690 1107.2630 -1020.3860 179.0040 1134.7005 -1148.2890 190.6690 1122.7295 -1279.6050 200.9150 1124.3245 -1279.7310 200.9150 1134.7005 -1148.2890 190.6690 1133.1055 -1148.1630 190.6690 1122.7295 -1279.6050 200.9150 1133.9030 -1148.2260 191.4690 1123.5270 -1279.6680 201.7150 1123.5270 -1279.6680 200.1150 1133.9030 -1148.2260 191.4690 1123.5270 -1279.6680 200.1150 1133.9030 -1148.2260 189.8690 1124.2947 -1279.8929 200.9150 1098.9403 -1360.7431 207.1140 1100.4757 -1361.1929 207.1140 1124.2947 -1279.8929 200.9150 1122.7593 -1279.4431 200.9150 1098.9403 -1360.7431 207.1140 1123.5270 -1279.6680 201.7150 1099.7080 -1360.9680 207.9140 1099.7080 -1360.9680 206.3140 1123.5270 -1279.6680 201.7150 1099.7080 -1360.9680 206.3140 1123.5270 -1279.6680 200.1150 1100.4505 -1361.2657 207.1140 1064.3635 -1446.9753 213.5720 1065.8485 -1447.5707 213.5720 1100.4505 -1361.2657 207.1140 1098.9655 -1360.6703 207.1140 1064.3635 -1446.9753 213.5720 1099.7080 -1360.9680 207.9140 1065.1060 -1447.2730 214.3720 1065.1060 -1447.2730 212.7720 1099.7080 -1360.9680 207.9140 1065.1060 -1447.2730 212.7720 1099.7080 -1360.9680 206.3140 1065.8238 -1447.6262 213.5720 1019.7122 -1537.7308 220.1910 1021.1478 -1538.4372 220.1910 1065.8238 -1447.6262 213.5720 1064.3882 -1446.9198 213.5720 1019.7122 -1537.7308 220.1910 1065.1060 -1447.2730 214.3720 1020.4300 -1538.0840 220.9910 1020.4300 -1538.0840 219.3910 1065.1060 -1447.2730 214.3720 1020.4300 -1538.0840 219.3910 1065.1060 -1447.2730 212.7720 1021.1250 -1538.4801 220.1910 965.6910 -1632.5109 226.8480 967.0810 -1633.3031 226.8480 1021.1250 -1538.4801 220.1910 1019.7350 -1537.6879 220.1910 965.6910 -1632.5109 226.8480 1020.4300 -1538.0840 220.9910 966.3860 -1632.9070 227.6480 966.3860 -1632.9070 226.0480 1020.4300 -1538.0840 220.9910 966.3860 -1632.9070 226.0480 1020.4300 -1538.0840 219.3910 967.0605 -1633.3371 226.8480 903.0105 -1730.8149 233.4110 904.3595 -1731.6751 233.4110 967.0605 -1633.3371 226.8480 965.7115 -1632.4769 226.8480 903.0105 -1730.8149 233.4110 966.3860 -1632.9070 227.6480 903.6850 -1731.2450 234.2110 903.6850 -1731.2450 232.6110 966.3860 -1632.9070 227.6480 903.6850 -1731.2450 232.6110 966.3860 -1632.9070 226.0480 904.3413 -1731.7025 233.4110 832.3777 -1832.1445 239.7420 833.6903 -1833.0595 239.7420 904.3413 -1731.7025 233.4110 903.0287 -1730.7875 233.4110 832.3777 -1832.1445 239.7420 903.6850 -1731.2450 234.2110 833.0340 -1832.6020 240.5420 833.0340 -1832.6020 238.9420 903.6850 -1731.2450 234.2110 833.0340 -1832.6020 238.9420 903.6850 -1731.2450 232.6110 833.6740 -1833.0819 239.7420 754.5020 -1936.0001 245.7070 755.7820 -1936.9599 245.7070 833.6740 -1833.0819 239.7420 832.3940 -1832.1221 239.7420 754.5020 -1936.0001 245.7070 833.0340 -1832.6020 240.5420 755.1420 -1936.4800 246.5070 755.1420 -1936.4800 244.9070 833.0340 -1832.6020 240.5420 755.1420 -1936.4800 244.9070 833.0340 -1832.6020 238.9420 755.7676 -1936.9787 245.7070 670.0914 -2041.8863 251.1780 671.3426 -2042.8837 251.1780 755.7676 -1936.9787 245.7070 754.5164 -1935.9813 245.7070 670.0914 -2041.8863 251.1780 755.1420 -1936.4800 246.5070 670.7170 -2042.3850 251.9780 670.7170 -2042.3850 250.3780 755.1420 -1936.4800 246.5070 670.7170 -2042.3850 250.3780 755.1420 -1936.4800 244.9070 671.3296 -2042.8996 251.1780 579.8554 -2149.3054 256.0360 581.0806 -2150.3346 256.0360 671.3296 -2042.8996 251.1780 670.1044 -2041.8704 251.1780 579.8554 -2149.3054 256.0360 670.7170 -2042.3850 251.9780 580.4680 -2149.8200 256.8360 580.4680 -2149.8200 255.2360 670.7170 -2042.3850 251.9780 580.4680 -2149.8200 255.2360 670.7170 -2042.3850 250.3780 581.0688 -2150.3482 256.0360 484.5032 -2257.7598 260.1770 485.7048 -2258.8162 260.1770 581.0688 -2150.3482 256.0360 579.8672 -2149.2918 256.0360 484.5032 -2257.7598 260.1770 580.4680 -2149.8200 256.8360 485.1040 -2258.2880 260.9770 485.1040 -2258.2880 259.3770 580.4680 -2149.8200 256.8360 485.1040 -2258.2880 259.3770 580.4680 -2149.8200 255.2360 485.6941 -2258.8281 260.1770 384.7429 -2366.7529 263.5090 385.9231 -2367.8331 263.5090 485.6941 -2258.8281 260.1770 484.5139 -2257.7479 260.1770 384.7429 -2366.7529 263.5090 485.1040 -2258.2880 260.9770 385.3330 -2367.2930 264.3090 385.3330 -2367.2930 262.7090 485.1040 -2258.2880 260.9770 385.3330 -2367.2930 262.7090 485.1040 -2258.2880 259.3770 385.9133 -2367.8437 263.5090 281.2837 -2475.7873 265.9620 282.4443 -2476.8887 265.9620 385.9133 -2367.8437 263.5090 384.7527 -2366.7423 263.5090 281.2837 -2475.7873 265.9620 385.3330 -2367.2930 264.3090 281.8640 -2476.3380 266.7620 281.8640 -2476.3380 265.1620 385.3330 -2367.2930 264.3090 281.8640 -2476.3380 265.1620 385.3330 -2367.2930 262.7090 282.4353 -2476.8981 265.9620 174.8337 -2584.3679 267.4810 175.9763 -2585.4881 267.4810 282.4353 -2476.8981 265.9620 281.2927 -2475.7779 265.9620 174.8337 -2584.3679 267.4810 281.8640 -2476.3380 266.7620 175.4050 -2584.9280 268.2810 175.4050 -2584.9280 266.6810 281.8640 -2476.3380 266.7620 175.4050 -2584.9280 266.6810 281.8640 -2476.3380 265.1620 175.9678 -2585.4966 267.4810 66.1012 -2691.9984 268.0330 67.2268 -2693.1356 268.0330 175.9678 -2585.4966 267.4810 174.8422 -2584.3594 267.4810 66.1012 -2691.9984 268.0330 175.4050 -2584.9280 268.2810 66.6640 -2692.5670 268.8330 66.6640 -2692.5670 267.2330 175.4050 -2584.9280 268.2810 66.6640 -2692.5670 267.2330 175.4050 -2584.9280 266.6810 67.2188 -2693.1434 268.0330 -44.2048 -2798.1806 267.6040 -43.0952 -2799.3334 267.6040 67.2188 -2693.1434 268.0330 66.1092 -2691.9906 268.0330 -44.2048 -2798.1806 267.6040 66.6640 -2692.5670 268.8330 -43.6500 -2798.7570 268.4040 -43.6500 -2798.7570 266.8040 66.6640 -2692.5670 268.8330 -43.6500 -2798.7570 266.8040 66.6640 -2692.5670 267.2330 -43.1028 -2799.3406 267.6040 -155.3752 -2902.4184 266.2040 -154.2808 -2903.5856 266.2040 -43.1028 -2799.3406 267.6040 -44.1972 -2798.1734 267.6040 -155.3752 -2902.4184 266.2040 -43.6500 -2798.7570 268.4040 -154.8280 -2903.0020 267.0040 -154.8280 -2903.0020 265.4040 -43.6500 -2798.7570 268.4040 -154.8280 -2903.0020 265.4040 -43.6500 -2798.7570 266.8040 -154.2881 -2903.5924 266.2040 -266.7019 -3004.2166 263.8600 -265.6221 -3005.3974 263.8600 -154.2881 -2903.5924 266.2040 -155.3679 -2902.4116 266.2040 -266.7019 -3004.2166 263.8600 -154.8280 -2903.0020 267.0040 -266.1620 -3004.8070 264.6600 -266.1620 -3004.8070 263.0600 -154.8280 -2903.0020 267.0040 -266.1620 -3004.8070 263.0600 -154.8280 -2903.0020 265.4040 -265.6293 -3005.4039 263.8600 -377.4757 -3103.0781 260.6230 -376.4103 -3104.2719 260.6230 -265.6293 -3005.4039 263.8600 -266.6947 -3004.2101 263.8600 -377.4757 -3103.0781 260.6230 -266.1620 -3004.8070 264.6600 -376.9430 -3103.6750 261.4230 -376.9430 -3103.6750 259.8230 -266.1620 -3004.8070 264.6600 -376.9430 -3103.6750 259.8230 -266.1620 -3004.8070 263.0600 -376.4174 -3104.2781 260.6230 -486.9886 -3198.5059 256.5630 -485.9374 -3199.7121 256.5630 -376.4174 -3104.2781 260.6230 -377.4686 -3103.0719 260.6230 -486.9886 -3198.5059 256.5630 -376.9430 -3103.6750 261.4230 -486.4630 -3199.1090 257.3630 -486.4630 -3199.1090 255.7630 -376.9430 -3103.6750 261.4230 -486.4630 -3199.1090 255.7630 -376.9430 -3103.6750 259.8230 -485.9446 -3199.7183 256.5630 -594.5324 -3290.0047 251.7710 -593.4956 -3291.2233 251.7710 -485.9446 -3199.7183 256.5630 -486.9814 -3198.4997 256.5630 -594.5324 -3290.0047 251.7710 -486.4630 -3199.1090 257.3630 -594.0140 -3290.6140 252.5710 -594.0140 -3290.6140 250.9710 -486.4630 -3199.1090 257.3630 -594.0140 -3290.6140 250.9710 -486.4630 -3199.1090 255.7630 -593.5029 -3291.2295 251.7710 -699.3971 -3377.0775 246.3530 -698.3749 -3378.3085 246.3530 -593.5029 -3291.2295 251.7710 -594.5251 -3289.9985 251.7710 -699.3971 -3377.0775 246.3530 -594.0140 -3290.6140 252.5710 -698.8860 -3377.6930 247.1530 -698.8860 -3377.6930 245.5530 -594.0140 -3290.6140 252.5710 -698.8860 -3377.6930 245.5530 -594.0140 -3290.6140 250.9710 -698.3826 -3378.3148 246.3530 -800.8754 -3459.2272 240.4340 -799.8686 -3460.4708 240.4340 -698.3826 -3378.3148 246.3530 -699.3894 -3377.0712 246.3530 -800.8754 -3459.2272 240.4340 -698.8860 -3377.6930 247.1530 -800.3720 -3459.8490 241.2340 -800.3720 -3459.8490 239.6340 -698.8860 -3377.6930 247.1530 -800.3720 -3459.8490 239.6340 -698.8860 -3377.6930 245.5530 -799.8855 -3460.4841 240.4340 -908.9865 -3542.0489 233.4990 -908.0135 -3543.3191 233.4990 -799.8855 -3460.4841 240.4340 -800.8585 -3459.2139 240.4340 -908.9865 -3542.0489 233.4990 -800.3720 -3459.8490 241.2340 -908.5000 -3542.6840 234.2990 -908.5000 -3542.6840 232.6990 -800.3720 -3459.8490 241.2340 -908.5000 -3542.6840 232.6990 -800.3720 -3459.8490 239.6340 -908.0368 -3543.3363 233.4990 -1024.1102 -3623.8047 225.4890 -1023.1838 -3625.1093 225.4890 -908.0368 -3543.3363 233.4990 -908.9632 -3542.0317 233.4990 -1024.1102 -3623.8047 225.4890 -908.5000 -3542.6840 234.2990 -1023.6470 -3624.4570 226.2890 -1023.6470 -3624.4570 224.6890 -908.5000 -3542.6840 234.2990 -1023.6470 -3624.4570 224.6890 -908.5000 -3542.6840 232.6990 -1023.2041 -3625.1232 225.4890 -1145.2859 -3704.3528 216.3620 -1144.4001 -3705.6852 216.3620 -1023.2041 -3625.1232 225.4890 -1024.0899 -3623.7908 225.4890 -1145.2859 -3704.3528 216.3620 -1023.6470 -3624.4570 226.2890 -1144.8430 -3705.0190 217.1620 -1144.8430 -3705.0190 215.5620 -1023.6470 -3624.4570 226.2890 -1144.8430 -3705.0190 215.5620 -1023.6470 -3624.4570 224.6890 -1144.4179 -3705.6967 216.3620 -1271.5451 -3783.5453 206.0950 -1270.6949 -3784.9007 206.0950 -1144.4179 -3705.6967 216.3620 -1145.2681 -3704.3413 216.3620 -1271.5451 -3783.5453 206.0950 -1144.8430 -3705.0190 217.1620 -1271.1200 -3784.2230 206.8950 -1271.1200 -3784.2230 205.2950 -1144.8430 -3705.0190 217.1620 -1271.1200 -3784.2230 205.2950 -1144.8430 -3705.0190 215.5620 -1270.7105 -3784.9102 206.0950 -1401.9195 -3861.2318 194.6840 -1401.1005 -3862.6062 194.6840 -1270.7105 -3784.9102 206.0950 -1271.5295 -3783.5358 206.0950 -1401.9195 -3861.2318 194.6840 -1271.1200 -3784.2230 206.8950 -1401.5100 -3861.9190 195.4840 -1401.5100 -3861.9190 193.8840 -1271.1200 -3784.2230 206.8950 -1401.5100 -3861.9190 193.8840 -1271.1200 -3784.2230 205.2950 -1401.1141 -3862.6142 194.6840 -1535.4399 -3937.2638 182.1500 -1534.6481 -3938.6542 182.1500 -1401.1141 -3862.6142 194.6840 -1401.9059 -3861.2238 194.6840 -1535.4399 -3937.2638 182.1500 -1401.5100 -3861.9190 195.4840 -1535.0440 -3937.9590 182.9500 -1535.0440 -3937.9590 181.3500 -1401.5100 -3861.9190 195.4840 -1535.0440 -3937.9590 181.3500 -1401.5100 -3861.9190 193.8840 -1534.6601 -3938.6609 182.1500 -1671.1389 -4011.4931 168.5350 -1670.3711 -4012.8969 168.5350 -1534.6601 -3938.6609 182.1500 -1535.4279 -3937.2571 182.1500 -1671.1389 -4011.4931 168.5350 -1535.0440 -3937.9590 182.9500 -1670.7550 -4012.1950 169.3350 -1670.7550 -4012.1950 167.7350 -1535.0440 -3937.9590 182.9500 -1670.7550 -4012.1950 167.7350 -1535.0440 -3937.9590 181.3500 -1670.3815 -4012.9025 168.5350 -1808.0475 -4083.7715 153.9050 -1807.3005 -4085.1865 153.9050 -1670.3815 -4012.9025 168.5350 -1671.1285 -4011.4875 168.5350 -1808.0475 -4083.7715 153.9050 -1670.7550 -4012.1950 169.3350 -1807.6740 -4084.4790 154.7050 -1807.6740 -4084.4790 153.1050 -1670.7550 -4012.1950 169.3350 -1807.6740 -4084.4790 153.1050 -1670.7550 -4012.1950 167.7350 -1807.3096 -4085.1912 153.9050 -1945.1964 -4153.9498 138.3500 -1944.4676 -4155.3742 138.3500 -1807.3096 -4085.1912 153.9050 -1808.0384 -4083.7668 153.9050 -1945.1964 -4153.9498 138.3500 -1807.6740 -4084.4790 154.7050 -1944.8320 -4154.6620 139.1500 -1944.8320 -4154.6620 137.5500 -1807.6740 -4084.4790 154.7050 -1944.8320 -4154.6620 137.5500 -1807.6740 -4084.4790 153.1050 -1944.4754 -4155.3781 138.3500 -2081.6176 -4221.8799 121.9870 -2080.9044 -4223.3121 121.9870 -1944.4754 -4155.3781 138.3500 -1945.1886 -4153.9459 138.3500 -2081.6176 -4221.8799 121.9870 -1944.8320 -4154.6620 139.1500 -2081.2610 -4222.5960 122.7870 -2081.2610 -4222.5960 121.1870 -1944.8320 -4154.6620 139.1500 -2081.2610 -4222.5960 121.1870 -1944.8320 -4154.6620 137.5500 -2080.9111 -4223.3154 121.9870 -2216.3429 -4287.4116 104.9530 -2215.6431 -4288.8504 104.9530 -2080.9111 -4223.3154 121.9870 -2081.6109 -4221.8766 121.9870 -2216.3429 -4287.4116 104.9530 -2081.2610 -4222.5960 122.7870 -2215.9930 -4288.1310 105.7530 -2215.9930 -4288.1310 104.1530 -2081.2610 -4222.5960 122.7870 -2215.9930 -4288.1310 104.1530 -2081.2610 -4222.5960 121.1870 -2215.6486 -4288.8531 104.9530 -2348.4044 -4350.3989 87.4110 -2347.7156 -4351.8431 87.4110 -2215.6486 -4288.8531 104.9530 -2216.3374 -4287.4089 104.9530 -2348.4044 -4350.3989 87.4110 -2215.9930 -4288.1310 105.7530 -2348.0600 -4351.1210 88.2110 -2348.0600 -4351.1210 86.6110 -2215.9930 -4288.1310 105.7530 -2348.0600 -4351.1210 86.6110 -2215.9930 -4288.1310 104.1530 -2347.7200 -4351.8452 87.4110 -2476.8330 -4410.6928 69.5450 -2476.1530 -4412.1412 69.5450 -2347.7200 -4351.8452 87.4110 -2348.4000 -4350.3968 87.4110 -2476.8330 -4410.6928 69.5450 -2348.0600 -4351.1210 88.2110 -2476.4930 -4411.4170 70.3450 -2476.4930 -4411.4170 68.7450 -2348.0600 -4351.1210 88.2110 -2476.4930 -4411.4170 68.7450 -2348.0600 -4351.1210 86.6110 -2476.1563 -4412.1427 69.5450 -2600.6607 -4468.1433 51.5610 -2599.9873 -4469.5947 51.5610 -2476.1563 -4412.1427 69.5450 -2476.8297 -4410.6913 69.5450 -2600.6607 -4468.1433 51.5610 -2476.4930 -4411.4170 70.3450 -2600.3240 -4468.8690 52.3610 -2600.3240 -4468.8690 50.7610 -2476.4930 -4411.4170 70.3450 -2600.3240 -4468.8690 50.7610 -2476.4930 -4411.4170 68.7450 -2599.9894 -4469.5956 51.5610 -2718.9186 -4522.6034 33.6810 -2718.2494 -4524.0566 33.6810 -2599.9894 -4469.5956 51.5610 -2600.6586 -4468.1424 51.5610 -2718.9186 -4522.6034 33.6810 -2600.3240 -4468.8690 52.3610 -2718.5840 -4523.3300 34.4810 -2718.5840 -4523.3300 32.8810 -2600.3240 -4468.8690 52.3610 -2718.5840 -4523.3300 32.8810 -2600.3240 -4468.8690 50.7610 -2718.2501 -4524.0570 33.6810 -2830.6399 -4573.9250 16.1470 -2829.9721 -4575.3790 16.1470 -2718.2501 -4524.0570 33.6810 -2718.9179 -4522.6030 33.6810 -2830.6399 -4573.9250 16.1470 -2718.5840 -4523.3300 34.4810 -2830.3060 -4574.6520 16.9470 -2830.3060 -4574.6520 15.3470 -2718.5840 -4523.3300 34.4810 -2830.3060 -4574.6520 15.3470 -2718.5840 -4523.3300 32.8810 -2829.9711 -4575.3785 16.1470 -2934.8559 -4621.9595 -0.7900 -2934.1861 -4623.4125 -0.7900 -2829.9711 -4575.3785 16.1470 -2830.6409 -4573.9255 16.1470 -2934.8559 -4621.9595 -0.7900 -2830.3060 -4574.6520 16.9470 -2934.5210 -4622.6860 0.0100 -2934.5210 -4622.6860 -1.5900 -2830.3060 -4574.6520 16.9470 -2934.5210 -4622.6860 -1.5900 -2830.3060 -4574.6520 15.3470 -2934.1832 -4623.4112 -0.7900 -3030.5978 -4666.5578 -16.8650 -3029.9222 -4668.0082 -16.8650 -2934.1832 -4623.4112 -0.7900 -2934.8588 -4621.9608 -0.7900 -3030.5978 -4666.5578 -16.8650 -2934.5210 -4622.6860 0.0100 -3030.2600 -4667.2830 -16.0650 -3030.2600 -4667.2830 -17.6650 -2934.5210 -4622.6860 0.0100 -3030.2600 -4667.2830 -17.6650 -2934.5210 -4622.6860 -1.5900 -3029.9166 -4668.0055 -16.8650 -3116.8984 -4707.5735 -31.8090 -3116.2116 -4709.0185 -31.8090 -3029.9166 -4668.0055 -16.8650 -3030.6034 -4666.5605 -16.8650 -3116.8984 -4707.5735 -31.8090 -3030.2600 -4667.2830 -16.0650 -3116.5550 -4708.2960 -31.0090 -3116.5550 -4708.2960 -32.6090 -3030.2600 -4667.2830 -16.0650 -3116.5550 -4708.2960 -32.6090 -3030.2600 -4667.2830 -17.6650 -3116.2023 -4709.0140 -31.8090 -3192.7907 -4744.8570 -45.3520 -3192.0853 -4746.2930 -45.3520 -3116.2023 -4709.0140 -31.8090 -3116.9077 -4707.5780 -31.8090 -3192.7907 -4744.8570 -45.3520 -3116.5550 -4708.2960 -31.0090 -3192.4380 -4745.5750 -44.5520 -3192.4380 -4745.5750 -46.1520 -3116.5550 -4708.2960 -31.0090 -3192.4380 -4745.5750 -46.1520 -3116.5550 -4708.2960 -32.6090 -3192.0702 -4746.2854 -45.3520 -3257.3088 -4778.2626 -57.2260 -3256.5732 -4779.6834 -57.2260 -3192.0702 -4746.2854 -45.3520 -3192.8058 -4744.8646 -45.3520 -3257.3088 -4778.2626 -57.2260 -3192.4380 -4745.5750 -44.5520 -3256.9410 -4778.9730 -56.4260 -3256.9410 -4778.9730 -58.0260 -3192.4380 -4745.5750 -44.5520 -3256.9410 -4778.9730 -58.0260 -3192.4380 -4745.5750 -46.1520 -5.7010 -4.9384 0.0000 0.5850 -0.5457 0.0000 -0.5850 0.5457 0.0000 -5.7010 -4.9384 0.0000 -4.5311 -6.0299 0.0000 0.5850 -0.5457 0.0000 -5.1161 -5.4842 0.8000 0.0000 0.0000 0.8000 0.0000 0.0000 -0.8000 -5.1161 -5.4842 0.8000 0.0000 0.0000 -0.8000 -5.1161 -5.4842 -0.8000 -0.5850 0.5457 0.0000 5.7010 4.9384 0.0000 4.5311 6.0299 0.0000 -0.5850 0.5457 0.0000 0.5850 -0.5457 0.0000 5.7010 4.9384 0.0000 0.0000 0.0000 0.8000 5.1161 5.4842 0.8000 5.1161 5.4842 -0.8000 0.0000 0.0000 0.8000 5.1161 5.4842 -0.8000 0.0000 0.0000 -0.8000 52.7590 -59.5328 11.7340 58.5645 -54.5223 11.7340 57.2895 -53.5557 11.7340 52.7590 -59.5328 11.7340 54.0341 -60.4993 11.7340 58.5645 -54.5223 11.7340 53.3965 -60.0160 12.5340 57.9270 -54.0390 12.5340 57.9270 -54.0390 10.9340 53.3965 -60.0160 12.5340 57.9270 -54.0390 10.9340 53.3965 -60.0160 10.9340 57.2895 -53.5557 11.7340 63.0950 -48.5452 11.7340 61.8199 -47.5787 11.7340 57.2895 -53.5557 11.7340 58.5645 -54.5223 11.7340 63.0950 -48.5452 11.7340 57.9270 -54.0390 12.5340 62.4575 -48.0620 12.5340 62.4575 -48.0620 10.9340 57.9270 -54.0390 12.5340 62.4575 -48.0620 10.9340 57.9270 -54.0390 10.9340 136.5439 -123.0731 26.8600 142.1444 -117.8344 26.8600 140.8316 -116.9196 26.8600 136.5439 -123.0731 26.8600 137.8566 -123.9878 26.8600 142.1444 -117.8344 26.8600 137.2002 -123.5305 27.6600 141.4880 -117.3770 27.6600 141.4880 -117.3770 26.0600 137.2002 -123.5305 27.6600 141.4880 -117.3770 26.0600 137.2002 -123.5305 26.0600 140.8316 -116.9196 26.8600 146.4321 -111.6809 26.8600 145.1194 -110.7662 26.8600 140.8316 -116.9196 26.8600 142.1444 -117.8344 26.8600 146.4321 -111.6809 26.8600 141.4880 -117.3770 27.6600 145.7758 -111.2235 27.6600 145.7758 -111.2235 26.0600 141.4880 -117.3770 27.6600 145.7758 -111.2235 26.0600 141.4880 -117.3770 26.0600 240.0956 -195.2371 44.4490 245.6457 -189.9451 44.4490 244.3243 -189.0429 44.4490 240.0956 -195.2371 44.4490 241.4170 -196.1393 44.4490 245.6457 -189.9451 44.4490 240.7563 -195.6882 45.2490 244.9850 -189.4940 45.2490 244.9850 -189.4940 43.6490 240.7563 -195.6882 45.2490 244.9850 -189.4940 43.6490 240.7563 -195.6882 43.6490 244.3243 -189.0429 44.4490 249.8744 -183.7509 44.4490 248.5530 -182.8487 44.4490 244.3243 -189.0429 44.4490 245.6457 -189.9451 44.4490 249.8744 -183.7509 44.4490 244.9850 -189.4940 45.2490 249.2137 -183.2998 45.2490 249.2137 -183.2998 43.6490 244.9850 -189.4940 45.2490 249.2137 -183.2998 43.6490 244.9850 -189.4940 43.6490 357.7770 -275.5667 63.5250 363.3811 -270.3318 63.5250 362.0689 -269.4162 63.5250 357.7770 -275.5667 63.5250 359.0891 -276.4824 63.5250 363.3811 -270.3318 63.5250 358.4331 -276.0246 64.3250 362.7250 -269.8740 64.3250 362.7250 -269.8740 62.7250 358.4331 -276.0246 64.3250 362.7250 -269.8740 62.7250 358.4331 -276.0246 62.7250 362.0689 -269.4162 63.5250 367.6730 -264.1813 63.5250 366.3609 -263.2656 63.5250 362.0689 -269.4162 63.5250 363.3811 -270.3318 63.5250 367.6730 -264.1813 63.5250 362.7250 -269.8740 64.3250 367.0169 -263.7234 64.3250 367.0169 -263.7234 62.7250 362.7250 -269.8740 64.3250 367.0169 -263.7234 62.7250 362.7250 -269.8740 62.7250 483.9125 -363.5563 83.1750 489.6546 -358.4732 83.1750 488.3674 -357.5228 83.1750 483.9125 -363.5563 83.1750 485.1996 -364.5067 83.1750 489.6546 -358.4732 83.1750 484.5561 -364.0315 83.9750 489.0110 -357.9980 83.9750 489.0110 -357.9980 82.3750 484.5561 -364.0315 83.9750 489.0110 -357.9980 82.3750 484.5561 -364.0315 82.3750 488.3674 -357.5228 83.1750 494.1095 -352.4397 83.1750 492.8224 -351.4893 83.1750 488.3674 -357.5228 83.1750 489.6546 -358.4732 83.1750 494.1095 -352.4397 83.1750 489.0110 -357.9980 83.9750 493.4659 -351.9645 83.9750 493.4659 -351.9645 82.3750 489.0110 -357.9980 83.9750 493.4659 -351.9645 82.3750 489.0110 -357.9980 82.3750 612.8127 -458.6795 102.6030 618.7712 -453.8518 102.6030 617.5268 -452.8462 102.6030 612.8127 -458.6795 102.6030 614.0572 -459.6852 102.6030 618.7712 -453.8518 102.6030 613.4350 -459.1823 103.4030 618.1490 -453.3490 103.4030 618.1490 -453.3490 101.8030 613.4350 -459.1823 103.4030 618.1490 -453.3490 101.8030 613.4350 -459.1823 101.8030 617.5268 -452.8462 102.6030 623.4853 -448.0185 102.6030 622.2408 -447.0128 102.6030 617.5268 -452.8462 102.6030 618.7712 -453.8518 102.6030 623.4853 -448.0185 102.6030 618.1490 -453.3490 103.4030 622.8630 -447.5157 103.4030 622.8630 -447.5157 101.8030 618.1490 -453.3490 103.4030 622.8630 -447.5157 101.8030 618.1490 -453.3490 101.8030 738.7772 -560.3889 121.1570 745.0309 -555.9504 121.1570 743.8531 -554.8676 121.1570 738.7772 -560.3889 121.1570 739.9551 -561.4718 121.1570 745.0309 -555.9504 121.1570 739.3661 -560.9304 121.9570 744.4420 -555.4090 121.9570 744.4420 -555.4090 120.3570 739.3661 -560.9304 121.9570 744.4420 -555.4090 120.3570 739.3661 -560.9304 120.3570 743.8531 -554.8676 121.1570 750.1068 -550.4291 121.1570 748.9289 -549.3462 121.1570 743.8531 -554.8676 121.1570 745.0309 -555.9504 121.1570 750.1068 -550.4291 121.1570 744.4420 -555.4090 121.9570 749.5179 -549.8876 121.9570 749.5179 -549.8876 120.3570 744.4420 -555.4090 121.9570 749.5179 -549.8876 120.3570 744.4420 -555.4090 120.3570 856.1063 -668.1127 138.3560 862.7330 -664.2531 138.3560 861.6570 -663.0689 138.3560 856.1063 -668.1127 138.3560 857.1823 -669.2968 138.3560 862.7330 -664.2531 138.3560 856.6443 -668.7047 139.1560 862.1950 -663.6610 139.1560 862.1950 -663.6610 137.5560 856.6443 -668.7047 139.1560 862.1950 -663.6610 137.5560 856.6443 -668.7047 137.5560 861.6570 -663.0689 138.3560 868.2837 -659.2093 138.3560 867.2077 -658.0252 138.3560 861.6570 -663.0689 138.3560 862.7330 -664.2531 138.3560 868.2837 -659.2093 138.3560 862.1950 -663.6610 139.1560 867.7457 -658.6173 139.1560 867.7457 -658.6173 137.5560 862.1950 -663.6610 139.1560 867.7457 -658.6173 137.5560 862.1950 -663.6610 137.5560 959.1157 -781.2401 153.8970 966.1736 -778.2408 153.8970 965.2544 -776.9312 153.8970 959.1157 -781.2401 153.8970 960.0350 -782.5497 153.8970 966.1736 -778.2408 153.8970 959.5753 -781.8949 154.6970 965.7140 -777.5860 154.6970 965.7140 -777.5860 153.0970 959.5753 -781.8949 154.6970 965.7140 -777.5860 153.0970 959.5753 -781.8949 153.0970 965.2544 -776.9312 153.8970 972.3123 -773.9319 153.8970 971.3930 -772.6223 153.8970 965.2544 -776.9312 153.8970 966.1736 -778.2408 153.8970 972.3123 -773.9319 153.8970 965.7140 -777.5860 154.6970 971.8527 -773.2771 154.6970 971.8527 -773.2771 153.0970 965.7140 -777.5860 154.6970 971.8527 -773.2771 153.0970 965.7140 -777.5860 153.0970 1042.1700 -899.1244 167.6730 1049.6404 -897.3914 167.6730 1048.9616 -895.9426 167.6730 1042.1700 -899.1244 167.6730 1042.8488 -900.5733 167.6730 1049.6404 -897.3914 167.6730 1042.5094 -899.8488 168.4730 1049.3010 -896.6670 168.4730 1049.3010 -896.6670 166.8730 1042.5094 -899.8488 168.4730 1049.3010 -896.6670 166.8730 1042.5094 -899.8488 166.8730 1048.9616 -895.9426 167.6730 1056.4320 -894.2096 167.6730 1055.7532 -892.7607 167.6730 1048.9616 -895.9426 167.6730 1049.6404 -897.3914 167.6730 1056.4320 -894.2096 167.6730 1049.3010 -896.6670 168.4730 1056.0926 -893.4852 168.4730 1056.0926 -893.4852 166.8730 1049.3010 -896.6670 168.4730 1056.0926 -893.4852 166.8730 1049.3010 -896.6670 166.8730 1099.7575 -1021.1328 179.8040 1107.4262 -1021.1692 179.8040 1107.0998 -1019.6028 179.8040 1099.7575 -1021.1328 179.8040 1100.0839 -1022.6992 179.8040 1107.4262 -1021.1692 179.8040 1099.9207 -1021.9160 180.6040 1107.2630 -1020.3860 180.6040 1107.2630 -1020.3860 179.0040 1099.9207 -1021.9160 180.6040 1107.2630 -1020.3860 179.0040 1099.9207 -1021.9160 179.0040 1107.0998 -1019.6028 179.8040 1114.7685 -1019.6392 179.8040 1114.4421 -1018.0728 179.8040 1107.0998 -1019.6028 179.8040 1107.4262 -1021.1692 179.8040 1114.7685 -1019.6392 179.8040 1107.2630 -1020.3860 180.6040 1114.6053 -1018.8560 180.6040 1114.6053 -1018.8560 179.0040 1107.2630 -1020.3860 180.6040 1114.6053 -1018.8560 179.0040 1107.2630 -1020.3860 179.0040 1126.4892 -1146.8383 190.6690 1133.8400 -1149.0235 190.6690 1133.9660 -1147.4285 190.6690 1126.4892 -1146.8383 190.6690 1126.3633 -1148.4333 190.6690 1133.8400 -1149.0235 190.6690 1126.4263 -1147.6358 191.4690 1133.9030 -1148.2260 191.4690 1133.9030 -1148.2260 189.8690 1126.4263 -1147.6358 191.4690 1133.9030 -1148.2260 189.8690 1126.4263 -1147.6358 189.8690 1133.9660 -1147.4285 190.6690 1141.3168 -1149.6137 190.6690 1141.4427 -1148.0187 190.6690 1133.9660 -1147.4285 190.6690 1133.8400 -1149.0235 190.6690 1141.3168 -1149.6137 190.6690 1133.9030 -1148.2260 191.4690 1141.3797 -1148.8162 191.4690 1141.3797 -1148.8162 189.8690 1133.9030 -1148.2260 191.4690 1141.3797 -1148.8162 189.8690 1133.9030 -1148.2260 189.8690 1116.5545 -1276.7916 200.9150 1123.3021 -1280.4357 200.9150 1123.7519 -1278.9003 200.9150 1116.5545 -1276.7916 200.9150 1116.1046 -1278.3270 200.9150 1123.3021 -1280.4357 200.9150 1116.3295 -1277.5593 201.7150 1123.5270 -1279.6680 201.7150 1123.5270 -1279.6680 200.1150 1116.3295 -1277.5593 201.7150 1123.5270 -1279.6680 200.1150 1116.3295 -1277.5593 200.1150 1123.7519 -1278.9003 200.9150 1130.4995 -1282.5444 200.9150 1130.9494 -1281.0090 200.9150 1123.7519 -1278.9003 200.9150 1123.3021 -1280.4357 200.9150 1130.4995 -1282.5444 200.9150 1123.5270 -1279.6680 201.7150 1130.7245 -1281.7767 201.7150 1130.7245 -1281.7767 200.1150 1123.5270 -1279.6680 201.7150 1130.7245 -1281.7767 200.1150 1123.5270 -1279.6680 200.1150 1093.0444 -1357.4345 207.1140 1099.4103 -1361.7105 207.1140 1100.0057 -1360.2255 207.1140 1093.0444 -1357.4345 207.1140 1092.4489 -1358.9196 207.1140 1099.4103 -1361.7105 207.1140 1092.7467 -1358.1770 207.9140 1099.7080 -1360.9680 207.9140 1099.7080 -1360.9680 206.3140 1092.7467 -1358.1770 207.9140 1099.7080 -1360.9680 206.3140 1092.7467 -1358.1770 206.3140 1100.0057 -1360.2255 207.1140 1106.3716 -1364.5015 207.1140 1106.9671 -1363.0164 207.1140 1100.0057 -1360.2255 207.1140 1099.4103 -1361.7105 207.1140 1106.3716 -1364.5015 207.1140 1099.7080 -1360.9680 207.9140 1106.6693 -1363.7590 207.9140 1106.6693 -1363.7590 206.3140 1099.7080 -1360.9680 207.9140 1106.6693 -1363.7590 206.3140 1099.7080 -1360.9680 206.3140 1058.7295 -1443.2444 213.5720 1064.7528 -1447.9908 213.5720 1065.4592 -1446.5552 213.5720 1058.7295 -1443.2444 213.5720 1058.0232 -1444.6800 213.5720 1064.7528 -1447.9908 213.5720 1058.3763 -1443.9622 214.3720 1065.1060 -1447.2730 214.3720 1065.1060 -1447.2730 212.7720 1058.3763 -1443.9622 214.3720 1065.1060 -1447.2730 212.7720 1058.3763 -1443.9622 212.7720 1065.4592 -1446.5552 213.5720 1071.4825 -1451.3016 213.5720 1072.1888 -1449.8660 213.5720 1065.4592 -1446.5552 213.5720 1064.7528 -1447.9908 213.5720 1071.4825 -1451.3016 213.5720 1065.1060 -1447.2730 214.3720 1071.8357 -1450.5838 214.3720 1071.8357 -1450.5838 212.7720 1065.1060 -1447.2730 214.3720 1071.8357 -1450.5838 212.7720 1065.1060 -1447.2730 212.7720 1014.3102 -1533.6752 220.1910 1020.0339 -1538.7790 220.1910 1020.8261 -1537.3890 220.1910 1014.3102 -1533.6752 220.1910 1013.5179 -1535.0653 220.1910 1020.0339 -1538.7790 220.1910 1013.9140 -1534.3702 220.9910 1020.4300 -1538.0840 220.9910 1020.4300 -1538.0840 219.3910 1013.9140 -1534.3702 220.9910 1020.4300 -1538.0840 219.3910 1013.9140 -1534.3702 219.3910 1020.8261 -1537.3890 220.1910 1026.5498 -1542.4928 220.1910 1027.3421 -1541.1027 220.1910 1020.8261 -1537.3890 220.1910 1020.0339 -1538.7790 220.1910 1026.5498 -1542.4928 220.1910 1020.4300 -1538.0840 220.9910 1026.9460 -1541.7978 220.9910 1026.9460 -1541.7978 219.3910 1020.4300 -1538.0840 220.9910 1026.9460 -1541.7978 219.3910 1020.4300 -1538.0840 219.3910 960.4922 -1628.2003 226.8480 965.9559 -1633.5815 226.8480 966.8161 -1632.2325 226.8480 960.4922 -1628.2003 226.8480 959.6320 -1629.5494 226.8480 965.9559 -1633.5815 226.8480 960.0621 -1628.8748 227.6480 966.3860 -1632.9070 227.6480 966.3860 -1632.9070 226.0480 960.0621 -1628.8748 227.6480 966.3860 -1632.9070 226.0480 960.0621 -1628.8748 226.0480 966.8161 -1632.2325 226.8480 972.2798 -1637.6137 226.8480 973.1400 -1636.2646 226.8480 966.8161 -1632.2325 226.8480 965.9559 -1633.5815 226.8480 972.2798 -1637.6137 226.8480 966.3860 -1632.9070 227.6480 972.7099 -1636.9392 227.6480 972.7099 -1636.9392 226.0480 966.3860 -1632.9070 227.6480 972.7099 -1636.9392 226.0480 966.3860 -1632.9070 226.0480 897.9897 -1726.2999 233.4110 903.2275 -1731.9013 233.4110 904.1425 -1730.5887 233.4110 897.9897 -1726.2999 233.4110 897.0748 -1727.6125 233.4110 903.2275 -1731.9013 233.4110 897.5322 -1726.9562 234.2110 903.6850 -1731.2450 234.2110 903.6850 -1731.2450 232.6110 897.5322 -1726.9562 234.2110 903.6850 -1731.2450 232.6110 897.5322 -1726.9562 232.6110 904.1425 -1730.5887 233.4110 909.3803 -1736.1901 233.4110 910.2952 -1734.8775 233.4110 904.1425 -1730.5887 233.4110 903.2275 -1731.9013 233.4110 909.3803 -1736.1901 233.4110 903.6850 -1731.2450 234.2110 909.8378 -1735.5338 234.2110 909.8378 -1735.5338 232.6110 903.6850 -1731.2450 234.2110 909.8378 -1735.5338 232.6110 903.6850 -1731.2450 232.6110 827.5135 -1827.4626 239.7420 832.5541 -1833.2420 239.7420 833.5139 -1831.9620 239.7420 827.5135 -1827.4626 239.7420 826.5536 -1828.7427 239.7420 832.5541 -1833.2420 239.7420 827.0335 -1828.1026 240.5420 833.0340 -1832.6020 240.5420 833.0340 -1832.6020 238.9420 827.0335 -1828.1026 240.5420 833.0340 -1832.6020 238.9420 827.0335 -1828.1026 238.9420 833.5139 -1831.9620 239.7420 838.5545 -1837.7414 239.7420 839.5144 -1836.4613 239.7420 833.5139 -1831.9620 239.7420 832.5541 -1833.2420 239.7420 838.5545 -1837.7414 239.7420 833.0340 -1832.6020 240.5420 839.0345 -1837.1014 240.5420 839.0345 -1837.1014 238.9420 833.0340 -1832.6020 240.5420 839.0345 -1837.1014 238.9420 833.0340 -1832.6020 238.9420 749.7761 -1931.1793 245.7070 754.6433 -1937.1056 245.7070 755.6407 -1935.8544 245.7070 749.7761 -1931.1793 245.7070 748.7787 -1932.4304 245.7070 754.6433 -1937.1056 245.7070 749.2774 -1931.8049 246.5070 755.1420 -1936.4800 246.5070 755.1420 -1936.4800 244.9070 749.2774 -1931.8049 246.5070 755.1420 -1936.4800 244.9070 749.2774 -1931.8049 244.9070 755.6407 -1935.8544 245.7070 760.5079 -1941.7807 245.7070 761.5053 -1940.5296 245.7070 755.6407 -1935.8544 245.7070 754.6433 -1937.1056 245.7070 760.5079 -1941.7807 245.7070 755.1420 -1936.4800 246.5070 761.0066 -1941.1551 246.5070 761.0066 -1941.1551 244.9070 755.1420 -1936.4800 246.5070 761.0066 -1941.1551 244.9070 755.1420 -1936.4800 244.9070 665.4889 -2036.9484 251.1780 670.2024 -2042.9976 251.1780 671.2316 -2041.7724 251.1780 665.4889 -2036.9484 251.1780 664.4597 -2038.1735 251.1780 670.2024 -2042.9976 251.1780 664.9743 -2037.5609 251.9780 670.7170 -2042.3850 251.9780 670.7170 -2042.3850 250.3780 664.9743 -2037.5609 251.9780 670.7170 -2042.3850 250.3780 664.9743 -2037.5609 250.3780 671.2316 -2041.7724 251.1780 675.9451 -2047.8216 251.1780 676.9743 -2046.5965 251.1780 671.2316 -2041.7724 251.1780 670.2024 -2042.9976 251.1780 675.9451 -2047.8216 251.1780 670.7170 -2042.3850 251.9780 676.4597 -2047.2091 251.9780 676.4597 -2047.2091 250.3780 670.7170 -2042.3850 251.9780 676.4597 -2047.2091 250.3780 670.7170 -2042.3850 250.3780 575.3636 -2144.2670 256.0360 579.9398 -2150.4208 256.0360 580.9962 -2149.2192 256.0360 575.3636 -2144.2670 256.0360 574.3072 -2145.4687 256.0360 579.9398 -2150.4208 256.0360 574.8354 -2144.8679 256.8360 580.4680 -2149.8200 256.8360 580.4680 -2149.8200 255.2360 574.8354 -2144.8679 256.8360 580.4680 -2149.8200 255.2360 574.8354 -2144.8679 255.2360 580.9962 -2149.2192 256.0360 585.5724 -2155.3730 256.0360 586.6288 -2154.1713 256.0360 580.9962 -2149.2192 256.0360 579.9398 -2150.4208 256.0360 585.5724 -2155.3730 256.0360 580.4680 -2149.8200 256.8360 586.1006 -2154.7721 256.8360 586.1006 -2154.7721 255.2360 580.4680 -2149.8200 256.8360 586.1006 -2154.7721 255.2360 580.4680 -2149.8200 255.2360 480.1117 -2252.6341 260.1770 484.5639 -2258.8781 260.1770 485.6441 -2257.6979 260.1770 480.1117 -2252.6341 260.1770 479.0314 -2253.8143 260.1770 484.5639 -2258.8781 260.1770 479.5715 -2253.2242 260.9770 485.1040 -2258.2880 260.9770 485.1040 -2258.2880 259.3770 479.5715 -2253.2242 260.9770 485.1040 -2258.2880 259.3770 479.5715 -2253.2242 259.3770 485.6441 -2257.6979 260.1770 490.0963 -2263.9419 260.1770 491.1766 -2262.7617 260.1770 485.6441 -2257.6979 260.1770 484.5639 -2258.8781 260.1770 490.0963 -2263.9419 260.1770 485.1040 -2258.2880 260.9770 490.6365 -2263.3518 260.9770 490.6365 -2263.3518 259.3770 485.1040 -2258.2880 260.9770 490.6365 -2263.3518 259.3770 485.1040 -2258.2880 259.3770 380.4431 -2361.5503 263.5090 384.7823 -2367.8733 263.5090 385.8837 -2366.7127 263.5090 380.4431 -2361.5503 263.5090 379.3418 -2362.7110 263.5090 384.7823 -2367.8733 263.5090 379.8924 -2362.1306 264.3090 385.3330 -2367.2930 264.3090 385.3330 -2367.2930 262.7090 379.8924 -2362.1306 264.3090 385.3330 -2367.2930 262.7090 379.8924 -2362.1306 262.7090 385.8837 -2366.7127 263.5090 390.2229 -2373.0357 263.5090 391.3242 -2371.8750 263.5090 385.8837 -2366.7127 263.5090 384.7823 -2367.8733 263.5090 390.2229 -2373.0357 263.5090 385.3330 -2367.2930 264.3090 390.7736 -2372.4554 264.3090 390.7736 -2372.4554 262.7090 385.3330 -2367.2930 264.3090 390.7736 -2372.4554 262.7090 385.3330 -2367.2930 262.7090 277.0685 -2470.5162 265.9620 281.3039 -2476.9093 265.9620 282.4241 -2475.7667 265.9620 277.0685 -2470.5162 265.9620 275.9484 -2471.6588 265.9620 281.3039 -2476.9093 265.9620 276.5084 -2471.0875 266.7620 281.8640 -2476.3380 266.7620 281.8640 -2476.3380 265.1620 276.5084 -2471.0875 266.7620 281.8640 -2476.3380 265.1620 276.5084 -2471.0875 265.1620 282.4241 -2475.7667 265.9620 286.6595 -2482.1598 265.9620 287.7796 -2481.0172 265.9620 282.4241 -2475.7667 265.9620 281.3039 -2476.9093 265.9620 286.6595 -2482.1598 265.9620 281.8640 -2476.3380 266.7620 287.2196 -2481.5885 266.7620 287.2196 -2481.5885 265.1620 281.8640 -2476.3380 266.7620 287.2196 -2481.5885 265.1620 281.8640 -2476.3380 265.1620 170.6973 -2579.0350 267.4810 174.8364 -2585.4908 267.4810 175.9736 -2584.3652 267.4810 170.6973 -2579.0350 267.4810 169.5602 -2580.1606 267.4810 174.8364 -2585.4908 267.4810 170.1288 -2579.5978 268.2810 175.4050 -2584.9280 268.2810 175.4050 -2584.9280 266.6810 170.1288 -2579.5978 268.2810 175.4050 -2584.9280 266.6810 170.1288 -2579.5978 266.6810 175.9736 -2584.3652 267.4810 180.1127 -2590.8210 267.4810 181.2498 -2589.6954 267.4810 175.9736 -2584.3652 267.4810 174.8364 -2585.4908 267.4810 180.1127 -2590.8210 267.4810 175.4050 -2584.9280 268.2810 180.6812 -2590.2582 268.2810 180.6812 -2590.2582 266.6810 175.4050 -2584.9280 268.2810 180.6812 -2590.2582 266.6810 175.4050 -2584.9280 266.6810 62.0390 -2686.6089 268.0330 66.0876 -2693.1218 268.0330 67.2404 -2692.0122 268.0330 62.0390 -2686.6089 268.0330 60.8863 -2687.7185 268.0330 66.0876 -2693.1218 268.0330 61.4627 -2687.1637 268.8330 66.6640 -2692.5670 268.8330 66.6640 -2692.5670 267.2330 61.4627 -2687.1637 268.8330 66.6640 -2692.5670 267.2330 61.4627 -2687.1637 267.2330 67.2404 -2692.0122 268.0330 71.2890 -2698.5251 268.0330 72.4417 -2697.4155 268.0330 67.2404 -2692.0122 268.0330 66.0876 -2693.1218 268.0330 71.2890 -2698.5251 268.0330 66.6640 -2692.5670 268.8330 71.8653 -2697.9703 268.8330 71.8653 -2697.9703 267.2330 66.6640 -2692.5670 268.8330 71.8653 -2697.9703 267.2330 66.6640 -2692.5670 267.2330 -48.1964 -2792.7387 267.6040 -44.2336 -2799.3042 267.6040 -43.0664 -2798.2098 267.6040 -48.1964 -2792.7387 267.6040 -49.3636 -2793.8331 267.6040 -44.2336 -2799.3042 267.6040 -48.7800 -2793.2859 268.4040 -43.6500 -2798.7570 268.4040 -43.6500 -2798.7570 266.8040 -48.7800 -2793.2859 268.4040 -43.6500 -2798.7570 266.8040 -48.7800 -2793.2859 266.8040 -43.0664 -2798.2098 267.6040 -39.1036 -2804.7753 267.6040 -37.9364 -2803.6809 267.6040 -43.0664 -2798.2098 267.6040 -44.2336 -2799.3042 267.6040 -39.1036 -2804.7753 267.6040 -43.6500 -2798.7570 268.4040 -38.5200 -2804.2281 268.4040 -38.5200 -2804.2281 266.8040 -43.6500 -2798.7570 268.4040 -38.5200 -2804.2281 266.8040 -43.6500 -2798.7570 266.8040 -159.2988 -2896.9273 266.2040 -155.4184 -2903.5419 266.2040 -154.2376 -2902.4621 266.2040 -159.2988 -2896.9273 266.2040 -160.4795 -2898.0070 266.2040 -155.4184 -2903.5419 266.2040 -159.8891 -2897.4671 267.0040 -154.8280 -2903.0020 267.0040 -154.8280 -2903.0020 265.4040 -159.8891 -2897.4671 267.0040 -154.8280 -2903.0020 265.4040 -159.8891 -2897.4671 265.4040 -154.2376 -2902.4621 266.2040 -150.3572 -2909.0767 266.2040 -149.1765 -2907.9970 266.2040 -154.2376 -2902.4621 266.2040 -155.4184 -2903.5419 266.2040 -150.3572 -2909.0767 266.2040 -154.8280 -2903.0020 267.0040 -149.7669 -2908.5369 267.0040 -149.7669 -2908.5369 265.4040 -154.8280 -2903.0020 267.0040 -149.7669 -2908.5369 265.4040 -154.8280 -2903.0020 265.4040 -270.5590 -2998.6787 263.8600 -266.7589 -3005.3397 263.8600 -265.5651 -3004.2743 263.8600 -270.5590 -2998.6787 263.8600 -271.7528 -2999.7441 263.8600 -266.7589 -3005.3397 263.8600 -271.1559 -2999.2114 264.6600 -266.1620 -3004.8070 264.6600 -266.1620 -3004.8070 263.0600 -271.1559 -2999.2114 264.6600 -266.1620 -3004.8070 263.0600 -271.1559 -2999.2114 263.0600 -265.5651 -3004.2743 263.8600 -261.7650 -3010.9353 263.8600 -260.5712 -3009.8699 263.8600 -265.5651 -3004.2743 263.8600 -266.7589 -3005.3397 263.8600 -261.7650 -3010.9353 263.8600 -266.1620 -3004.8070 264.6600 -261.1681 -3010.4026 264.6600 -261.1681 -3010.4026 263.0600 -266.1620 -3004.8070 264.6600 -261.1681 -3010.4026 263.0600 -266.1620 -3004.8070 263.0600 -381.2671 -3097.4950 260.6230 -377.5461 -3104.2006 260.6230 -376.3399 -3103.1494 260.6230 -381.2671 -3097.4950 260.6230 -382.4733 -3098.5461 260.6230 -377.5461 -3104.2006 260.6230 -381.8702 -3098.0206 261.4230 -376.9430 -3103.6750 261.4230 -376.9430 -3103.6750 259.8230 -381.8702 -3098.0206 261.4230 -376.9430 -3103.6750 259.8230 -381.8702 -3098.0206 259.8230 -376.3399 -3103.1494 260.6230 -372.6189 -3109.8550 260.6230 -371.4127 -3108.8039 260.6230 -376.3399 -3103.1494 260.6230 -377.5461 -3104.2006 260.6230 -372.6189 -3109.8550 260.6230 -376.9430 -3103.6750 261.4230 -372.0158 -3109.3294 261.4230 -372.0158 -3109.3294 259.8230 -376.9430 -3103.6750 261.4230 -372.0158 -3109.3294 259.8230 -376.9430 -3103.6750 259.8230 -490.7137 -3192.8783 256.5630 -487.0723 -3199.6274 256.5630 -485.8537 -3198.5906 256.5630 -490.7137 -3192.8783 256.5630 -491.9323 -3193.9151 256.5630 -487.0723 -3199.6274 256.5630 -491.3230 -3193.3967 257.3630 -486.4630 -3199.1090 257.3630 -486.4630 -3199.1090 255.7630 -491.3230 -3193.3967 257.3630 -486.4630 -3199.1090 255.7630 -491.3230 -3193.3967 255.7630 -485.8537 -3198.5906 256.5630 -482.2123 -3205.3397 256.5630 -480.9937 -3204.3029 256.5630 -485.8537 -3198.5906 256.5630 -487.0723 -3199.6274 256.5630 -482.2123 -3205.3397 256.5630 -486.4630 -3199.1090 257.3630 -481.6030 -3204.8213 257.3630 -481.6030 -3204.8213 255.7630 -486.4630 -3199.1090 257.3630 -481.6030 -3204.8213 255.7630 -486.4630 -3199.1090 255.7630 -598.1897 -3284.3328 251.7710 -594.6295 -3291.1251 251.7710 -593.3985 -3290.1029 251.7710 -598.1897 -3284.3328 251.7710 -599.4207 -3285.3549 251.7710 -594.6295 -3291.1251 251.7710 -598.8052 -3284.8438 252.5710 -594.0140 -3290.6140 252.5710 -594.0140 -3290.6140 250.9710 -598.8052 -3284.8438 252.5710 -594.0140 -3290.6140 250.9710 -598.8052 -3284.8438 250.9710 -593.3985 -3290.1029 251.7710 -589.8383 -3296.8952 251.7710 -588.6073 -3295.8731 251.7710 -593.3985 -3290.1029 251.7710 -594.6295 -3291.1251 251.7710 -589.8383 -3296.8952 251.7710 -594.0140 -3290.6140 252.5710 -589.2228 -3296.3842 252.5710 -589.2228 -3296.3842 250.9710 -594.0140 -3290.6140 252.5710 -589.2228 -3296.3842 250.9710 -594.0140 -3290.6140 250.9710 -702.9832 -3371.3603 246.3530 -699.5078 -3378.1964 246.3530 -698.2642 -3377.1896 246.3530 -702.9832 -3371.3603 246.3530 -704.2268 -3372.3670 246.3530 -699.5078 -3378.1964 246.3530 -703.6050 -3371.8637 247.1530 -698.8860 -3377.6930 247.1530 -698.8860 -3377.6930 245.5530 -703.6050 -3371.8637 247.1530 -698.8860 -3377.6930 245.5530 -703.6050 -3371.8637 245.5530 -698.2642 -3377.1896 246.3530 -694.7888 -3384.0257 246.3530 -693.5452 -3383.0190 246.3530 -698.2642 -3377.1896 246.3530 -699.5078 -3378.1964 246.3530 -694.7888 -3384.0257 246.3530 -698.8860 -3377.6930 247.1530 -694.1670 -3383.5223 247.1530 -694.1670 -3383.5223 245.5530 -698.8860 -3377.6930 247.1530 -694.1670 -3383.5223 245.5530 -698.8860 -3377.6930 245.5530 -804.2980 -3453.4088 240.4340 -801.0071 -3460.3355 240.4340 -799.7369 -3459.3625 240.4340 -804.2980 -3453.4088 240.4340 -805.5681 -3454.3818 240.4340 -801.0071 -3460.3355 240.4340 -804.9330 -3453.8953 241.2340 -800.3720 -3459.8490 241.2340 -800.3720 -3459.8490 239.6340 -804.9330 -3453.8953 241.2340 -800.3720 -3459.8490 239.6340 -804.9330 -3453.8953 239.6340 -799.7369 -3459.3625 240.4340 -796.4460 -3466.2892 240.4340 -795.1759 -3465.3162 240.4340 -799.7369 -3459.3625 240.4340 -801.0071 -3460.3355 240.4340 -796.4460 -3466.2892 240.4340 -800.3720 -3459.8490 241.2340 -795.8110 -3465.8027 241.2340 -795.8110 -3465.8027 239.6340 -800.3720 -3459.8490 241.2340 -795.8110 -3465.8027 239.6340 -800.3720 -3459.8490 239.6340 -912.1903 -3536.1059 233.4990 -909.1523 -3543.1472 233.4990 -907.8477 -3542.2208 233.4990 -912.1903 -3536.1059 233.4990 -913.4948 -3537.0323 233.4990 -909.1523 -3543.1472 233.4990 -912.8426 -3536.5691 234.2990 -908.5000 -3542.6840 234.2990 -908.5000 -3542.6840 232.6990 -912.8426 -3536.5691 234.2990 -908.5000 -3542.6840 232.6990 -912.8426 -3536.5691 232.6990 -907.8477 -3542.2208 233.4990 -904.8097 -3549.2621 233.4990 -903.5052 -3548.3357 233.4990 -907.8477 -3542.2208 233.4990 -909.1523 -3543.1472 233.4990 -904.8097 -3549.2621 233.4990 -908.5000 -3542.6840 234.2990 -904.1574 -3548.7989 234.2990 -904.1574 -3548.7989 232.6990 -908.5000 -3542.6840 234.2990 -904.1574 -3548.7989 232.6990 -908.5000 -3542.6840 232.6990 -1027.1326 -3617.7682 225.4890 -1024.3132 -3624.8999 225.4890 -1022.9808 -3624.0141 225.4890 -1027.1326 -3617.7682 225.4890 -1028.4651 -3618.6539 225.4890 -1024.3132 -3624.8999 225.4890 -1027.7989 -3618.2110 226.2890 -1023.6470 -3624.4570 226.2890 -1023.6470 -3624.4570 224.6890 -1027.7989 -3618.2110 226.2890 -1023.6470 -3624.4570 224.6890 -1027.7989 -3618.2110 224.6890 -1022.9808 -3624.0141 225.4890 -1020.1614 -3631.1458 225.4890 -1018.8289 -3630.2601 225.4890 -1022.9808 -3624.0141 225.4890 -1024.3132 -3624.8999 225.4890 -1020.1614 -3631.1458 225.4890 -1023.6470 -3624.4570 226.2890 -1019.4951 -3630.7030 226.2890 -1019.4951 -3630.7030 224.6890 -1023.6470 -3624.4570 226.2890 -1019.4951 -3630.7030 224.6890 -1023.6470 -3624.4570 224.6890 -1148.1504 -3698.2403 216.3620 -1145.5207 -3705.4441 216.3620 -1144.1653 -3704.5939 216.3620 -1148.1504 -3698.2403 216.3620 -1149.5059 -3699.0905 216.3620 -1145.5207 -3705.4441 216.3620 -1148.8281 -3698.6654 217.1620 -1144.8430 -3705.0190 217.1620 -1144.8430 -3705.0190 215.5620 -1148.8281 -3698.6654 217.1620 -1144.8430 -3705.0190 215.5620 -1148.8281 -3698.6654 215.5620 -1144.1653 -3704.5939 216.3620 -1141.5356 -3711.7977 216.3620 -1140.1801 -3710.9475 216.3620 -1144.1653 -3704.5939 216.3620 -1145.5207 -3705.4441 216.3620 -1141.5356 -3711.7977 216.3620 -1144.8430 -3705.0190 217.1620 -1140.8579 -3711.3726 217.1620 -1140.8579 -3711.3726 215.5620 -1144.8430 -3705.0190 217.1620 -1140.8579 -3711.3726 215.5620 -1144.8430 -3705.0190 215.5620 -1274.2719 -3777.3706 206.0950 -1271.8072 -3784.6325 206.0950 -1270.4328 -3783.8135 206.0950 -1274.2719 -3777.3706 206.0950 -1275.6464 -3778.1896 206.0950 -1271.8072 -3784.6325 206.0950 -1274.9592 -3777.7801 206.8950 -1271.1200 -3784.2230 206.8950 -1271.1200 -3784.2230 205.2950 -1274.9592 -3777.7801 206.8950 -1271.1200 -3784.2230 205.2950 -1274.9592 -3777.7801 205.2950 -1270.4328 -3783.8135 206.0950 -1267.9681 -3791.0754 206.0950 -1266.5936 -3790.2564 206.0950 -1270.4328 -3783.8135 206.0950 -1271.8072 -3784.6325 206.0950 -1267.9681 -3791.0754 206.0950 -1271.1200 -3784.2230 206.8950 -1267.2808 -3790.6659 206.8950 -1267.2808 -3790.6659 205.2950 -1271.1200 -3784.2230 206.8950 -1267.2808 -3790.6659 205.2950 -1271.1200 -3784.2230 205.2950 -1404.5261 -3855.0057 194.6840 -1402.2052 -3862.3149 194.6840 -1400.8148 -3861.5231 194.6840 -1404.5261 -3855.0057 194.6840 -1405.9165 -3855.7975 194.6840 -1402.2052 -3862.3149 194.6840 -1405.2213 -3855.4016 195.4840 -1401.5100 -3861.9190 195.4840 -1401.5100 -3861.9190 193.8840 -1405.2213 -3855.4016 195.4840 -1401.5100 -3861.9190 193.8840 -1405.2213 -3855.4016 193.8840 -1400.8148 -3861.5231 194.6840 -1398.4939 -3868.8323 194.6840 -1397.1035 -3868.0405 194.6840 -1400.8148 -3861.5231 194.6840 -1402.2052 -3862.3149 194.6840 -1398.4939 -3868.8323 194.6840 -1401.5100 -3861.9190 195.4840 -1397.7987 -3868.4364 195.4840 -1397.7987 -3868.4364 193.8840 -1401.5100 -3861.9190 195.4840 -1397.7987 -3868.4364 193.8840 -1401.5100 -3861.9190 193.8840 -1537.9414 -3930.9952 182.1500 -1535.7459 -3938.3429 182.1500 -1534.3421 -3937.5751 182.1500 -1537.9414 -3930.9952 182.1500 -1539.3452 -3931.7630 182.1500 -1535.7459 -3938.3429 182.1500 -1538.6433 -3931.3791 182.9500 -1535.0440 -3937.9590 182.9500 -1535.0440 -3937.9590 181.3500 -1538.6433 -3931.3791 182.9500 -1535.0440 -3937.9590 181.3500 -1538.6433 -3931.3791 181.3500 -1534.3421 -3937.5751 182.1500 -1532.1466 -3944.9228 182.1500 -1530.7428 -3944.1550 182.1500 -1534.3421 -3937.5751 182.1500 -1535.7459 -3938.3429 182.1500 -1532.1466 -3944.9228 182.1500 -1535.0440 -3937.9590 182.9500 -1531.4447 -3944.5389 182.9500 -1531.4447 -3944.5389 181.3500 -1535.0440 -3937.9590 182.9500 -1531.4447 -3944.5389 181.3500 -1535.0440 -3937.9590 181.3500 -1673.5490 -4005.1890 168.5350 -1671.4625 -4012.5685 168.5350 -1670.0475 -4011.8215 168.5350 -1673.5490 -4005.1890 168.5350 -1674.9640 -4005.9360 168.5350 -1671.4625 -4012.5685 168.5350 -1674.2565 -4005.5625 169.3350 -1670.7550 -4012.1950 169.3350 -1670.7550 -4012.1950 167.7350 -1674.2565 -4005.5625 169.3350 -1670.7550 -4012.1950 167.7350 -1674.2565 -4005.5625 167.7350 -1670.0475 -4011.8215 168.5350 -1667.9610 -4019.2010 168.5350 -1666.5460 -4018.4540 168.5350 -1670.0475 -4011.8215 168.5350 -1671.4625 -4012.5685 168.5350 -1667.9610 -4019.2010 168.5350 -1670.7550 -4012.1950 169.3350 -1667.2535 -4018.8275 169.3350 -1667.2535 -4018.8275 167.7350 -1670.7550 -4012.1950 169.3350 -1667.2535 -4018.8275 167.7350 -1670.7550 -4012.1950 167.7350 -1810.3782 -4077.4379 153.9050 -1808.3862 -4084.8434 153.9050 -1806.9618 -4084.1146 153.9050 -1810.3782 -4077.4379 153.9050 -1811.8026 -4078.1667 153.9050 -1808.3862 -4084.8434 153.9050 -1811.0904 -4077.8023 154.7050 -1807.6740 -4084.4790 154.7050 -1807.6740 -4084.4790 153.1050 -1811.0904 -4077.8023 154.7050 -1807.6740 -4084.4790 153.1050 -1811.0904 -4077.8023 153.1050 -1806.9618 -4084.1146 153.9050 -1804.9698 -4091.5201 153.9050 -1803.5454 -4090.7913 153.9050 -1806.9618 -4084.1146 153.9050 -1808.3862 -4084.8434 153.9050 -1804.9698 -4091.5201 153.9050 -1807.6740 -4084.4790 154.7050 -1804.2576 -4091.1557 154.7050 -1804.2576 -4091.1557 153.1050 -1807.6740 -4084.4790 154.7050 -1804.2576 -4091.1557 153.1050 -1807.6740 -4084.4790 153.1050 -1947.4589 -4147.5917 138.3500 -1945.5481 -4155.0186 138.3500 -1944.1159 -4154.3054 138.3500 -1947.4589 -4147.5917 138.3500 -1948.8912 -4148.3049 138.3500 -1945.5481 -4155.0186 138.3500 -1948.1751 -4147.9483 139.1500 -1944.8320 -4154.6620 139.1500 -1944.8320 -4154.6620 137.5500 -1948.1751 -4147.9483 139.1500 -1944.8320 -4154.6620 137.5500 -1948.1751 -4147.9483 137.5500 -1944.1159 -4154.3054 138.3500 -1942.2051 -4161.7323 138.3500 -1940.7728 -4161.0191 138.3500 -1944.1159 -4154.3054 138.3500 -1945.5481 -4155.0186 138.3500 -1942.2051 -4161.7323 138.3500 -1944.8320 -4154.6620 139.1500 -1941.4889 -4161.3757 139.1500 -1941.4889 -4161.3757 137.5500 -1944.8320 -4154.6620 139.1500 -1941.4889 -4161.3757 137.5500 -1944.8320 -4154.6620 137.5500 -2083.8222 -4215.5016 121.9870 -2081.9804 -4222.9459 121.9870 -2080.5416 -4222.2461 121.9870 -2083.8222 -4215.5016 121.9870 -2085.2610 -4216.2015 121.9870 -2081.9804 -4222.9459 121.9870 -2084.5416 -4215.8515 122.7870 -2081.2610 -4222.5960 122.7870 -2081.2610 -4222.5960 121.1870 -2084.5416 -4215.8515 122.7870 -2081.2610 -4222.5960 121.1870 -2084.5416 -4215.8515 121.1870 -2080.5416 -4222.2461 121.9870 -2078.6998 -4229.6904 121.9870 -2077.2610 -4228.9905 121.9870 -2080.5416 -4222.2461 121.9870 -2081.9804 -4222.9459 121.9870 -2078.6998 -4229.6904 121.9870 -2081.2610 -4222.5960 122.7870 -2077.9804 -4229.3405 122.7870 -2077.9804 -4229.3405 121.1870 -2081.2610 -4222.5960 122.7870 -2077.9804 -4229.3405 121.1870 -2081.2610 -4222.5960 121.1870 -2218.4996 -4281.0172 104.9530 -2216.7151 -4288.4754 104.9530 -2215.2709 -4287.7866 104.9530 -2218.4996 -4281.0172 104.9530 -2219.9438 -4281.7060 104.9530 -2216.7151 -4288.4754 104.9530 -2219.2217 -4281.3616 105.7530 -2215.9930 -4288.1310 105.7530 -2215.9930 -4288.1310 104.1530 -2219.2217 -4281.3616 105.7530 -2215.9930 -4288.1310 104.1530 -2219.2217 -4281.3616 104.1530 -2215.2709 -4287.7866 104.9530 -2213.4864 -4295.2448 104.9530 -2212.0422 -4294.5560 104.9530 -2215.2709 -4287.7866 104.9530 -2216.7151 -4288.4754 104.9530 -2213.4864 -4295.2448 104.9530 -2215.9930 -4288.1310 105.7530 -2212.7643 -4294.9004 105.7530 -2212.7643 -4294.9004 104.1530 -2215.9930 -4288.1310 105.7530 -2212.7643 -4294.9004 104.1530 -2215.9930 -4288.1310 104.1530 -2350.5231 -4343.9920 87.4110 -2348.7842 -4351.4610 87.4110 -2347.3358 -4350.7810 87.4110 -2350.5231 -4343.9920 87.4110 -2351.9715 -4344.6719 87.4110 -2348.7842 -4351.4610 87.4110 -2351.2473 -4344.3319 88.2110 -2348.0600 -4351.1210 88.2110 -2348.0600 -4351.1210 86.6110 -2351.2473 -4344.3319 88.2110 -2348.0600 -4351.1210 86.6110 -2351.2473 -4344.3319 86.6110 -2347.3358 -4350.7810 87.4110 -2345.5969 -4358.2500 87.4110 -2344.1485 -4357.5701 87.4110 -2347.3358 -4350.7810 87.4110 -2348.7842 -4351.4610 87.4110 -2345.5969 -4358.2500 87.4110 -2348.0600 -4351.1210 88.2110 -2344.8727 -4357.9101 88.2110 -2344.8727 -4357.9101 86.6110 -2348.0600 -4351.1210 88.2110 -2344.8727 -4357.9101 86.6110 -2348.0600 -4351.1210 86.6110 -2478.9238 -4404.2769 69.5450 -2477.2187 -4411.7537 69.5450 -2475.7673 -4411.0803 69.5450 -2478.9238 -4404.2769 69.5450 -2480.3752 -4404.9503 69.5450 -2477.2187 -4411.7537 69.5450 -2479.6495 -4404.6136 70.3450 -2476.4930 -4411.4170 70.3450 -2476.4930 -4411.4170 68.7450 -2479.6495 -4404.6136 70.3450 -2476.4930 -4411.4170 68.7450 -2479.6495 -4404.6136 68.7450 -2475.7673 -4411.0803 69.5450 -2474.0622 -4418.5571 69.5450 -2472.6108 -4417.8837 69.5450 -2475.7673 -4411.0803 69.5450 -2477.2187 -4411.7537 69.5450 -2474.0622 -4418.5571 69.5450 -2476.4930 -4411.4170 70.3450 -2473.3365 -4418.2204 70.3450 -2473.3365 -4418.2204 68.7450 -2476.4930 -4411.4170 70.3450 -2473.3365 -4418.2204 68.7450 -2476.4930 -4411.4170 68.7450 -2602.7346 -4461.7220 51.5610 -2601.0506 -4469.2036 51.5610 -2599.5974 -4468.5344 51.5610 -2602.7346 -4461.7220 51.5610 -2604.1879 -4462.3913 51.5610 -2601.0506 -4469.2036 51.5610 -2603.4612 -4462.0567 52.3610 -2600.3240 -4468.8690 52.3610 -2600.3240 -4468.8690 50.7610 -2603.4612 -4462.0567 52.3610 -2600.3240 -4468.8690 50.7610 -2603.4612 -4462.0567 50.7610 -2599.5974 -4468.5344 51.5610 -2597.9134 -4476.0160 51.5610 -2596.4601 -4475.3467 51.5610 -2599.5974 -4468.5344 51.5610 -2601.0506 -4469.2036 51.5610 -2597.9134 -4476.0160 51.5610 -2600.3240 -4468.8690 52.3610 -2597.1868 -4475.6813 52.3610 -2597.1868 -4475.6813 50.7610 -2600.3240 -4468.8690 52.3610 -2597.1868 -4475.6813 50.7610 -2600.3240 -4468.8690 50.7610 -2720.9878 -4516.1808 33.6810 -2719.3110 -4523.6639 33.6810 -2717.8570 -4522.9961 33.6810 -2720.9878 -4516.1808 33.6810 -2722.4417 -4516.8486 33.6810 -2719.3110 -4523.6639 33.6810 -2721.7148 -4516.5147 34.4810 -2718.5840 -4523.3300 34.4810 -2718.5840 -4523.3300 32.8810 -2721.7148 -4516.5147 34.4810 -2718.5840 -4523.3300 32.8810 -2721.7148 -4516.5147 32.8810 -2717.8570 -4522.9961 33.6810 -2716.1802 -4530.4792 33.6810 -2714.7263 -4529.8114 33.6810 -2717.8570 -4522.9961 33.6810 -2719.3110 -4523.6639 33.6810 -2716.1802 -4530.4792 33.6810 -2718.5840 -4523.3300 34.4810 -2715.4532 -4530.1453 34.4810 -2715.4532 -4530.1453 32.8810 -2718.5840 -4523.3300 34.4810 -2715.4532 -4530.1453 32.8810 -2718.5840 -4523.3300 32.8810 -2832.7189 -4567.5058 16.1470 -2831.0325 -4574.9869 16.1470 -2829.5795 -4574.3171 16.1470 -2832.7189 -4567.5058 16.1470 -2834.1720 -4568.1756 16.1470 -2831.0325 -4574.9869 16.1470 -2833.4454 -4567.8407 16.9470 -2830.3060 -4574.6520 16.9470 -2830.3060 -4574.6520 15.3470 -2833.4454 -4567.8407 16.9470 -2830.3060 -4574.6520 15.3470 -2833.4454 -4567.8407 15.3470 -2829.5795 -4574.3171 16.1470 -2827.8931 -4581.7982 16.1470 -2826.4400 -4581.1284 16.1470 -2829.5795 -4574.3171 16.1470 -2831.0325 -4574.9869 16.1470 -2827.8931 -4581.7982 16.1470 -2830.3060 -4574.6520 16.9470 -2827.1666 -4581.4633 16.9470 -2827.1666 -4581.4633 15.3470 -2830.3060 -4574.6520 16.9470 -2827.1666 -4581.4633 15.3470 -2830.3060 -4574.6520 15.3470 -2936.9627 -4615.5496 -0.7900 -2935.2462 -4623.0238 -0.7900 -2933.7958 -4622.3482 -0.7900 -2936.9627 -4615.5496 -0.7900 -2938.4131 -4616.2252 -0.7900 -2935.2462 -4623.0238 -0.7900 -2937.6879 -4615.8874 0.0100 -2934.5210 -4622.6860 0.0100 -2934.5210 -4622.6860 -1.5900 -2937.6879 -4615.8874 0.0100 -2934.5210 -4622.6860 -1.5900 -2937.6879 -4615.8874 -1.5900 -2933.7958 -4622.3482 -0.7900 -2932.0793 -4629.8224 -0.7900 -2930.6289 -4629.1468 -0.7900 -2933.7958 -4622.3482 -0.7900 -2935.2462 -4623.0238 -0.7900 -2932.0793 -4629.8224 -0.7900 -2934.5210 -4622.6860 0.0100 -2931.3541 -4629.4846 0.0100 -2931.3541 -4629.4846 -1.5900 -2934.5210 -4622.6860 0.0100 -2931.3541 -4629.4846 -1.5900 -2934.5210 -4622.6860 -1.5900 -3032.7568 -4660.1657 -16.8650 -3030.9825 -4667.6264 -16.8650 -3029.5375 -4666.9396 -16.8650 -3032.7568 -4660.1657 -16.8650 -3034.2019 -4660.8525 -16.8650 -3030.9825 -4667.6264 -16.8650 -3033.4794 -4660.5091 -16.0650 -3030.2600 -4667.2830 -16.0650 -3030.2600 -4667.2830 -17.6650 -3033.4794 -4660.5091 -16.0650 -3030.2600 -4667.2830 -17.6650 -3033.4794 -4660.5091 -17.6650 -3029.5375 -4666.9396 -16.8650 -3027.7632 -4674.4003 -16.8650 -3026.3181 -4673.7135 -16.8650 -3029.5375 -4666.9396 -16.8650 -3030.9825 -4667.6264 -16.8650 -3027.7632 -4674.4003 -16.8650 -3030.2600 -4667.2830 -16.0650 -3027.0406 -4674.0569 -16.0650 -3027.0406 -4674.0569 -17.6650 -3030.2600 -4667.2830 -16.0650 -3027.0406 -4674.0569 -17.6650 -3030.2600 -4667.2830 -17.6650 -3119.1440 -4701.2117 -31.8090 -3117.2730 -4708.6487 -31.8090 -3115.8370 -4707.9433 -31.8090 -3119.1440 -4701.2117 -31.8090 -3120.5800 -4701.9172 -31.8090 -3117.2730 -4708.6487 -31.8090 -3119.8620 -4701.5645 -31.0090 -3116.5550 -4708.2960 -31.0090 -3116.5550 -4708.2960 -32.6090 -3119.8620 -4701.5645 -31.0090 -3116.5550 -4708.2960 -32.6090 -3119.8620 -4701.5645 -32.6090 -3115.8370 -4707.9433 -31.8090 -3113.9660 -4715.3803 -31.8090 -3112.5300 -4714.6748 -31.8090 -3115.8370 -4707.9433 -31.8090 -3117.2730 -4708.6487 -31.8090 -3113.9660 -4715.3803 -31.8090 -3116.5550 -4708.2960 -31.0090 -3113.2480 -4715.0275 -31.0090 -3113.2480 -4715.0275 -32.6090 -3116.5550 -4708.2960 -31.0090 -3113.2480 -4715.0275 -32.6090 -3116.5550 -4708.2960 -32.6090 -3195.1761 -4738.5470 -45.3520 -3193.1484 -4745.9428 -45.3520 -3191.7276 -4745.2072 -45.3520 -3195.1761 -4738.5470 -45.3520 -3196.5969 -4739.2827 -45.3520 -3193.1484 -4745.9428 -45.3520 -3195.8865 -4738.9148 -44.5520 -3192.4380 -4745.5750 -44.5520 -3192.4380 -4745.5750 -46.1520 -3195.8865 -4738.9148 -44.5520 -3192.4380 -4745.5750 -46.1520 -3195.8865 -4738.9148 -46.1520 -3191.7276 -4745.2072 -45.3520 -3189.6999 -4752.6030 -45.3520 -3188.2791 -4751.8673 -45.3520 -3191.7276 -4745.2072 -45.3520 -3193.1484 -4745.9428 -45.3520 -3189.6999 -4752.6030 -45.3520 -3192.4380 -4745.5750 -44.5520 -3188.9895 -4752.2352 -44.5520 -3188.9895 -4752.2352 -46.1520 -3192.4380 -4745.5750 -44.5520 -3188.9895 -4752.2352 -46.1520 -3192.4380 -4745.5750 -46.1520 -3259.6791 -4771.9450 -57.2260 -3257.6514 -4779.3408 -57.2260 -3256.2306 -4778.6052 -57.2260 -3259.6791 -4771.9450 -57.2260 -3261.0999 -4772.6807 -57.2260 -3257.6514 -4779.3408 -57.2260 -3260.3895 -4772.3128 -56.4260 -3256.9410 -4778.9730 -56.4260 -3256.9410 -4778.9730 -58.0260 -3260.3895 -4772.3128 -56.4260 -3256.9410 -4778.9730 -58.0260 -3260.3895 -4772.3128 -58.0260 -3256.2306 -4778.6052 -57.2260 -3254.2029 -4786.0010 -57.2260 -3252.7821 -4785.2653 -57.2260 -3256.2306 -4778.6052 -57.2260 -3257.6514 -4779.3408 -57.2260 -3254.2029 -4786.0010 -57.2260 -3256.9410 -4778.9730 -56.4260 -3253.4925 -4785.6332 -56.4260 -3253.4925 -4785.6332 -58.0260 -3256.9410 -4778.9730 -56.4260 -3253.4925 -4785.6332 -58.0260 -3256.9410 -4778.9730 -58.0260</float_array>
          <technique_common>
            <accessor source="#portal_arc_a999-mesh-positions-array" count="3384" stride="3">
              <param name="X" type="float"/>
              <param name="Y" type="float"/>
              <param name="Z" type="float"/>
            </accessor>
          </technique_common>
        </source>
        <source id="portal_arc_a999-mesh-normals">
          <float_array id="portal_arc_a999-mesh-normals-array" count="10152">-0.1062 0.0990 0.9894 -0.1062 0.0990 0.9894 -0.1062 0.0990 0.9894 -0.1062 0.0990 0.9894 -0.1062 0.0990 0.9894 -0.1062 0.0990 0.9894 0.6818 0.7316 0.0000 0.6818 0.7316 0.0000 0.6818 0.7316 0.0000 0.6818 0.7316 0.0000 0.6818 0.7316 0.0000 0.6818 0.7316 0.0000 -0.1135 0.0860 0.9898 -0.1135 0.0860 0.9898 -0.1135 0.0860 0.9898 -0.1135 0.0860 0.9898 -0.1135 0.0860 0.9898 -0.1135 0.0860 0.9898 0.6040 0.7970 0.0000 0.6040 0.7970 0.0000 0.6040 0.7970 0.0000 0.6040 0.7970 0.0000 0.6040 0.7970 0.0000 0.6040 0.7970 0.0000 -0.1132 0.0789 0.9904 -0.1132 0.0789 0.9904 -0.1132 0.0789 0.9904 -0.1132 0.0789 0.9904 -0.1132 0.0789 0.9904 -0.1132 0.0789 0.9904 0.5717 0.8205 0.0000 0.5717 0.8205 0.0000 0.5717 0.8205 0.0000 0.5717 0.8205 0.0000 0.5717 0.8205 0.0000 0.5717 0.8205 0.0000 -0.1096 0.0748 0.9912 -0.1096 0.0748 0.9912 -0.1096 0.0748 0.9912 -0.1096 0.0748 0.9912 -0.1096 0.0748 0.9912 -0.1096 0.0748 0.9912 0.5638 0.8259 0.0000 0.5638 0.8259 0.0000 0.5638 0.8259 0.0000 0.5638 0.8259 0.0000 0.5638 0.8259 0.0000 0.5638 0.8259 0.0000 -0.1039 0.0725 0.9919 -0.1039 0.0725 0.9919 -0.1039 0.0725 0.9919 -0.1039 0.0725 0.9919 -0.1039 0.0725 0.9919 -0.1039 0.0725 0.9919 0.5722 0.8201 0.0000 0.5722 0.8201 0.0000 0.5722 0.8201 0.0000 0.5722 0.8201 0.0000 0.5722 0.8201 0.0000 0.5722 0.8201 0.0000 -0.0969 0.0715 0.9927 -0.0969 0.0715 0.9927 -0.0969 0.0715 0.9927 -0.0969 0.0715 0.9927 -0.0969 0.0715 0.9927 -0.0969 0.0715 0.9927 0.5940 0.8045 0.0000 0.5940 0.8045 0.0000 0.5940 0.8045 0.0000 0.5940 0.8045 0.0000 0.5940 0.8045 0.0000 0.5940 0.8045 0.0000 -0.0886 0.0716 0.9935 -0.0886 0.0716 0.9935 -0.0886 0.0716 0.9935 -0.0886 0.0716 0.9935 -0.0886 0.0716 0.9935 -0.0886 0.0716 0.9935 0.6285 0.7778 0.0000 0.6285 0.7778 0.0000 0.6285 0.7778 0.0000 0.6285 0.7778 0.0000 0.6285 0.7778 0.0000 0.6285 0.7778 0.0000 -0.0790 0.0726 0.9942 -0.0790 0.0726 0.9942 -0.0790 0.0726 0.9942 -0.0790 0.0726 0.9942 -0.0790 0.0726 0.9942 -0.0790 0.0726 0.9942 0.6766 0.7363 0.0000 0.6766 0.7363 0.0000 0.6766 0.7363 0.0000 0.6766 0.7363 0.0000 0.6766 0.7363 0.0000 0.6766 0.7363 0.0000 -0.0680 0.0748 0.9949 -0.0680 0.0748 0.9949 -0.0680 0.0748 0.9949 -0.0680 0.0748 0.9949 -0.0680 0.0748 0.9949 -0.0680 0.0748 0.9949 0.7398 0.6728 0.0000 0.7398 0.6728 0.0000 0.7398 0.6728 0.0000 0.7398 0.6728 0.0000 0.7398 0.6728 0.0000 0.7398 0.6728 0.0000 -0.0547 0.0778 0.9955 -0.0547 0.0778 0.9955 -0.0547 0.0778 0.9955 -0.0547 0.0778 0.9955 -0.0547 0.0778 0.9955 -0.0547 0.0778 0.9955 0.8180 0.5752 0.0000 0.8180 0.5752 0.0000 0.8180 0.5752 0.0000 0.8180 0.5752 0.0000 0.8180 0.5752 0.0000 0.8180 0.5752 0.0000 -0.0381 0.0811 0.9960 -0.0381 0.0811 0.9960 -0.0381 0.0811 0.9960 -0.0381 0.0811 0.9960 -0.0381 0.0811 0.9960 -0.0381 0.0811 0.9960 0.9049 0.4256 0.0000 0.9049 0.4256 0.0000 0.9049 0.4256 0.0000 0.9049 0.4256 0.0000 0.9049 0.4256 0.0000 0.9049 0.4256 0.0000 -0.0174 0.0825 0.9964 -0.0174 0.0825 0.9964 -0.0174 0.0825 0.9964 -0.0174 0.0825 0.9964 -0.0174 0.0825 0.9964 -0.0174 0.0825 0.9964 0.9785 0.2063 0.0000 0.9785 0.2063 0.0000 0.9785 0.2063 0.0000 0.9785 0.2063 0.0000 0.9785 0.2063 0.0000 0.9785 0.2063 0.0000 0.0061 0.0781 0.9969 0.0061 0.0781 0.9969 0.0061 0.0781 0.9969 0.0061 0.0781 0.9969 0.0061 0.0781 0.9969 0.0061 0.0781 0.9969 0.9970 -0.0775 0.0000 0.9970 -0.0775 0.0000 0.9970 -0.0775 0.0000 0.9970 -0.0775 0.0000 0.9970 -0.0775 0.0000 0.9970 -0.0775 0.0000 0.0207 0.0706 0.9973 0.0207 0.0706 0.9973 0.0207 0.0706 0.9973 0.0207 0.0706 0.9973 0.0207 0.0706 0.9973 0.0207 0.0706 0.9973 0.9598 -0.2808 0.0000 0.9598 -0.2808 0.0000 0.9598 -0.2808 0.0000 0.9598 -0.2808 0.0000 0.9598 -0.2808 0.0000 0.9598 -0.2808 0.0000 0.0259 0.0647 0.9976 0.0259 0.0647 0.9976 0.0259 0.0647 0.9976 0.0259 0.0647 0.9976 0.0259 0.0647 0.9976 0.0259 0.0647 0.9976 0.9283 -0.3719 0.0000 0.9283 -0.3719 0.0000 0.9283 -0.3719 0.0000 0.9283 -0.3719 0.0000 0.9283 -0.3719 0.0000 0.9283 -0.3719 0.0000 0.0289 0.0588 0.9978 0.0289 0.0588 0.9978 0.0289 0.0588 0.9978 0.0289 0.0588 0.9978 0.0289 0.0588 0.9978 0.0289 0.0588 0.9978 0.8974 -0.4413 0.0000 0.8974 -0.4413 0.0000 0.8974 -0.4413 0.0000 0.8974 -0.4413 0.0000 0.8974 -0.4413 0.0000 0.8974 -0.4413 0.0000 0.0302 0.0531 0.9981 0.0302 0.0531 0.9981 0.0302 0.0531 0.9981 0.0302 0.0531 0.9981 0.0302 0.0531 0.9981 0.0302 0.0531 0.9981 0.8688 -0.4951 0.0000 0.8688 -0.4951 0.0000 0.8688 -0.4951 0.0000 0.8688 -0.4951 0.0000 0.8688 -0.4951 0.0000 0.8688 -0.4951 0.0000 0.0303 0.0475 0.9984 0.0303 0.0475 0.9984 0.0303 0.0475 0.9984 0.0303 0.0475 0.9984 0.0303 0.0475 0.9984 0.0303 0.0475 0.9984 0.8432 -0.5376 0.0000 0.8432 -0.5376 0.0000 0.8432 -0.5376 0.0000 0.8432 -0.5376 0.0000 0.8432 -0.5376 0.0000 0.8432 -0.5376 0.0000 0.0293 0.0421 0.9987 0.0293 0.0421 0.9987 0.0293 0.0421 0.9987 0.0293 0.0421 0.9987 0.0293 0.0421 0.9987 0.0293 0.0421 0.9987 0.8204 -0.5718 0.0000 0.8204 -0.5718 0.0000 0.8204 -0.5718 0.0000 0.8204 -0.5718 0.0000 0.8204 -0.5718 0.0000 0.8204 -0.5718 0.0000 0.0276 0.0368 0.9989 0.0276 0.0368 0.9989 0.0276 0.0368 0.9989 0.0276 0.0368 0.9989 0.0276 0.0368 0.9989 0.0276 0.0368 0.9989 0.8001 -0.5999 0.0000 0.8001 -0.5999 0.0000 0.8001 -0.5999 0.0000 0.8001 -0.5999 0.0000 0.8001 -0.5999 0.0000 0.8001 -0.5999 0.0000 0.0252 0.0316 0.9992 0.0252 0.0316 0.9992 0.0252 0.0316 0.9992 0.0252 0.0316 0.9992 0.0252 0.0316 0.9992 0.0252 0.0316 0.9992 0.7820 -0.6233 0.0000 0.7820 -0.6233 0.0000 0.7820 -0.6233 0.0000 0.7820 -0.6233 0.0000 0.7820 -0.6233 0.0000 0.7820 -0.6233 0.0000 0.0223 0.0265 0.9994 0.0223 0.0265 0.9994 0.0223 0.0265 0.9994 0.0223 0.0265 0.9994 0.0223 0.0265 0.9994 0.0223 0.0265 0.9994 0.7657 -0.6432 0.0000 0.7657 -0.6432 0.0000 0.7657 -0.6432 0.0000 0.7657 -0.6432 0.0000 0.7657 -0.6432 0.0000 0.7657 -0.6432 0.0000 0.0189 0.0215 0.9996 0.0189 0.0215 0.9996 0.0189 0.0215 0.9996 0.0189 0.0215 0.9996 0.0189 0.0215 0.9996 0.0189 0.0215 0.9996 0.7510 -0.6603 0.0000 0.7510 -0.6603 0.0000 0.7510 -0.6603 0.0000 0.7510 -0.6603 0.0000 0.7510 -0.6603 0.0000 0.7510 -0.6603 0.0000 0.0152 0.0166 0.9997 0.0152 0.0166 0.9997 0.0152 0.0166 0.9997 0.0152 0.0166 0.9997 0.0152 0.0166 0.9997 0.0152 0.0166 0.9997 0.7377 -0.6752 0.0000 0.7377 -0.6752 0.0000 0.7377 -0.6752 0.0000 0.7377 -0.6752 0.0000 0.7377 -0.6752 0.0000 0.7377 -0.6752 0.0000 0.0112 0.0118 0.9999 0.0112 0.0118 0.9999 0.0112 0.0118 0.9999 0.0112 0.0118 0.9999 0.0112 0.0118 0.9999 0.0112 0.0118 0.9999 0.7254 -0.6883 0.0000 0.7254 -0.6883 0.0000 0.7254 -0.6883 0.0000 0.7254 -0.6883 0.0000 0.7254 -0.6883 0.0000 0.7254 -0.6883 0.0000 0.0070 0.0071 1.0000 0.0070 0.0071 1.0000 0.0070 0.0071 1.0000 0.0070 0.0071 1.0000 0.0070 0.0071 1.0000 0.0070 0.0071 1.0000 0.7141 -0.7001 0.0000 0.7141 -0.7001 0.0000 0.7141 -0.7001 0.0000 0.7141 -0.7001 0.0000 0.7141 -0.7001 0.0000 0.7141 -0.7001 0.0000 0.0026 0.0025 1.0000 0.0026 0.0025 1.0000 0.0026 0.0025 1.0000 0.0026 0.0025 1.0000 0.0026 0.0025 1.0000 0.0026 0.0025 1.0000 0.7035 -0.7107 0.0000 0.7035 -0.7107 0.0000 0.7035 -0.7107 0.0000 0.7035 -0.7107 0.0000 0.7035 -0.7107 0.0000 0.7035 -0.7107 0.0000 -0.0020 -0.0019 1.0000 -0.0020 -0.0019 1.0000 -0.0020 -0.0019 1.0000 -0.0020 -0.0019 1.0000 -0.0020 -0.0019 1.0000 -0.0020 -0.0019 1.0000 0.6935 -0.7204 0.0000 0.6935 -0.7204 0.0000 0.6935 -0.7204 0.0000 0.6935 -0.7204 0.0000 0.6935 -0.7204 0.0000 0.6935 -0.7204 0.0000 -0.0067 -0.0063 1.0000 -0.0067 -0.0063 1.0000 -0.0067 -0.0063 1.0000 -0.0067 -0.0063 1.0000 -0.0067 -0.0063 1.0000 -0.0067 -0.0063 1.0000 0.6840 -0.7295 0.0000 0.6840 -0.7295 0.0000 0.6840 -0.7295 0.0000 0.6840 -0.7295 0.0000 0.6840 -0.7295 0.0000 0.6840 -0.7295 0.0000 -0.0115 -0.0105 0.9999 -0.0115 -0.0105 0.9999 -0.0115 -0.0105 0.9999 -0.0115 -0.0105 0.9999 -0.0115 -0.0105 0.9999 -0.0115 -0.0105 0.9999 0.6748 -0.7380 0.0000 0.6748 -0.7380 0.0000 0.6748 -0.7380 0.0000 0.6748 -0.7380 0.0000 0.6748 -0.7380 0.0000 0.6748 -0.7380 0.0000 -0.0163 -0.0145 0.9998 -0.0163 -0.0145 0.9998 -0.0163 -0.0145 0.9998 -0.0163 -0.0145 0.9998 -0.0163 -0.0145 0.9998 -0.0163 -0.0145 0.9998 0.6659 -0.7461 0.0000 0.6659 -0.7461 0.0000 0.6659 -0.7461 0.0000 0.6659 -0.7461 0.0000 0.6659 -0.7461 0.0000 0.6659 -0.7461 0.0000 -0.0211 -0.0184 0.9996 -0.0211 -0.0184 0.9996 -0.0211 -0.0184 0.9996 -0.0211 -0.0184 0.9996 -0.0211 -0.0184 0.9996 -0.0211 -0.0184 0.9996 0.6570 -0.7539 0.0000 0.6570 -0.7539 0.0000 0.6570 -0.7539 0.0000 0.6570 -0.7539 0.0000 0.6570 -0.7539 0.0000 0.6570 -0.7539 0.0000 -0.0258 -0.0220 0.9994 -0.0258 -0.0220 0.9994 -0.0258 -0.0220 0.9994 -0.0258 -0.0220 0.9994 -0.0258 -0.0220 0.9994 -0.0258 -0.0220 0.9994 0.6480 -0.7616 0.0000 0.6480 -0.7616 0.0000 0.6480 -0.7616 0.0000 0.6480 -0.7616 0.0000 0.6480 -0.7616 0.0000 0.6480 -0.7616 0.0000 -0.0306 -0.0254 0.9992 -0.0306 -0.0254 0.9992 -0.0306 -0.0254 0.9992 -0.0306 -0.0254 0.9992 -0.0306 -0.0254 0.9992 -0.0306 -0.0254 0.9992 0.6388 -0.7694 0.0000 0.6388 -0.7694 0.0000 0.6388 -0.7694 0.0000 0.6388 -0.7694 0.0000 0.6388 -0.7694 0.0000 0.6388 -0.7694 0.0000 -0.0353 -0.0285 0.9990 -0.0353 -0.0285 0.9990 -0.0353 -0.0285 0.9990 -0.0353 -0.0285 0.9990 -0.0353 -0.0285 0.9990 -0.0353 -0.0285 0.9990 0.6292 -0.7772 0.0000 0.6292 -0.7772 0.0000 0.6292 -0.7772 0.0000 0.6292 -0.7772 0.0000 0.6292 -0.7772 0.0000 0.6292 -0.7772 0.0000 -0.0404 -0.0310 0.9987 -0.0404 -0.0310 0.9987 -0.0404 -0.0310 0.9987 -0.0404 -0.0310 0.9987 -0.0404 -0.0310 0.9987 -0.0404 -0.0310 0.9987 0.6082 -0.7938 0.0000 0.6082 -0.7938 0.0000 0.6082 -0.7938 0.0000 0.6082 -0.7938 0.0000 0.6082 -0.7938 0.0000 0.6082 -0.7938 0.0000 -0.0462 -0.0328 0.9984 -0.0462 -0.0328 0.9984 -0.0462 -0.0328 0.9984 -0.0462 -0.0328 0.9984 -0.0462 -0.0328 0.9984 -0.0462 -0.0328 0.9984 0.5790 -0.8153 0.0000 0.5790 -0.8153 0.0000 0.5790 -0.8153 0.0000 0.5790 -0.8153 0.0000 0.5790 -0.8153 0.0000 0.5790 -0.8153 0.0000 -0.0522 -0.0347 0.9980 -0.0522 -0.0347 0.9980 -0.0522 -0.0347 0.9980 -0.0522 -0.0347 0.9980 -0.0522 -0.0347 0.9980 -0.0522 -0.0347 0.9980 0.5536 -0.8328 0.0000 0.5536 -0.8328 0.0000 0.5536 -0.8328 0.0000 0.5536 -0.8328 0.0000 0.5536 -0.8328 0.0000 0.5536 -0.8328 0.0000 -0.0583 -0.0366 0.9976 -0.0583 -0.0366 0.9976 -0.0583 -0.0366 0.9976 -0.0583 -0.0366 0.9976 -0.0583 -0.0366 0.9976 -0.0583 -0.0366 0.9976 0.5314 -0.8471 0.0000 0.5314 -0.8471 0.0000 0.5314 -0.8471 0.0000 0.5314 -0.8471 0.0000 0.5314 -0.8471 0.0000 0.5314 -0.8471 0.0000 -0.0645 -0.0384 0.9972 -0.0645 -0.0384 0.9972 -0.0645 -0.0384 0.9972 -0.0645 -0.0384 0.9972 -0.0645 -0.0384 0.9972 -0.0645 -0.0384 0.9972 0.5119 -0.8590 0.0000 0.5119 -0.8590 0.0000 0.5119 -0.8590 0.0000 0.5119 -0.8590 0.0000 0.5119 -0.8590 0.0000 0.5119 -0.8590 0.0000 -0.0707 -0.0403 0.9967 -0.0707 -0.0403 0.9967 -0.0707 -0.0403 0.9967 -0.0707 -0.0403 0.9967 -0.0707 -0.0403 0.9967 -0.0707 -0.0403 0.9967 0.4948 -0.8690 0.0000 0.4948 -0.8690 0.0000 0.4948 -0.8690 0.0000 0.4948 -0.8690 0.0000 0.4948 -0.8690 0.0000 0.4948 -0.8690 0.0000 -0.0770 -0.0421 0.9961 -0.0770 -0.0421 0.9961 -0.0770 -0.0421 0.9961 -0.0770 -0.0421 0.9961 -0.0770 -0.0421 0.9961 -0.0770 -0.0421 0.9961 0.4799 -0.8773 0.0000 0.4799 -0.8773 0.0000 0.4799 -0.8773 0.0000 0.4799 -0.8773 0.0000 0.4799 -0.8773 0.0000 0.4799 -0.8773 0.0000 -0.0832 -0.0439 0.9956 -0.0832 -0.0439 0.9956 -0.0832 -0.0439 0.9956 -0.0832 -0.0439 0.9956 -0.0832 -0.0439 0.9956 -0.0832 -0.0439 0.9956 0.4669 -0.8843 0.0000 0.4669 -0.8843 0.0000 0.4669 -0.8843 0.0000 0.4669 -0.8843 0.0000 0.4669 -0.8843 0.0000 0.4669 -0.8843 0.0000 -0.0895 -0.0458 0.9949 -0.0895 -0.0458 0.9949 -0.0895 -0.0458 0.9949 -0.0895 -0.0458 0.9949 -0.0895 -0.0458 0.9949 -0.0895 -0.0458 0.9949 0.4555 -0.8902 0.0000 0.4555 -0.8902 0.0000 0.4555 -0.8902 0.0000 0.4555 -0.8902 0.0000 0.4555 -0.8902 0.0000 0.4555 -0.8902 0.0000 -0.0956 -0.0476 0.9943 -0.0956 -0.0476 0.9943 -0.0956 -0.0476 0.9943 -0.0956 -0.0476 0.9943 -0.0956 -0.0476 0.9943 -0.0956 -0.0476 0.9943 0.4457 -0.8952 0.0000 0.4457 -0.8952 0.0000 0.4457 -0.8952 0.0000 0.4457 -0.8952 0.0000 0.4457 -0.8952 0.0000 0.4457 -0.8952 0.0000 -0.1016 -0.0494 0.9936 -0.1016 -0.0494 0.9936 -0.1016 -0.0494 0.9936 -0.1016 -0.0494 0.9936 -0.1016 -0.0494 0.9936 -0.1016 -0.0494 0.9936 0.4374 -0.8993 0.0000 0.4374 -0.8993 0.0000 0.4374 -0.8993 0.0000 0.4374 -0.8993 0.0000 0.4374 -0.8993 0.0000 0.4374 -0.8993 0.0000 -0.1075 -0.0513 0.9929 -0.1075 -0.0513 0.9929 -0.1075 -0.0513 0.9929 -0.1075 -0.0513 0.9929 -0.1075 -0.0513 0.9929 -0.1075 -0.0513 0.9929 0.4305 -0.9026 0.0000 0.4305 -0.9026 0.0000 0.4305 -0.9026 0.0000 0.4305 -0.9026 0.0000 0.4305 -0.9026 0.0000 0.4305 -0.9026 0.0000 -0.1131 -0.0531 0.9922 -0.1131 -0.0531 0.9922 -0.1131 -0.0531 0.9922 -0.1131 -0.0531 0.9922 -0.1131 -0.0531 0.9922 -0.1131 -0.0531 0.9922 0.4250 -0.9052 0.0000 0.4250 -0.9052 0.0000 0.4250 -0.9052 0.0000 0.4250 -0.9052 0.0000 0.4250 -0.9052 0.0000 0.4250 -0.9052 0.0000 -0.1185 -0.0550 0.9914 -0.1185 -0.0550 0.9914 -0.1185 -0.0550 0.9914 -0.1185 -0.0550 0.9914 -0.1185 -0.0550 0.9914 -0.1185 -0.0550 0.9914 0.4209 -0.9071 0.0000 0.4209 -0.9071 0.0000 0.4209 -0.9071 0.0000 0.4209 -0.9071 0.0000 0.4209 -0.9071 0.0000 0.4209 -0.9071 0.0000 -0.1236 -0.0569 0.9907 -0.1236 -0.0569 0.9907 -0.1236 -0.0569 0.9907 -0.1236 -0.0569 0.9907 -0.1236 -0.0569 0.9907 -0.1236 -0.0569 0.9907 0.4183 -0.9083 0.0000 0.4183 -0.9083 0.0000 0.4183 -0.9083 0.0000 0.4183 -0.9083 0.0000 0.4183 -0.9083 0.0000 0.4183 -0.9083 0.0000 -0.1283 -0.0589 0.9900 -0.1283 -0.0589 0.9900 -0.1283 -0.0589 0.9900 -0.1283 -0.0589 0.9900 -0.1283 -0.0589 0.9900 -0.1283 -0.0589 0.9900 0.4174 -0.9087 0.0000 0.4174 -0.9087 0.0000 0.4174 -0.9087 0.0000 0.4174 -0.9087 0.0000 0.4174 -0.9087 0.0000 0.4174 -0.9087 0.0000 -0.1326 -0.0611 0.9893 -0.1326 -0.0611 0.9893 -0.1326 -0.0611 0.9893 -0.1326 -0.0611 0.9893 -0.1326 -0.0611 0.9893 -0.1326 -0.0611 0.9893 0.4186 -0.9082 0.0000 0.4186 -0.9082 0.0000 0.4186 -0.9082 0.0000 0.4186 -0.9082 0.0000 0.4186 -0.9082 0.0000 0.4186 -0.9082 0.0000 -0.1363 -0.0635 0.9886 -0.1363 -0.0635 0.9886 -0.1363 -0.0635 0.9886 -0.1363 -0.0635 0.9886 -0.1363 -0.0635 0.9886 -0.1363 -0.0635 0.9886 0.4223 -0.9065 0.0000 0.4223 -0.9065 0.0000 0.4223 -0.9065 0.0000 0.4223 -0.9065 0.0000 0.4223 -0.9065 0.0000 0.4223 -0.9065 0.0000 -0.1394 -0.0663 0.9880 -0.1394 -0.0663 0.9880 -0.1394 -0.0663 0.9880 -0.1394 -0.0663 0.9880 -0.1394 -0.0663 0.9880 -0.1394 -0.0663 0.9880 0.4293 -0.9032 0.0000 0.4293 -0.9032 0.0000 0.4293 -0.9032 0.0000 0.4293 -0.9032 0.0000 0.4293 -0.9032 0.0000 0.4293 -0.9032 0.0000 -0.1417 -0.0696 0.9875 -0.1417 -0.0696 0.9875 -0.1417 -0.0696 0.9875 -0.1417 -0.0696 0.9875 -0.1417 -0.0696 0.9875 -0.1417 -0.0696 0.9875 0.4410 -0.8975 0.0000 0.4410 -0.8975 0.0000 0.4410 -0.8975 0.0000 0.4410 -0.8975 0.0000 0.4410 -0.8975 0.0000 0.4410 -0.8975 0.0000 -0.1433 -0.0742 0.9869 -0.1433 -0.0742 0.9869 -0.1433 -0.0742 0.9869 -0.1433 -0.0742 0.9869 -0.1433 -0.0742 0.9869 -0.1433 -0.0742 0.9869 0.4598 -0.8880 0.0000 0.4598 -0.8880 0.0000 0.4598 -0.8880 0.0000 0.4598 -0.8880 0.0000 0.4598 -0.8880 0.0000 0.4598 -0.8880 0.0000 -0.1081 0.1010 0.9890 -0.1081 0.1010 0.9890 -0.1081 0.1010 0.9890 -0.1081 0.1010 0.9890 -0.1081 0.1010 0.9890 -0.1081 0.1010 0.9890 0.6825 0.7309 0.0000 0.6825 0.7309 0.0000 0.6825 0.7309 0.0000 0.6825 0.7309 0.0000 0.6825 0.7309 0.0000 0.6825 0.7309 0.0000 -0.1141 0.0865 0.9897 -0.1141 0.0865 0.9897 -0.1141 0.0865 0.9897 -0.1141 0.0865 0.9897 -0.1141 0.0865 0.9897 -0.1141 0.0865 0.9897 0.6041 0.7969 0.0000 0.6041 0.7969 0.0000 0.6041 0.7969 0.0000 0.6041 0.7969 0.0000 0.6041 0.7969 0.0000 0.6041 0.7969 0.0000 -0.1134 0.0790 0.9904 -0.1134 0.0790 0.9904 -0.1134 0.0790 0.9904 -0.1134 0.0790 0.9904 -0.1134 0.0790 0.9904 -0.1134 0.0790 0.9904 0.5717 0.8205 0.0000 0.5717 0.8205 0.0000 0.5717 0.8205 0.0000 0.5717 0.8205 0.0000 0.5717 0.8205 0.0000 0.5717 0.8205 0.0000 -0.1095 0.0747 0.9912 -0.1095 0.0747 0.9912 -0.1095 0.0747 0.9912 -0.1095 0.0747 0.9912 -0.1095 0.0747 0.9912 -0.1095 0.0747 0.9912 0.5638 0.8259 0.0000 0.5638 0.8259 0.0000 0.5638 0.8259 0.0000 0.5638 0.8259 0.0000 0.5638 0.8259 0.0000 0.5638 0.8259 0.0000 -0.1037 0.0723 0.9920 -0.1037 0.0723 0.9920 -0.1037 0.0723 0.9920 -0.1037 0.0723 0.9920 -0.1037 0.0723 0.9920 -0.1037 0.0723 0.9920 0.5723 0.8201 0.0000 0.5723 0.8201 0.0000 0.5723 0.8201 0.0000 0.5723 0.8201 0.0000 0.5723 0.8201 0.0000 0.5723 0.8201 0.0000 -0.0965 0.0712 0.9928 -0.0965 0.0712 0.9928 -0.0965 0.0712 0.9928 -0.0965 0.0712 0.9928 -0.0965 0.0712 0.9928 -0.0965 0.0712 0.9928 0.5940 0.8044 0.0000 0.5940 0.8044 0.0000 0.5940 0.8044 0.0000 0.5940 0.8044 0.0000 0.5940 0.8044 0.0000 0.5940 0.8044 0.0000 -0.0880 0.0712 0.9936 -0.0880 0.0712 0.9936 -0.0880 0.0712 0.9936 -0.0880 0.0712 0.9936 -0.0880 0.0712 0.9936 -0.0880 0.0712 0.9936 0.6286 0.7777 0.0000 0.6286 0.7777 0.0000 0.6286 0.7777 0.0000 0.6286 0.7777 0.0000 0.6286 0.7777 0.0000 0.6286 0.7777 0.0000 -0.0784 0.0721 0.9943 -0.0784 0.0721 0.9943 -0.0784 0.0721 0.9943 -0.0784 0.0721 0.9943 -0.0784 0.0721 0.9943 -0.0784 0.0721 0.9943 0.6769 0.7361 0.0000 0.6769 0.7361 0.0000 0.6769 0.7361 0.0000 0.6769 0.7361 0.0000 0.6769 0.7361 0.0000 0.6769 0.7361 0.0000 -0.0671 0.0739 0.9950 -0.0671 0.0739 0.9950 -0.0671 0.0739 0.9950 -0.0671 0.0739 0.9950 -0.0671 0.0739 0.9950 -0.0671 0.0739 0.9950 0.7404 0.6722 0.0000 0.7404 0.6722 0.0000 0.7404 0.6722 0.0000 0.7404 0.6722 0.0000 0.7404 0.6722 0.0000 0.7404 0.6722 0.0000 -0.0536 0.0765 0.9956 -0.0536 0.0765 0.9956 -0.0536 0.0765 0.9956 -0.0536 0.0765 0.9956 -0.0536 0.0765 0.9956 -0.0536 0.0765 0.9956 0.8189 0.5739 0.0000 0.8189 0.5739 0.0000 0.8189 0.5739 0.0000 0.8189 0.5739 0.0000 0.8189 0.5739 0.0000 0.8189 0.5739 0.0000 -0.0369 0.0792 0.9962 -0.0369 0.0792 0.9962 -0.0369 0.0792 0.9962 -0.0369 0.0792 0.9962 -0.0369 0.0792 0.9962 -0.0369 0.0792 0.9962 0.9062 0.4229 0.0000 0.9062 0.4229 0.0000 0.9062 0.4229 0.0000 0.9062 0.4229 0.0000 0.9062 0.4229 0.0000 0.9062 0.4229 0.0000 -0.0165 0.0799 0.9967 -0.0165 0.0799 0.9967 -0.0165 0.0799 0.9967 -0.0165 0.0799 0.9967 -0.0165 0.0799 0.9967 -0.0165 0.0799 0.9967 0.9794 0.2018 0.0000 0.9794 0.2018 0.0000 0.9794 0.2018 0.0000 0.9794 0.2018 0.0000 0.9794 0.2018 0.0000 0.9794 0.2018 0.0000 0.0061 0.0763 0.9971 0.0061 0.0763 0.9971 0.0061 0.0763 0.9971 0.0061 0.0763 0.9971 0.0061 0.0763 0.9971 0.0061 0.0763 0.9971 0.9968 -0.0799 0.0000 0.9968 -0.0799 0.0000 0.9968 -0.0799 0.0000 0.9968 -0.0799 0.0000 0.9968 -0.0799 0.0000 0.9968 -0.0799 0.0000 0.0204 0.0694 0.9974 0.0204 0.0694 0.9974 0.0204 0.0694 0.9974 0.0204 0.0694 0.9974 0.0204 0.0694 0.9974 0.0204 0.0694 0.9974 0.9595 -0.2815 0.0000 0.9595 -0.2815 0.0000 0.9595 -0.2815 0.0000 0.9595 -0.2815 0.0000 0.9595 -0.2815 0.0000 0.9595 -0.2815 0.0000 0.0256 0.0639 0.9976 0.0256 0.0639 0.9976 0.0256 0.0639 0.9976 0.0256 0.0639 0.9976 0.0256 0.0639 0.9976 0.0256 0.0639 0.9976 0.9281 -0.3723 0.0000 0.9281 -0.3723 0.0000 0.9281 -0.3723 0.0000 0.9281 -0.3723 0.0000 0.9281 -0.3723 0.0000 0.9281 -0.3723 0.0000 0.0287 0.0583 0.9979 0.0287 0.0583 0.9979 0.0287 0.0583 0.9979 0.0287 0.0583 0.9979 0.0287 0.0583 0.9979 0.0287 0.0583 0.9979 0.8972 -0.4416 0.0000 0.8972 -0.4416 0.0000 0.8972 -0.4416 0.0000 0.8972 -0.4416 0.0000 0.8972 -0.4416 0.0000 0.8972 -0.4416 0.0000 0.0300 0.0527 0.9982 0.0300 0.0527 0.9982 0.0300 0.0527 0.9982 0.0300 0.0527 0.9982 0.0300 0.0527 0.9982 0.0300 0.0527 0.9982 0.8688 -0.4952 0.0000 0.8688 -0.4952 0.0000 0.8688 -0.4952 0.0000 0.8688 -0.4952 0.0000 0.8688 -0.4952 0.0000 0.8688 -0.4952 0.0000 0.0301 0.0472 0.9984 0.0301 0.0472 0.9984 0.0301 0.0472 0.9984 0.0301 0.0472 0.9984 0.0301 0.0472 0.9984 0.0301 0.0472 0.9984 0.8432 -0.5377 0.0000 0.8432 -0.5377 0.0000 0.8432 -0.5377 0.0000 0.8432 -0.5377 0.0000 0.8432 -0.5377 0.0000 0.8432 -0.5377 0.0000 0.0292 0.0419 0.9987 0.0292 0.0419 0.9987 0.0292 0.0419 0.9987 0.0292 0.0419 0.9987 0.0292 0.0419 0.9987 0.0292 0.0419 0.9987 0.8203 -0.5719 0.0000 0.8203 -0.5719 0.0000 0.8203 -0.5719 0.0000 0.8203 -0.5719 0.0000 0.8203 -0.5719 0.0000 0.8203 -0.5719 0.0000 0.0275 0.0367 0.9989 0.0275 0.0367 0.9989 0.0275 0.0367 0.9989 0.0275 0.0367 0.9989 0.0275 0.0367 0.9989 0.0275 0.0367 0.9989 0.8000 -0.5999 0.0000 0.8000 -0.5999 0.0000 0.8000 -0.5999 0.0000 0.8000 -0.5999 0.0000 0.8000 -0.5999 0.0000 0.8000 -0.5999 0.0000 0.0251 0.0315 0.9992 0.0251 0.0315 0.9992 0.0251 0.0315 0.9992 0.0251 0.0315 0.9992 0.0251 0.0315 0.9992 0.0251 0.0315 0.9992 0.7819 -0.6234 0.0000 0.7819 -0.6234 0.0000 0.7819 -0.6234 0.0000 0.7819 -0.6234 0.0000 0.7819 -0.6234 0.0000 0.7819 -0.6234 0.0000 0.0222 0.0265 0.9994 0.0222 0.0265 0.9994 0.0222 0.0265 0.9994 0.0222 0.0265 0.9994 0.0222 0.0265 0.9994 0.0222 0.0265 0.9994 0.7657 -0.6432 0.0000 0.7657 -0.6432 0.0000 0.7657 -0.6432 0.0000 0.7657 -0.6432 0.0000 0.7657 -0.6432 0.0000 0.7657 -0.6432 0.0000 0.0189 0.0215 0.9996 0.0189 0.0215 0.9996 0.0189 0.0215 0.9996 0.0189 0.0215 0.9996 0.0189 0.0215 0.9996 0.0189 0.0215 0.9996 0.7510 -0.6603 0.0000 0.7510 -0.6603 0.0000 0.7510 -0.6603 0.0000 0.7510 -0.6603 0.0000 0.7510 -0.6603 0.0000 0.7510 -0.6603 0.0000 0.0152 0.0166 0.9997 0.0152 0.0166 0.9997 0.0152 0.0166 0.9997 0.0152 0.0166 0.9997 0.0152 0.0166 0.9997 0.0152 0.0166 0.9997 0.7377 -0.6752 0.0000 0.7377 -0.6752 0.0000 0.7377 -0.6752 0.0000 0.7377 -0.6752 0.0000 0.7377 -0.6752 0.0000 0.7377 -0.6752 0.0000 0.0112 0.0118 0.9999 0.0112 0.0118 0.9999 0.0112 0.0118 0.9999 0.0112 0.0118 0.9999 0.0112 0.0118 0.9999 0.0112 0.0118 0.9999 0.7254 -0.6883 0.0000 0.7254 -0.6883 0.0000 0.7254 -0.6883 0.0000 0.7254 -0.6883 0.0000 0.7254 -0.6883 0.0000 0.7254 -0.6883 0.0000 0.0070 0.0071 1.0000 0.0070 0.0071 1.0000 0.0070 0.0071 1.0000 0.0070 0.0071 1.0000 0.0070 0.0071 1.0000 0.0070 0.0071 1.0000 0.7141 -0.7001 0.0000 0.7141 -0.7001 0.0000 0.7141 -0.7001 0.0000 0.7141 -0.7001 0.0000 0.7141 -0.7001 0.0000 0.7141 -0.7001 0.0000 0.0026 0.0025 1.0000 0.0026 0.0025 1.0000 0.0026 0.0025 1.0000 0.0026 0.0025 1.0000 0.0026 0.0025 1.0000 0.0026 0.0025 1.0000 0.7035 -0.7107 0.0000 0.7035 -0.7107 0.0000 0.7035 -0.7107 0.0000 0.7035 -0.7107 0.0000 0.7035 -0.7107 0.0000 0.7035 -0.7107 0.0000 -0.0020 -0.0019 1.0000 -0.0020 -0.0019 1.0000 -0.0020 -0.0019 1.0000 -0.0020 -0.0019 1.0000 -0.0020 -0.0019 1.0000 -0.0020 -0.0019 1.0000 0.6935 -0.7204 0.0000 0.6935 -0.7204 0.0000 0.6935 -0.7204 0.0000 0.6935 -0.7204 0.0000 0.6935 -0.7204 0.0000 0.6935 -0.7204 0.0000 -0.0067 -0.0063 1.0000 -0.0067 -0.0063 1.0000 -0.0067 -0.0063 1.0000 -0.0067 -0.0063 1.0000 -0.0067 -0.0063 1.0000 -0.0067 -0.0063 1.0000 0.6840 -0.7295 0.0000 0.6840 -0.7295 0.0000 0.6840 -0.7295 0.0000 0.6840 -0.7295 0.0000 0.6840 -0.7295 0.0000 0.6840 -0.7295 0.0000 -0.0115 -0.0105 0.9999 -0.0115 -0.0105 0.9999 -0.0115 -0.0105 0.9999 -0.0115 -0.0105 0.9999 -0.0115 -0.0105 0.9999 -0.0115 -0.0105 0.9999 0.6748 -0.7380 0.0000 0.6748 -0.7380 0.0000 0.6748 -0.7380 0.0000 0.6748 -0.7380 0.0000 0.6748 -0.7380 0.0000 0.6748 -0.7380 0.0000 -0.0163 -0.0145 0.9998 -0.0163 -0.0145 0.9998 -0.0163 -0.0145 0.9998 -0.0163 -0.0145 0.9998 -0.0163 -0.0145 0.9998 -0.0163 -0.0145 0.9998 0.6658 -0.7461 0.0000 0.6658 -0.7461 0.0000 0.6658 -0.7461 0.0000 0.6658 -0.7461 0.0000 0.6658 -0.7461 0.0000 0.6658 -0.7461 0.0000 -0.0211 -0.0183 0.9996 -0.0211 -0.0183 0.9996 -0.0211 -0.0183 0.9996 -0.0211 -0.0183 0.9996 -0.0211 -0.0183 0.9996 -0.0211 -0.0183 0.9996 0.6570 -0.7539 0.0000 0.6570 -0.7539 0.0000 0.6570 -0.7539 0.0000 0.6570 -0.7539 0.0000 0.6570 -0.7539 0.0000 0.6570 -0.7539 0.0000 -0.0258 -0.0220 0.9994 -0.0258 -0.0220 0.9994 -0.0258 -0.0220 0.9994 -0.0258 -0.0220 0.9994 -0.0258 -0.0220 0.9994 -0.0258 -0.0220 0.9994 0.6480 -0.7616 0.0000 0.6480 -0.7616 0.0000 0.6480 -0.7616 0.0000 0.6480 -0.7616 0.0000 0.6480 -0.7616 0.0000 0.6480 -0.7616 0.0000 -0.0305 -0.0254 0.9992 -0.0305 -0.0254 0.9992 -0.0305 -0.0254 0.9992 -0.0305 -0.0254 0.9992 -0.0305 -0.0254 0.9992 -0.0305 -0.0254 0.9992 0.6388 -0.7694 0.0000 0.6388 -0.7694 0.0000 0.6388 -0.7694 0.0000 0.6388 -0.7694 0.0000 0.6388 -0.7694 0.0000 0.6388 -0.7694 0.0000 -0.0351 -0.0284 0.9990 -0.0351 -0.0284 0.9990 -0.0351 -0.0284 0.9990 -0.0351 -0.0284 0.9990 -0.0351 -0.0284 0.9990 -0.0351 -0.0284 0.9990 0.6292 -0.7773 0.0000 0.6292 -0.7773 0.0000 0.6292 -0.7773 0.0000 0.6292 -0.7773 0.0000 0.6292 -0.7773 0.0000 0.6292 -0.7773 0.0000 -0.0403 -0.0309 0.9987 -0.0403 -0.0309 0.9987 -0.0403 -0.0309 0.9987 -0.0403 -0.0309 0.9987 -0.0403 -0.0309 0.9987 -0.0403 -0.0309 0.9987 0.6081 -0.7939 0.0000 0.6081 -0.7939 0.0000 0.6081 -0.7939 0.0000 0.6081 -0.7939 0.0000 0.6081 -0.7939 0.0000 0.6081 -0.7939 0.0000 -0.0461 -0.0327 0.9984 -0.0461 -0.0327 0.9984 -0.0461 -0.0327 0.9984 -0.0461 -0.0327 0.9984 -0.0461 -0.0327 0.9984 -0.0461 -0.0327 0.9984 0.5790 -0.8153 0.0000 0.5790 -0.8153 0.0000 0.5790 -0.8153 0.0000 0.5790 -0.8153 0.0000 0.5790 -0.8153 0.0000 0.5790 -0.8153 0.0000 -0.0521 -0.0346 0.9980 -0.0521 -0.0346 0.9980 -0.0521 -0.0346 0.9980 -0.0521 -0.0346 0.9980 -0.0521 -0.0346 0.9980 -0.0521 -0.0346 0.9980 0.5536 -0.8328 0.0000 0.5536 -0.8328 0.0000 0.5536 -0.8328 0.0000 0.5536 -0.8328 0.0000 0.5536 -0.8328 0.0000 0.5536 -0.8328 0.0000 -0.0581 -0.0365 0.9976 -0.0581 -0.0365 0.9976 -0.0581 -0.0365 0.9976 -0.0581 -0.0365 0.9976 -0.0581 -0.0365 0.9976 -0.0581 -0.0365 0.9976 0.5313 -0.8472 0.0000 0.5313 -0.8472 0.0000 0.5313 -0.8472 0.0000 0.5313 -0.8472 0.0000 0.5313 -0.8472 0.0000 0.5313 -0.8472 0.0000 -0.0643 -0.0383 0.9972 -0.0643 -0.0383 0.9972 -0.0643 -0.0383 0.9972 -0.0643 -0.0383 0.9972 -0.0643 -0.0383 0.9972 -0.0643 -0.0383 0.9972 0.5119 -0.8591 0.0000 0.5119 -0.8591 0.0000 0.5119 -0.8591 0.0000 0.5119 -0.8591 0.0000 0.5119 -0.8591 0.0000 0.5119 -0.8591 0.0000 -0.0706 -0.0402 0.9967 -0.0706 -0.0402 0.9967 -0.0706 -0.0402 0.9967 -0.0706 -0.0402 0.9967 -0.0706 -0.0402 0.9967 -0.0706 -0.0402 0.9967 0.4948 -0.8690 0.0000 0.4948 -0.8690 0.0000 0.4948 -0.8690 0.0000 0.4948 -0.8690 0.0000 0.4948 -0.8690 0.0000 0.4948 -0.8690 0.0000 -0.0769 -0.0420 0.9962 -0.0769 -0.0420 0.9962 -0.0769 -0.0420 0.9962 -0.0769 -0.0420 0.9962 -0.0769 -0.0420 0.9962 -0.0769 -0.0420 0.9962 0.4799 -0.8773 0.0000 0.4799 -0.8773 0.0000 0.4799 -0.8773 0.0000 0.4799 -0.8773 0.0000 0.4799 -0.8773 0.0000 0.4799 -0.8773 0.0000 -0.0831 -0.0439 0.9956 -0.0831 -0.0439 0.9956 -0.0831 -0.0439 0.9956 -0.0831 -0.0439 0.9956 -0.0831 -0.0439 0.9956 -0.0831 -0.0439 0.9956 0.4669 -0.8843 0.0000 0.4669 -0.8843 0.0000 0.4669 -0.8843 0.0000 0.4669 -0.8843 0.0000 0.4669 -0.8843 0.0000 0.4669 -0.8843 0.0000 -0.0894 -0.0457 0.9949 -0.0894 -0.0457 0.9949 -0.0894 -0.0457 0.9949 -0.0894 -0.0457 0.9949 -0.0894 -0.0457 0.9949 -0.0894 -0.0457 0.9949 0.4555 -0.8902 0.0000 0.4555 -0.8902 0.0000 0.4555 -0.8902 0.0000 0.4555 -0.8902 0.0000 0.4555 -0.8902 0.0000 0.4555 -0.8902 0.0000 -0.0955 -0.0476 0.9943 -0.0955 -0.0476 0.9943 -0.0955 -0.0476 0.9943 -0.0955 -0.0476 0.9943 -0.0955 -0.0476 0.9943 -0.0955 -0.0476 0.9943 0.4457 -0.8952 0.0000 0.4457 -0.8952 0.0000 0.4457 -0.8952 0.0000 0.4457 -0.8952 0.0000 0.4457 -0.8952 0.0000 0.4457 -0.8952 0.0000 -0.1015 -0.0494 0.9936 -0.1015 -0.0494 0.9936 -0.1015 -0.0494 0.9936 -0.1015 -0.0494 0.9936 -0.1015 -0.0494 0.9936 -0.1015 -0.0494 0.9936 0.4374 -0.8993 0.0000 0.4374 -0.8993 0.0000 0.4374 -0.8993 0.0000 0.4374 -0.8993 0.0000 0.4374 -0.8993 0.0000 0.4374 -0.8993 0.0000 -0.1074 -0.0512 0.9929 -0.1074 -0.0512 0.9929 -0.1074 -0.0512 0.9929 -0.1074 -0.0512 0.9929 -0.1074 -0.0512 0.9929 -0.1074 -0.0512 0.9929 0.4305 -0.9026 0.0000 0.4305 -0.9026 0.0000 0.4305 -0.9026 0.0000 0.4305 -0.9026 0.0000 0.4305 -0.9026 0.0000 0.4305 -0.9026 0.0000 -0.1131 -0.0531 0.9922 -0.1131 -0.0531 0.9922 -0.1131 -0.0531 0.9922 -0.1131 -0.0531 0.9922 -0.1131 -0.0531 0.9922 -0.1131 -0.0531 0.9922 0.4250 -0.9052 0.0000 0.4250 -0.9052 0.0000 0.4250 -0.9052 0.0000 0.4250 -0.9052 0.0000 0.4250 -0.9052 0.0000 0.4250 -0.9052 0.0000 -0.1185 -0.0550 0.9914 -0.1185 -0.0550 0.9914 -0.1185 -0.0550 0.9914 -0.1185 -0.0550 0.9914 -0.1185 -0.0550 0.9914 -0.1185 -0.0550 0.9914 0.4209 -0.9071 0.0000 0.4209 -0.9071 0.0000 0.4209 -0.9071 0.0000 0.4209 -0.9071 0.0000 0.4209 -0.9071 0.0000 0.4209 -0.9071 0.0000 -0.1236 -0.0569 0.9907 -0.1236 -0.0569 0.9907 -0.1236 -0.0569 0.9907 -0.1236 -0.0569 0.9907 -0.1236 -0.0569 0.9907 -0.1236 -0.0569 0.9907 0.4183 -0.9083 0.0000 0.4183 -0.9083 0.0000 0.4183 -0.9083 0.0000 0.4183 -0.9083 0.0000 0.4183 -0.9083 0.0000 0.4183 -0.9083 0.0000 -0.1283 -0.0589 0.9900 -0.1283 -0.0589 0.9900 -0.1283 -0.0589 0.9900 -0.1283 -0.0589 0.9900 -0.1283 -0.0589 0.9900 -0.1283 -0.0589 0.9900 0.4174 -0.9087 0.0000 0.4174 -0.9087 0.0000 0.4174 -0.9087 0.0000 0.4174 -0.9087 0.0000 0.4174 -0.9087 0.0000 0.4174 -0.9087 0.0000 -0.1326 -0.0611 0.9893 -0.1326 -0.0611 0.9893 -0.1326 -0.0611 0.9893 -0.1326 -0.0611 0.9893 -0.1326 -0.0611 0.9893 -0.1326 -0.0611 0.9893 0.4186 -0.9082 0.0000 0.4186 -0.9082 0.0000 0.4186 -0.9082 0.0000 0.4186 -0.9082 0.0000 0.4186 -0.9082 0.0000 0.4186 -0.9082 0.0000 -0.1365 -0.0636 0.9886 -0.1365 -0.0636 0.9886 -0.1365 -0.0636 0.9886 -0.1365 -0.0636 0.9886 -0.1365 -0.0636 0.9886 -0.1365 -0.0636 0.9886 0.4223 -0.9065 0.0000 0.4223 -0.9065 0.0000 0.4223 -0.9065 0.0000 0.4223 -0.9065 0.0000 0.4223 -0.9065 0.0000 0.4223 -0.9065 0.0000 -0.1397 -0.0664 0.9880 -0.1397 -0.0664 0.9880 -0.1397 -0.0664 0.9880 -0.1397 -0.0664 0.9880 -0.1397 -0.0664 0.9880 -0.1397 -0.0664 0.9880 0.4292 -0.9032 0.0000 0.4292 -0.9032 0.0000 0.4292 -0.9032 0.0000 0.4292 -0.9032 0.0000 0.4292 -0.9032 0.0000 0.4292 -0.9032 0.0000 -0.1422 -0.0699 0.9874 -0.1422 -0.0699 0.9874 -0.1422 -0.0699 0.9874 -0.1422 -0.0699 0.9874 -0.1422 -0.0699 0.9874 -0.1422 -0.0699 0.9874 0.4409 -0.8975 0.0000 0.4409 -0.8975 0.0000 0.4409 -0.8975 0.0000 0.4409 -0.8975 0.0000 0.4409 -0.8975 0.0000 0.4409 -0.8975 0.0000 -0.1433 -0.0742 0.9869 -0.1433 -0.0742 0.9869 -0.1433 -0.0742 0.9869 -0.1433 -0.0742 0.9869 -0.1433 -0.0742 0.9869 -0.1433 -0.0742 0.9869 0.4598 -0.8880 0.0000 0.4598 -0.8880 0.0000 0.4598 -0.8880 0.0000 0.4598 -0.8880 0.0000 0.4598 -0.8880 0.0000 0.4598 -0.8880 0.0000 -0.1071 0.0999 0.9892 -0.1071 0.0999 0.9892 -0.1071 0.0999 0.9892 -0.1071 0.0999 0.9892 -0.1071 0.0999 0.9892 -0.1071 0.0999 0.9892 0.6821 0.7312 0.0000 0.6821 0.7312 0.0000 0.6821 0.7312 0.0000 0.6821 0.7312 0.0000 0.6821 0.7312 0.0000 0.6821 0.7312 0.0000 -0.1138 0.0862 0.9898 -0.1138 0.0862 0.9898 -0.1138 0.0862 0.9898 -0.1138 0.0862 0.9898 -0.1138 0.0862 0.9898 -0.1138 0.0862 0.9898 0.6041 0.7969 0.0000 0.6041 0.7969 0.0000 0.6041 0.7969 0.0000 0.6041 0.7969 0.0000 0.6041 0.7969 0.0000 0.6041 0.7969 0.0000 -0.1133 0.0790 0.9904 -0.1133 0.0790 0.9904 -0.1133 0.0790 0.9904 -0.1133 0.0790 0.9904 -0.1133 0.0790 0.9904 -0.1133 0.0790 0.9904 0.5717 0.8205 0.0000 0.5717 0.8205 0.0000 0.5717 0.8205 0.0000 0.5717 0.8205 0.0000 0.5717 0.8205 0.0000 0.5717 0.8205 0.0000 -0.1095 0.0748 0.9912 -0.1095 0.0748 0.9912 -0.1095 0.0748 0.9912 -0.1095 0.0748 0.9912 -0.1095 0.0748 0.9912 -0.1095 0.0748 0.9912 0.5638 0.8259 0.0000 0.5638 0.8259 0.0000 0.5638 0.8259 0.0000 0.5638 0.8259 0.0000 0.5638 0.8259 0.0000 0.5638 0.8259 0.0000 -0.1038 0.0724 0.9920 -0.1038 0.0724 0.9920 -0.1038 0.0724 0.9920 -0.1038 0.0724 0.9920 -0.1038 0.0724 0.9920 -0.1038 0.0724 0.9920 0.5723 0.8201 0.0000 0.5723 0.8201 0.0000 0.5723 0.8201 0.0000 0.5723 0.8201 0.0000 0.5723 0.8201 0.0000 0.5723 0.8201 0.0000 -0.0967 0.0714 0.9928 -0.0967 0.0714 0.9928 -0.0967 0.0714 0.9928 -0.0967 0.0714 0.9928 -0.0967 0.0714 0.9928 -0.0967 0.0714 0.9928 0.5940 0.8045 0.0000 0.5940 0.8045 0.0000 0.5940 0.8045 0.0000 0.5940 0.8045 0.0000 0.5940 0.8045 0.0000 0.5940 0.8045 0.0000 -0.0883 0.0714 0.9935 -0.0883 0.0714 0.9935 -0.0883 0.0714 0.9935 -0.0883 0.0714 0.9935 -0.0883 0.0714 0.9935 -0.0883 0.0714 0.9935 0.6285 0.7778 0.0000 0.6285 0.7778 0.0000 0.6285 0.7778 0.0000 0.6285 0.7778 0.0000 0.6285 0.7778 0.0000 0.6285 0.7778 0.0000 -0.0787 0.0724 0.9943 -0.0787 0.0724 0.9943 -0.0787 0.0724 0.9943 -0.0787 0.0724 0.9943 -0.0787 0.0724 0.9943 -0.0787 0.0724 0.9943 0.6768 0.7362 0.0000 0.6768 0.7362 0.0000 0.6768 0.7362 0.0000 0.6768 0.7362 0.0000 0.6768 0.7362 0.0000 0.6768 0.7362 0.0000 -0.0676 0.0743 0.9949 -0.0676 0.0743 0.9949 -0.0676 0.0743 0.9949 -0.0676 0.0743 0.9949 -0.0676 0.0743 0.9949 -0.0676 0.0743 0.9949 0.7401 0.6725 0.0000 0.7401 0.6725 0.0000 0.7401 0.6725 0.0000 0.7401 0.6725 0.0000 0.7401 0.6725 0.0000 0.7401 0.6725 0.0000 -0.0542 0.0772 0.9955 -0.0542 0.0772 0.9955 -0.0542 0.0772 0.9955 -0.0542 0.0772 0.9955 -0.0542 0.0772 0.9955 -0.0542 0.0772 0.9955 0.8185 0.5745 0.0000 0.8185 0.5745 0.0000 0.8185 0.5745 0.0000 0.8185 0.5745 0.0000 0.8185 0.5745 0.0000 0.8185 0.5745 0.0000 -0.0375 0.0801 0.9961 -0.0375 0.0801 0.9961 -0.0375 0.0801 0.9961 -0.0375 0.0801 0.9961 -0.0375 0.0801 0.9961 -0.0375 0.0801 0.9961 0.9055 0.4242 0.0000 0.9055 0.4242 0.0000 0.9055 0.4242 0.0000 0.9055 0.4242 0.0000 0.9055 0.4242 0.0000 0.9055 0.4242 0.0000 -0.0169 0.0812 0.9966 -0.0169 0.0812 0.9966 -0.0169 0.0812 0.9966 -0.0169 0.0812 0.9966 -0.0169 0.0812 0.9966 -0.0169 0.0812 0.9966 0.9790 0.2040 0.0000 0.9790 0.2040 0.0000 0.9790 0.2040 0.0000 0.9790 0.2040 0.0000 0.9790 0.2040 0.0000 0.9790 0.2040 0.0000 0.0061 0.0772 0.9970 0.0061 0.0772 0.9970 0.0061 0.0772 0.9970 0.0061 0.0772 0.9970 0.0061 0.0772 0.9970 0.0061 0.0772 0.9970 0.9969 -0.0787 0.0000 0.9969 -0.0787 0.0000 0.9969 -0.0787 0.0000 0.9969 -0.0787 0.0000 0.9969 -0.0787 0.0000 0.9969 -0.0787 0.0000 0.0205 0.0700 0.9973 0.0205 0.0700 0.9973 0.0205 0.0700 0.9973 0.0205 0.0700 0.9973 0.0205 0.0700 0.9973 0.0205 0.0700 0.9973 0.9597 -0.2812 0.0000 0.9597 -0.2812 0.0000 0.9597 -0.2812 0.0000 0.9597 -0.2812 0.0000 0.9597 -0.2812 0.0000 0.9597 -0.2812 0.0000 0.0258 0.0643 0.9976 0.0258 0.0643 0.9976 0.0258 0.0643 0.9976 0.0258 0.0643 0.9976 0.0258 0.0643 0.9976 0.0258 0.0643 0.9976 0.9282 -0.3721 0.0000 0.9282 -0.3721 0.0000 0.9282 -0.3721 0.0000 0.9282 -0.3721 0.0000 0.9282 -0.3721 0.0000 0.9282 -0.3721 0.0000 0.0288 0.0586 0.9979 0.0288 0.0586 0.9979 0.0288 0.0586 0.9979 0.0288 0.0586 0.9979 0.0288 0.0586 0.9979 0.0288 0.0586 0.9979 0.8973 -0.4414 0.0000 0.8973 -0.4414 0.0000 0.8973 -0.4414 0.0000 0.8973 -0.4414 0.0000 0.8973 -0.4414 0.0000 0.8973 -0.4414 0.0000 0.0301 0.0529 0.9981 0.0301 0.0529 0.9981 0.0301 0.0529 0.9981 0.0301 0.0529 0.9981 0.0301 0.0529 0.9981 0.0301 0.0529 0.9981 0.8688 -0.4952 0.0000 0.8688 -0.4952 0.0000 0.8688 -0.4952 0.0000 0.8688 -0.4952 0.0000 0.8688 -0.4952 0.0000 0.8688 -0.4952 0.0000 0.0302 0.0474 0.9984 0.0302 0.0474 0.9984 0.0302 0.0474 0.9984 0.0302 0.0474 0.9984 0.0302 0.0474 0.9984 0.0302 0.0474 0.9984 0.8432 -0.5376 0.0000 0.8432 -0.5376 0.0000 0.8432 -0.5376 0.0000 0.8432 -0.5376 0.0000 0.8432 -0.5376 0.0000 0.8432 -0.5376 0.0000 0.0293 0.0420 0.9987 0.0293 0.0420 0.9987 0.0293 0.0420 0.9987 0.0293 0.0420 0.9987 0.0293 0.0420 0.9987 0.0293 0.0420 0.9987 0.8204 -0.5718 0.0000 0.8204 -0.5718 0.0000 0.8204 -0.5718 0.0000 0.8204 -0.5718 0.0000 0.8204 -0.5718 0.0000 0.8204 -0.5718 0.0000 0.0275 0.0367 0.9989 0.0275 0.0367 0.9989 0.0275 0.0367 0.9989 0.0275 0.0367 0.9989 0.0275 0.0367 0.9989 0.0275 0.0367 0.9989 0.8001 -0.5999 0.0000 0.8001 -0.5999 0.0000 0.8001 -0.5999 0.0000 0.8001 -0.5999 0.0000 0.8001 -0.5999 0.0000 0.8001 -0.5999 0.0000 0.0252 0.0316 0.9992 0.0252 0.0316 0.9992 0.0252 0.0316 0.9992 0.0252 0.0316 0.9992 0.0252 0.0316 0.9992 0.0252 0.0316 0.9992 0.7819 -0.6233 0.0000 0.7819 -0.6233 0.0000 0.7819 -0.6233 0.0000 0.7819 -0.6233 0.0000 0.7819 -0.6233 0.0000 0.7819 -0.6233 0.0000 0.0223 0.0265 0.9994 0.0223 0.0265 0.9994 0.0223 0.0265 0.9994 0.0223 0.0265 0.9994 0.0223 0.0265 0.9994 0.0223 0.0265 0.9994 0.7657 -0.6432 0.0000 0.7657 -0.6432 0.0000 0.7657 -0.6432 0.0000 0.7657 -0.6432 0.0000 0.7657 -0.6432 0.0000 0.7657 -0.6432 0.0000 0.0189 0.0215 0.9996 0.0189 0.0215 0.9996 0.0189 0.0215 0.9996 0.0189 0.0215 0.9996 0.0189 0.0215 0.9996 0.0189 0.0215 0.9996 0.7510 -0.6603 0.0000 0.7510 -0.6603 0.0000 0.7510 -0.6603 0.0000 0.7510 -0.6603 0.0000 0.7510 -0.6603 0.0000 0.7510 -0.6603 0.0000 0.0152 0.0166 0.9997 0.0152 0.0166 0.9997 0.0152 0.0166 0.9997 0.0152 0.0166 0.9997 0.0152 0.0166 0.9997 0.0152 0.0166 0.9997 0.7377 -0.6752 0.0000 0.7377 -0.6752 0.0000 0.7377 -0.6752 0.0000 0.7377 -0.6752 0.0000 0.7377 -0.6752 0.0000 0.7377 -0.6752 0.0000 0.0112 0.0118 0.9999 0.0112 0.0118 0.9999 0.0112 0.0118 0.9999 0.0112 0.0118 0.9999 0.0112 0.0118 0.9999 0.0112 0.0118 0.9999 0.7254 -0.6883 0.0000 0.7254 -0.6883 0.0000 0.7254 -0.6883 0.0000 0.7254 -0.6883 0.0000 0.7254 -0.6883 0.0000 0.7254 -0.6883 0.0000 0.0070 0.0071 1.0000 0.0070 0.0071 1.0000 0.0070 0.0071 1.0000 0.0070 0.0071 1.0000 0.0070 0.0071 1.0000 0.0070 0.0071 1.0000 0.7141 -0.7001 0.0000 0.7141 -0.7001 0.0000 0.7141 -0.7001 0.0000 0.7141 -0.7001 0.0000 0.7141 -0.7001 0.0000 0.7141 -0.7001 0.0000 0.0026 0.0025 1.0000 0.0026 0.0025 1.0000 0.0026 0.0025 1.0000 0.0026 0.0025 1.0000 0.0026 0.0025 1.0000 0.0026 0.0025 1.0000 0.7035 -0.7107 0.0000 0.7035 -0.7107 0.0000 0.7035 -0.7107 0.0000 0.7035 -0.7107 0.0000 0.7035 -0.7107 0.0000 0.7035 -0.7107 0.0000 -0.0020 -0.0019 1.0000 -0.0020 -0.0019 1.0000 -0.0020 -0.0019 1.0000 -0.0020 -0.0019 1.0000 -0.0020 -0.0019 1.0000 -0.0020 -0.0019 1.0000 0.6935 -0.7204 0.0000 0.6935 -0.7204 0.0000 0.6935 -0.7204 0.0000 0.6935 -0.7204 0.0000 0.6935 -0.7204 0.0000 0.6935 -0.7204 0.0000 -0.0067 -0.0063 1.0000 -0.0067 -0.0063 1.0000 -0.0067 -0.0063 1.0000 -0.0067 -0.0063 1.0000 -0.0067 -0.0063 1.0000 -0.0067 -0.0063 1.0000 0.6840 -0.7295 0.0000 0.6840 -0.7295 0.0000 0.6840 -0.7295 0.0000 0.6840 -0.7295 0.0000 0.6840 -0.7295 0.0000 0.6840 -0.7295 0.0000 -0.0115 -0.0105 0.9999 -0.0115 -0.0105 0.9999 -0.0115 -0.0105 0.9999 -0.0115 -0.0105 0.9999 -0.0115 -0.0105 0.9999 -0.0115 -0.0105 0.9999 0.6748 -0.7380 0.0000 0.6748 -0.7380 0.0000 0.6748 -0.7380 0.0000 0.6748 -0.7380 0.0000 0.6748 -0.7380 0.0000 0.6748 -0.7380 0.0000 -0.0163 -0.0145 0.9998 -0.0163 -0.0145 0.9998 -0.0163 -0.0145 0.9998 -0.0163 -0.0145 0.9998 -0.0163 -0.0145 0.9998 -0.0163 -0.0145 0.9998 0.6659 -0.7461 0.0000 0.6659 -0.7461 0.0000 0.6659 -0.7461 0.0000 0.6659 -0.7461 0.0000 0.6659 -0.7461 0.0000 0.6659 -0.7461 0.0000 -0.0211 -0.0184 0.9996 -0.0211 -0.0184 0.9996 -0.0211 -0.0184 0.9996 -0.0211 -0.0184 0.9996 -0.0211 -0.0184 0.9996 -0.0211 -0.0184 0.9996 0.6570 -0.7539 0.0000 0.6570 -0.7539 0.0000 0.6570 -0.7539 0.0000 0.6570 -0.7539 0.0000 0.6570 -0.7539 0.0000 0.6570 -0.7539 0.0000 -0.0258 -0.0220 0.9994 -0.0258 -0.0220 0.9994 -0.0258 -0.0220 0.9994 -0.0258 -0.0220 0.9994 -0.0258 -0.0220 0.9994 -0.0258 -0.0220 0.9994 0.6480 -0.7616 0.0000 0.6480 -0.7616 0.0000 0.6480 -0.7616 0.0000 0.6480 -0.7616 0.0000 0.6480 -0.7616 0.0000 0.6480 -0.7616 0.0000 -0.0306 -0.0254 0.9992 -0.0306 -0.0254 0.9992 -0.0306 -0.0254 0.9992 -0.0306 -0.0254 0.9992 -0.0306 -0.0254 0.9992 -0.0306 -0.0254 0.9992 0.6388 -0.7694 0.0000 0.6388 -0.7694 0.0000 0.6388 -0.7694 0.0000 0.6388 -0.7694 0.0000 0.6388 -0.7694 0.0000 0.6388 -0.7694 0.0000 -0.0352 -0.0285 0.9990 -0.0352 -0.0285 0.9990 -0.0352 -0.0285 0.9990 -0.0352 -0.0285 0.9990 -0.0352 -0.0285 0.9990 -0.0352 -0.0285 0.9990 0.6292 -0.7772 0.0000 0.6292 -0.7772 0.0000 0.6292 -0.7772 0.0000 0.6292 -0.7772 0.0000 0.6292 -0.7772 0.0000 0.6292 -0.7772 0.0000 -0.0404 -0.0309 0.9987 -0.0404 -0.0309 0.9987 -0.0404 -0.0309 0.9987 -0.0404 -0.0309 0.9987 -0.0404 -0.0309 0.9987 -0.0404 -0.0309 0.9987 0.6081 -0.7938 0.0000 0.6081 -0.7938 0.0000 0.6081 -0.7938 0.0000 0.6081 -0.7938 0.0000 0.6081 -0.7938 0.0000 0.6081 -0.7938 0.0000 -0.0462 -0.0328 0.9984 -0.0462 -0.0328 0.9984 -0.0462 -0.0328 0.9984 -0.0462 -0.0328 0.9984 -0.0462 -0.0328 0.9984 -0.0462 -0.0328 0.9984 0.5790 -0.8153 0.0000 0.5790 -0.8153 0.0000 0.5790 -0.8153 0.0000 0.5790 -0.8153 0.0000 0.5790 -0.8153 0.0000 0.5790 -0.8153 0.0000 -0.0521 -0.0347 0.9980 -0.0521 -0.0347 0.9980 -0.0521 -0.0347 0.9980 -0.0521 -0.0347 0.9980 -0.0521 -0.0347 0.9980 -0.0521 -0.0347 0.9980 0.5536 -0.8328 0.0000 0.5536 -0.8328 0.0000 0.5536 -0.8328 0.0000 0.5536 -0.8328 0.0000 0.5536 -0.8328 0.0000 0.5536 -0.8328 0.0000 -0.0582 -0.0365 0.9976 -0.0582 -0.0365 0.9976 -0.0582 -0.0365 0.9976 -0.0582 -0.0365 0.9976 -0.0582 -0.0365 0.9976 -0.0582 -0.0365 0.9976 0.5314 -0.8472 0.0000 0.5314 -0.8472 0.0000 0.5314 -0.8472 0.0000 0.5314 -0.8472 0.0000 0.5314 -0.8472 0.0000 0.5314 -0.8472 0.0000 -0.0644 -0.0384 0.9972 -0.0644 -0.0384 0.9972 -0.0644 -0.0384 0.9972 -0.0644 -0.0384 0.9972 -0.0644 -0.0384 0.9972 -0.0644 -0.0384 0.9972 0.5119 -0.8591 0.0000 0.5119 -0.8591 0.0000 0.5119 -0.8591 0.0000 0.5119 -0.8591 0.0000 0.5119 -0.8591 0.0000 0.5119 -0.8591 0.0000 -0.0706 -0.0402 0.9967 -0.0706 -0.0402 0.9967 -0.0706 -0.0402 0.9967 -0.0706 -0.0402 0.9967 -0.0706 -0.0402 0.9967 -0.0706 -0.0402 0.9967 0.4948 -0.8690 0.0000 0.4948 -0.8690 0.0000 0.4948 -0.8690 0.0000 0.4948 -0.8690 0.0000 0.4948 -0.8690 0.0000 0.4948 -0.8690 0.0000 -0.0769 -0.0421 0.9961 -0.0769 -0.0421 0.9961 -0.0769 -0.0421 0.9961 -0.0769 -0.0421 0.9961 -0.0769 -0.0421 0.9961 -0.0769 -0.0421 0.9961 0.4799 -0.8773 0.0000 0.4799 -0.8773 0.0000 0.4799 -0.8773 0.0000 0.4799 -0.8773 0.0000 0.4799 -0.8773 0.0000 0.4799 -0.8773 0.0000 -0.0832 -0.0439 0.9956 -0.0832 -0.0439 0.9956 -0.0832 -0.0439 0.9956 -0.0832 -0.0439 0.9956 -0.0832 -0.0439 0.9956 -0.0832 -0.0439 0.9956 0.4669 -0.8843 0.0000 0.4669 -0.8843 0.0000 0.4669 -0.8843 0.0000 0.4669 -0.8843 0.0000 0.4669 -0.8843 0.0000 0.4669 -0.8843 0.0000 -0.0894 -0.0458 0.9949 -0.0894 -0.0458 0.9949 -0.0894 -0.0458 0.9949 -0.0894 -0.0458 0.9949 -0.0894 -0.0458 0.9949 -0.0894 -0.0458 0.9949 0.4555 -0.8902 0.0000 0.4555 -0.8902 0.0000 0.4555 -0.8902 0.0000 0.4555 -0.8902 0.0000 0.4555 -0.8902 0.0000 0.4555 -0.8902 0.0000 -0.0956 -0.0476 0.9943 -0.0956 -0.0476 0.9943 -0.0956 -0.0476 0.9943 -0.0956 -0.0476 0.9943 -0.0956 -0.0476 0.9943 -0.0956 -0.0476 0.9943 0.4457 -0.8952 0.0000 0.4457 -0.8952 0.0000 0.4457 -0.8952 0.0000 0.4457 -0.8952 0.0000 0.4457 -0.8952 0.0000 0.4457 -0.8952 0.0000 -0.1016 -0.0494 0.9936 -0.1016 -0.0494 0.9936 -0.1016 -0.0494 0.9936 -0.1016 -0.0494 0.9936 -0.1016 -0.0494 0.9936 -0.1016 -0.0494 0.9936 0.4374 -0.8993 0.0000 0.4374 -0.8993 0.0000 0.4374 -0.8993 0.0000 0.4374 -0.8993 0.0000 0.4374 -0.8993 0.0000 0.4374 -0.8993 0.0000 -0.1074 -0.0512 0.9929 -0.1074 -0.0512 0.9929 -0.1074 -0.0512 0.9929 -0.1074 -0.0512 0.9929 -0.1074 -0.0512 0.9929 -0.1074 -0.0512 0.9929 0.4305 -0.9026 0.0000 0.4305 -0.9026 0.0000 0.4305 -0.9026 0.0000 0.4305 -0.9026 0.0000 0.4305 -0.9026 0.0000 0.4305 -0.9026 0.0000 -0.1131 -0.0531 0.9922 -0.1131 -0.0531 0.9922 -0.1131 -0.0531 0.9922 -0.1131 -0.0531 0.9922 -0.1131 -0.0531 0.9922 -0.1131 -0.0531 0.9922 0.4250 -0.9052 0.0000 0.4250 -0.9052 0.0000 0.4250 -0.9052 0.0000 0.4250 -0.9052 0.0000 0.4250 -0.9052 0.0000 0.4250 -0.9052 0.0000 -0.1185 -0.0550 0.9914 -0.1185 -0.0550 0.9914 -0.1185 -0.0550 0.9914 -0.1185 -0.0550 0.9914 -0.1185 -0.0550 0.9914 -0.1185 -0.0550 0.9914 0.4209 -0.9071 0.0000 0.4209 -0.9071 0.0000 0.4209 -0.9071 0.0000 0.4209 -0.9071 0.0000 0.4209 -0.9071 0.0000 0.4209 -0.9071 0.0000 -0.1236 -0.0569 0.9907 -0.1236 -0.0569 0.9907 -0.1236 -0.0569 0.9907 -0.1236 -0.0569 0.9907 -0.1236 -0.0569 0.9907 -0.1236 -0.0569 0.9907 0.4183 -0.9083 0.0000 0.4183 -0.9083 0.0000 0.4183 -0.9083 0.0000 0.4183 -0.9083 0.0000 0.4183 -0.9083 0.0000 0.4183 -0.9083 0.0000 -0.1283 -0.0589 0.9900 -0.1283 -0.0589 0.9900 -0.1283 -0.0589 0.9900 -0.1283 -0.0589 0.9900 -0.1283 -0.0589 0.9900 -0.1283 -0.0589 0.9900 0.4174 -0.9087 0.0000 0.4174 -0.9087 0.0000 0.4174 -0.9087 0.0000 0.4174 -0.9087 0.0000 0.4174 -0.9087 0.0000 0.4174 -0.9087 0.0000 -0.1326 -0.0611 0.9893 -0.1326 -0.0611 0.9893 -0.1326 -0.0611 0.9893 -0.1326 -0.0611 0.9893 -0.1326 -0.0611 0.9893 -0.1326 -0.0611 0.9893 0.4186 -0.9082 0.0000 0.4186 -0.9082 0.0000 0.4186 -0.9082 0.0000 0.4186 -0.9082 0.0000 0.4186 -0.9082 0.0000 0.4186 -0.9082 0.0000 -0.1364 -0.0635 0.9886 -0.1364 -0.0635 0.9886 -0.1364 -0.0635 0.9886 -0.1364 -0.0635 0.9886 -0.1364 -0.0635 0.9886 -0.1364 -0.0635 0.9886 0.4223 -0.9065 0.0000 0.4223 -0.9065 0.0000 0.4223 -0.9065 0.0000 0.4223 -0.9065 0.0000 0.4223 -0.9065 0.0000 0.4223 -0.9065 0.0000 -0.1396 -0.0663 0.9880 -0.1396 -0.0663 0.9880 -0.1396 -0.0663 0.9880 -0.1396 -0.0663 0.9880 -0.1396 -0.0663 0.9880 -0.1396 -0.0663 0.9880 0.4293 -0.9032 0.0000 0.4293 -0.9032 0.0000 0.4293 -0.9032 0.0000 0.4293 -0.9032 0.0000 0.4293 -0.9032 0.0000 0.4293 -0.9032 0.0000 -0.1420 -0.0697 0.9874 -0.1420 -0.0697 0.9874 -0.1420 -0.0697 0.9874 -0.1420 -0.0697 0.9874 -0.1420 -0.0697 0.9874 -0.1420 -0.0697 0.9874 0.4409 -0.8975 0.0000 0.4409 -0.8975 0.0000 0.4409 -0.8975 0.0000 0.4409 -0.8975 0.0000 0.4409 -0.8975 0.0000 0.4409 -0.8975 0.0000 -0.1433 -0.0742 0.9869 -0.1433 -0.0742 0.9869 -0.1433 -0.0742 0.9869 -0.1433 -0.0742 0.9869 -0.1433 -0.0742 0.9869 -0.1433 -0.0742 0.9869 0.4598 -0.8880 0.0000 0.4598 -0.8880 0.0000 0.4598 -0.8880 0.0000 0.4598 -0.8880 0.0000 0.4598 -0.8880 0.0000 0.4598 -0.8880 0.0000 0.0000 0.0000 1.0000 0.0000 0.0000 1.0000 0.0000 0.0000 1.0000 -0.0000 0.0000 1.0000 -0.0000 0.0000 1.0000 -0.0000 0.0000 1.0000 -0.7312 0.6821 0.0000 -0.7312 0.6821 0.0000 -0.7312 0.6821 0.0000 -0.7312 0.6821 0.0000 -0.7312 0.6821 0.0000 -0.7312 0.6821 0.0000 0.0000 0.0000 1.0000 0.0000 0.0000 1.0000 0.0000 0.0000 1.0000 -0.0000 0.0000 1.0000 -0.0000 0.0000 1.0000 -0.0000 0.0000 1.0000 -0.7312 0.6821 0.0000 -0.7312 0.6821 0.0000 -0.7312 0.6821 0.0000 -0.7312 0.6821 0.0000 -0.7312 0.6821 0.0000 -0.7312 0.6821 0.0000 0.0000 0.0000 1.0000 0.0000 0.0000 1.0000 0.0000 0.0000 1.0000 -0.0000 0.0000 1.0000 -0.0000 0.0000 1.0000 -0.0000 0.0000 1.0000 -0.7969 0.6041 0.0000 -0.7969 0.6041 0.0000 -0.7969 0.6041 0.0000 -0.7969 0.6041 0.0000 -0.7969 0.6041 0.0000 -0.7969 0.6041 0.0000 0.0000 0.0000 1.0000 0.0000 0.0000 1.0000 0.0000 0.0000 1.0000 -0.0000 0.0000 1.0000 -0.0000 0.0000 1.0000 -0.0000 0.0000 1.0000 -0.7969 0.6041 0.0000 -0.7969 0.6041 0.0000 -0.7969 0.6041 0.0000 -0.7969 0.6041 0.0000 -0.7969 0.6041 0.0000 -0.7969 0.6041 0.0000 0.0000 0.0000 1.0000 0.0000 0.0000 1.0000 0.0000 0.0000 1.0000 -0.0000 0.0000 1.0000 -0.0000 0.0000 1.0000 -0.0000 0.0000 1.0000 -0.8205 0.5717 0.0000 -0.8205 0.5717 0.0000 -0.8205 0.5717 0.0000 -0.8205 0.5717 0.0000 -0.8205 0.5717 0.0000 -0.8205 0.5717 0.0000 0.0000 0.0000 1.0000 0.0000 0.0000 1.0000 0.0000 0.0000 1.0000 -0.0000 0.0000 1.0000 -0.0000 0.0000 1.0000 -0.0000 0.0000 1.0000 -0.8205 0.5717 0.0000 -0.8205 0.5717 0.0000 -0.8205 0.5717 0.0000 -0.8205 0.5717 0.0000 -0.8205 0.5717 0.0000 -0.8205 0.5717 0.0000 0.0000 0.0000 1.0000 0.0000 0.0000 1.0000 0.0000 0.0000 1.0000 -0.0000 0.0000 1.0000 -0.0000 0.0000 1.0000 -0.0000 0.0000 1.0000 -0.8259 0.5638 0.0000 -0.8259 0.5638 0.0000 -0.8259 0.5638 0.0000 -0.8259 0.5638 0.0000 -0.8259 0.5638 0.0000 -0.8259 0.5638 0.0000 0.0000 0.0000 1.0000 0.0000 0.0000 1.0000 0.0000 0.0000 1.0000 -0.0000 0.0000 1.0000 -0.0000 0.0000 1.0000 -0.0000 0.0000 1.0000 -0.8259 0.5638 0.0000 -0.8259 0.5638 0.0000 -0.8259 0.5638 0.0000 -0.8259 0.5638 0.0000 -0.8259 0.5638 0.0000 -0.8259 0.5638 0.0000 0.0000 0.0000 1.0000 0.0000 0.0000 1.0000 0.0000 0.0000 1.0000 -0.0000 0.0000 1.0000 -0.0000 0.0000 1.0000 -0.0000 0.0000 1.0000 -0.8201 0.5723 0.0000 -0.8201 0.5723 0.0000 -0.8201 0.5723 0.0000 -0.8201 0.5723 0.0000 -0.8201 0.5723 0.0000 -0.8201 0.5723 0.0000 0.0000 0.0000 1.0000 0.0000 0.0000 1.0000 0.0000 0.0000 1.0000 -0.0000 0.0000 1.0000 -0.0000 0.0000 1.0000 -0.0000 0.0000 1.0000 -0.8201 0.5723 0.0000 -0.8201 0.5723 0.0000 -0.8201 0.5723 0.0000 -0.8201 0.5723 0.0000 -0.8201 0.5723 0.0000 -0.8201 0.5723 0.0000 0.0000 0.0000 1.0000 0.0000 0.0000 1.0000 0.0000 0.0000 1.0000 -0.0000 0.0000 1.0000 -0.0000 0.0000 1.0000 -0.0000 0.0000 1.0000 -0.8045 0.5940 0.0000 -0.8045 0.5940 0.0000 -0.8045 0.5940 0.0000 -0.8045 0.5940 0.0000 -0.8045 0.5940 0.0000 -0.8045 0.5940 0.0000 0.0000 0.0000 1.0000 0.0000 0.0000 1.0000 0.0000 0.0000 1.0000 -0.0000 0.0000 1.0000 -0.0000 0.0000 1.0000 -0.0000 0.0000 1.0000 -0.8045 0.5940 0.0000 -0.8045 0.5940 0.0000 -0.8045 0.5940 0.0000 -0.8045 0.5940 0.0000 -0.8045 0.5940 0.0000 -0.8045 0.5940 0.0000 0.0000 0.0000 1.0000 0.0000 0.0000 1.0000 0.0000 0.0000 1.0000 -0.0000 0.0000 1.0000 -0.0000 0.0000 1.0000 -0.0000 0.0000 1.0000 -0.7778 0.6285 0.0000 -0.7778 0.6285 0.0000 -0.7778 0.6285 0.0000 -0.7778 0.6285 0.0000 -0.7778 0.6285 0.0000 -0.7778 0.6285 0.0000 0.0000 0.0000 1.0000 0.0000 0.0000 1.0000 0.0000 0.0000 1.0000 -0.0000 0.0000 1.0000 -0.0000 0.0000 1.0000 -0.0000 0.0000 1.0000 -0.7778 0.6285 0.0000 -0.7778 0.6285 0.0000 -0.7778 0.6285 0.0000 -0.7778 0.6285 0.0000 -0.7778 0.6285 0.0000 -0.7778 0.6285 0.0000 0.0000 0.0000 1.0000 0.0000 0.0000 1.0000 0.0000 0.0000 1.0000 -0.0000 0.0000 1.0000 -0.0000 0.0000 1.0000 -0.0000 0.0000 1.0000 -0.7362 0.6768 0.0000 -0.7362 0.6768 0.0000 -0.7362 0.6768 0.0000 -0.7362 0.6768 0.0000 -0.7362 0.6768 0.0000 -0.7362 0.6768 0.0000 0.0000 0.0000 1.0000 0.0000 0.0000 1.0000 0.0000 0.0000 1.0000 -0.0000 0.0000 1.0000 -0.0000 0.0000 1.0000 -0.0000 0.0000 1.0000 -0.7362 0.6768 0.0000 -0.7362 0.6768 0.0000 -0.7362 0.6768 0.0000 -0.7362 0.6768 0.0000 -0.7362 0.6768 0.0000 -0.7362 0.6768 0.0000 0.0000 0.0000 1.0000 0.0000 0.0000 1.0000 0.0000 0.0000 1.0000 -0.0000 0.0000 1.0000 -0.0000 0.0000 1.0000 -0.0000 0.0000 1.0000 -0.6725 0.7401 0.0000 -0.6725 0.7401 0.0000 -0.6725 0.7401 0.0000 -0.6725 0.7401 0.0000 -0.6725 0.7401 0.0000 -0.6725 0.7401 0.0000 0.0000 0.0000 1.0000 0.0000 0.0000 1.0000 0.0000 0.0000 1.0000 -0.0000 0.0000 1.0000 -0.0000 0.0000 1.0000 -0.0000 0.0000 1.0000 -0.6725 0.7401 0.0000 -0.6725 0.7401 0.0000 -0.6725 0.7401 0.0000 -0.6725 0.7401 0.0000 -0.6725 0.7401 0.0000 -0.6725 0.7401 0.0000 0.0000 0.0000 1.0000 0.0000 0.0000 1.0000 0.0000 0.0000 1.0000 -0.0000 0.0000 1.0000 -0.0000 0.0000 1.0000 -0.0000 0.0000 1.0000 -0.5745 0.8185 0.0000 -0.5745 0.8185 0.0000 -0.5745 0.8185 0.0000 -0.5745 0.8185 0.0000 -0.5745 0.8185 0.0000 -0.5745 0.8185 0.0000 0.0000 0.0000 1.0000 0.0000 0.0000 1.0000 0.0000 0.0000 1.0000 -0.0000 0.0000 1.0000 -0.0000 0.0000 1.0000 -0.0000 0.0000 1.0000 -0.5745 0.8185 0.0000 -0.5745 0.8185 0.0000 -0.5745 0.8185 0.0000 -0.5745 0.8185 0.0000 -0.5745 0.8185 0.0000 -0.5745 0.8185 0.0000 0.0000 0.0000 1.0000 0.0000 0.0000 1.0000 0.0000 0.0000 1.0000 -0.0000 0.0000 1.0000 -0.0000 0.0000 1.0000 -0.0000 0.0000 1.0000 -0.4242 0.9055 0.0000 -0.4242 0.9055 0.0000 -0.4242 0.9055 0.0000 -0.4242 0.9055 0.0000 -0.4242 0.9055 0.0000 -0.4242 0.9055 0.0000 0.0000 0.0000 1.0000 0.0000 0.0000 1.0000 0.0000 0.0000 1.0000 -0.0000 0.0000 1.0000 -0.0000 0.0000 1.0000 -0.0000 0.0000 1.0000 -0.4242 0.9055 0.0000 -0.4242 0.9055 0.0000 -0.4242 0.9055 0.0000 -0.4242 0.9055 0.0000 -0.4242 0.9055 0.0000 -0.4242 0.9055 0.0000 -0.0000 0.0000 1.0000 -0.0000 0.0000 1.0000 -0.0000 0.0000 1.0000 0.0000 0.0000 1.0000 0.0000 0.0000 1.0000 0.0000 0.0000 1.0000 -0.2040 0.9790 0.0000 -0.2040 0.9790 0.0000 -0.2040 0.9790 0.0000 -0.2040 0.9790 0.0000 -0.2040 0.9790 0.0000 -0.2040 0.9790 0.0000 -0.0000 0.0000 1.0000 -0.0000 0.0000 1.0000 -0.0000 0.0000 1.0000 0.0000 0.0000 1.0000 0.0000 0.0000 1.0000 0.0000 0.0000 1.0000 -0.2040 0.9790 0.0000 -0.2040 0.9790 0.0000 -0.2040 0.9790 0.0000 -0.2040 0.9790 0.0000 -0.2040 0.9790 0.0000 -0.2040 0.9790 0.0000 0.0000 0.0000 1.0000 0.0000 0.0000 1.0000 0.0000 0.0000 1.0000 0.0000 0.0000 1.0000 0.0000 0.0000 1.0000 0.0000 0.0000 1.0000 0.0787 0.9969 0.0000 0.0787 0.9969 0.0000 0.0787 0.9969 0.0000 0.0787 0.9969 0.0000 0.0787 0.9969 0.0000 0.0787 0.9969 0.0000 0.0000 0.0000 1.0000 0.0000 0.0000 1.0000 0.0000 0.0000 1.0000 0.0000 0.0000 1.0000 0.0000 0.0000 1.0000 0.0000 0.0000 1.0000 0.0787 0.9969 0.0000 0.0787 0.9969 0.0000 0.0787 0.9969 0.0000 0.0787 0.9969 0.0000 0.0787 0.9969 0.0000 0.0787 0.9969 0.0000 0.0000 0.0000 1.0000 0.0000 0.0000 1.0000 0.0000 0.0000 1.0000 0.0000 0.0000 1.0000 0.0000 0.0000 1.0000 0.0000 0.0000 1.0000 0.2812 0.9597 0.0000 0.2812 0.9597 0.0000 0.2812 0.9597 0.0000 0.2812 0.9597 0.0000 0.2812 0.9597 0.0000 0.2812 0.9597 0.0000 0.0000 0.0000 1.0000 0.0000 0.0000 1.0000 0.0000 0.0000 1.0000 0.0000 0.0000 1.0000 0.0000 0.0000 1.0000 0.0000 0.0000 1.0000 0.2812 0.9597 0.0000 0.2812 0.9597 0.0000 0.2812 0.9597 0.0000 0.2812 0.9597 0.0000 0.2812 0.9597 0.0000 0.2812 0.9597 0.0000 0.0000 0.0000 1.0000 0.0000 0.0000 1.0000 0.0000 0.0000 1.0000 0.0000 0.0000 1.0000 0.0000 0.0000 1.0000 0.0000 0.0000 1.0000 0.3721 0.9282 0.0000 0.3721 0.9282 0.0000 0.3721 0.9282 0.0000 0.3721 0.9282 0.0000 0.3721 0.9282 0.0000 0.3721 0.9282 0.0000 0.0000 0.0000 1.0000 0.0000 0.0000 1.0000 0.0000 0.0000 1.0000 0.0000 0.0000 1.0000 0.0000 0.0000 1.0000 0.0000 0.0000 1.0000 0.3721 0.9282 0.0000 0.3721 0.9282 0.0000 0.3721 0.9282 0.0000 0.3721 0.9282 0.0000 0.3721 0.9282 0.0000 0.3721 0.9282 0.0000 0.0000 0.0000 1.0000 0.0000 0.0000 1.0000 0.0000 0.0000 1.0000 0.0000 0.0000 1.0000 0.0000 0.0000 1.0000 0.0000 0.0000 1.0000 0.4414 0.8973 0.0000 0.4414 0.8973 0.0000 0.4414 0.8973 0.0000 0.4414 0.8973 0.0000 0.4414 0.8973 0.0000 0.4414 0.8973 0.0000 0.0000 0.0000 1.0000 0.0000 0.0000 1.0000 0.0000 0.0000 1.0000 0.0000 0.0000 1.0000 0.0000 0.0000 1.0000 0.0000 0.0000 1.0000 0.4414 0.8973 0.0000 0.4414 0.8973 0.0000 0.4414 0.8973 0.0000 0.4414 0.8973 0.0000 0.4414 0.8973 0.0000 0.4414 0.8973 0.0000 0.0000 0.0000 1.0000 0.0000 0.0000 1.0000 0.0000 0.0000 1.0000 0.0000 0.0000 1.0000 0.0000 0.0000 1.0000 0.0000 0.0000 1.0000 0.4952 0.8688 0.0000 0.4952 0.8688 0.0000 0.4952 0.8688 0.0000 0.4952 0.8688 0.0000 0.4952 0.8688 0.0000 0.4952 0.8688 0.0000 0.0000 0.0000 1.0000 0.0000 0.0000 1.0000 0.0000 0.0000 1.0000 0.0000 0.0000 1.0000 0.0000 0.0000 1.0000 0.0000 0.0000 1.0000 0.4952 0.8688 0.0000 0.4952 0.8688 0.0000 0.4952 0.8688 0.0000 0.4952 0.8688 0.0000 0.4952 0.8688 0.0000 0.4952 0.8688 0.0000 0.0000 0.0000 1.0000 0.0000 0.0000 1.0000 0.0000 0.0000 1.0000 0.0000 0.0000 1.0000 0.0000 0.0000 1.0000 0.0000 0.0000 1.0000 0.5376 0.8432 0.0000 0.5376 0.8432 0.0000 0.5376 0.8432 0.0000 0.5376 0.8432 0.0000 0.5376 0.8432 0.0000 0.5376 0.8432 0.0000 0.0000 0.0000 1.0000 0.0000 0.0000 1.0000 0.0000 0.0000 1.0000 0.0000 0.0000 1.0000 0.0000 0.0000 1.0000 0.0000 0.0000 1.0000 0.5376 0.8432 0.0000 0.5376 0.8432 0.0000 0.5376 0.8432 0.0000 0.5376 0.8432 0.0000 0.5376 0.8432 0.0000 0.5376 0.8432 0.0000 0.0000 0.0000 1.0000 0.0000 0.0000 1.0000 0.0000 0.0000 1.0000 0.0000 0.0000 1.0000 0.0000 0.0000 1.0000 0.0000 0.0000 1.0000 0.5718 0.8204 0.0000 0.5718 0.8204 0.0000 0.5718 0.8204 0.0000 0.5718 0.8204 0.0000 0.5718 0.8204 0.0000 0.5718 0.8204 0.0000 0.0000 0.0000 1.0000 0.0000 0.0000 1.0000 0.0000 0.0000 1.0000 0.0000 0.0000 1.0000 0.0000 0.0000 1.0000 0.0000 0.0000 1.0000 0.5718 0.8204 0.0000 0.5718 0.8204 0.0000 0.5718 0.8204 0.0000 0.5718 0.8204 0.0000 0.5718 0.8204 0.0000 0.5718 0.8204 0.0000 0.0000 0.0000 1.0000 0.0000 0.0000 1.0000 0.0000 0.0000 1.0000 0.0000 0.0000 1.0000 0.0000 0.0000 1.0000 0.0000 0.0000 1.0000 0.5999 0.8001 0.0000 0.5999 0.8001 0.0000 0.5999 0.8001 0.0000 0.5999 0.8001 0.0000 0.5999 0.8001 0.0000 0.5999 0.8001 0.0000 0.0000 0.0000 1.0000 0.0000 0.0000 1.0000 0.0000 0.0000 1.0000 0.0000 0.0000 1.0000 0.0000 0.0000 1.0000 0.0000 0.0000 1.0000 0.5999 0.8001 0.0000 0.5999 0.8001 0.0000 0.5999 0.8001 0.0000 0.5999 0.8001 0.0000 0.5999 0.8001 0.0000 0.5999 0.8001 0.0000 0.0000 0.0000 1.0000 0.0000 0.0000 1.0000 0.0000 0.0000 1.0000 0.0000 0.0000 1.0000 0.0000 0.0000 1.0000 0.0000 0.0000 1.0000 0.6233 0.7819 0.0000 0.6233 0.7819 0.0000 0.6233 0.7819 0.0000 0.6233 0.7819 0.0000 0.6233 0.7819 0.0000 0.6233 0.7819 0.0000 0.0000 0.0000 1.0000 0.0000 0.0000 1.0000 0.0000 0.0000 1.0000 0.0000 0.0000 1.0000 0.0000 0.0000 1.0000 0.0000 0.0000 1.0000 0.6233 0.7819 0.0000 0.6233 0.7819 0.0000 0.6233 0.7819 0.0000 0.6233 0.7819 0.0000 0.6233 0.7819 0.0000 0.6233 0.7819 0.0000 0.0000 0.0000 1.0000 0.0000 0.0000 1.0000 0.0000 0.0000 1.0000 0.0000 0.0000 1.0000 0.0000 0.0000 1.0000 0.0000 0.0000 1.0000 0.6432 0.7657 0.0000 0.6432 0.7657 0.0000 0.6432 0.7657 0.0000 0.6432 0.7657 0.0000 0.6432 0.7657 0.0000 0.6432 0.7657 0.0000 0.0000 0.0000 1.0000 0.0000 0.0000 1.0000 0.0000 0.0000 1.0000 0.0000 0.0000 1.0000 0.0000 0.0000 1.0000 0.0000 0.0000 1.0000 0.6432 0.7657 0.0000 0.6432 0.7657 0.0000 0.6432 0.7657 0.0000 0.6432 0.7657 0.0000 0.6432 0.7657 0.0000 0.6432 0.7657 0.0000 0.0000 0.0000 1.0000 0.0000 0.0000 1.0000 0.0000 0.0000 1.0000 0.0000 0.0000 1.0000 0.0000 0.0000 1.0000 0.0000 0.0000 1.0000 0.6603 0.7510 0.0000 0.6603 0.7510 0.0000 0.6603 0.7510 0.0000 0.6603 0.7510 0.0000 0.6603 0.7510 0.0000 0.6603 0.7510 0.0000 0.0000 0.0000 1.0000 0.0000 0.0000 1.0000 0.0000 0.0000 1.0000 0.0000 0.0000 1.0000 0.0000 0.0000 1.0000 0.0000 0.0000 1.0000 0.6603 0.7510 0.0000 0.6603 0.7510 0.0000 0.6603 0.7510 0.0000 0.6603 0.7510 0.0000 0.6603 0.7510 0.0000 0.6603 0.7510 0.0000 0.0000 0.0000 1.0000 0.0000 0.0000 1.0000 0.0000 0.0000 1.0000 0.0000 0.0000 1.0000 0.0000 0.0000 1.0000 0.0000 0.0000 1.0000 0.6752 0.7377 0.0000 0.6752 0.7377 0.0000 0.6752 0.7377 0.0000 0.6752 0.7377 0.0000 0.6752 0.7377 0.0000 0.6752 0.7377 0.0000 0.0000 0.0000 1.0000 0.0000 0.0000 1.0000 0.0000 0.0000 1.0000 0.0000 0.0000 1.0000 0.0000 0.0000 1.0000 0.0000 0.0000 1.0000 0.6752 0.7377 0.0000 0.6752 0.7377 0.0000 0.6752 0.7377 0.0000 0.6752 0.7377 0.0000 0.6752 0.7377 0.0000 0.6752 0.7377 0.0000 0.0000 0.0000 1.0000 0.0000 0.0000 1.0000 0.0000 0.0000 1.0000 0.0000 0.0000 1.0000 0.0000 0.0000 1.0000 0.0000 0.0000 1.0000 0.6883 0.7254 0.0000 0.6883 0.7254 0.0000 0.6883 0.7254 0.0000 0.6883 0.7254 0.0000 0.6883 0.7254 0.0000 0.6883 0.7254 0.0000 0.0000 0.0000 1.0000 0.0000 0.0000 1.0000 0.0000 0.0000 1.0000 0.0000 0.0000 1.0000 0.0000 0.0000 1.0000 0.0000 0.0000 1.0000 0.6883 0.7254 0.0000 0.6883 0.7254 0.0000 0.6883 0.7254 0.0000 0.6883 0.7254 0.0000 0.6883 0.7254 0.0000 0.6883 0.7254 0.0000 0.0000 0.0000 1.0000 0.0000 0.0000 1.0000 0.0000 0.0000 1.0000 0.0000 0.0000 1.0000 0.0000 0.0000 1.0000 0.0000 0.0000 1.0000 0.7001 0.7141 0.0000 0.7001 0.7141 0.0000 0.7001 0.7141 0.0000 0.7001 0.7141 0.0000 0.7001 0.7141 0.0000 0.7001 0.7141 0.0000 0.0000 0.0000 1.0000 0.0000 0.0000 1.0000 0.0000 0.0000 1.0000 0.0000 0.0000 1.0000 0.0000 0.0000 1.0000 0.0000 0.0000 1.0000 0.7001 0.7141 0.0000 0.7001 0.7141 0.0000 0.7001 0.7141 0.0000 0.7001 0.7141 0.0000 0.7001 0.7141 0.0000 0.7001 0.7141 0.0000 0.0000 0.0000 1.0000 0.0000 0.0000 1.0000 0.0000 0.0000 1.0000 0.0000 0.0000 1.0000 0.0000 0.0000 1.0000 0.0000 0.0000 1.0000 0.7107 0.7035 0.0000 0.7107 0.7035 0.0000 0.7107 0.7035 0.0000 0.7107 0.7035 0.0000 0.7107 0.7035 0.0000 0.7107 0.7035 0.0000 0.0000 0.0000 1.0000 0.0000 0.0000 1.0000 0.0000 0.0000 1.0000 0.0000 0.0000 1.0000 0.0000 0.0000 1.0000 0.0000 0.0000 1.0000 0.7107 0.7035 0.0000 0.7107 0.7035 0.0000 0.7107 0.7035 0.0000 0.7107 0.7035 0.0000 0.7107 0.7035 0.0000 0.7107 0.7035 0.0000 0.0000 0.0000 1.0000 0.0000 0.0000 1.0000 0.0000 0.0000 1.0000 0.0000 0.0000 1.0000 0.0000 0.0000 1.0000 0.0000 0.0000 1.0000 0.7204 0.6935 0.0000 0.7204 0.6935 0.0000 0.7204 0.6935 0.0000 0.7204 0.6935 0.0000 0.7204 0.6935 0.0000 0.7204 0.6935 0.0000 0.0000 0.0000 1.0000 0.0000 0.0000 1.0000 0.0000 0.0000 1.0000 0.0000 0.0000 1.0000 0.0000 0.0000 1.0000 0.0000 0.0000 1.0000 0.7204 0.6935 0.0000 0.7204 0.6935 0.0000 0.7204 0.6935 0.0000 0.7204 0.6935 0.0000 0.7204 0.6935 0.0000 0.7204 0.6935 0.0000 0.0000 0.0000 1.0000 0.0000 0.0000 1.0000 0.0000 0.0000 1.0000 0.0000 0.0000 1.0000 0.0000 0.0000 1.0000 0.0000 0.0000 1.0000 0.7295 0.6840 0.0000 0.7295 0.6840 0.0000 0.7295 0.6840 0.0000 0.7295 0.6840 0.0000 0.7295 0.6840 0.0000 0.7295 0.6840 0.0000 0.0000 0.0000 1.0000 0.0000 0.0000 1.0000 0.0000 0.0000 1.0000 0.0000 0.0000 1.0000 0.0000 0.0000 1.0000 0.0000 0.0000 1.0000 0.7295 0.6840 0.0000 0.7295 0.6840 0.0000 0.7295 0.6840 0.0000 0.7295 0.6840 0.0000 0.7295 0.6840 0.0000 0.7295 0.6840 0.0000 0.0000 0.0000 1.0000 0.0000 0.0000 1.0000 0.0000 0.0000 1.0000 0.0000 0.0000 1.0000 0.0000 0.0000 1.0000 0.0000 0.0000 1.0000 0.7380 0.6748 0.0000 0.7380 0.6748 0.0000 0.7380 0.6748 0.0000 0.7380 0.6748 0.0000 0.7380 0.6748 0.0000 0.7380 0.6748 0.0000 0.0000 0.0000 1.0000 0.0000 0.0000 1.0000 0.0000 0.0000 1.0000 0.0000 0.0000 1.0000 0.0000 0.0000 1.0000 0.0000 0.0000 1.0000 0.7380 0.6748 0.0000 0.7380 0.6748 0.0000 0.7380 0.6748 0.0000 0.7380 0.6748 0.0000 0.7380 0.6748 0.0000 0.7380 0.6748 0.0000 0.0000 0.0000 1.0000 0.0000 0.0000 1.0000 0.0000 0.0000 1.0000 0.0000 0.0000 1.0000 0.0000 0.0000 1.0000 0.0000 0.0000 1.0000 0.7461 0.6659 0.0000 0.7461 0.6659 0.0000 0.7461 0.6659 0.0000 0.7461 0.6659 0.0000 0.7461 0.6659 0.0000 0.7461 0.6659 0.0000 0.0000 0.0000 1.0000 0.0000 0.0000 1.0000 0.0000 0.0000 1.0000 0.0000 0.0000 1.0000 0.0000 0.0000 1.0000 0.0000 0.0000 1.0000 0.7461 0.6659 0.0000 0.7461 0.6659 0.0000 0.7461 0.6659 0.0000 0.7461 0.6659 0.0000 0.7461 0.6659 0.0000 0.7461 0.6659 0.0000 0.0000 0.0000 1.0000 0.0000 0.0000 1.0000 0.0000 0.0000 1.0000 0.0000 0.0000 1.0000 0.0000 0.0000 1.0000 0.0000 0.0000 1.0000 0.7539 0.6570 0.0000 0.7539 0.6570 0.0000 0.7539 0.6570 0.0000 0.7539 0.6570 0.0000 0.7539 0.6570 0.0000 0.7539 0.6570 0.0000 0.0000 0.0000 1.0000 0.0000 0.0000 1.0000 0.0000 0.0000 1.0000 0.0000 0.0000 1.0000 0.0000 0.0000 1.0000 0.0000 0.0000 1.0000 0.7539 0.6570 0.0000 0.7539 0.6570 0.0000 0.7539 0.6570 0.0000 0.7539 0.6570 0.0000 0.7539 0.6570 0.0000 0.7539 0.6570 0.0000 0.0000 0.0000 1.0000 0.0000 0.0000 1.0000 0.0000 0.0000 1.0000 0.0000 0.0000 1.0000 0.0000 0.0000 1.0000 0.0000 0.0000 1.0000 0.7616 0.6480 0.0000 0.7616 0.6480 0.0000 0.7616 0.6480 0.0000 0.7616 0.6480 0.0000 0.7616 0.6480 0.0000 0.7616 0.6480 0.0000 0.0000 0.0000 1.0000 0.0000 0.0000 1.0000 0.0000 0.0000 1.0000 0.0000 0.0000 1.0000 0.0000 0.0000 1.0000 0.0000 0.0000 1.0000 0.7616 0.6480 0.0000 0.7616 0.6480 0.0000 0.7616 0.6480 0.0000 0.7616 0.6480 0.0000 0.7616 0.6480 0.0000 0.7616 0.6480 0.0000 0.0000 0.0000 1.0000 0.0000 0.0000 1.0000 0.0000 0.0000 1.0000 0.0000 0.0000 1.0000 0.0000 0.0000 1.0000 0.0000 0.0000 1.0000 0.7694 0.6388 0.0000 0.7694 0.6388 0.0000 0.7694 0.6388 0.0000 0.7694 0.6388 0.0000 0.7694 0.6388 0.0000 0.7694 0.6388 0.0000 0.0000 0.0000 1.0000 0.0000 0.0000 1.0000 0.0000 0.0000 1.0000 0.0000 0.0000 1.0000 0.0000 0.0000 1.0000 0.0000 0.0000 1.0000 0.7694 0.6388 0.0000 0.7694 0.6388 0.0000 0.7694 0.6388 0.0000 0.7694 0.6388 0.0000 0.7694 0.6388 0.0000 0.7694 0.6388 0.0000 0.0000 0.0000 1.0000 0.0000 0.0000 1.0000 0.0000 0.0000 1.0000 0.0000 0.0000 1.0000 0.0000 0.0000 1.0000 0.0000 0.0000 1.0000 0.7772 0.6292 0.0000 0.7772 0.6292 0.0000 0.7772 0.6292 0.0000 0.7772 0.6292 0.0000 0.7772 0.6292 0.0000 0.7772 0.6292 0.0000 0.0000 0.0000 1.0000 0.0000 0.0000 1.0000 0.0000 0.0000 1.0000 0.0000 0.0000 1.0000 0.0000 0.0000 1.0000 0.0000 0.0000 1.0000 0.7772 0.6292 0.0000 0.7772 0.6292 0.0000 0.7772 0.6292 0.0000 0.7772 0.6292 0.0000 0.7772 0.6292 0.0000 0.7772 0.6292 0.0000 0.0000 0.0000 1.0000 0.0000 0.0000 1.0000 0.0000 0.0000 1.0000 0.0000 0.0000 1.0000 0.0000 0.0000 1.0000 0.0000 0.0000 1.0000 0.7938 0.6081 0.0000 0.7938 0.6081 0.0000 0.7938 0.6081 0.0000 0.7938 0.6081 0.0000 0.7938 0.6081 0.0000 0.7938 0.6081 0.0000 0.0000 0.0000 1.0000 0.0000 0.0000 1.0000 0.0000 0.0000 1.0000 0.0000 0.0000 1.0000 0.0000 0.0000 1.0000 0.0000 0.0000 1.0000 0.7938 0.6081 0.0000 0.7938 0.6081 0.0000 0.7938 0.6081 0.0000 0.7938 0.6081 0.0000 0.7938 0.6081 0.0000 0.7938 0.6081 0.0000 0.0000 0.0000 1.0000 0.0000 0.0000 1.0000 0.0000 0.0000 1.0000 0.0000 0.0000 1.0000 0.0000 0.0000 1.0000 0.0000 0.0000 1.0000 0.8153 0.5790 0.0000 0.8153 0.5790 0.0000 0.8153 0.5790 0.0000 0.8153 0.5790 0.0000 0.8153 0.5790 0.0000 0.8153 0.5790 0.0000 0.0000 0.0000 1.0000 0.0000 0.0000 1.0000 0.0000 0.0000 1.0000 0.0000 0.0000 1.0000 0.0000 0.0000 1.0000 0.0000 0.0000 1.0000 0.8153 0.5790 0.0000 0.8153 0.5790 0.0000 0.8153 0.5790 0.0000 0.8153 0.5790 0.0000 0.8153 0.5790 0.0000 0.8153 0.5790 0.0000 0.0000 0.0000 1.0000 0.0000 0.0000 1.0000 0.0000 0.0000 1.0000 0.0000 0.0000 1.0000 0.0000 0.0000 1.0000 0.0000 0.0000 1.0000 0.8328 0.5536 0.0000 0.8328 0.5536 0.0000 0.8328 0.5536 0.0000 0.8328 0.5536 0.0000 0.8328 0.5536 0.0000 0.8328 0.5536 0.0000 0.0000 0.0000 1.0000 0.0000 0.0000 1.0000 0.0000 0.0000 1.0000 0.0000 0.0000 1.0000 0.0000 0.0000 1.0000 0.0000 0.0000 1.0000 0.8328 0.5536 0.0000 0.8328 0.5536 0.0000 0.8328 0.5536 0.0000 0.8328 0.5536 0.0000 0.8328 0.5536 0.0000 0.8328 0.5536 0.0000 0.0000 0.0000 1.0000 0.0000 0.0000 1.0000 0.0000 0.0000 1.0000 0.0000 0.0000 1.0000 0.0000 0.0000 1.0000 0.0000 0.0000 1.0000 0.8472 0.5314 0.0000 0.8472 0.5314 0.0000 0.8472 0.5314 0.0000 0.8472 0.5314 0.0000 0.8472 0.5314 0.0000 0.8472 0.5314 0.0000 0.0000 0.0000 1.0000 0.0000 0.0000 1.0000 0.0000 0.0000 1.0000 0.0000 0.0000 1.0000 0.0000 0.0000 1.0000 0.0000 0.0000 1.0000 0.8472 0.5314 0.0000 0.8472 0.5314 0.0000 0.8472 0.5314 0.0000 0.8472 0.5314 0.0000 0.8472 0.5314 0.0000 0.8472 0.5314 0.0000 0.0000 0.0000 1.0000 0.0000 0.0000 1.0000 0.0000 0.0000 1.0000 0.0000 0.0000 1.0000 0.0000 0.0000 1.0000 0.0000 0.0000 1.0000 0.8591 0.5119 0.0000 0.8591 0.5119 0.0000 0.8591 0.5119 0.0000 0.8591 0.5119 0.0000 0.8591 0.5119 0.0000 0.8591 0.5119 0.0000 0.0000 0.0000 1.0000 0.0000 0.0000 1.0000 0.0000 0.0000 1.0000 0.0000 0.0000 1.0000 0.0000 0.0000 1.0000 0.0000 0.0000 1.0000 0.8591 0.5119 0.0000 0.8591 0.5119 0.0000 0.8591 0.5119 0.0000 0.8591 0.5119 0.0000 0.8591 0.5119 0.0000 0.8591 0.5119 0.0000 0.0000 0.0000 1.0000 0.0000 0.0000 1.0000 0.0000 0.0000 1.0000 0.0000 0.0000 1.0000 0.0000 0.0000 1.0000 0.0000 0.0000 1.0000 0.8690 0.4948 0.0000 0.8690 0.4948 0.0000 0.8690 0.4948 0.0000 0.8690 0.4948 0.0000 0.8690 0.4948 0.0000 0.8690 0.4948 0.0000 0.0000 0.0000 1.0000 0.0000 0.0000 1.0000 0.0000 0.0000 1.0000 0.0000 0.0000 1.0000 0.0000 0.0000 1.0000 0.0000 0.0000 1.0000 0.8690 0.4948 0.0000 0.8690 0.4948 0.0000 0.8690 0.4948 0.0000 0.8690 0.4948 0.0000 0.8690 0.4948 0.0000 0.8690 0.4948 0.0000 0.0000 0.0000 1.0000 0.0000 0.0000 1.0000 0.0000 0.0000 1.0000 0.0000 0.0000 1.0000 0.0000 0.0000 1.0000 0.0000 0.0000 1.0000 0.8773 0.4799 0.0000 0.8773 0.4799 0.0000 0.8773 0.4799 0.0000 0.8773 0.4799 0.0000 0.8773 0.4799 0.0000 0.8773 0.4799 0.0000 0.0000 0.0000 1.0000 0.0000 0.0000 1.0000 0.0000 0.0000 1.0000 0.0000 0.0000 1.0000 0.0000 0.0000 1.0000 0.0000 0.0000 1.0000 0.8773 0.4799 0.0000 0.8773 0.4799 0.0000 0.8773 0.4799 0.0000 0.8773 0.4799 0.0000 0.8773 0.4799 0.0000 0.8773 0.4799 0.0000 0.0000 0.0000 1.0000 0.0000 0.0000 1.0000 0.0000 0.0000 1.0000 0.0000 0.0000 1.0000 0.0000 0.0000 1.0000 0.0000 0.0000 1.0000 0.8843 0.4669 0.0000 0.8843 0.4669 0.0000 0.8843 0.4669 0.0000 0.8843 0.4669 0.0000 0.8843 0.4669 0.0000 0.8843 0.4669 0.0000 0.0000 0.0000 1.0000 0.0000 0.0000 1.0000 0.0000 0.0000 1.0000 0.0000 0.0000 1.0000 0.0000 0.0000 1.0000 0.0000 0.0000 1.0000 0.8843 0.4669 0.0000 0.8843 0.4669 0.0000 0.8843 0.4669 0.0000 0.8843 0.4669 0.0000 0.8843 0.4669 0.0000 0.8843 0.4669 0.0000 0.0000 0.0000 1.0000 0.0000 0.0000 1.0000 0.0000 0.0000 1.0000 0.0000 0.0000 1.0000 0.0000 0.0000 1.0000 0.0000 0.0000 1.0000 0.8902 0.4555 0.0000 0.8902 0.4555 0.0000 0.8902 0.4555 0.0000 0.8902 0.4555 0.0000 0.8902 0.4555 0.0000 0.8902 0.4555 0.0000 0.0000 0.0000 1.0000 0.0000 0.0000 1.0000 0.0000 0.0000 1.0000 0.0000 0.0000 1.0000 0.0000 0.0000 1.0000 0.0000 0.0000 1.0000 0.8902 0.4555 0.0000 0.8902 0.4555 0.0000 0.8902 0.4555 0.0000 0.8902 0.4555 0.0000 0.8902 0.4555 0.0000 0.8902 0.4555 0.0000 0.0000 0.0000 1.0000 0.0000 0.0000 1.0000 0.0000 0.0000 1.0000 0.0000 0.0000 1.0000 0.0000 0.0000 1.0000 0.0000 0.0000 1.0000 0.8952 0.4457 0.0000 0.8952 0.4457 0.0000 0.8952 0.4457 0.0000 0.8952 0.4457 0.0000 0.8952 0.4457 0.0000 0.8952 0.4457 0.0000 0.0000 0.0000 1.0000 0.0000 0.0000 1.0000 0.0000 0.0000 1.0000 0.0000 0.0000 1.0000 0.0000 0.0000 1.0000 0.0000 0.0000 1.0000 0.8952 0.4457 0.0000 0.8952 0.4457 0.0000 0.8952 0.4457 0.0000 0.8952 0.4457 0.0000 0.8952 0.4457 0.0000 0.8952 0.4457 0.0000 0.0000 0.0000 1.0000 0.0000 0.0000 1.0000 0.0000 0.0000 1.0000 0.0000 0.0000 1.0000 0.0000 0.0000 1.0000 0.0000 0.0000 1.0000 0.8993 0.4374 0.0000 0.8993 0.4374 0.0000 0.8993 0.4374 0.0000 0.8993 0.4374 0.0000 0.8993 0.4374 0.0000 0.8993 0.4374 0.0000 0.0000 0.0000 1.0000 0.0000 0.0000 1.0000 0.0000 0.0000 1.0000 0.0000 0.0000 1.0000 0.0000 0.0000 1.0000 0.0000 0.0000 1.0000 0.8993 0.4374 0.0000 0.8993 0.4374 0.0000 0.8993 0.4374 0.0000 0.8993 0.4374 0.0000 0.8993 0.4374 0.0000 0.8993 0.4374 0.0000 0.0000 0.0000 1.0000 0.0000 0.0000 1.0000 0.0000 0.0000 1.0000 0.0000 0.0000 1.0000 0.0000 0.0000 1.0000 0.0000 0.0000 1.0000 0.9026 0.4305 0.0000 0.9026 0.4305 0.0000 0.9026 0.4305 0.0000 0.9026 0.4305 0.0000 0.9026 0.4305 0.0000 0.9026 0.4305 0.0000 0.0000 0.0000 1.0000 0.0000 0.0000 1.0000 0.0000 0.0000 1.0000 0.0000 0.0000 1.0000 0.0000 0.0000 1.0000 0.0000 0.0000 1.0000 0.9026 0.4305 0.0000 0.9026 0.4305 0.0000 0.9026 0.4305 0.0000 0.9026 0.4305 0.0000 0.9026 0.4305 0.0000 0.9026 0.4305 0.0000 0.0000 0.0000 1.0000 0.0000 0.0000 1.0000 0.0000 0.0000 1.0000 0.0000 0.0000 1.0000 0.0000 0.0000 1.0000 0.0000 0.0000 1.0000 0.9052 0.4250 0.0000 0.9052 0.4250 0.0000 0.9052 0.4250 0.0000 0.9052 0.4250 0.0000 0.9052 0.4250 0.0000 0.9052 0.4250 0.0000 0.0000 0.0000 1.0000 0.0000 0.0000 1.0000 0.0000 0.0000 1.0000 0.0000 0.0000 1.0000 0.0000 0.0000 1.0000 0.0000 0.0000 1.0000 0.9052 0.4250 0.0000 0.9052 0.4250 0.0000 0.9052 0.4250 0.0000 0.9052 0.4250 0.0000 0.9052 0.4250 0.0000 0.9052 0.4250 0.0000 0.0000 0.0000 1.0000 0.0000 0.0000 1.0000 0.0000 0.0000 1.0000 0.0000 0.0000 1.0000 0.0000 0.0000 1.0000 0.0000 0.0000 1.0000 0.9071 0.4209 0.0000 0.9071 0.4209 0.0000 0.9071 0.4209 0.0000 0.9071 0.4209 0.0000 0.9071 0.4209 0.0000 0.9071 0.4209 0.0000 0.0000 0.0000 1.0000 0.0000 0.0000 1.0000 0.0000 0.0000 1.0000 0.0000 0.0000 1.0000 0.0000 0.0000 1.0000 0.0000 0.0000 1.0000 0.9071 0.4209 0.0000 0.9071 0.4209 0.0000 0.9071 0.4209 0.0000 0.9071 0.4209 0.0000 0.9071 0.4209 0.0000 0.9071 0.4209 0.0000 0.0000 0.0000 1.0000 0.0000 0.0000 1.0000 0.0000 0.0000 1.0000 0.0000 0.0000 1.0000 0.0000 0.0000 1.0000 0.0000 0.0000 1.0000 0.9083 0.4183 0.0000 0.9083 0.4183 0.0000 0.9083 0.4183 0.0000 0.9083 0.4183 0.0000 0.9083 0.4183 0.0000 0.9083 0.4183 0.0000 0.0000 0.0000 1.0000 0.0000 0.0000 1.0000 0.0000 0.0000 1.0000 0.0000 0.0000 1.0000 0.0000 0.0000 1.0000 0.0000 0.0000 1.0000 0.9083 0.4183 0.0000 0.9083 0.4183 0.0000 0.9083 0.4183 0.0000 0.9083 0.4183 0.0000 0.9083 0.4183 0.0000 0.9083 0.4183 0.0000 0.0000 0.0000 1.0000 0.0000 0.0000 1.0000 0.0000 0.0000 1.0000 0.0000 0.0000 1.0000 0.0000 0.0000 1.0000 0.0000 0.0000 1.0000 0.9087 0.4174 0.0000 0.9087 0.4174 0.0000 0.9087 0.4174 0.0000 0.9087 0.4174 0.0000 0.9087 0.4174 0.0000 0.9087 0.4174 0.0000 0.0000 0.0000 1.0000 0.0000 0.0000 1.0000 0.0000 0.0000 1.0000 0.0000 0.0000 1.0000 0.0000 0.0000 1.0000 0.0000 0.0000 1.0000 0.9087 0.4174 0.0000 0.9087 0.4174 0.0000 0.9087 0.4174 0.0000 0.9087 0.4174 0.0000 0.9087 0.4174 0.0000 0.9087 0.4174 0.0000 0.0000 0.0000 1.0000 0.0000 0.0000 1.0000 0.0000 0.0000 1.0000 0.0000 0.0000 1.0000 0.0000 0.0000 1.0000 0.0000 0.0000 1.0000 0.9082 0.4186 0.0000 0.9082 0.4186 0.0000 0.9082 0.4186 0.0000 0.9082 0.4186 0.0000 0.9082 0.4186 0.0000 0.9082 0.4186 0.0000 0.0000 0.0000 1.0000 0.0000 0.0000 1.0000 0.0000 0.0000 1.0000 0.0000 0.0000 1.0000 0.0000 0.0000 1.0000 0.0000 0.0000 1.0000 0.9082 0.4186 0.0000 0.9082 0.4186 0.0000 0.9082 0.4186 0.0000 0.9082 0.4186 0.0000 0.9082 0.4186 0.0000 0.9082 0.4186 0.0000 0.0000 0.0000 1.0000 0.0000 0.0000 1.0000 0.0000 0.0000 1.0000 0.0000 0.0000 1.0000 0.0000 0.0000 1.0000 0.0000 0.0000 1.0000 0.9065 0.4223 0.0000 0.9065 0.4223 0.0000 0.9065 0.4223 0.0000 0.9065 0.4223 0.0000 0.9065 0.4223 0.0000 0.9065 0.4223 0.0000 0.0000 0.0000 1.0000 0.0000 0.0000 1.0000 0.0000 0.0000 1.0000 0.0000 0.0000 1.0000 0.0000 0.0000 1.0000 0.0000 0.0000 1.0000 0.9065 0.4223 0.0000 0.9065 0.4223 0.0000 0.9065 0.4223 0.0000 0.9065 0.4223 0.0000 0.9065 0.4223 0.0000 0.9065 0.4223 0.0000 0.0000 0.0000 1.0000 0.0000 0.0000 1.0000 0.0000 0.0000 1.0000 0.0000 0.0000 1.0000 0.0000 0.0000 1.0000 0.0000 0.0000 1.0000 0.9032 0.4293 0.0000 0.9032 0.4293 0.0000 0.9032 0.4293 0.0000 0.9032 0.4293 0.0000 0.9032 0.4293 0.0000 0.9032 0.4293 0.0000 0.0000 0.0000 1.0000 0.0000 0.0000 1.0000 0.0000 0.0000 1.0000 0.0000 0.0000 1.0000 0.0000 0.0000 1.0000 0.0000 0.0000 1.0000 0.9032 0.4293 0.0000 0.9032 0.4293 0.0000 0.9032 0.4293 0.0000 0.9032 0.4293 0.0000 0.9032 0.4293 0.0000 0.9032 0.4293 0.0000 0.0000 0.0000 1.0000 0.0000 0.0000 1.0000 0.0000 0.0000 1.0000 0.0000 0.0000 1.0000 0.0000 0.0000 1.0000 0.0000 0.0000 1.0000 0.8975 0.4409 0.0000 0.8975 0.4409 0.0000 0.8975 0.4409 0.0000 0.8975 0.4409 0.0000 0.8975 0.4409 0.0000 0.8975 0.4409 0.0000 0.0000 0.0000 1.0000 0.0000 0.0000 1.0000 0.0000 0.0000 1.0000 0.0000 0.0000 1.0000 0.0000 0.0000 1.0000 0.0000 0.0000 1.0000 0.8975 0.4409 0.0000 0.8975 0.4409 0.0000 0.8975 0.4409 0.0000 0.8975 0.4409 0.0000 0.8975 0.4409 0.0000 0.8975 0.4409 0.0000 0.0000 0.0000 1.0000 0.0000 0.0000 1.0000 0.0000 0.0000 1.0000 0.0000 0.0000 1.0000 0.0000 0.0000 1.0000 0.0000 0.0000 1.0000 0.8880 0.4598 0.0000 0.8880 0.4598 0.0000 0.8880 0.4598 0.0000 0.8880 0.4598 0.0000 0.8880 0.4598 0.0000 0.8880 0.4598 0.0000 0.0000 0.0000 1.0000 0.0000 0.0000 1.0000 0.0000 0.0000 1.0000 0.0000 0.0000 1.0000 0.0000 0.0000 1.0000 0.0000 0.0000 1.0000 0.8880 0.4598 0.0000 0.8880 0.4598 0.0000 0.8880 0.4598 0.0000 0.8880 0.4598 0.0000 0.8880 0.4598 0.0000 0.8880 0.4598 0.0000 0.0000 0.0000 1.0000 0.0000 0.0000 1.0000 0.0000 0.0000 1.0000 0.0000 0.0000 1.0000 0.0000 0.0000 1.0000 0.0000 0.0000 1.0000 0.8880 0.4598 0.0000 0.8880 0.4598 0.0000 0.8880 0.4598 0.0000 0.8880 0.4598 0.0000 0.8880 0.4598 0.0000 0.8880 0.4598 0.0000 0.0000 0.0000 1.0000 0.0000 0.0000 1.0000 0.0000 0.0000 1.0000 0.0000 0.0000 1.0000 0.0000 0.0000 1.0000 0.0000 0.0000 1.0000 0.8880 0.4598 0.0000 0.8880 0.4598 0.0000 0.8880 0.4598 0.0000 0.8880 0.4598 0.0000 0.8880 0.4598 0.0000 0.8880 0.4598 0.0000</float_array>
          <technique_common>
            <accessor source="#portal_arc_a999-mesh-normals-array" count="3384" stride="3">
              <param name="X" type="float"/>
              <param name="Y" type="float"/>
              <param name="Z" type="float"/>
            </accessor>
          </technique_common>
        </source>
        <source id="portal_arc_a999-mesh-map-0">
          <float_array id="portal_arc_a999-mesh-map-0-array" count="6768">0 0 0 0 0 0 0 0 0 0 0 0 0 0 0 0 0 0 0 0 0 0 0 0 0 0 0 0 0 0 0 0 0 0 0 0 0 0 0 0 0 0 0 0 0 0 0 0 0 0 0 0 0 0 0 0 0 0 0 0 0 0 0 0 0 0 0 0 0 0 0 0 0 0 0 0 0 0 0 0 0 0 0 0 0 0 0 0 0 0 0 0 0 0 0 0 0 0 0 0 0 0 0 0 0 0 0 0 0 0 0 0 0 0 0 0 0 0 0 0 0 0 0 0 0 0 0 0 0 0 0 0 0 0 0 0 0 0 0 0 0 0 0 0 0 0 0 0 0 0 0 0 0 0 0 0 0 0 0 0 0 0 0 0 0 0 0 0 0 0 0 0 0 0 0 0 0 0 0 0 0 0 0 0 0 0 0 0 0 0 0 0 0 0 0 0 0 0 0 0 0 0 0 0 0 0 0 0 0 0 0 0 0 0 0 0 0 0 0 0 0 0 0 0 0 0 0 0 0 0 0 0 0 0 0 0 0 0 0 0 0 0 0 0 0 0 0 0 0 0 0 0 0 0 0 0 0 0 0 0 0 0 0 0 0 0 0 0 0 0 0 0 0 0 0 0 0 0 0 0 0 0 0 0 0 0 0 0 0 0 0 0 0 0 0 0 0 0 0 0 0 0 0 0 0 0 0 0 0 0 0 0 0 0 0 0 0 0 0 0 0 0 0 0 0 0 0 0 0 0 0 0 0 0 0 0 0 0 0 0 0 0 0 0 0 0 0 0 0 0 0 0 0 0 0 0 0 0 0 0 0 0 0 0 0 0 0 0 0 0 0 0 0 0 0 0 0 0 0 0 0 0 0 0 0 0 0 0 0 0 0 0 0 0 0 0 0 0 0 0 0 0 0 0 0 0 0 0 0 0 0 0 0 0 0 0 0 0 0 0 0 0 0 0 0 0 0 0 0 0 0 0 0 0 0 0 0 0 0 0 0 0 0 0 0 0 0 0 0 0 0 0 0 0 0 0 0 0 0 0 0 0 0 0 0 0 0 0 0 0 0 0 0 0 0 0 0 0 0 0 0 0 0 0 0 0 0 0 0 0 0 0 0 0 0 0 0 0 0 0 0 0 0 0 0 0 0 0 0 0 0 0 0 0 0 0 0 0 0 0 0 0 0 0 0 0 0 0 0 0 0 0 0 0 0 0 0 0 0 0 0 0 0 0 0 0 0 0 0 0 0 0 0 0 0 0 0 0 0 0 0 0 0 0 0 0 0 0 0 0 0 0 0 0 0 0 0 0 0 0 0 0 0 0 0 0 0 0 0 0 0 0 0 0 0 0 0 0 0 0 0 0 0 0 0 0 0 0 0 0 0 0 0 0 0 0 0 0 0 0 0 0 0 0 0 0 0 0 0 0 0 0 0 0 0 0 0 0 0 0 0 0 0 0 0 0 0 0 0 0 0 0 0 0 0 0 0 0 0 0 0 0 0 0 0 0 0 0 0 0 0 0 0 0 0 0 0 0 0 0 0 0 0 0 0 0 0 0 0 0 0 0 0 0 0 0 0 0 0 0 0 0 0 0 0 0 0 0 0 0 0 0 0 0 0 0 0 0 0 0 0 0 0 0 0 0 0 0 0 0 0 0 0 0 0 0 0 0 0 0 0 0 0 0 0 0 0 0 0 0 0 0 0 0 0 0 0 0 0 0 0 0 0 0 0 0 0 0 0 0 0 0 0 0 0 0 0 0 0 0 0 0 0 0 0 0 0 0 0 0 0 0 0 0 0 0 0 0 0 0 0 0 0 0 0 0 0 0 0 0 0 0 0 0 0 0 0 0 0 0 0 0 0 0 0 0 0 0 0 0 0 0 0 0 0 0 0 0 0 0 0 0 0 0 0 0 0 0 0 0 0 0 0 0 0 0 0 0 0 0 0 0 0 0 0 0 0 0 0 0 0 0 0 0 0 0 0 0 0 0 0 0 0 0 0 0 0 0 0 0 0 0 0 0 0 0 0 0 0 0 0 0 0 0 0 0 0 0 0 0 0 0 0 0 0 0 0 0 0 0 0 0 0 0 0 0 0 0 0 0 0 0 0 0 0 0 0 0 0 0 0 0 0 0 0 0 0 0 0 0 0 0 0 0 0 0 0 0 0 0 0 0 0 0 0 0 0 0 0 0 0 0 0 0 0 0 0 0 0 0 0 0 0 0 0 0 0 0 0 0 0 0 0 0 0 0 0 0 0 0 0 0 0 0 0 0 0 0 0 0 0 0 0 0 0 0 0 0 0 0 0 0 0 0 0 0 0 0 0 0 0 0 0 0 0 0 0 0 0 0 0 0 0 0 0 0 0 0 0 0 0 0 0 0 0 0 0 0 0 0 0 0 0 0 0 0 0 0 0 0 0 0 0 0 0 0 0 0 0 0 0 0 0 0 0 0 0 0 0 0 0 0 0 0 0 0 0 0 0 0 0 0 0 0 0 0 0 0 0 0 0 0 0 0 0 0 0 0 0 0 0 0 0 0 0 0 0 0 0 0 0 0 0 0 0 0 0 0 0 0 0 0 0 0 0 0 0 0 0 0 0 0 0 0 0 0 0 0 0 0 0 0 0 0 0 0 0 0 0 0 0 0 0 0 0 0 0 0 0 0 0 0 0 0 0 0 0 0 0 0 0 0 0 0 0 0 0 0 0 0 0 0 0 0 0 0 0 0 0 0 0 0 0 0 0 0 0 0 0 0 0 0 0 0 0 0 0 0 0 0 0 0 0 0 0 0 0 0 0 0 0 0 0 0 0 0 0 0 0 0 0 0 0 0 0 0 0 0 0 0 0 0 0 0 0 0 0 0 0 0 0 0 0 0 0 0 0 0 0 0 0 0 0 0 0 0 0 0 0 0 0 0 0 0 0 0 0 0 0 0 0 0 0 0 0 0 0 0 0 0 0 0 0 0 0 0 0 0 0 0 0 0 0 0 0 0 0 0 0 0 0 0 0 0 0 0 0 0 0 0 0 0 0 0 0 0 0 0 0 0 0 0 0 0 0 0 0 0 0 0 0 0 0 0 0 0 0 0 0 0 0 0 0 0 0 0 0 0 0 0 0 0 0 0 0 0 0 0 0 0 0 0 0 0 0 0 0 0 0 0 0 0 0 0 0 0 0 0 0 0 0 0 0 0 0 0 0 0 0 0 0 0 0 0 0 0 0 0 0 0 0 0 0 0 0 0 0 0 0 0 0 0 0 0 0 0 0 0 0 0 0 0 0 0 0 0 0 0 0 0 0 0 0 0 0 0 0 0 0 0 0 0 0 0 0 0 0 0 0 0 0 0 0 0 0 0 0 0 0 0 0 0 0 0 0 0 0 0 0 0 0 0 0 0 0 0 0 0 0 0 0 0 0 0 0 0 0 0 0 0 0 0 0 0 0 0 0 0 0 0 0 0 0 0 0 0 0 0 0 0 0 0 0 0 0 0 0 0 0 0 0 0 0 0 0 0 0 0 0 0 0 0 0 0 0 0 0 0 0 0 0 0 0 0 0 0 0 0 0 0 0 0 0 0 0 0 0 0 0 0 0 0 0 0 0 0 0 0 0 0 0 0 0 0 0 0 0 0 0 0 0 0 0 0 0 0 0 0 0 0 0 0 0 0 0 0 0 0 0 0 0 0 0 0 0 0 0 0 0 0 0 0 0 0 0 0 0 0 0 0 0 0 0 0 0 0 0 0 0 0 0 0 0 0 0 0 0 0 0 0 0 0 0 0 0 0 0 0 0 0 0 0 0 0 0 0 0 0 0 0 0 0 0 0 0 0 0 0 0 0 0 0 0 0 0 0 0 0 0 0 0 0 0 0 0 0 0 0 0 0 0 0 0 0 0 0 0 0 0 0 0 0 0 0 0 0 0 0 0 0 0 0 0 0 0 0 0 0 0 0 0 0 0 0 0 0 0 0 0 0 0 0 0 0 0 0 0 0 0 0 0 0 0 0 0 0 0 0 0 0 0 0 0 0 0 0 0 0 0 0 0 0 0 0 0 0 0 0 0 0 0 0 0 0 0 0 0 0 0 0 0 0 0 0 0 0 0 0 0 0 0 0 0 0 0 0 0 0 0 0 0 0 0 0 0 0 0 0 0 0 0 0 0 0 0 0 0 0 0 0 0 0 0 0 0 0 0 0 0 0 0 0 0 0 0 0 0 0 0 0 0 0 0 0 0 0 0 0 0 0 0 0 0 0 0 0 0 0 0 0 0 0 0 0 0 0 0 0 0 0 0 0 0 0 0 0 0 0 0 0 0 0 0 0 0 0 0 0 0 0 0 0 0 0 0 0 0 0 0 0 0 0 0 0 0 0 0 0 0 0 0 0 0 0 0 0 0 0 0 0 0 0 0 0 0 0 0 0 0 0 0 0 0 0 0 0 0 0 0 0 0 0 0 0 0 0 0 0 0 0 0 0 0 0 0 0 0 0 0 0 0 0 0 0 0 0 0 0 0 0 0 0 0 0 0 0 0 0 0 0 0 0 0 0 0 0 0 0 0 0 0 0 0 0 0 0 0 0 0 0 0 0 0 0 0 0 0 0 0 0 0 0 0 0 0 0 0 0 0 0 0 0 0 0 0 0 0 0 0 0 0 0 0 0 0 0 0 0 0 0 0 0 0 0 0 0 0 0 0 0 0 0 0 0 0 0 0 0 0 0 0 0 0 0 0 0 0 0 0 0 0 0 0 0 0 0 0 0 0 0 0 0 0 0 0 0 0 0 0 0 0 0 0 0 0 0 0 0 0 0 0 0 0 0 0 0 0 0 0 0 0 0 0 0 0 0 0 0 0 0 0 0 0 0 0 0 0 0 0 0 0 0 0 0 0 0 0 0 0 0 0 0 0 0 0 0 0 0 0 0 0 0 0 0 0 0 0 0 0 0 0 0 0 0 0 0 0 0 0 0 0 0 0 0 0 0 0 0 0 0 0 0 0 0 0 0 0 0 0 0 0 0 0 0 0 0 0 0 0 0 0 0 0 0 0 0 0 0 0 0 0 0 0 0 0 0 0 0 0 0 0 0 0 0 0 0 0 0 0 0 0 0 0 0 0 0 0 0 0 0 0 0 0 0 0 0 0 0 0 0 0 0 0 0 0 0 0 0 0 0 0 0 0 0 0 0 0 0 0 0 0 0 0 0 0 0 0 0 0 0 0 0 0 0 0 0 0 0 0 0 0 0 0 0 0 0 0 0 0 0 0 0 0 0 0 0 0 0 0 0 0 0 0 0 0 0 0 0 0 0 0 0 0 0 0 0 0 0 0 0 0 0 0 0 0 0 0 0 0 0 0 0 0 0 0 0 0 0 0 0 0 0 0 0 0 0 0 0 0 0 0 0 0 0 0 0 0 0 0 0 0 0 0 0 0 0 0 0 0 0 0 0 0 0 0 0 0 0 0 0 0 0 0 0 0 0 0 0 0 0 0 0 0 0 0 0 0 0 0 0 0 0 0 0 0 0 0 0 0 0 0 0 0 0 0 0 0 0 0 0 0 0 0 0 0 0 0 0 0 0 0 0 0 0 0 0 0 0 0 0 0 0 0 0 0 0 0 0 0 0 0 0 0 0 0 0 0 0 0 0 0 0 0 0 0 0 0 0 0 0 0 0 0 0 0 0 0 0 0 0 0 0 0 0 0 0 0 0 0 0 0 0 0 0 0 0 0 0 0 0 0 0 0 0 0 0 0 0 0 0 0 0 0 0 0 0 0 0 0 0 0 0 0 0 0 0 0 0 0 0 0 0 0 0 0 0 0 0 0 0 0 0 0 0 0 0 0 0 0 0 0 0 0 0 0 0 0 0 0 0 0 0 0 0 0 0 0 0 0 0 0 0 0 0 0 0 0 0 0 0 0 0 0 0 0 0 0 0 0 0 0 0 0 0 0 0 0 0 0 0 0 0 0 0 0 0 0 0 0 0 0 0 0 0 0 0 0 0 0 0 0 0 0 0 0 0 0 0 0 0 0 0 0 0 0 0 0 0 0 0 0 0 0 0 0 0 0 0 0 0 0 0 0 0 0 0 0 0 0 0 0 0 0 0 0 0 0 0 0 0 0 0 0 0 0 0 0 0 0 0 0 0 0 0 0 0 0 0 0 0 0 0 0 0 0 0 0 0 0 0 0 0 0 0 0 0 0 0 0 0 0 0 0 0 0 0 0 0 0 0 0 0 0 0 0 0 0 0 0 0 0 0 0 0 0 0 0 0 0 0 0 0 0 0 0 0 0 0 0 0 0 0 0 0 0 0 0 0 0 0 0 0 0 0 0 0 0 0 0 0 0 0 0 0 0 0 0 0 0 0 0 0 0 0 0 0 0 0 0 0 0 0 0 0 0 0 0 0 0 0 0 0 0 0 0 0 0 0 0 0 0 0 0 0 0 0 0 0 0 0 0 0 0 0 0 0 0 0 0 0 0 0 0 0 0 0 0 0 0 0 0 0 0 0 0 0 0 0 0 0 0 0 0 0 0 0 0 0 0 0 0 0 0 0 0 0 0 0 0 0 0 0 0 0 0 0 0 0 0 0 0 0 0 0 0 0 0 0 0 0 0 0 0 0 0 0 0 0 0 0 0 0 0 0 0 0 0 0 0 0 0 0 0 0 0 0 0 0 0 0 0 0 0 0 0 0 0 0 0 0 0 0 0 0 0 0 0 0 0 0 0 0 0 0 0 0 0 0 0 0 0 0 0 0 0 0 0 0 0 0 0 0 0 0 0 0 0 0 0 0 0 0 0 0 0 0 0 0 0 0 0 0 0 0 0 0 0 0 0 0 0 0 0 0 0 0 0 0 0 0 0 0 0 0 0 0 0 0 0 0 0 0 0 0 0 0 0 0 0 0 0 0 0 0 0 0 0 0 0 0 0 0 0 0 0 0 0 0 0 0 0 0 0 0 0 0 0 0 0 0 0 0 0 0 0 0 0 0 0 0 0 0 0 0 0 0 0 0 0 0 0 0 0 0 0 0 0 0 0 0 0 0 0 0 0 0 0 0 0 0 0 0 0 0 0 0 0 0 0 0 0 0 0 0 0 0 0 0 0 0 0 0 0 0 0 0 0 0 0 0 0 0 0 0 0 0 0 0 0 0 0 0 0 0 0 0 0 0 0 0 0 0 0 0 0 0 0 0 0 0 0 0 0 0 0 0 0 0 0 0 0 0 0 0 0 0 0 0 0 0 0 0 0 0 0 0 0 0 0 0 0 0 0 0 0 0 0 0 0 0 0 0 0 0 0 0 0 0 0 0 0 0 0 0 0 0 0 0 0 0 0 0 0 0 0 0 0 0 0 0 0 0 0 0 0 0 0 0 0 0 0 0 0 0 0 0 0 0 0 0 0 0 0 0 0 0 0 0 0 0 0 0 0 0 0 0 0 0 0 0 0 0 0 0 0 0 0 0 0 0 0 0 0 0 0 0 0 0 0 0 0 0 0 0 0 0 0 0 0 0 0 0 0 0 0 0 0 0 0 0 0 0 0 0 0 0 0 0 0 0 0 0 0 0 0 0 0 0 0 0 0 0 0 0 0 0 0 0 0 0 0 0 0 0 0 0 0 0 0 0 0 0 0 0 0 0 0 0 0 0 0 0 0 0 0 0 0 0 0 0 0 0 0 0 0 0 0 0 0 0 0 0 0 0 0 0 0 0 0 0 0 0 0 0 0 0 0 0 0 0 0 0 0 0 0 0 0 0 0 0 0 0 0 0 0 0 0 0 0 0 0 0 0 0 0 0 0 0 0 0 0 0 0 0 0 0 0 0 0 0 0 0 0 0 0 0 0 0 0 0 0 0 0 0 0 0 0 0 0 0 0 0 0 0 0 0 0 0 0 0 0 0 0 0 0 0 0 0 0 0 0 0 0 0 0 0 0 0 0 0 0 0 0 0 0 0 0 0 0 0 0 0 0 0 0 0 0 0 0 0 0 0 0 0 0 0 0 0 0 0 0 0 0 0 0 0 0 0 0 0 0 0 0 0 0 0 0 0 0 0 0 0 0 0 0 0 0 0 0 0 0 0 0 0 0 0 0 0 0 0 0 0 0 0 0 0 0 0 0 0 0 0 0 0 0 0 0 0 0 0 0 0 0 0 0 0 0 0 0 0 0 0 0 0 0 0 0 0 0 0 0 0 0 0 0 0 0 0 0 0 0 0 0 0 0 0 0 0 0 0 0 0 0 0 0 0 0 0 0 0 0 0 0 0 0 0 0 0 0 0 0 0 0 0 0 0 0 0 0 0 0 0 0 0 0 0 0 0 0 0 0 0 0 0 0 0 0 0 0 0 0 0 0 0 0 0 0 0 0 0 0 0 0 0 0 0 0 0 0 0 0 0 0 0 0 0 0 0 0 0 0 0 0 0 0 0 0 0 0 0 0 0 0 0 0 0 0 0 0 0 0 0 0 0 0 0 0 0 0 0 0 0 0 0 0 0 0 0 0 0 0 0 0 0 0 0 0 0 0 0 0 0 0 0 0 0 0 0 0 0 0 0 0 0 0 0 0 0 0 0 0 0 0 0 0 0 0 0 0 0 0 0 0 0 0 0 0 0 0 0 0 0 0 0 0 0 0 0 0 0 0 0 0 0 0 0 0 0 0 0 0 0 0 0 0 0 0 0 0 0 0 0 0 0 0 0 0 0 0 0 0 0 0 0 0 0 0 0 0 0 0 0 0 0 0 0 0 0 0 0 0 0 0 0 0 0 0 0 0 0 0 0 0 0 0 0 0 0 0 0 0 0 0 0 0 0 0 0 0 0 0 0 0 0 0 0 0 0 0 0 0 0 0 0 0 0 0 0 0 0 0 0 0 0 0 0 0 0 0 0 0 0 0 0 0 0 0 0 0 0 0 0 0 0 0 0 0 0 0 0 0 0 0 0 0 0 0 0 0 0 0 0 0 0 0 0 0 0 0 0 0 0 0 0 0 0 0 0 0 0 0 0 0 0 0 0 0 0 0 0 0 0 0 0 0 0 0 0 0 0 0 0 0 0 0 0 0 0 0 0 0 0 0 0 0 0 0 0 0 0 0 0 0 0 0 0 0 0 0 0 0 0 0 0 0 0 0 0 0 0 0 0 0 0 0 0 0 0 0 0 0 0 0 0 0 0 0 0 0 0 0 0 0 0 0 0 0 0 0 0 0 0 0 0 0 0 0 0 0 0 0 0 0 0 0 0 0 0 0 0 0 0 0 0 0 0 0 0 0 0 0 0 0 0 0 0 0 0 0 0 0 0 0 0 0 0 0 0 0 0 0 0 0 0 0 0 0 0 0 0 0 0 0 0 0 0 0 0 0 0 0 0 0 0 0 0 0 0 0 0 0 0 0 0 0 0 0 0 0 0 0 0 0 0 0 0 0 0 0 0 0 0 0 0 0 0 0 0 0 0 0 0 0 0 0 0 0 0 0 0 0 0 0 0 0 0 0 0 0 0 0 0 0 0 0 0 0 0 0 0 0 0 0 0 0 0 0 0 0 0 0 0 0 0 0 0 0 0 0 0 0 0 0 0 0 0 0 0 0 0 0 0 0 0 0 0 0 0 0 0 0 0 0 0 0 0 0 0 0 0 0 0 0 0 0 0 0 0 0 0 0 0 0 0 0 0 0 0 0 0 0 0 0 0 0 0 0 0 0 0 0 0 0 0 0 0 0 0 0 0 0 0 0 0 0 0 0 0 0 0 0 0 0 0 0 0 0 0 0 0 0 0 0 0 0 0 0 0 0 0 0 0 0 0 0 0 0 0 0 0 0 0 0 0 0 0 0 0 0 0 0 0 0 0 0 0 0 0 0 0 0 0 0 0 0 0 0 0 0 0 0 0 0 0 0 0 0 0 0 0 0 0 0 0 0 0 0 0 0 0 0 0 0 0 0 0 0 0 0 0 0 0 0 0 0 0 0 0 0 0 0 0 0 0 0 0 0 0 0 0 0 0 0 0 0 0 0 0 0 0 0 0 0 0 0 0 0 0 0 0 0 0 0 0 0 0 0 0 0 0 0 0 0 0 0 0 0 0 0 0 0 0 0 0 0 0 0 0 0 0 0 0 0 0 0 0 0 0 0 0 0 0 0 0 0 0 0 0 0 0 0 0 0 0 0 0 0 0 0 0 0 0 0 0 0 0 0 0 0 0 0 0 0 0 0 0 0 0 0 0 0 0 0 0 0 0 0 0 0 0 0 0 0 0 0 0 0 0 0 0 0 0 0 0 0 0 0 0 0 0 0 0 0 0 0 0 0 0 0 0 0 0 0 0 0 0 0 0 0 0 0 0 0 0 0 0 0 0 0 0 0 0 0 0 0 0 0 0 0 0 0 0 0 0 0 0 0 0 0 0 0 0 0 0 0 0 0 0 0 0 0 0 0 0 0 0 0 0 0 0 0 0 0 0 0 0 0 0 0 0 0 0 0 0 0 0 0 0 0 0 0 0 0 0 0 0 0 0 0 0 0 0 0 0 0 0 0 0 0 0 0 0 0 0 0 0 0 0 0 0 0 0 0 0 0 0 0 0 0 0 0 0 0 0 0 0 0 0 0 0 0 0 0 0 0 0 0 0 0 0 0 0 0 0 0 0 0 0 0 0 0 0 0 0 0 0 0 0 0 0 0 0 0 0 0 0 0 0 0 0 0 0 0 0 0 0 0 0 0 0 0 0 0 0 0 0 0 0 0 0 0 0 0 0 0 0 0 0 0 0 0 0 0 0 0 0 0 0 0 0 0 0 0 0 0 0 0 0 0 0 0 0 0 0 0 0 0 0 0 0 0 0 0 0 0 0 0 0 0 0 0 0 0 0 0 0 0 0 0 0 0 0 0 0 0 0 0 0 0 0 0 0 0 0 0 0 0 0 0 0 0 0 0 0 0 0 0 0 0 0 0 0 0 0 0 0 0 0 0 0 0 0 0 0 0 0 0 0 0 0 0 0 0 0 0 0 0 0 0 0 0 0 0 0 0 0 0 0 0 0 0 0 0 0 0 0 0 0 0 0 0 0 0 0 0 0 0 0 0 0 0 0 0 0 0 0 0 0 0 0 0 0 0 0 0 0 0 0 0 0 0 0 0 0 0 0 0 0 0 0 0 0 0 0 0 0 0 0 0 0 0 0 0 0 0 0 0 0 0 0 0 0 0 0 0 0 0 0 0 0 0 0 0 0 0 0 0 0 0 0 0 0 0 0 0 0 0 0 0 0 0 0 0 0 0 0 0 0 0 0 0 0 0 0 0 0 0 0 0 0 0 0 0 0 0 0 0 0 0 0 0 0 0 0 0 0 0 0 0 0 0 0 0 0 0 0 0 0 0 0 0 0 0 0 0 0 0 0 0 0 0 0 0 0 0 0 0 0 0 0 0 0 0 0 0 0 0 0 0 0 0 0 0 0 0 0 0 0 0 0 0 0 0 0 0 0 0 0 0 0 0 0 0 0 0 0 0 0 0 0 0 0 0 0 0 0 0 0 0 0 0 0 0 0 0 0 0 0 0 0 0 0 0 0 0 0 0 0 0 0 0 0 0 0 0 0 0 0 0 0 0 0 0 0 0 0 0 0 0 0 0 0 0 0 0 0 0 0 0 0 0 0 0 0 0 0 0 0 0 0 0 0 0 0 0 0 0 0 0 0 0 0 0 0 0 0 0 0 0 0 0 0 0 0 0 0 0 0 0 0 0 0 0 0 0 0 0 0 0 0 0 0 0 0 0 0 0 0 0 0 0 0 0 0 0 0 0 0 0 0 0 0 0 0 0 0 0 0 0 0 0 0 0 0 0 0 0 0 0 0 0 0 0 0 0 0 0 0 0 0 0 0 0 0 0 0 0 0 0 0 0 0 0 0 0 0 0 0 0 0 0 0 0 0 0 0 0 0 0 0 0 0 0 0 0 0 0 0 0 0 0 0 0 0 0 0 0 0 0 0 0 0 0 0 0 0 0 0 0 0 0 0 0 0 0 0 0 0 0 0 0 0 0 0 0 0 0 0 0 0 0 0 0 0 0 0 0 0 0 0 0 0 0 0 0 0 0 0 0 0 0 0 0 0 0 0 0 0 0 0 0 0 0 0 0 0 0 0 0 0 0 0 0 0 0 0 0 0 0 0 0 0 0 0 0 0 0 0 0 0 0 0 0 0 0 0 0 0 0 0 0 0 0 0 0 0 0 0 0 0 0 0 0 0 0 0 0 0 0 0 0 0 0 0 0 0 0 0 0 0 0 0 0 0 0 0 0 0 0 0 0 0 0 0 0 0 0 0 0 0 0 0 0 0 0 0 0 0 0 0 0 0 0 0 0 0 0 0 0 0 0 0 0 0 0 0 0 0 0 0 0 0 0 0 0 0 0 0 0 0 0 0 0 0 0 0 0 0 0 0 0 0 0 0 0 0 0 0 0 0 0 0 0 0 0 0 0 0 0 0 0 0 0 0 0 0 0 0 0 0 0 0 0 0 0 0 0 0 0 0 0 0 0 0 0 0 0 0 0 0 0 0 0 0 0 0 0 0 0 0 0 0 0 0 0 0 0 0 0 0 0 0 0 0 0 0 0 0 0 0 0 0 0 0 0 0 0 0 0 0 0 0 0 0 0 0 0 0 0 0 0 0 0 0 0 0 0 0 0 0 0 0 0 0 0 0 0 0 0 0 0 0 0 0 0 0 0 0 0 0 0 0 0 0 0 0 0 0 0 0 0 0 0 0 0 0 0 0 0 0 0 0 0 0 0 0 0 0 0 0 0 0 0 0 0 0 0 0 0 0 0 0 0 0 0 0 0 0 0 0 0 0 0 0 0 0 0 0 0 0 0 0 0 0 0 0 0 0 0 0 0 0 0 0 0 0 0 0 0 0 0 0 0 0 0 0 0 0 0 0 0 0 0 0 0 0 0 0 0 0 0 0 0 0 0 0 0 0 0 0 0 0 0 0 0 0 0 0 0 0 0 0 0 0 0 0 0 0 0 0 0 0 0 0 0 0 0 0 0 0 0 0 0 0 0 0 0 0 0 0 0 0 0 0 0 0 0 0 0 0 0 0 0 0 0 0 0 0 0 0 0 0 0 0 0 0 0 0 0 0 0 0 0 0 0 0 0 0 0 0 0 0 0 0 0 0 0 0 0 0 0 0 0 0 0 0 0 0 0 0 0 0 0 0 0 0 0 0 0 0 0 0 0 0 0 0 0 0 0 0 0 0 0 0 0 0 0 0 0 0 0 0 0 0 0 0 0 0 0 0 0 0 0 0 0 0 0 0 0 0 0 0 0 0 0 0 0 0 0 0 0 0 0 0 0 0 0 0 0 0 0 0 0 0 0 0 0 0 0 0 0 0 0 0 0 0 0 0 0 0 0 0 0 0 0 0 0 0 0 0 0 0 0 0 0 0 0 0 0 0 0 0 0 0 0 0 0 0 0 0 0 0 0 0 0 0 0 0 0 0 0 0 0 0 0 0 0 0 0 0 0 0 0 0 0 0 0 0 0 0 0 0 0 0 0 0 0 0 0 0 0 0 0 0 0 0 0 0 0 0 0 0 0 0 0 0 0 0 0 0 0 0 0 0 0 0 0 0 0 0 0 0 0 0 0 0 0 0 0 0 0 0 0 0 0 0 0 0 0 0 0 0 0 0 0 0 0 0 0 0 0 0 0 0 0 0 0 0 0 0 0 0 0 0 0 0 0 0 0 0 0 0 0 0 0 0 0 0 0 0 0 0 0 0 0 0 0 0 0 0 0 0 0 0 0 0 0 0 0 0 0 0 0 0 0 0 0 0 0 0 0 0 0 0 0 0 0 0 0 0 0 0 0 0 0 0 0 0 0 0 0 0 0 0 0 0 0 0 0 0 0 0 0 0 0 0 0 0 0 0 0 0 0 0 0 0 0 0 0 0 0 0 0 0 0 0 0 0 0 0 0 0 0 0 0 0 0 0 0 0 0 0 0 0 0 0 0 0 0 0 0 0 0 0 0 0 0 0 0 0 0 0 0 0 0 0 0 0 0 0 0 0 0 0 0 0 0 0 0 0 0 0 0 0 0 0 0 0 0 0 0 0 0 0 0 0 0 0 0 0 0 0 0 0 0 0 0 0 0 0 0 0 0 0 0 0 0 0 0 0 0 0 0 0 0 0 0 0 0 0 0 0 0 0 0 0 0 0 0 0 0 0 0 0 0 0 0 0 0 0 0 0 0 0 0 0 0 0 0 0 0 0 0 0 0 0 0 0 0 0 0 0 0 0 0 0 0 0 0 0 0 0 0 0 0 0 0 0 0 0 0 0 0 0 0 0 0 0 0 0 0 0 0 0 0 0 0 0 0 0 0 0 0 0 0 0 0 0 0 0 0 0 0 0 0 0 0 0 0 0 0 0 0 0 0 0 0 0 0 0 0 0 0 0 0 0 0 0 0 0 0 0 0 0 0 0 0 0 0 0 0 0 0 0 0 0 0 0 0 0 0 0 0 0 0 0 0 0 0 0 0 0 0 0 0 0 0 0 0 0 0 0 0 0 0 0 0 0 0 0 0 0 0 0 0 0 0 0 0 0 0 0 0 0 0 0 0 0 0 0 0 0 0 0 0 0 0 0 0 0 0 0 0 0 0 0 0 0 0 0 0 0 0 0 0 0 0 0 0 0 0 0 0 0 0 0 0 0 0 0 0 0 0 0 0 0 0 0 0 0 0 0 0 0 0 0 0 0 0 0 0 0 0 0 0 0 0 0 0 0 0 0 0 0 0 0 0 0 0 0 0 0 0 0 0 0 0 0 0 0 0 0 0 0 0 0 0 0 0 0 0 0 0 0 0 0 0 0 0 0 0 0 0 0 0 0 0 0 0 0 0 0 0 0 0 0 0 0 0 0 0 0 0 0 0 0 0 0 0 0 0 0 0 0 0 0 0 0 0 0 0 0 0 0 0 0 0 0 0 0 0 0 0 0 0 0 0 0 0 0 0 0 0 0 0 0 0 0 0 0 0 0 0 0 0 0 0 0 0 0 0 0 0 0 0 0 0 0 0 0 0 0 0 0 0 0 0 0 0 0 0 0 0 0 0 0 0 0 0 0 0 0 0 0 0 0 0 0 0 0 0 0 0 0 0 0 0 0 0 0 0 0 0 0 0 0 0 0 0 0 0 0 0 0 0 0 0 0 0 0 0 0 0 0 0 0 0 0 0 0 0 0 0 0 0 0 0 0 0 0 0 0 0 0 0 0 0 0</float_array>
          <technique_common>
            <accessor source="#portal_arc_a999-mesh-map-0-array" count="3384" stride="2">
              <param name="S" type="float"/>
              <param name="T" type="float"/>
            </accessor>
          </technique_common>
        </source>
        <vertices id="portal_arc_a999-mesh-vertices">
          <input semantic="POSITION" source="#portal_arc_a999-mesh-positions"/>
        </vertices>
        <triangles material="portal_arc" count="1128">
          <input semantic="VERTEX" source="#portal_arc_a999-mesh-vertices" offset="0"/>
          <input semantic="NORMAL" source="#portal_arc_a999-mesh-normals" offset="0"/>
          <input semantic="TEXCOORD" source="#portal_arc_a999-mesh-map-0" offset="0" set="0"/>
          <p>0 1 2 3 4 5 6 7 8 9 10 11 12 13 14 15 16 17 18 19 20 21 22 23 24 25 26 27 28 29 30 31 32 33 34 35 36 37 38 39 40 41 42 43 44 45 46 47 48 49 50 51 52 53 54 55 56 57 58 59 60 61 62 63 64 65 66 67 68 69 70 71 72 73 74 75 76 77 78 79 80 81 82 83 84 85 86 87 88 89 90 91 92 93 94 95 96 97 98 99 100 101 102 103 104 105 106 107 108 109 110 111 112 113 114 115 116 117 118 119 120 121 122 123 124 125 126 127 128 129 130 131 132 133 134 135 136 137 138 139 140 141 142 143 144 145 146 147 148 149 150 151 152 153 154 155 156 157 158 159 160 161 162 163 164 165 166 167 168 169 170 171 172 173 174 175 176 177 178 179 180 181 182 183 184 185 186 187 188 189 190 191 192 193 194 195 196 197 198 199 200 201 202 203 204 205 206 207 208 209 210 211 212 213 214 215 216 217 218 219 220 221 222 223 224 225 226 227 228 229 230 231 232 233 234 235 236 237 238 239 240 241 242 243 244 245 246 247 248 249 250 251 252 253 254 255 256 257 258 259 260 261 262 263 264 265 266 267 268 269 270 271 272 273 274 275 276 277 278 279 280 281 282 283 284 285 286 287 288 289 290 291 292 293 294 295 296 297 298 299 300 301 302 303 304 305 306 307 308 309 310 311 312 313 314 315 316 317 318 319 320 321 322 323 324 325 326 327 328 329 330 331 332 333 334 335 336 337 338 339 340 341 342 343 344 345 346 347 348 349 350 351 352 353 354 355 356 357 358 359 360 361 362 363 364 365 366 367 368 369 370 371 372 373 374 375 376 377 378 379 380 381 382 383 384 385 386 387 388 389 390 391 392 393 394 395 396 397 398 399 400 401 402 403 404 405 406 407 408 409 410 411 412 413 414 415 416 417 418 419 420 421 422 423 424 425 426 427 428 429 430 431 432 433 434 435 436 437 438 439 440 441 442 443 444 445 446 447 448 449 450 451 452 453 454 455 456 457 458 459 460 461 462 463 464 465 466 467 468 469 470 471 472 473 474 475 476 477 478 479 480 481 482 483 484 485 486 487 488 489 490 491 492 493 494 495 496 497 498 499 500 501 502 503 504 505 506 507 508 509 510 511 512 513 514 515 516 517 518 519 520 521 522 523 524 525 526 527 528 529 530 531 532 533 534 535 536 537 538 539 540 541 542 543 544 545 546 547 548 549 550 551 552 553 554 555 556 557 558 559 560 561 562 563 564 565 566 567 568 569 570 571 572 573 574 575 576 577 578 579 580 581 582 583 584 585 586 587 588 589 590 591 592 593 594 595 596 597 598 599 600 601 602 603 604 605 606 607 608 609 610 611 612 613 614 615 616 617 618 619 620 621 622 623 624 625 626 627 628 629 630 631 632 633 634 635 636 637 638 639 640 641 642 643 644 645 646 647 648 649 650 651 652 653 654 655 656 657 658 659 660 661 662 663 664 665 666 667 668 669 670 671 672 673 674 675 676 677 678 679 680 681 682 683 684 685 686 687 688 689 690 691 692 693 694 695 696 697 698 699 700 701 702 703 704 705 706 707 708 709 710 711 712 713 714 715 716 717 718 719 720 721 722 723 724 725 726 727 728 729 730 731 732 733 734 735 736 737 738 739 740 741 742 743 744 745 746 747 748 749 750 751 752 753 754 755 756 757 758 759 760 761 762 763 764 765 766 767 768 769 770 771 772 773 774 775 776 777 778 779 780 781 782 783 784 785 786 787 788 789 790 791 792 793 794 795 796 797 798 799 800 801 802 803 804 805 806 807 808 809 810 811 812 813 814 815 816 817 818 819 820 821 822 823 824 825 826 827 828 829 830 831 832 833 834 835 836 837 838 839 840 841 842 843 844 845 846 847 848 849 850 851 852 853 854 855 856 857 858 859 860 861 862 863 864 865 866 867 868 869 870 871 872 873 874 875 876 877 878 879 880 881 882 883 884 885 886 887 888 889 890 891 892 893 894 895 896 897 898 899 900 901 902 903 904 905 906 907 908 909 910 911 912 913 914 915 916 917 918 919 920 921 922 923 924 925 926 927 928 929 930 931 932 933 934 935 936 937 938 939 940 941 942 943 944 945 946 947 948 949 950 951 952 953 954 955 956 957 958 959 960 961 962 963 964 965 966 967 968 969 970 971 972 973 974 975 976 977 978 979 980 981 982 983 984 985 986 987 988 989 990 991 992 993 994 995 996 997 998 999 1000 1001 1002 1003 1004 1005 1006 1007 1008 1009 1010 1011 1012 1013 1014 1015 1016 1017 1018 1019 1020 1021 1022 1023 1024 1025 1026 1027 1028 1029 1030 1031 1032 1033 1034 1035 1036 1037 1038 1039 1040 1041 1042 1043 1044 1045 1046 1047 1048 1049 1050 1051 1052 1053 1054 1055 1056 1057 1058 1059 1060 1061 1062 1063 1064 1065 1066 1067 1068 1069 1070 1071 1072 1073 1074 1075 1076 1077 1078 1079 1080 1081 1082 1083 1084 1085 1086 1087 1088 1089 1090 1091 1092 1093 1094 1095 1096 1097 1098 1099 1100 1101 1102 1103 1104 1105 1106 1107 1108 1109 1110 1111 1112 1113 1114 1115 1116 1117 1118 1119 1120 1121 1122 1123 1124 1125 1126 1127 1128 1129 1130 1131 1132 1133 1134 1135 1136 1137 1138 1139 1140 1141 1142 1143 1144 1145 1146 1147 1148 1149 1150 1151 1152 1153 1154 1155 1156 1157 1158 1159 1160 1161 1162 1163 1164 1165 1166 1167 1168 1169 1170 1171 1172 1173 1174 1175 1176 1177 1178 1179 1180 1181 1182 1183 1184 1185 1186 1187 1188 1189 1190 1191 1192 1193 1194 1195 1196 1197 1198 1199 1200 1201 1202 1203 1204 1205 1206 1207 1208 1209 1210 1211 1212 1213 1214 1215 1216 1217 1218 1219 1220 1221 1222 1223 1224 1225 1226 1227 1228 1229 1230 1231 1232 1233 1234 1235 1236 1237 1238 1239 1240 1241 1242 1243 1244 1245 1246 1247 1248 1249 1250 1251 1252 1253 1254 1255 1256 1257 1258 1259 1260 1261 1262 1263 1264 1265 1266 1267 1268 1269 1270 1271 1272 1273 1274 1275 1276 1277 1278 1279 1280 1281 1282 1283 1284 1285 1286 1287 1288 1289 1290 1291 1292 1293 1294 1295 1296 1297 1298 1299 1300 1301 1302 1303 1304 1305 1306 1307 1308 1309 1310 1311 1312 1313 1314 1315 1316 1317 1318 1319 1320 1321 1322 1323 1324 1325 1326 1327 1328 1329 1330 1331 1332 1333 1334 1335 1336 1337 1338 1339 1340 1341 1342 1343 1344 1345 1346 1347 1348 1349 1350 1351 1352 1353 1354 1355 1356 1357 1358 1359 1360 1361 1362 1363 1364 1365 1366 1367 1368 1369 1370 1371 1372 1373 1374 1375 1376 1377 1378 1379 1380 1381 1382 1383 1384 1385 1386 1387 1388 1389 1390 1391 1392 1393 1394 1395 1396 1397 1398 1399 1400 1401 1402 1403 1404 1405 1406 1407 1408 1409 1410 1411 1412 1413 1414 1415 1416 1417 1418 1419 1420 1421 1422 1423 1424 1425 1426 1427 1428 1429 1430 1431 1432 1433 1434 1435 1436 1437 1438 1439 1440 1441 1442 1443 1444 1445 1446 1447 1448 1449 1450 1451 1452 1453 1454 1455 1456 1457 1458 1459 1460 1461 1462 1463 1464 1465 1466 1467 1468 1469 1470 1471 1472 1473 1474 1475 1476 1477 1478 1479 1480 1481 1482 1483 1484 1485 1486 1487 1488 1489 1490 1491 1492 1493 1494 1495 1496 1497 1498 1499 1500 1501 1502 1503 1504 1505 1506 1507 1508 1509 1510 1511 1512 1513 1514 1515 1516 1517 1518 1519 1520 1521 1522 1523 1524 1525 1526 1527 1528 1529 1530 1531 1532 1533 1534 1535 1536 1537 1538 1539 1540 1541 1542 1543 1544 1545 1546 1547 1548 1549 1550 1551 1552 1553 1554 1555 1556 1557 1558 1559 1560 1561 1562 1563 1564 1565 1566 1567 1568 1569 1570 1571 1572 1573 1574 1575 1576 1577 1578 1579 1580 1581 1582 1583 1584 1585 1586 1587 1588 1589 1590 1591 1592 1593 1594 1595 1596 1597 1598 1599 1600 1601 1602 1603 1604 1605 1606 1607 1608 1609 1610 1611 1612 1613 1614 1615 1616 1617 1618 1619 1620 1621 1622 1623 1624 1625 1626 1627 1628 1629 1630 1631 1632 1633 1634 1635 1636 1637 1638 1639 1640 1641 1642 1643 1644 1645 1646 1647 1648 1649 1650 1651 1652 1653 1654 1655 1656 1657 1658 1659 1660 1661 1662 1663 1664 1665 1666 1667 1668 1669 1670 1671 1672 1673 1674 1675 1676 1677 1678 1679 1680 1681 1682 1683 1684 1685 1686 1687 1688 1689 1690 1691 1692 1693 1694 1695 1696 1697 1698 1699 1700 1701 1702 1703 1704 1705 1706 1707 1708 1709 1710 1711 1712 1713 1714 1715 1716 1717 1718 1719 1720 1721 1722 1723 1724 1725 1726 1727 1728 1729 1730 1731 1732 1733 1734 1735 1736 1737 1738 1739 1740 1741 1742 1743 1744 1745 1746 1747 1748 1749 1750 1751 1752 1753 1754 1755 1756 1757 1758 1759 1760 1761 1762 1763 1764 1765 1766 1767 1768 1769 1770 1771 1772 1773 1774 1775 1776 1777 1778 1779 1780 1781 1782 1783 1784 1785 1786 1787 1788 1789 1790 1791 1792 1793 1794 1795 1796 1797 1798 1799 1800 1801 1802 1803 1804 1805 1806 1807 1808 1809 1810 1811 1812 1813 1814 1815 1816 1817 1818 1819 1820 1821 1822 1823 1824 1825 1826 1827 1828 1829 1830 1831 1832 1833 1834 1835 1836 1837 1838 1839 1840 1841 1842 1843 1844 1845 1846 1847 1848 1849 1850 1851 1852 1853 1854 1855 1856 1857 1858 1859 1860 1861 1862 1863 1864 1865 1866 1867 1868 1869 1870 1871 1872 1873 1874 1875 1876 1877 1878 1879 1880 1881 1882 1883 1884 1885 1886 1887 1888 1889 1890 1891 1892 1893 1894 1895 1896 1897 1898 1899 1900 1901 1902 1903 1904 1905 1906 1907 1908 1909 1910 1911 1912 1913 1914 1915 1916 1917 1918 1919 1920 1921 1922 1923 1924 1925 1926 1927 1928 1929 1930 1931 1932 1933 1934 1935 1936 1937 1938 1939 1940 1941 1942 1943 1944 1945 1946 1947 1948 1949 1950 1951 1952 1953 1954 1955 1956 1957 1958 1959 1960 1961 1962 1963 1964 1965 1966 1967 1968 1969 1970 1971 1972 1973 1974 1975 1976 1977 1978 1979 1980 1981 1982 1983 1984 1985 1986 1987 1988 1989 1990 1991 1992 1993 1994 1995 1996 1997 1998 1999 2000 2001 2002 2003 2004 2005 2006 2007 2008 2009 2010 2011 2012 2013 2014 2015 2016 2017 2018 2019 2020 2021 2022 2023 2024 2025 2026 2027 2028 2029 2030 2031 2032 2033 2034 2035 2036 2037 2038 2039 2040 2041 2042 2043 2044 2045 2046 2047 2048 2049 2050 2051 2052 2053 2054 2055 2056 2057 2058 2059 2060 2061 2062 2063 2064 2065 2066 2067 2068 2069 2070 2071 2072 2073 2074 2075 2076 2077 2078 2079 2080 2081 2082 2083 2084 2085 2086 2087 2088 2089 2090 2091 2092 2093 2094 2095 2096 2097 2098 2099 2100 2101 2102 2103 2104 2105 2106 2107 2108 2109 2110 2111 2112 2113 2114 2115 2116 2117 2118 2119 2120 2121 2122 2123 2124 2125 2126 2127 2128 2129 2130 2131 2132 2133 2134 2135 2136 2137 2138 2139 2140 2141 2142 2143 2144 2145 2146 2147 2148 2149 2150 2151 2152 2153 2154 2155 2156 2157 2158 2159 2160 2161 2162 2163 2164 2165 2166 2167 2168 2169 2170 2171 2172 2173 2174 2175 2176 2177 2178 2179 2180 2181 2182 2183 2184 2185 2186 2187 2188 2189 2190 2191 2192 2193 2194 2195 2196 2197 2198 2199 2200 2201 2202 2203 2204 2205 2206 2207 2208 2209 2210 2211 2212 2213 2214 2215 2216 2217 2218 2219 2220 2221 2222 2223 2224 2225 2226 2227 2228 2229 2230 2231 2232 2233 2234 2235 2236 2237 2238 2239 2240 2241 2242 2243 2244 2245 2246 2247 2248 2249 2250 2251 2252 2253 2254 2255 2256 2257 2258 2259 2260 2261 2262 2263 2264 2265 2266 2267 2268 2269 2270 2271 2272 2273 2274 2275 2276 2277 2278 2279 2280 2281 2282 2283 2284 2285 2286 2287 2288 2289 2290 2291 2292 2293 2294 2295 2296 2297 2298 2299 2300 2301 2302 2303 2304 2305 2306 2307 2308 2309 2310 2311 2312 2313 2314 2315 2316 2317 2318 2319 2320 2321 2322 2323 2324 2325 2326 2327 2328 2329 2330 2331 2332 2333 2334 2335 2336 2337 2338 2339 2340 2341 2342 2343 2344 2345 2346 2347 2348 2349 2350 2351 2352 2353 2354 2355 2356 2357 2358 2359 2360 2361 2362 2363 2364 2365 2366 2367 2368 2369 2370 2371 2372 2373 2374 2375 2376 2377 2378 2379 2380 2381 2382 2383 2384 2385 2386 2387 2388 2389 2390 2391 2392 2393 2394 2395 2396 2397 2398 2399 2400 2401 2402 2403 2404 2405 2406 2407 2408 2409 2410 2411 2412 2413 2414 2415 2416 2417 2418 2419 2420 2421 2422 2423 2424 2425 2426 2427 2428 2429 2430 2431 2432 2433 2434 2435 2436 2437 2438 2439 2440 2441 2442 2443 2444 2445 2446 2447 2448 2449 2450 2451 2452 2453 2454 2455 2456 2457 2458 2459 2460 2461 2462 2463 2464 2465 2466 2467 2468 2469 2470 2471 2472 2473 2474 2475 2476 2477 2478 2479 2480 2481 2482 2483 2484 2485 2486 2487 2488 2489 2490 2491 2492 2493 2494 2495 2496 2497 2498 2499 2500 2501 2502 2503 2504 2505 2506 2507 2508 2509 2510 2511 2512 2513 2514 2515 2516 2517 2518 2519 2520 2521 2522 2523 2524 2525 2526 2527 2528 2529 2530 2531 2532 2533 2534 2535 2536 2537 2538 2539 2540 2541 2542 2543 2544 2545 2546 2547 2548 2549 2550 2551 2552 2553 2554 2555 2556 2557 2558 2559 2560 2561 2562 2563 2564 2565 2566 2567 2568 2569 2570 2571 2572 2573 2574 2575 2576 2577 2578 2579 2580 2581 2582 2583 2584 2585 2586 2587 2588 2589 2590 2591 2592 2593 2594 2595 2596 2597 2598 2599 2600 2601 2602 2603 2604 2605 2606 2607 2608 2609 2610 2611 2612 2613 2614 2615 2616 2617 2618 2619 2620 2621 2622 2623 2624 2625 2626 2627 2628 2629 2630 2631 2632 2633 2634 2635 2636 2637 2638 2639 2640 2641 2642 2643 2644 2645 2646 2647 2648 2649 2650 2651 2652 2653 2654 2655 2656 2657 2658 2659 2660 2661 2662 2663 2664 2665 2666 2667 2668 2669 2670 2671 2672 2673 2674 2675 2676 2677 2678 2679 2680 2681 2682 2683 2684 2685 2686 2687 2688 2689 2690 2691 2692 2693 2694 2695 2696 2697 2698 2699 2700 2701 2702 2703 2704 2705 2706 2707 2708 2709 2710 2711 2712 2713 2714 2715 2716 2717 2718 2719 2720 2721 2722 2723 2724 2725 2726 2727 2728 2729 2730 2731 2732 2733 2734 2735 2736 2737 2738 2739 2740 2741 2742 2743 2744 2745 2746 2747 2748 2749 2750 2751 2752 2753 2754 2755 2756 2757 2758 2759 2760 2761 2762 2763 2764 2765 2766 2767 2768 2769 2770 2771 2772 2773 2774 2775 2776 2777 2778 2779 2780 2781 2782 2783 2784 2785 2786 2787 2788 2789 2790 2791 2792 2793 2794 2795 2796 2797 2798 2799 2800 2801 2802 2803 2804 2805 2806 2807 2808 2809 2810 2811 2812 2813 2814 2815 2816 2817 2818 2819 2820 2821 2822 2823 2824 2825 2826 2827 2828 2829 2830 2831 2832 2833 2834 2835 2836 2837 2838 2839 2840 2841 2842 2843 2844 2845 2846 2847 2848 2849 2850 2851 2852 2853 2854 2855 2856 2857 2858 2859 2860 2861 2862 2863 2864 2865 2866 2867 2868 2869 2870 2871 2872 2873 2874 2875 2876 2877 2878 2879 2880 2881 2882 2883 2884 2885 2886 2887 2888 2889 2890 2891 2892 2893 2894 2895 2896 2897 2898 2899 2900 2901 2902 2903 2904 2905 2906 2907 2908 2909 2910 2911 2912 2913 2914 2915 2916 2917 2918 2919 2920 2921 2922 2923 2924 2925 2926 2927 2928 2929 2930 2931 2932 2933 2934 2935 2936 2937 2938 2939 2940 2941 2942 2943 2944 2945 2946 2947 2948 2949 2950 2951 2952 2953 2954 2955 2956 2957 2958 2959 2960 2961 2962 2963 2964 2965 2966 2967 2968 2969 2970 2971 2972 2973 2974 2975 2976 2977 2978 2979 2980 2981 2982 2983 2984 2985 2986 2987 2988 2989 2990 2991 2992 2993 2994 2995 2996 2997 2998 2999 3000 3001 3002 3003 3004 3005 3006 3007 3008 3009 3010 3011 3012 3013 3014 3015 3016 3017 3018 3019 3020 3021 3022 3023 3024 3025 3026 3027 3028 3029 3030 3031 3032 3033 3034 3035 3036 3037 3038 3039 3040 3041 3042 3043 3044 3045 3046 3047 3048 3049 3050 3051 3052 3053 3054 3055 3056 3057 3058 3059 3060 3061 3062 3063 3064 3065 3066 3067 3068 3069 3070 3071 3072 3073 3074 3075 3076 3077 3078 3079 3080 3081 3082 3083 3084 3085 3086 3087 3088 3089 3090 3091 3092 3093 3094 3095 3096 3097 3098 3099 3100 3101 3102 3103 3104 3105 3106 3107 3108 3109 3110 3111 3112 3113 3114 3115 3116 3117 3118 3119 3120 3121 3122 3123 3124 3125 3126 3127 3128 3129 3130 3131 3132 3133 3134 3135 3136 3137 3138 3139 3140 3141 3142 3143 3144 3145 3146 3147 3148 3149 3150 3151 3152 3153 3154 3155 3156 3157 3158 3159 3160 3161 3162 3163 3164 3165 3166 3167 3168 3169 3170 3171 3172 3173 3174 3175 3176 3177 3178 3179 3180 3181 3182 3183 3184 3185 3186 3187 3188 3189 3190 3191 3192 3193 3194 3195 3196 3197 3198 3199 3200 3201 3202 3203 3204 3205 3206 3207 3208 3209 3210 3211 3212 3213 3214 3215 3216 3217 3218 3219 3220 3221 3222 3223 3224 3225 3226 3227 3228 3229 3230 3231 3232 3233 3234 3235 3236 3237 3238 3239 3240 3241 3242 3243 3244 3245 3246 3247 3248 3249 3250 3251 3252 3253 3254 3255 3256 3257 3258 3259 3260 3261 3262 3263 3264 3265 3266 3267 3268 3269 3270 3271 3272 3273 3274 3275 3276 3277 3278 3279 3280 3281 3282 3283 3284 3285 3286 3287 3288 3289 3290 3291 3292 3293 3294 3295 3296 3297 3298 3299 3300 3301 3302 3303 3304 3305 3306 3307 3308 3309 3310 3311 3312 3313 3314 3315 3316 3317 3318 3319 3320 3321 3322 3323 3324 3325 3326 3327 3328 3329 3330 3331 3332 3333 3334 3335 3336 3337 3338 3339 3340 3341 3342 3343 3344 3345 3346 3347 3348 3349 3350 3351 3352 3353 3354 3355 3356 3357 3358 3359 3360 3361 3362 3363 3364 3365 3366 3367 3368 3369 3370 3371 3372 3373 3374 3375 3376 3377 3378 3379 3380 3381 3382 3383</p>
        </triangles>
      </mesh>
    </geometry>
  </library_geometries>
  <library_visual_scenes>
    <visual_scene id="Scene" name="Scene">
      <node id="base00" name="base00" type="NODE">
        <node id="start01" name="start01" type="NODE">
          <node id="portal_arc_a999" name="portal_arc_a999" type="NODE">
            <instance_geometry url="#portal_arc_a999-mesh">
              <bind_material>
                <technique_common>
                  <instance_material symbol="portal_arc" target="#portal_arc-material">
                    <bind_vertex_input semantic="UVSET0" input_semantic="TEXCOORD" input_set="0"/>
                  </instance_material>
                </technique_common>
              </bind_material>
            </instance_geometry>
          </node>
        </node>
      </node>
    </visual_scene>
  </library_visual_scenes>
  <scene>
    <instance_visual_scene url="#Scene"/>
  </scene>
</COLLADA>
