<?xml version="1.0" encoding="utf-8"?>
<COLLADA xmlns="http://www.collada.org/2005/11/COLLADASchema" version="1.4.1">
  <asset>
    <contributor><authoring_tool>alpine-roadtrip build_portals</authoring_tool></contributor>
    <unit name="meter" meter="1"/>
    <up_axis>Z_UP</up_axis>
  </asset>
  <library_effects>
    <effect id="portal_arc-effect">
      <profile_COMMON>
        <technique sid="common">
          <lambert>
            <diffuse><color>1.0 0.4 0.28 0.85</color></diffuse>
            <transparent opaque="A_ONE"><color>1 1 1 1</color></transparent>
            <transparency><float>0.15</float></transparency>
          </lambert>
        </technique>
      </profile_COMMON>
    </effect>
  </library_effects>
  <library_materials>
    <material id="portal_arc-material" name="portal_arc">
      <instance_effect url="#portal_arc-effect"/>
    </material>
  </library_materials>
  <library_geometries>
    <geometry id="portal_arc_a999-mesh" name="portal_arc_a999-mesh">
      <mesh>
        <source id="portal_arc_a999-mesh-positions">
          <float_array id="portal_arc_a999-mesh-positions-array" count="10152">3.0807 -5.9498 0.0000 69.7259 26.7581 12.0590 68.9902 28.1789 12.0590 3.0807 -5.9498 0.0000 3.8164 -7.3706 0.0000 69.7259 26.7581 12.0590 3.4485 -6.6602 0.8000 69.3580 27.4685 12.8590 69.3580 27.4685 11.2590 3.4485 -6.6602 0.8000 69.3580 27.4685 11.2590 3.4485 -6.6602 -0.8000 69.0053 28.1865 12.0590 147.3271 64.8821 25.8100 146.6216 66.3181 25.8100 69.0053 28.1865 12.0590 69.7108 26.7504 12.0590 147.3271 64.8821 25.8100 69.3580 27.4685 12.8590 146.9743 65.6001 26.6100 146.9743 65.6001 25.0100 69.3580 27.4685 12.8590 146.9743 65.6001 25.0100 69.3580 27.4685 11.2590 146.6309 66.3226 25.8100 235.6323 106.8499 40.9810 234.9455 108.2950 40.9810 146.6309 66.3226 25.8100 147.3177 64.8775 25.8100 235.6323 106.8499 40.9810 146.9743 65.6001 26.6100 235.2889 107.5724 41.7810 235.2889 107.5724 40.1810 146.9743 65.6001 26.6100 235.2889 107.5724 40.1810 146.9743 65.6001 25.0100 234.9511 108.2976 40.9810 333.6352 152.5015 57.2970 332.9596 153.9519 57.2970 234.9511 108.2976 40.9810 235.6267 106.8472 40.9810 333.6352 152.5015 57.2970 235.2889 107.5724 41.7810 333.2974 153.2267 58.0970 333.2974 153.2267 56.4970 235.2889 107.5724 41.7810 333.2974 153.2267 56.4970 235.2889 107.5724 40.1810 332.9626 153.9532 57.2970 440.3396 201.6831 74.4810 439.6699 203.1362 74.4810 332.9626 153.9532 57.2970 333.6323 152.5001 57.2970 440.3396 201.6831 74.4810 333.2974 153.2267 58.0970 440.0047 202.4097 75.2810 440.0047 202.4097 73.6810 333.2974 153.2267 58.0970 440.0047 202.4097 73.6810 333.2974 153.2267 56.4970 439.6708 203.1367 74.4810 554.7482 254.2387 92.2670 554.0803 255.6926 92.2670 439.6708 203.1367 74.4810 440.3387 201.6827 74.4810 554.7482 254.2387 92.2670 440.0047 202.4097 75.2810 554.4142 254.9657 93.0670 554.4142 254.9657 91.4670 440.0047 202.4097 75.2810 554.4142 254.9657 91.4670 440.0047 202.4097 73.6810 554.0796 255.6923 92.2670 675.8671 310.0169 110.3960 675.1979 311.4702 110.3960 554.0796 255.6923 92.2670 554.7489 254.2390 92.2670 675.8671 310.0169 110.3960 554.4142 254.9657 93.0670 675.5325 310.7436 111.1960 675.5325 310.7436 109.5960 554.4142 254.9657 93.0670 675.5325 310.7436 109.5960 554.4142 254.9657 91.4670 675.1958 311.4693 110.3960 802.7020 368.8632 128.6240 802.0286 370.3146 128.6240 675.1958 311.4693 110.3960 675.8692 310.0179 110.3960 802.7020 368.8632 128.6240 675.5325 310.7436 111.1960 802.3653 369.5889 129.4240 802.3653 369.5889 127.8240 675.5325 310.7436 111.1960 802.3653 369.5889 127.8240 675.5325 310.7436 109.5960 802.0253 370.3131 128.6240 934.2627 430.6274 146.7220 933.5827 432.0757 146.7220 802.0253 370.3131 128.6240 802.7052 368.8648 128.6240 934.2627 430.6274 146.7220 802.3653 369.5889 129.4240 933.9227 431.3515 147.5220 933.9227 431.3515 145.9220 802.3653 369.5889 129.4240 933.9227 431.3515 145.9220 802.3653 369.5889 127.8240 933.5783 432.0736 146.7220 1069.5550 495.1555 164.4840 1068.8662 496.5996 164.4840 933.5783 432.0736 146.7220 934.2671 430.6295 146.7220 1069.5550 495.1555 164.4840 933.9227 431.3515 147.5220 1069.2106 495.8776 165.2840 1069.2106 495.8776 163.6840 933.9227 431.3515 147.5220 1069.2106 495.8776 163.6840 933.9227 431.3515 145.9220 1068.8607 496.5970 164.4840 1207.5890 562.2979 181.7200 1206.8891 563.7367 181.7200 1068.8607 496.5970 164.4840 1069.5605 495.1581 164.4840 1207.5890 562.2979 181.7200 1069.2106 495.8776 165.2840 1207.2390 563.0173 182.5200 1207.2390 563.0173 180.9200 1069.2106 495.8776 165.2840 1207.2390 563.0173 180.9200 1069.2106 495.8776 163.6840 1206.8824 563.7334 181.7200 1347.3730 631.9022 198.2660 1346.6598 633.3344 198.2660 1206.8824 563.7334 181.7200 1207.5956 562.3011 181.7200 1347.3730 631.9022 198.2660 1207.2390 563.0173 182.5200 1347.0164 632.6183 199.0660 1347.0164 632.6183 197.4660 1207.2390 563.0173 182.5200 1347.0164 632.6183 197.4660 1207.2390 563.0173 180.9200 1346.6520 633.3305 198.2660 1487.9159 703.8174 213.9820 1487.1871 705.2417 213.9820 1346.6520 633.3305 198.2660 1347.3808 631.9061 198.2660 1487.9159 703.8174 213.9820 1347.0164 632.6183 199.0660 1487.5515 704.5296 214.7820 1487.5515 704.5296 213.1820 1347.0164 632.6183 199.0660 1487.5515 704.5296 213.1820 1347.0164 632.6183 197.4660 1487.1780 705.2370 213.9820 1628.2268 777.8936 228.7490 1627.4798 779.3086 228.7490 1487.1780 705.2370 213.9820 1487.9250 703.8221 213.9820 1628.2268 777.8936 228.7490 1487.5515 704.5296 214.7820 1627.8533 778.6011 229.5490 1627.8533 778.6011 227.9490 1487.5515 704.5296 214.7820 1627.8533 778.6011 227.9490 1487.5515 704.5296 213.1820 1627.4694 779.3029 228.7490 1767.3172 853.9788 242.4780 1766.5494 855.3825 242.4780 1627.4694 779.3029 228.7490 1628.2372 777.8992 228.7490 1767.3172 853.9788 242.4780 1627.8533 778.6011 229.5490 1766.9333 854.6806 243.2780 1766.9333 854.6806 241.6780 1627.8533 778.6011 229.5490 1766.9333 854.6806 241.6780 1627.8533 778.6011 227.9490 1766.5374 855.3758 242.4780 1904.1960 931.9259 255.1010 1903.4043 933.3163 255.1010 1766.5374 855.3758 242.4780 1767.3292 853.9854 242.4780 1904.1960 931.9259 255.1010 1766.9333 854.6806 243.2780 1903.8002 932.6211 255.9010 1903.8002 932.6211 254.3010 1766.9333 854.6806 243.2780 1903.8002 932.6211 254.3010 1766.9333 854.6806 241.6780 1903.3906 933.3083 255.1010 2037.8757 1011.5841 266.5760 2037.0566 1012.9586 266.5760 1903.3906 933.3083 255.1010 1904.2097 931.9339 255.1010 2037.8757 1011.5841 266.5760 1903.8002 932.6211 255.9010 2037.4661 1012.2714 267.3760 2037.4661 1012.2714 265.7760 1903.8002 932.6211 255.9010 2037.4661 1012.2714 265.7760 1903.8002 932.6211 254.3010 2037.0410 1012.9491 266.5760 2167.3650 1092.8053 276.8840 2166.5148 1094.1608 276.8840 2037.0410 1012.9491 266.5760 2037.8912 1011.5936 266.5760 2167.3650 1092.8053 276.8840 2037.4661 1012.2714 267.3760 2166.9399 1093.4830 277.6840 2166.9399 1093.4830 276.0840 2037.4661 1012.2714 267.3760 2166.9399 1093.4830 276.0840 2037.4661 1012.2714 265.7760 2166.4970 1094.1493 276.8840 2291.6784 1175.4439 286.0290 2290.7927 1176.7763 286.0290 2166.4970 1094.1493 276.8840 2167.3827 1092.8168 276.8840 2291.6784 1175.4439 286.0290 2166.9399 1093.4830 277.6840 2291.2356 1176.1101 286.8290 2291.2356 1176.1101 285.2290 2166.9399 1093.4830 277.6840 2291.2356 1176.1101 285.2290 2166.9399 1093.4830 276.0840 2290.7723 1176.7623 286.0290 2409.8273 1259.3540 294.0370 2408.9008 1260.6585 294.0370 2290.7723 1176.7623 286.0290 2291.6988 1175.4578 286.0290 2409.8273 1259.3540 294.0370 2291.2356 1176.1101 286.8290 2409.3640 1260.0063 294.8370 2409.3640 1260.0063 293.2370 2291.2356 1176.1101 286.8290 2409.3640 1260.0063 293.2370 2291.2356 1176.1101 285.2290 2408.8775 1260.6413 294.0370 2520.7326 1344.3186 300.9500 2519.7595 1345.5888 300.9500 2408.8775 1260.6413 294.0370 2409.8505 1259.3712 294.0370 2520.7326 1344.3186 300.9500 2409.3640 1260.0063 294.8370 2520.2460 1344.9537 301.7500 2520.2460 1344.9537 300.1500 2409.3640 1260.0063 294.8370 2520.2460 1344.9537 300.1500 2409.3640 1260.0063 293.2370 2519.7427 1345.5755 300.9500 2624.7425 1428.5191 306.8310 2623.7358 1429.7626 306.8310 2519.7427 1345.5755 300.9500 2520.7494 1344.3319 300.9500 2624.7425 1428.5191 306.8310 2520.2460 1344.9537 301.7500 2624.2392 1429.1408 307.6310 2624.2392 1429.1408 306.0310 2520.2460 1344.9537 301.7500 2624.2392 1429.1408 306.0310 2520.2460 1344.9537 300.1500 2623.7281 1429.7563 306.8310 2732.2081 1517.7522 312.1910 2731.1860 1518.9832 312.1910 2623.7281 1429.7563 306.8310 2624.7502 1428.5254 306.8310 2732.2081 1517.7522 312.1910 2624.2392 1429.1408 307.6310 2731.6970 1518.3677 312.9910 2731.6970 1518.3677 311.3910 2624.2392 1429.1408 307.6310 2731.6970 1518.3677 311.3910 2624.2392 1429.1408 306.0310 2731.1786 1518.9770 312.1910 2842.4146 1611.5172 316.9040 2841.3778 1612.7359 316.9040 2731.1786 1518.9770 312.1910 2732.2154 1517.7584 312.1910 2842.4146 1611.5172 316.9040 2731.6970 1518.3677 312.9910 2841.8962 1612.1266 317.7040 2841.8962 1612.1266 316.1040 2731.6970 1518.3677 312.9910 2841.8962 1612.1266 316.1040 2731.6970 1518.3677 311.3910 2841.3706 1612.7297 316.9040 2954.6364 1709.3062 320.8610 2953.5853 1710.5125 320.8610 2841.3706 1612.7297 316.9040 2842.4218 1611.5234 316.9040 2954.6364 1709.3062 320.8610 2841.8962 1612.1266 317.7040 2954.1109 1709.9094 321.6610 2954.1109 1709.9094 320.0610 2841.8962 1612.1266 317.7040 2954.1109 1709.9094 320.0610 2841.8962 1612.1266 316.1040 2953.5782 1710.5062 320.8610 3068.1518 1810.6143 323.9700 3067.0865 1811.8080 323.9700 2953.5782 1710.5062 320.8610 2954.6435 1709.3125 320.8610 3068.1518 1810.6143 323.9700 2954.1109 1709.9094 321.6610 3067.6191 1811.2111 324.7700 3067.6191 1811.2111 323.1700 2954.1109 1709.9094 321.6610 3067.6191 1811.2111 323.1700 2954.1109 1709.9094 320.0610 3067.0793 1811.8015 323.9700 3182.2339 1914.9325 326.1630 3181.1541 1916.1133 326.1630 3067.0793 1811.8015 323.9700 3068.1590 1810.6207 323.9700 3182.2339 1914.9325 326.1630 3067.6191 1811.2111 324.7700 3181.6940 1915.5229 326.9630 3181.6940 1915.5229 325.3630 3067.6191 1811.2111 324.7700 3181.6940 1915.5229 325.3630 3067.6191 1811.2111 323.1700 3181.1468 1916.1065 326.1630 3296.1585 2021.7551 327.3870 3295.0641 2022.9222 327.3870 3181.1468 1916.1065 326.1630 3182.2412 1914.9393 326.1630 3296.1585 2021.7551 327.3870 3181.6940 1915.5229 326.9630 3295.6113 2022.3387 328.1870 3295.6113 2022.3387 326.5870 3181.6940 1915.5229 326.9630 3295.6113 2022.3387 326.5870 3181.6940 1915.5229 325.3630 3295.0565 2022.9150 327.3870 3409.2020 2130.5734 327.6140 3408.0924 2131.7261 327.6140 3295.0565 2022.9150 327.3870 3296.1662 2021.7623 327.3870 3409.2020 2130.5734 327.6140 3295.6113 2022.3387 328.1870 3408.6472 2131.1497 328.4140 3408.6472 2131.1497 326.8140 3295.6113 2022.3387 328.1870 3408.6472 2131.1497 326.8140 3295.6113 2022.3387 326.5870 3408.0844 2131.7183 327.6140 3520.6404 2240.8829 326.8380 3519.5148 2242.0201 326.8380 3408.0844 2131.7183 327.6140 3409.2100 2130.5812 327.6140 3520.6404 2240.8829 326.8380 3408.6472 2131.1497 328.4140 3520.0776 2241.4515 327.6380 3520.0776 2241.4515 326.0380 3408.6472 2131.1497 328.4140 3520.0776 2241.4515 326.0380 3408.6472 2131.1497 326.8140 3519.5063 2242.0116 326.8380 3629.7478 2352.1756 325.0730 3628.6053 2353.2957 325.0730 3519.5063 2242.0116 326.8380 3520.6489 2240.8915 326.8380 3629.7478 2352.1756 325.0730 3520.0776 2241.4515 327.6380 3629.1766 2352.7356 325.8730 3629.1766 2352.7356 324.2730 3520.0776 2241.4515 327.6380 3629.1766 2352.7356 324.2730 3520.0776 2241.4515 326.0380 3628.5962 2353.2863 325.0730 3735.8018 2463.9466 322.3540 3734.6411 2465.0479 322.3540 3628.5962 2353.2863 325.0730 3629.7569 2352.1850 325.0730 3735.8018 2463.9466 322.3540 3629.1766 2352.7356 325.8730 3735.2215 2464.4972 323.1540 3735.2215 2464.4972 321.5540 3629.1766 2352.7356 325.8730 3735.2215 2464.4972 321.5540 3629.1766 2352.7356 324.2730 3734.6313 2465.0374 322.3540 3838.0767 2575.6897 318.7380 3836.8965 2576.7700 318.7380 3734.6313 2465.0374 322.3540 3735.8116 2463.9571 322.3540 3838.0767 2575.6897 318.7380 3735.2215 2464.4972 323.1540 3837.4866 2576.2298 319.5380 3837.4866 2576.2298 317.9380 3735.2215 2464.4972 323.1540 3837.4866 2576.2298 317.9380 3735.2215 2464.4972 321.5540 3836.8858 2576.7581 318.7380 3935.8505 2686.9007 314.2990 3934.6489 2687.9572 314.2990 3836.8858 2576.7581 318.7380 3838.0874 2575.7016 318.7380 3935.8505 2686.9007 314.2990 3837.4866 2576.2298 319.5380 3935.2497 2687.4289 315.0990 3935.2497 2687.4289 313.4990 3837.4866 2576.2298 319.5380 3935.2497 2687.4289 313.4990 3837.4866 2576.2298 317.9380 3934.6371 2687.9435 314.2990 4028.3992 2797.0764 309.1310 4027.1741 2798.1055 309.1310 3934.6371 2687.9435 314.2990 3935.8622 2686.9144 314.2990 4028.3992 2797.0764 309.1310 3935.2497 2687.4289 315.0990 4027.7866 2797.5909 309.9310 4027.7866 2797.5909 308.3310 3935.2497 2687.4289 315.0990 4027.7866 2797.5909 308.3310 3935.2497 2687.4289 313.4990 4027.1611 2798.0896 309.1310 4114.9980 2905.7150 303.3420 4113.7469 2906.7123 303.3420 4027.1611 2798.0896 309.1310 4028.4122 2797.0923 309.1310 4114.9980 2905.7150 303.3420 4027.7866 2797.5909 309.9310 4114.3725 2906.2136 304.1420 4114.3725 2906.2136 302.5420 4027.7866 2797.5909 309.9310 4114.3725 2906.2136 302.5420 4027.7866 2797.5909 308.3310 4113.7324 2906.6935 303.3420 4194.9268 3012.3163 297.0540 4193.6467 3013.2761 297.0540 4113.7324 2906.6935 303.3420 4115.0125 2905.7337 303.3420 4194.9268 3012.3163 297.0540 4114.3725 2906.2136 304.1420 4194.2868 3012.7962 297.8540 4194.2868 3012.7962 296.2540 4114.3725 2906.2136 304.1420 4194.2868 3012.7962 296.2540 4114.3725 2906.2136 302.5420 4193.6304 3013.2537 297.0540 4267.4602 3116.3843 290.4000 4266.1475 3117.2992 290.4000 4193.6304 3013.2537 297.0540 4194.9431 3012.3388 297.0540 4267.4602 3116.3843 290.4000 4194.2868 3012.7962 297.8540 4266.8039 3116.8418 291.2000 4266.8039 3116.8418 289.6000 4194.2868 3012.7962 297.8540 4266.8039 3116.8418 289.6000 4194.2868 3012.7962 296.2540 4266.1293 3117.2718 290.4000 4331.8776 3217.4282 283.5190 4330.5284 3218.2883 283.5190 4266.1293 3117.2718 290.4000 4267.4784 3116.4117 290.4000 4331.8776 3217.4282 283.5190 4266.8039 3116.8418 291.2000 4331.2030 3217.8583 284.3190 4331.2030 3217.8583 282.7190 4266.8039 3116.8418 291.2000 4331.2030 3217.8583 282.7190 4266.8039 3116.8418 289.6000 4330.5079 3218.2543 283.5190 4387.4518 3314.9632 276.5520 4386.0616 3315.7553 276.5520 4330.5079 3218.2543 283.5190 4331.8981 3217.4622 283.5190 4387.4518 3314.9632 276.5520 4331.2030 3217.8583 284.3190 4386.7567 3315.3592 277.3520 4386.7567 3315.3592 275.7520 4331.2030 3217.8583 284.3190 4386.7567 3315.3592 275.7520 4331.2030 3217.8583 282.7190 4386.0388 3315.7122 276.5520 4433.4552 3408.5179 269.6350 4432.0194 3409.2239 269.6350 4386.0388 3315.7122 276.5520 4387.4746 3315.0062 276.5520 4433.4552 3408.5179 269.6350 4386.7567 3315.3592 277.3520 4432.7373 3408.8709 270.4350 4432.7373 3408.8709 268.8350 4386.7567 3315.3592 277.3520 4432.7373 3408.8709 268.8350 4386.7567 3315.3592 275.7520 4431.9947 3409.1684 269.6350 4469.1491 3497.6309 262.8930 4467.6638 3498.2258 262.8930 4431.9947 3409.1684 269.6350 4433.4800 3408.5735 269.6350 4469.1491 3497.6309 262.8930 4432.7373 3408.8709 270.4350 4468.4065 3497.9284 263.6930 4468.4065 3497.9284 262.0930 4432.7373 3408.8709 270.4350 4468.4065 3497.9284 262.0930 4432.7373 3408.8709 268.8350 4467.6383 3498.1519 262.8930 4493.8439 3582.4753 256.4280 4492.3076 3582.9223 256.4280 4467.6383 3498.1519 262.8930 4469.1746 3497.7048 262.8930 4493.8439 3582.4753 256.4280 4468.4065 3497.9284 263.6930 4493.0757 3582.6988 257.2280 4493.0757 3582.6988 255.6280 4468.4065 3497.9284 263.6930 4493.0757 3582.6988 255.6280 4468.4065 3497.9284 262.0930 4492.2781 3582.7600 256.4280 4504.3639 3719.3548 245.7550 4502.7686 3719.4772 245.7550 4492.2781 3582.7600 256.4280 4493.8734 3582.6376 256.4280 4504.3639 3719.3548 245.7550 4493.0757 3582.6988 257.2280 4503.5663 3719.4160 246.5550 4503.5663 3719.4160 244.9550 4493.0757 3582.6988 257.2280 4503.5663 3719.4160 244.9550 4493.0757 3582.6988 255.6280 4502.7833 3719.2516 245.7550 4476.5195 3852.1392 234.4490 4474.9537 3851.8105 234.4490 4502.7833 3719.2516 245.7550 4504.3492 3719.5804 245.7550 4476.5195 3852.1392 234.4490 4503.5663 3719.4160 246.5550 4475.7366 3851.9748 235.2490 4475.7366 3851.9748 233.6490 4503.5663 3719.4160 246.5550 4475.7366 3851.9748 233.6490 4503.5663 3719.4160 244.9550 4475.0124 3851.6349 234.4490 4416.4548 3980.1309 221.8390 4415.0065 3979.4510 221.8390 4475.0124 3851.6349 234.4490 4476.4608 3852.3148 234.4490 4416.4548 3980.1309 221.8390 4475.7366 3851.9748 235.2490 4415.7306 3979.7910 222.6390 4415.7306 3979.7910 221.0390 4475.7366 3851.9748 235.2490 4415.7306 3979.7910 221.0390 4475.7366 3851.9748 233.6490 4415.0760 3979.3311 221.8390 4330.2034 4102.9246 207.5310 4328.8941 4102.0048 207.5310 4415.0760 3979.3311 221.8390 4416.3852 3980.2508 221.8390 4330.2034 4102.9246 207.5310 4415.7306 3979.7910 222.6390 4329.5487 4102.4647 208.3310 4329.5487 4102.4647 206.7310 4415.7306 3979.7910 222.6390 4329.5487 4102.4647 206.7310 4415.7306 3979.7910 221.0390 4328.9568 4101.9266 207.5310 4223.6629 4220.1395 191.4050 4222.4789 4219.0633 191.4050 4328.9568 4101.9266 207.5310 4330.1407 4103.0028 207.5310 4223.6629 4220.1395 191.4050 4329.5487 4102.4647 208.3310 4223.0709 4219.6014 192.2050 4223.0709 4219.6014 190.6050 4329.5487 4102.4647 208.3310 4223.0709 4219.6014 190.6050 4329.5487 4102.4647 206.7310 4222.5295 4219.0124 191.4050 4102.6714 4331.3523 173.5730 4101.5887 4330.1743 173.5730 4222.5295 4219.0124 191.4050 4223.6122 4220.1904 191.4050 4102.6714 4331.3523 173.5730 4223.0709 4219.6014 192.2050 4102.1300 4330.7633 174.3730 4102.1300 4330.7633 172.7730 4223.0709 4219.6014 192.2050 4102.1300 4330.7633 172.7730 4223.0709 4219.6014 190.6050 4101.6272 4330.1411 173.5730 3973.0498 4436.0948 154.3500 3972.0442 4434.8503 154.3500 4101.6272 4330.1411 173.5730 4102.6328 4331.3856 173.5730 3973.0498 4436.0948 154.3500 4102.1300 4330.7633 174.3730 3972.5470 4435.4725 155.1500 3972.5470 4435.4725 153.5500 4102.1300 4330.7633 174.3730 3972.5470 4435.4725 153.5500 4102.1300 4330.7633 172.7730 3972.0718 4434.8289 154.3500 3840.6221 4533.8731 134.2340 3839.6717 4532.5860 134.2340 3972.0718 4434.8289 154.3500 3973.0222 4436.1161 154.3500 3840.6221 4533.8731 134.2340 3972.5470 4435.4725 155.1500 3840.1469 4533.2296 135.0340 3840.1469 4533.2296 133.4340 3972.5470 4435.4725 155.1500 3840.1469 4533.2296 133.4340 3972.5470 4435.4725 153.5500 3839.6891 4532.5735 134.2340 3711.2245 4624.1683 113.9000 3710.3089 4622.8561 113.9000 3839.6891 4532.5735 134.2340 3840.6047 4533.8856 134.2340 3711.2245 4624.1683 113.9000 3840.1469 4533.2296 135.0340 3710.7667 4623.5122 114.7000 3710.7667 4623.5122 113.1000 3840.1469 4533.2296 135.0340 3710.7667 4623.5122 113.1000 3840.1469 4533.2296 133.4340 3710.3156 4622.8515 113.9000 3590.7108 4706.4412 94.1700 3589.8087 4705.1197 94.1700 3710.3156 4622.8515 113.9000 3711.2178 4624.1729 113.9000 3590.7108 4706.4412 94.1700 3710.7667 4623.5122 114.7000 3590.2598 4705.7805 94.9700 3590.2598 4705.7805 93.3700 3710.7667 4623.5122 114.7000 3590.2598 4705.7805 93.3700 3710.7667 4623.5122 113.1000 3589.8024 4705.1241 94.1700 3484.9788 4780.1084 75.9850 3484.0641 4778.7956 75.9850 3589.8024 4705.1241 94.1700 3590.7171 4706.4369 94.1700 3484.9788 4780.1084 75.9850 3590.2598 4705.7805 94.9700 3484.5215 4779.4520 76.7850 3484.5215 4779.4520 75.1850 3590.2598 4705.7805 94.9700 3484.5215 4779.4520 75.1850 3590.2598 4705.7805 93.3700 3484.0384 4778.8143 75.9850 3400.0241 4844.4539 60.3510 3399.0581 4843.1784 60.3510 3484.0384 4778.8143 75.9850 3485.0045 4780.0898 75.9850 3400.0241 4844.4539 60.3510 3484.5215 4779.4520 76.7850 3399.5411 4843.8161 61.1510 3399.5411 4843.8161 59.5510 3484.5215 4779.4520 76.7850 3399.5411 4843.8161 59.5510 3484.5215 4779.4520 75.1850 3398.9954 4843.2312 60.3510 3340.7688 4899.7381 48.2260 3339.6774 4898.5682 48.2260 3398.9954 4843.2312 60.3510 3400.0868 4844.4011 60.3510 3340.7688 4899.7381 48.2260 3399.5411 4843.8161 61.1510 3340.2231 4899.1531 49.0260 3340.2231 4899.1531 47.4260 3399.5411 4843.8161 61.1510 3340.2231 4899.1531 47.4260 3399.5411 4843.8161 59.5510 -3.8163 7.3706 0.0000 63.1118 40.2211 12.0590 62.3761 41.6420 12.0590 -3.8163 7.3706 0.0000 -3.0807 5.9497 0.0000 63.1118 40.2211 12.0590 -3.4485 6.6602 0.8000 62.7440 40.9315 12.8590 62.7440 40.9315 11.2590 -3.4485 6.6602 0.8000 62.7440 40.9315 11.2590 -3.4485 6.6602 -0.8000 62.3912 41.6496 12.0590 140.8884 78.4299 25.8100 140.1829 79.8659 25.8100 62.3912 41.6496 12.0590 63.0967 40.2135 12.0590 140.8884 78.4299 25.8100 62.7440 40.9315 12.8590 140.5357 79.1479 26.6100 140.5357 79.1479 25.0100 62.7440 40.9315 12.8590 140.5357 79.1479 25.0100 62.7440 40.9315 11.2590 140.1923 79.8705 25.8100 229.2985 120.4470 40.9810 228.6117 121.8921 40.9810 140.1923 79.8705 25.8100 140.8791 78.4254 25.8100 229.2985 120.4470 40.9810 140.5357 79.1479 26.6100 228.9551 121.1696 41.7810 228.9551 121.1696 40.1810 140.5357 79.1479 26.6100 228.9551 121.1696 40.1810 140.5357 79.1479 25.0100 228.6173 121.8948 40.9810 327.3564 166.1241 57.2970 326.6808 167.5745 57.2970 228.6173 121.8948 40.9810 229.2929 120.4444 40.9810 327.3564 166.1241 57.2970 228.9551 121.1696 41.7810 327.0186 166.8493 58.0970 327.0186 166.8493 56.4970 228.9551 121.1696 41.7810 327.0186 166.8493 56.4970 228.9551 121.1696 40.1810 326.6837 167.5759 57.2970 434.0781 215.3138 74.4810 433.4084 216.7669 74.4810 326.6837 167.5759 57.2970 327.3534 166.1228 57.2970 434.0781 215.3138 74.4810 327.0186 166.8493 58.0970 433.7433 216.0403 75.2810 433.7433 216.0403 73.6810 327.0186 166.8493 58.0970 433.7433 216.0403 73.6810 327.0186 166.8493 56.4970 433.4093 216.7673 74.4810 548.4737 267.8634 92.2670 547.8058 269.3173 92.2670 433.4093 216.7673 74.4810 434.0772 215.3133 74.4810 548.4737 267.8634 92.2670 433.7433 216.0403 75.2810 548.1398 268.5903 93.0670 548.1398 268.5903 91.4670 433.7433 216.0403 75.2810 548.1398 268.5903 91.4670 433.7433 216.0403 73.6810 547.8051 269.3170 92.2670 669.5541 323.6238 110.3960 668.8849 325.0771 110.3960 547.8051 269.3170 92.2670 548.4744 267.8637 92.2670 669.5541 323.6238 110.3960 548.1398 268.5903 93.0670 669.2195 324.3504 111.1960 669.2195 324.3504 109.5960 548.1398 268.5903 93.0670 669.2195 324.3504 109.5960 548.1398 268.5903 91.4670 668.8828 325.0761 110.3960 796.3274 382.4414 128.6240 795.6540 383.8928 128.6240 668.8828 325.0761 110.3960 669.5562 323.6247 110.3960 796.3274 382.4414 128.6240 669.2195 324.3504 111.1960 795.9907 383.1671 129.4240 795.9907 383.1671 127.8240 669.2195 324.3504 111.1960 795.9907 383.1671 127.8240 669.2195 324.3504 109.5960 795.6508 383.8912 128.6240 927.8053 444.1663 146.7220 927.1253 445.6146 146.7220 795.6508 383.8912 128.6240 796.3307 382.4429 128.6240 927.8053 444.1663 146.7220 795.9907 383.1671 129.4240 927.4653 444.8905 147.5220 927.4653 444.8905 145.9220 795.9907 383.1671 129.4240 927.4653 444.8905 145.9220 795.9907 383.1671 127.8240 927.1209 445.6125 146.7220 1062.9938 508.6444 164.4840 1062.3050 510.0885 164.4840 927.1209 445.6125 146.7220 927.8097 444.1684 146.7220 1062.9938 508.6444 164.4840 927.4653 444.8905 147.5220 1062.6494 509.3664 165.2840 1062.6494 509.3664 163.6840 927.4653 444.8905 147.5220 1062.6494 509.3664 163.6840 927.4653 444.8905 145.9220 1062.2995 510.0859 164.4840 1200.9029 575.7253 181.7200 1200.2030 577.1641 181.7200 1062.2995 510.0859 164.4840 1062.9993 508.6470 164.4840 1200.9029 575.7253 181.7200 1062.6494 509.3664 165.2840 1200.5530 576.4447 182.5200 1200.5530 576.4447 180.9200 1062.6494 509.3664 165.2840 1200.5530 576.4447 180.9200 1062.6494 509.3664 163.6840 1200.1964 577.1609 181.7200 1340.5402 645.2556 198.2660 1339.8270 646.6878 198.2660 1200.1964 577.1609 181.7200 1200.9096 575.7286 181.7200 1340.5402 645.2556 198.2660 1200.5530 576.4447 182.5200 1340.1836 645.9717 199.0660 1340.1836 645.9717 197.4660 1200.5530 576.4447 182.5200 1340.1836 645.9717 197.4660 1200.5530 576.4447 180.9200 1339.8192 646.6839 198.2660 1480.9129 717.0823 213.9820 1480.1841 718.5066 213.9820 1339.8192 646.6839 198.2660 1340.5480 645.2595 198.2660 1480.9129 717.0823 213.9820 1340.1836 645.9717 199.0660 1480.5485 717.7944 214.7820 1480.5485 717.7944 213.1820 1340.1836 645.9717 199.0660 1480.5485 717.7944 213.1820 1340.1836 645.9717 197.4660 1480.1750 718.5019 213.9820 1621.0282 791.0534 228.7490 1620.2812 792.4684 228.7490 1480.1750 718.5019 213.9820 1480.9220 717.0870 213.9820 1621.0282 791.0534 228.7490 1480.5485 717.7944 214.7820 1620.6547 791.7609 229.5490 1620.6547 791.7609 227.9490 1480.5485 717.7944 214.7820 1620.6547 791.7609 227.9490 1480.5485 717.7944 213.1820 1620.2708 792.4628 228.7490 1759.8946 867.0135 242.4780 1759.1268 868.4172 242.4780 1620.2708 792.4628 228.7490 1621.0386 791.0590 228.7490 1759.8946 867.0135 242.4780 1620.6547 791.7609 229.5490 1759.5107 867.7154 243.2780 1759.5107 867.7154 241.6780 1620.6547 791.7609 229.5490 1759.5107 867.7154 241.6780 1620.6547 791.7609 227.9490 1759.1148 868.4106 242.4780 1896.5177 944.8117 255.1010 1895.7260 946.2021 255.1010 1759.1148 868.4106 242.4780 1759.9066 867.0202 242.4780 1896.5177 944.8117 255.1010 1759.5107 867.7154 243.2780 1896.1218 945.5069 255.9010 1896.1218 945.5069 254.3010 1759.5107 867.7154 243.2780 1896.1218 945.5069 254.3010 1759.5107 867.7154 241.6780 1895.7123 946.1941 255.1010 2029.9054 1024.2914 266.5760 2029.0864 1025.6659 266.5760 1895.7123 946.1941 255.1010 1896.5314 944.8196 255.1010 2029.9054 1024.2914 266.5760 1896.1218 945.5069 255.9010 2029.4959 1024.9786 267.3760 2029.4959 1024.9786 265.7760 1896.1218 945.5069 255.9010 2029.4959 1024.9786 265.7760 1896.1218 945.5069 254.3010 2029.0708 1025.6564 266.5760 2159.0612 1105.2972 276.8840 2158.2111 1106.6527 276.8840 2029.0708 1025.6564 266.5760 2029.9209 1024.3009 266.5760 2159.0612 1105.2972 276.8840 2029.4959 1024.9786 267.3760 2158.6361 1105.9750 277.6840 2158.6361 1105.9750 276.0840 2029.4959 1024.9786 267.3760 2158.6361 1105.9750 276.0840 2029.4959 1024.9786 265.7760 2158.1933 1106.6412 276.8840 2282.9933 1187.6737 286.0290 2282.1076 1189.0062 286.0290 2158.1933 1106.6412 276.8840 2159.0790 1105.3087 276.8840 2282.9933 1187.6737 286.0290 2158.6361 1105.9750 277.6840 2282.5504 1188.3399 286.8290 2282.5504 1188.3399 285.2290 2158.6361 1105.9750 277.6840 2282.5504 1188.3399 285.2290 2158.6361 1105.9750 276.0840 2282.0872 1188.9922 286.0290 2400.7052 1271.2615 294.0370 2399.7788 1272.5660 294.0370 2282.0872 1188.9922 286.0290 2283.0136 1187.6876 286.0290 2400.7052 1271.2615 294.0370 2282.5504 1188.3399 286.8290 2400.2420 1271.9137 294.8370 2400.2420 1271.9137 293.2370 2282.5504 1188.3399 286.8290 2400.2420 1271.9137 293.2370 2282.5504 1188.3399 285.2290 2399.7555 1272.5488 294.0370 2511.2945 1355.9772 300.9500 2510.3215 1357.2474 300.9500 2399.7555 1272.5488 294.0370 2400.7285 1271.2787 294.0370 2511.2945 1355.9772 300.9500 2400.2420 1271.9137 294.8370 2510.8080 1356.6123 301.7500 2510.8080 1356.6123 300.1500 2400.2420 1271.9137 294.8370 2510.8080 1356.6123 300.1500 2400.2420 1271.9137 293.2370 2510.3046 1357.2341 300.9500 2615.1602 1440.0594 306.8310 2614.1535 1441.3029 306.8310 2510.3046 1357.2341 300.9500 2511.3113 1355.9905 300.9500 2615.1602 1440.0594 306.8310 2510.8080 1356.6123 301.7500 2614.6568 1440.6812 307.6310 2614.6568 1440.6812 306.0310 2510.8080 1356.6123 301.7500 2614.6568 1440.6812 306.0310 2510.8080 1356.6123 300.1500 2614.1458 1441.2966 306.8310 2722.4880 1529.1768 312.1910 2721.4659 1530.4078 312.1910 2614.1458 1441.2966 306.8310 2615.1679 1440.0657 306.8310 2722.4880 1529.1768 312.1910 2614.6568 1440.6812 307.6310 2721.9770 1529.7923 312.9910 2721.9770 1529.7923 311.3910 2614.6568 1440.6812 307.6310 2721.9770 1529.7923 311.3910 2614.6568 1440.6812 306.0310 2721.4586 1530.4016 312.1910 2832.5602 1622.8261 316.9040 2831.5234 1624.0448 316.9040 2721.4586 1530.4016 312.1910 2722.4954 1529.1830 312.1910 2832.5602 1622.8261 316.9040 2721.9770 1529.7923 312.9910 2832.0418 1623.4354 317.7040 2832.0418 1623.4354 316.1040 2721.9770 1529.7923 312.9910 2832.0418 1623.4354 316.1040 2721.9770 1529.7923 311.3910 2831.5162 1624.0386 316.9040 2944.6487 1720.4975 320.8610 2943.5976 1721.7038 320.8610 2831.5162 1624.0386 316.9040 2832.5674 1622.8323 316.9040 2944.6487 1720.4975 320.8610 2832.0418 1623.4354 317.7040 2944.1231 1721.1006 321.6610 2944.1231 1721.1006 320.0610 2832.0418 1623.4354 317.7040 2944.1231 1721.1006 320.0610 2832.0418 1623.4354 316.1040 2943.5905 1721.6975 320.8610 3058.0295 1821.6840 323.9700 3056.9642 1822.8778 323.9700 2943.5905 1721.6975 320.8610 2944.6558 1720.5038 320.8610 3058.0295 1821.6840 323.9700 2944.1231 1721.1006 321.6610 3057.4969 1822.2809 324.7700 3057.4969 1822.2809 323.1700 2944.1231 1721.1006 321.6610 3057.4969 1822.2809 323.1700 2944.1231 1721.1006 320.0610 3056.9570 1822.8713 323.9700 3171.9738 1925.8747 326.1630 3170.8941 1927.0555 326.1630 3056.9570 1822.8713 323.9700 3058.0367 1821.6905 323.9700 3171.9738 1925.8747 326.1630 3057.4969 1822.2809 324.7700 3171.4340 1926.4651 326.9630 3171.4340 1926.4651 325.3630 3057.4969 1822.2809 324.7700 3171.4340 1926.4651 325.3630 3057.4969 1822.2809 323.1700 3170.8868 1927.0487 326.1630 3285.7559 2032.5618 327.3870 3284.6615 2033.7289 327.3870 3170.8868 1927.0487 326.1630 3171.9812 1925.8815 326.1630 3285.7559 2032.5618 327.3870 3171.4340 1926.4651 326.9630 3285.2087 2033.1453 328.1870 3285.2087 2033.1453 326.5870 3171.4340 1926.4651 326.9630 3285.2087 2033.1453 326.5870 3171.4340 1926.4651 325.3630 3284.6539 2033.7217 327.3870 3398.6496 2141.2339 327.6140 3397.5400 2142.3866 327.6140 3284.6539 2033.7217 327.3870 3285.7635 2032.5690 327.3870 3398.6496 2141.2339 327.6140 3285.2087 2033.1453 328.1870 3398.0948 2141.8103 328.4140 3398.0948 2141.8103 326.8140 3285.2087 2033.1453 328.1870 3398.0948 2141.8103 326.8140 3285.2087 2033.1453 326.5870 3397.5320 2142.3788 327.6140 3509.9292 2251.3839 326.8380 3508.8036 2252.5211 326.8380 3397.5320 2142.3788 327.6140 3398.6576 2141.2417 327.6140 3509.9292 2251.3839 326.8380 3398.0948 2141.8103 328.4140 3509.3664 2251.9525 327.6380 3509.3664 2251.9525 326.0380 3398.0948 2141.8103 328.4140 3509.3664 2251.9525 326.0380 3398.0948 2141.8103 326.8140 3508.7952 2252.5126 326.8380 3618.8667 2362.5003 325.0730 3617.7242 2363.6204 325.0730 3508.7952 2252.5126 326.8380 3509.9377 2251.3924 326.8380 3618.8667 2362.5003 325.0730 3509.3664 2251.9525 327.6380 3618.2954 2363.0604 325.8730 3618.2954 2363.0604 324.2730 3509.3664 2251.9525 327.6380 3618.2954 2363.0604 324.2730 3509.3664 2251.9525 326.0380 3617.7151 2363.6110 325.0730 3724.7369 2474.0741 322.3540 3723.5762 2475.1754 322.3540 3617.7151 2363.6110 325.0730 3618.8757 2362.5097 325.0730 3724.7369 2474.0741 322.3540 3618.2954 2363.0604 325.8730 3724.1565 2474.6248 323.1540 3724.1565 2474.6248 321.5540 3618.2954 2363.0604 325.8730 3724.1565 2474.6248 321.5540 3618.2954 2363.0604 324.2730 3723.5664 2475.1649 322.3540 3826.8115 2585.5940 318.7380 3825.6313 2586.6743 318.7380 3723.5664 2475.1649 322.3540 3724.7467 2474.0846 322.3540 3826.8115 2585.5940 318.7380 3724.1565 2474.6248 323.1540 3826.2214 2586.1342 319.5380 3826.2214 2586.1342 317.9380 3724.1565 2474.6248 323.1540 3826.2214 2586.1342 317.9380 3724.1565 2474.6248 321.5540 3825.6206 2586.6624 318.7380 3924.3651 2696.5488 314.2990 3923.1635 2697.6053 314.2990 3825.6206 2586.6624 318.7380 3826.8222 2585.6059 318.7380 3924.3651 2696.5488 314.2990 3826.2214 2586.1342 319.5380 3923.7643 2697.0771 315.0990 3923.7643 2697.0771 313.4990 3826.2214 2586.1342 319.5380 3923.7643 2697.0771 313.4990 3826.2214 2586.1342 317.9380 3923.1518 2697.5916 314.2990 4016.6699 2806.4265 309.1310 4015.4448 2807.4556 309.1310 3923.1518 2697.5916 314.2990 3924.3769 2696.5625 314.2990 4016.6699 2806.4265 309.1310 3923.7643 2697.0771 315.0990 4016.0574 2806.9411 309.9310 4016.0574 2806.9411 308.3310 3923.7643 2697.0771 315.0990 4016.0574 2806.9411 308.3310 3923.7643 2697.0771 313.4990 4015.4318 2807.4398 309.1310 4102.9971 2914.7137 303.3420 4101.7460 2915.7111 303.3420 4015.4318 2807.4398 309.1310 4016.6829 2806.4424 309.1310 4102.9971 2914.7137 303.3420 4016.0574 2806.9411 309.9310 4102.3715 2915.2124 304.1420 4102.3715 2915.2124 302.5420 4016.0574 2806.9411 309.9310 4102.3715 2915.2124 302.5420 4016.0574 2806.9411 308.3310 4101.7315 2915.6923 303.3420 4182.6213 3020.8938 297.0540 4181.3412 3021.8537 297.0540 4101.7315 2915.6923 303.3420 4103.0116 2914.7324 303.3420 4182.6213 3020.8938 297.0540 4102.3715 2915.2124 304.1420 4181.9812 3021.3738 297.8540 4181.9812 3021.3738 296.2540 4102.3715 2915.2124 304.1420 4181.9812 3021.3738 296.2540 4102.3715 2915.2124 302.5420 4181.3250 3021.8313 297.0540 4254.8124 3124.4487 290.4000 4253.4999 3125.3637 290.4000 4181.3250 3021.8313 297.0540 4182.6375 3020.9163 297.0540 4254.8124 3124.4487 290.4000 4181.9812 3021.3738 297.8540 4254.1561 3124.9062 291.2000 4254.1561 3124.9062 289.6000 4181.9812 3021.3738 297.8540 4254.1561 3124.9062 289.6000 4181.9812 3021.3738 296.2540 4253.4816 3125.3364 290.4000 4318.8455 3224.8556 283.5190 4317.4965 3225.7159 283.5190 4253.4816 3125.3364 290.4000 4254.8307 3124.4761 290.4000 4318.8455 3224.8556 283.5190 4254.1561 3124.9062 291.2000 4318.1710 3225.2857 284.3190 4318.1710 3225.2857 282.7190 4254.1561 3124.9062 291.2000 4318.1710 3225.2857 282.7190 4254.1561 3124.9062 289.6000 4317.4760 3225.6819 283.5190 4373.9923 3321.5846 276.5520 4372.6023 3322.3770 276.5520 4317.4760 3225.6819 283.5190 4318.8660 3224.8895 283.5190 4373.9923 3321.5846 276.5520 4318.1710 3225.2857 284.3190 4373.2973 3321.9808 277.3520 4373.2973 3321.9808 275.7520 4318.1710 3225.2857 284.3190 4373.2973 3321.9808 275.7520 4318.1710 3225.2857 282.7190 4372.5796 3322.3341 276.5520 4419.5324 3414.0998 269.6350 4418.0969 3414.8064 269.6350 4372.5796 3322.3341 276.5520 4374.0151 3321.6275 276.5520 4419.5324 3414.0998 269.6350 4373.2973 3321.9808 277.3520 4418.8147 3414.4531 270.4350 4418.8147 3414.4531 268.8350 4373.2973 3321.9808 277.3520 4418.8147 3414.4531 268.8350 4373.2973 3321.9808 275.7520 4418.0723 3414.7511 269.6350 4454.7539 3501.8476 262.8930 4453.2691 3502.4436 262.8930 4418.0723 3414.7511 269.6350 4419.5571 3414.1551 269.6350 4454.7539 3501.8476 262.8930 4418.8147 3414.4531 270.4350 4454.0115 3502.1456 263.6930 4454.0115 3502.1456 262.0930 4418.8147 3414.4531 270.4350 4454.0115 3502.1456 262.0930 4418.8147 3414.4531 268.8350 4453.2442 3502.3720 262.8930 4478.8896 3583.6529 256.4280 4477.3549 3584.1056 256.4280 4453.2442 3502.3720 262.8930 4454.7788 3501.9193 262.8930 4478.8896 3583.6529 256.4280 4454.0115 3502.1456 263.6930 4478.1223 3583.8792 257.2280 4478.1223 3583.8792 255.6280 4454.0115 3502.1456 263.6930 4478.1223 3583.8792 255.6280 4454.0115 3502.1456 262.0930 4477.3249 3583.9440 256.4280 4489.6791 3716.2912 245.7550 4488.0843 3716.4207 245.7550 4477.3249 3583.9440 256.4280 4478.9196 3583.8144 256.4280 4489.6791 3716.2912 245.7550 4478.1223 3583.8792 257.2280 4488.8817 3716.3560 246.5550 4488.8817 3716.3560 244.9550 4478.1223 3583.8792 257.2280 4488.8817 3716.3560 244.9550 4478.1223 3583.8792 255.6280 4488.0983 3716.1940 245.7550 4462.9368 3845.7732 234.4490 4461.3700 3845.4492 234.4490 4488.0983 3716.1940 245.7550 4489.6651 3716.5180 245.7550 4462.9368 3845.7732 234.4490 4488.8817 3716.3560 246.5550 4462.1534 3845.6112 235.2490 4462.1534 3845.6112 233.6490 4488.8817 3716.3560 246.5550 4462.1534 3845.6112 233.6490 4488.8817 3716.3560 244.9550 4461.4287 3845.2724 234.4490 4404.1781 3971.5118 221.8390 4402.7286 3970.8342 221.8390 4461.4287 3845.2724 234.4490 4462.8781 3845.9500 234.4490 4404.1781 3971.5118 221.8390 4462.1534 3845.6112 235.2490 4403.4534 3971.1730 222.6390 4403.4534 3971.1730 221.0390 4462.1534 3845.6112 235.2490 4403.4534 3971.1730 221.0390 4462.1534 3845.6112 233.6490 4402.7984 3970.7137 221.8390 4319.1022 4092.8366 207.5310 4317.7923 4091.9179 207.5310 4402.7984 3970.7137 221.8390 4404.1083 3971.6324 221.8390 4319.1022 4092.8366 207.5310 4403.4534 3971.1730 222.6390 4318.4473 4092.3773 208.3310 4318.4473 4092.3773 206.7310 4403.4534 3971.1730 222.6390 4318.4473 4092.3773 206.7310 4403.4534 3971.1730 221.0390 4317.8551 4091.8394 207.5310 4213.5113 4209.0965 191.4050 4212.3269 4208.0207 191.4050 4317.8551 4091.8394 207.5310 4319.0394 4092.9152 207.5310 4213.5113 4209.0965 191.4050 4318.4473 4092.3773 208.3310 4212.9191 4208.5586 192.2050 4212.9191 4208.5586 190.6050 4318.4473 4092.3773 208.3310 4212.9191 4208.5586 190.6050 4318.4473 4092.3773 206.7310 4212.3776 4207.9697 191.4050 4093.2435 4319.6855 173.5730 4092.1605 4318.5078 173.5730 4212.3776 4207.9697 191.4050 4213.4606 4209.1475 191.4050 4093.2435 4319.6855 173.5730 4212.9191 4208.5586 192.2050 4092.7020 4319.0967 174.3730 4092.7020 4319.0967 172.7730 4212.9191 4208.5586 192.2050 4092.7020 4319.0967 172.7730 4212.9191 4208.5586 190.6050 4092.1991 4318.4745 173.5730 3964.1399 4424.0277 154.3500 3963.1342 4422.7833 154.3500 4092.1991 4318.4745 173.5730 4093.2048 4319.7189 173.5730 3964.1399 4424.0277 154.3500 4092.7020 4319.0967 174.3730 3963.6370 4423.4055 155.1500 3963.6370 4423.4055 153.5500 4092.7020 4319.0967 174.3730 3963.6370 4423.4055 153.5500 4092.7020 4319.0967 172.7730 3963.1618 4422.7619 154.3500 3832.0383 4521.5720 134.2340 3831.0879 4520.2849 134.2340 3963.1618 4422.7619 154.3500 3964.1122 4424.0491 154.3500 3832.0383 4521.5720 134.2340 3963.6370 4423.4055 155.1500 3831.5631 4520.9284 135.0340 3831.5631 4520.9284 133.4340 3963.6370 4423.4055 155.1500 3831.5631 4520.9284 133.4340 3963.6370 4423.4055 153.5500 3831.1053 4520.2724 134.2340 3702.7671 4611.7799 113.9000 3701.8515 4610.4677 113.9000 3831.1053 4520.2724 134.2340 3832.0209 4521.5845 134.2340 3702.7671 4611.7799 113.9000 3831.5631 4520.9284 135.0340 3702.3093 4611.1238 114.7000 3702.3093 4611.1238 113.1000 3831.5631 4520.9284 135.0340 3702.3093 4611.1238 113.1000 3831.5631 4520.9284 133.4340 3701.8582 4610.4631 113.9000 3582.1353 4694.1342 94.1700 3581.2332 4692.8128 94.1700 3701.8582 4610.4631 113.9000 3702.7604 4611.7845 113.9000 3582.1353 4694.1342 94.1700 3702.3093 4611.1238 114.7000 3581.6842 4693.4735 94.9700 3581.6842 4693.4735 93.3700 3702.3093 4611.1238 114.7000 3581.6842 4693.4735 93.3700 3702.3093 4611.1238 113.1000 3581.2268 4692.8172 94.1700 3475.9179 4768.1543 75.9850 3475.0032 4766.8416 75.9850 3581.2268 4692.8172 94.1700 3582.1416 4694.1299 94.1700 3475.9179 4768.1543 75.9850 3581.6842 4693.4735 94.9700 3475.4605 4767.4980 76.7850 3475.4605 4767.4980 75.1850 3581.6842 4693.4735 94.9700 3475.4605 4767.4980 75.1850 3581.6842 4693.4735 93.3700 3474.9771 4766.8606 75.9850 3389.7924 4833.4852 60.3510 3388.8254 4832.2105 60.3510 3474.9771 4766.8606 75.9850 3475.9440 4768.1353 75.9850 3389.7924 4833.4852 60.3510 3475.4605 4767.4980 76.7850 3389.3089 4832.8479 61.1510 3389.3089 4832.8479 59.5510 3475.4605 4767.4980 76.7850 3389.3089 4832.8479 59.5510 3475.4605 4767.4980 75.1850 3388.7632 4832.2629 60.3510 3330.5366 4888.7698 48.2260 3329.4452 4887.5999 48.2260 3388.7632 4832.2629 60.3510 3389.8546 4833.4328 60.3510 3330.5366 4888.7698 48.2260 3389.3089 4832.8479 61.1510 3329.9909 4888.1849 49.0260 3329.9909 4888.1849 47.4260 3389.3089 4832.8479 61.1510 3329.9909 4888.1849 47.4260 3389.3089 4832.8479 59.5510 -0.3678 0.7104 0.0000 66.4188 33.4896 12.0590 65.6832 34.9104 12.0590 -0.3678 0.7104 0.0000 0.3678 -0.7104 0.0000 66.4188 33.4896 12.0590 0.0000 0.0000 0.8000 66.0510 34.2000 12.8590 66.0510 34.2000 11.2590 0.0000 0.0000 0.8000 66.0510 34.2000 11.2590 0.0000 0.0000 -0.8000 65.6982 34.9180 12.0590 144.1078 71.6560 25.8100 143.4022 73.0920 25.8100 65.6982 34.9180 12.0590 66.4038 33.4820 12.0590 144.1078 71.6560 25.8100 66.0510 34.2000 12.8590 143.7550 72.3740 26.6100 143.7550 72.3740 25.0100 66.0510 34.2000 12.8590 143.7550 72.3740 25.0100 66.0510 34.2000 11.2590 143.4116 73.0966 25.8100 232.4654 113.6484 40.9810 231.7786 115.0936 40.9810 143.4116 73.0966 25.8100 144.0984 71.6514 25.8100 232.4654 113.6484 40.9810 143.7550 72.3740 26.6100 232.1220 114.3710 41.7810 232.1220 114.3710 40.1810 143.7550 72.3740 26.6100 232.1220 114.3710 40.1810 143.7550 72.3740 25.0100 231.7842 115.0962 40.9810 330.4958 159.3128 57.2970 329.8202 160.7632 57.2970 231.7842 115.0962 40.9810 232.4598 113.6458 40.9810 330.4958 159.3128 57.2970 232.1220 114.3710 41.7810 330.1580 160.0380 58.0970 330.1580 160.0380 56.4970 232.1220 114.3710 41.7810 330.1580 160.0380 56.4970 232.1220 114.3710 40.1810 329.8231 160.7645 57.2970 437.2089 208.4985 74.4810 436.5391 209.9515 74.4810 329.8231 160.7645 57.2970 330.4929 159.3115 57.2970 437.2089 208.4985 74.4810 330.1580 160.0380 58.0970 436.8740 209.2250 75.2810 436.8740 209.2250 73.6810 330.1580 160.0380 58.0970 436.8740 209.2250 73.6810 330.1580 160.0380 56.4970 436.5401 209.9520 74.4810 551.6109 261.0510 92.2670 550.9431 262.5050 92.2670 436.5401 209.9520 74.4810 437.2079 208.4980 74.4810 551.6109 261.0510 92.2670 436.8740 209.2250 75.2810 551.2770 261.7780 93.0670 551.2770 261.7780 91.4670 436.8740 209.2250 75.2810 551.2770 261.7780 91.4670 436.8740 209.2250 73.6810 550.9424 262.5046 92.2670 672.7106 316.8204 110.3960 672.0414 318.2736 110.3960 550.9424 262.5046 92.2670 551.6116 261.0514 92.2670 672.7106 316.8204 110.3960 551.2770 261.7780 93.0670 672.3760 317.5470 111.1960 672.3760 317.5470 109.5960 551.2770 261.7780 93.0670 672.3760 317.5470 109.5960 551.2770 261.7780 91.4670 672.0393 318.2727 110.3960 799.5147 375.6523 128.6240 798.8413 377.1037 128.6240 672.0393 318.2727 110.3960 672.7127 316.8213 110.3960 799.5147 375.6523 128.6240 672.3760 317.5470 111.1960 799.1780 376.3780 129.4240 799.1780 376.3780 127.8240 672.3760 317.5470 111.1960 799.1780 376.3780 127.8240 672.3760 317.5470 109.5960 798.8380 377.1022 128.6240 931.0340 437.3968 146.7220 930.3540 438.8452 146.7220 798.8380 377.1022 128.6240 799.5180 375.6538 128.6240 931.0340 437.3968 146.7220 799.1780 376.3780 129.4240 930.6940 438.1210 147.5220 930.6940 438.1210 145.9220 799.1780 376.3780 129.4240 930.6940 438.1210 145.9220 799.1780 376.3780 127.8240 930.3496 438.8431 146.7220 1066.2744 501.8999 164.4840 1065.5856 503.3441 164.4840 930.3496 438.8431 146.7220 931.0384 437.3989 146.7220 1066.2744 501.8999 164.4840 930.6940 438.1210 147.5220 1065.9300 502.6220 165.2840 1065.9300 502.6220 163.6840 930.6940 438.1210 147.5220 1065.9300 502.6220 163.6840 930.6940 438.1210 145.9220 1065.5801 503.3414 164.4840 1204.2459 569.0116 181.7200 1203.5461 570.4504 181.7200 1065.5801 503.3414 164.4840 1066.2799 501.9026 164.4840 1204.2459 569.0116 181.7200 1065.9300 502.6220 165.2840 1203.8960 569.7310 182.5200 1203.8960 569.7310 180.9200 1065.9300 502.6220 165.2840 1203.8960 569.7310 180.9200 1065.9300 502.6220 163.6840 1203.5394 570.4471 181.7200 1343.9566 638.5789 198.2660 1343.2434 640.0111 198.2660 1203.5394 570.4471 181.7200 1204.2526 569.0149 181.7200 1343.9566 638.5789 198.2660 1203.8960 569.7310 182.5200 1343.6000 639.2950 199.0660 1343.6000 639.2950 197.4660 1203.8960 569.7310 182.5200 1343.6000 639.2950 197.4660 1203.8960 569.7310 180.9200 1343.2356 640.0072 198.2660 1484.4144 710.4498 213.9820 1483.6856 711.8742 213.9820 1343.2356 640.0072 198.2660 1343.9644 638.5828 198.2660 1484.4144 710.4498 213.9820 1343.6000 639.2950 199.0660 1484.0500 711.1620 214.7820 1484.0500 711.1620 213.1820 1343.6000 639.2950 199.0660 1484.0500 711.1620 213.1820 1343.6000 639.2950 197.4660 1483.6765 711.8695 213.9820 1624.6275 784.4735 228.7490 1623.8805 785.8885 228.7490 1483.6765 711.8695 213.9820 1484.4235 710.4545 213.9820 1624.6275 784.4735 228.7490 1484.0500 711.1620 214.7820 1624.2540 785.1810 229.5490 1624.2540 785.1810 227.9490 1484.0500 711.1620 214.7820 1624.2540 785.1810 227.9490 1484.0500 711.1620 213.1820 1623.8701 785.8829 228.7490 1763.6059 860.4961 242.4780 1762.8381 861.8999 242.4780 1623.8701 785.8829 228.7490 1624.6379 784.4791 228.7490 1763.6059 860.4961 242.4780 1624.2540 785.1810 229.5490 1763.2220 861.1980 243.2780 1763.2220 861.1980 241.6780 1624.2540 785.1810 229.5490 1763.2220 861.1980 241.6780 1624.2540 785.1810 227.9490 1762.8261 861.8932 242.4780 1900.3569 938.3688 255.1010 1899.5651 939.7592 255.1010 1762.8261 861.8932 242.4780 1763.6179 860.5028 242.4780 1900.3569 938.3688 255.1010 1763.2220 861.1980 243.2780 1899.9610 939.0640 255.9010 1899.9610 939.0640 254.3010 1763.2220 861.1980 243.2780 1899.9610 939.0640 254.3010 1763.2220 861.1980 241.6780 1899.5515 939.7512 255.1010 2033.8905 1017.9378 266.5760 2033.0715 1019.3122 266.5760 1899.5515 939.7512 255.1010 1900.3705 938.3768 255.1010 2033.8905 1017.9378 266.5760 1899.9610 939.0640 255.9010 2033.4810 1018.6250 267.3760 2033.4810 1018.6250 265.7760 1899.9610 939.0640 255.9010 2033.4810 1018.6250 265.7760 1899.9610 939.0640 254.3010 2033.0559 1019.3027 266.5760 2163.2131 1099.0513 276.8840 2162.3629 1100.4067 276.8840 2033.0559 1019.3027 266.5760 2033.9061 1017.9473 266.5760 2163.2131 1099.0513 276.8840 2033.4810 1018.6250 267.3760 2162.7880 1099.7290 277.6840 2162.7880 1099.7290 276.0840 2033.4810 1018.6250 267.3760 2162.7880 1099.7290 276.0840 2033.4810 1018.6250 265.7760 2162.3451 1100.3952 276.8840 2287.3359 1181.5588 286.0290 2286.4501 1182.8912 286.0290 2162.3451 1100.3952 276.8840 2163.2309 1099.0628 276.8840 2287.3359 1181.5588 286.0290 2162.7880 1099.7290 277.6840 2286.8930 1182.2250 286.8290 2286.8930 1182.2250 285.2290 2162.7880 1099.7290 277.6840 2286.8930 1182.2250 285.2290 2162.7880 1099.7290 276.0840 2286.4298 1182.8773 286.0290 2405.2662 1265.3077 294.0370 2404.3398 1266.6123 294.0370 2286.4298 1182.8773 286.0290 2287.3562 1181.5727 286.0290 2405.2662 1265.3077 294.0370 2286.8930 1182.2250 286.8290 2404.8030 1265.9600 294.8370 2404.8030 1265.9600 293.2370 2286.8930 1182.2250 286.8290 2404.8030 1265.9600 293.2370 2286.8930 1182.2250 285.2290 2404.3165 1266.5951 294.0370 2516.0135 1350.1479 300.9500 2515.0405 1351.4181 300.9500 2404.3165 1266.5951 294.0370 2405.2895 1265.3249 294.0370 2516.0135 1350.1479 300.9500 2404.8030 1265.9600 294.8370 2515.5270 1350.7830 301.7500 2515.5270 1350.7830 300.1500 2404.8030 1265.9600 294.8370 2515.5270 1350.7830 300.1500 2404.8030 1265.9600 293.2370 2515.0236 1351.4048 300.9500 2619.9514 1434.2892 306.8310 2618.9446 1435.5328 306.8310 2515.0236 1351.4048 300.9500 2516.0304 1350.1612 300.9500 2619.9514 1434.2892 306.8310 2515.5270 1350.7830 301.7500 2619.4480 1434.9110 307.6310 2619.4480 1434.9110 306.0310 2515.5270 1350.7830 301.7500 2619.4480 1434.9110 306.0310 2515.5270 1350.7830 300.1500 2618.9369 1435.5265 306.8310 2727.3481 1523.4645 312.1910 2726.3259 1524.6955 312.1910 2618.9369 1435.5265 306.8310 2619.9591 1434.2955 306.8310 2727.3481 1523.4645 312.1910 2619.4480 1434.9110 307.6310 2726.8370 1524.0800 312.9910 2726.8370 1524.0800 311.3910 2619.4480 1434.9110 307.6310 2726.8370 1524.0800 311.3910 2619.4480 1434.9110 306.0310 2726.3186 1524.6893 312.1910 2837.4874 1617.1717 316.9040 2836.4506 1618.3903 316.9040 2726.3186 1524.6893 312.1910 2727.3554 1523.4707 312.1910 2837.4874 1617.1717 316.9040 2726.8370 1524.0800 312.9910 2836.9690 1617.7810 317.7040 2836.9690 1617.7810 316.1040 2726.8370 1524.0800 312.9910 2836.9690 1617.7810 316.1040 2726.8370 1524.0800 311.3910 2836.4434 1618.3841 316.9040 2949.6426 1714.9019 320.8610 2948.5914 1716.1081 320.8610 2836.4434 1618.3841 316.9040 2837.4946 1617.1779 316.9040 2949.6426 1714.9019 320.8610 2836.9690 1617.7810 317.7040 2949.1170 1715.5050 321.6610 2949.1170 1715.5050 320.0610 2836.9690 1617.7810 317.7040 2949.1170 1715.5050 320.0610 2836.9690 1617.7810 316.1040 2948.5843 1716.1019 320.8610 3063.0907 1816.1491 323.9700 3062.0253 1817.3429 323.9700 2948.5843 1716.1019 320.8610 2949.6497 1714.9081 320.8610 3063.0907 1816.1491 323.9700 2949.1170 1715.5050 321.6610 3062.5580 1816.7460 324.7700 3062.5580 1816.7460 323.1700 2949.1170 1715.5050 321.6610 3062.5580 1816.7460 323.1700 2949.1170 1715.5050 320.0610 3062.0181 1817.3364 323.9700 3177.1039 1920.4036 326.1630 3176.0241 1921.5844 326.1630 3062.0181 1817.3364 323.9700 3063.0979 1816.1556 323.9700 3177.1039 1920.4036 326.1630 3062.5580 1816.7460 324.7700 3176.5640 1920.9940 326.9630 3176.5640 1920.9940 325.3630 3062.5580 1816.7460 324.7700 3176.5640 1920.9940 325.3630 3062.5580 1816.7460 323.1700 3176.0168 1921.5776 326.1630 3290.9572 2027.1584 327.3870 3289.8628 2028.3256 327.3870 3176.0168 1921.5776 326.1630 3177.1112 1920.4104 326.1630 3290.9572 2027.1584 327.3870 3176.5640 1920.9940 326.9630 3290.4100 2027.7420 328.1870 3290.4100 2027.7420 326.5870 3176.5640 1920.9940 326.9630 3290.4100 2027.7420 326.5870 3176.5640 1920.9940 325.3630 3289.8552 2028.3184 327.3870 3403.9258 2135.9036 327.6140 3402.8162 2137.0564 327.6140 3289.8552 2028.3184 327.3870 3290.9648 2027.1656 327.3870 3403.9258 2135.9036 327.6140 3290.4100 2027.7420 328.1870 3403.3710 2136.4800 328.4140 3403.3710 2136.4800 326.8140 3290.4100 2027.7420 328.1870 3403.3710 2136.4800 326.8140 3290.4100 2027.7420 326.5870 3402.8082 2137.0486 327.6140 3515.2848 2246.1334 326.8380 3514.1592 2247.2706 326.8380 3402.8082 2137.0486 327.6140 3403.9338 2135.9114 327.6140 3515.2848 2246.1334 326.8380 3403.3710 2136.4800 328.4140 3514.7220 2246.7020 327.6380 3514.7220 2246.7020 326.0380 3403.3710 2136.4800 328.4140 3514.7220 2246.7020 326.0380 3403.3710 2136.4800 326.8140 3514.1507 2247.2621 326.8380 3624.3073 2357.3379 325.0730 3623.1647 2358.4581 325.0730 3514.1507 2247.2621 326.8380 3515.2933 2246.1419 326.8380 3624.3073 2357.3379 325.0730 3514.7220 2246.7020 327.6380 3623.7360 2357.8980 325.8730 3623.7360 2357.8980 324.2730 3514.7220 2246.7020 327.6380 3623.7360 2357.8980 324.2730 3514.7220 2246.7020 326.0380 3623.1557 2358.4487 325.0730 3730.2693 2469.0103 322.3540 3729.1087 2470.1117 322.3540 3623.1557 2358.4487 325.0730 3624.3163 2357.3473 325.0730 3730.2693 2469.0103 322.3540 3623.7360 2357.8980 325.8730 3729.6890 2469.5610 323.1540 3729.6890 2469.5610 321.5540 3623.7360 2357.8980 325.8730 3729.6890 2469.5610 321.5540 3623.7360 2357.8980 324.2730 3729.0989 2470.1011 322.3540 3832.4441 2580.6419 318.7380 3831.2639 2581.7221 318.7380 3729.0989 2470.1011 322.3540 3730.2791 2469.0209 322.3540 3832.4441 2580.6419 318.7380 3729.6890 2469.5610 323.1540 3831.8540 2581.1820 319.5380 3831.8540 2581.1820 317.9380 3729.6890 2469.5610 323.1540 3831.8540 2581.1820 317.9380 3729.6890 2469.5610 321.5540 3831.2532 2581.7102 318.7380 3930.1078 2691.7248 314.2990 3928.9062 2692.7812 314.2990 3831.2532 2581.7102 318.7380 3832.4548 2580.6538 318.7380 3930.1078 2691.7248 314.2990 3831.8540 2581.1820 319.5380 3929.5070 2692.2530 315.0990 3929.5070 2692.2530 313.4990 3831.8540 2581.1820 319.5380 3929.5070 2692.2530 313.4990 3831.8540 2581.1820 317.9380 3928.8944 2692.7676 314.2990 4022.5346 2801.7514 309.1310 4021.3094 2802.7806 309.1310 3928.8944 2692.7676 314.2990 3930.1196 2691.7384 314.2990 4022.5346 2801.7514 309.1310 3929.5070 2692.2530 315.0990 4021.9220 2802.2660 309.9310 4021.9220 2802.2660 308.3310 3929.5070 2692.2530 315.0990 4021.9220 2802.2660 308.3310 3929.5070 2692.2530 313.4990 4021.2964 2802.7647 309.1310 4108.9976 2910.2143 303.3420 4107.7464 2911.2117 303.3420 4021.2964 2802.7647 309.1310 4022.5476 2801.7673 309.1310 4108.9976 2910.2143 303.3420 4021.9220 2802.2660 309.9310 4108.3720 2910.7130 304.1420 4108.3720 2910.7130 302.5420 4021.9220 2802.2660 309.9310 4108.3720 2910.7130 302.5420 4021.9220 2802.2660 308.3310 4107.7320 2911.1929 303.3420 4188.7740 3016.6051 297.0540 4187.4940 3017.5649 297.0540 4107.7320 2911.1929 303.3420 4109.0120 2910.2331 303.3420 4188.7740 3016.6051 297.0540 4108.3720 2910.7130 304.1420 4188.1340 3017.0850 297.8540 4188.1340 3017.0850 296.2540 4108.3720 2910.7130 304.1420 4188.1340 3017.0850 296.2540 4108.3720 2910.7130 302.5420 4187.4777 3017.5425 297.0540 4261.1363 3120.4165 290.4000 4259.8237 3121.3315 290.4000 4187.4777 3017.5425 297.0540 4188.7903 3016.6275 297.0540 4261.1363 3120.4165 290.4000 4188.1340 3017.0850 297.8540 4260.4800 3120.8740 291.2000 4260.4800 3120.8740 289.6000 4188.1340 3017.0850 297.8540 4260.4800 3120.8740 289.6000 4188.1340 3017.0850 296.2540 4259.8055 3121.3041 290.4000 4325.3615 3221.1419 283.5190 4324.0125 3222.0021 283.5190 4259.8055 3121.3041 290.4000 4261.1545 3120.4439 290.4000 4325.3615 3221.1419 283.5190 4260.4800 3120.8740 291.2000 4324.6870 3221.5720 284.3190 4324.6870 3221.5720 282.7190 4260.4800 3120.8740 291.2000 4324.6870 3221.5720 282.7190 4260.4800 3120.8740 289.6000 4323.9920 3221.9681 283.5190 4380.7220 3318.2739 276.5520 4379.3320 3319.0661 276.5520 4323.9920 3221.9681 283.5190 4325.3820 3221.1759 283.5190 4380.7220 3318.2739 276.5520 4324.6870 3221.5720 284.3190 4380.0270 3318.6700 277.3520 4380.0270 3318.6700 275.7520 4324.6870 3221.5720 284.3190 4380.0270 3318.6700 275.7520 4324.6870 3221.5720 282.7190 4379.3092 3319.0232 276.5520 4426.4938 3411.3088 269.6350 4425.0582 3412.0152 269.6350 4379.3092 3319.0232 276.5520 4380.7448 3318.3168 276.5520 4426.4938 3411.3088 269.6350 4380.0270 3318.6700 277.3520 4425.7760 3411.6620 270.4350 4425.7760 3411.6620 268.8350 4380.0270 3318.6700 277.3520 4425.7760 3411.6620 268.8350 4380.0270 3318.6700 275.7520 4425.0335 3411.9597 269.6350 4461.9515 3499.7393 262.8930 4460.4665 3500.3347 262.8930 4425.0335 3411.9597 269.6350 4426.5185 3411.3643 269.6350 4461.9515 3499.7393 262.8930 4425.7760 3411.6620 270.4350 4461.2090 3500.0370 263.6930 4461.2090 3500.0370 262.0930 4425.7760 3411.6620 270.4350 4461.2090 3500.0370 262.0930 4425.7760 3411.6620 268.8350 4460.4413 3500.2619 262.8930 4486.3667 3583.0641 256.4280 4484.8313 3583.5139 256.4280 4460.4413 3500.2619 262.8930 4461.9767 3499.8121 262.8930 4486.3667 3583.0641 256.4280 4461.2090 3500.0370 263.6930 4485.5990 3583.2890 257.2280 4485.5990 3583.2890 255.6280 4461.2090 3500.0370 263.6930 4485.5990 3583.2890 255.6280 4461.2090 3500.0370 262.0930 4484.8015 3583.3520 256.4280 4497.0215 3717.8230 245.7550 4495.4265 3717.9490 245.7550 4484.8015 3583.3520 256.4280 4486.3965 3583.2260 256.4280 4497.0215 3717.8230 245.7550 4485.5990 3583.2890 257.2280 4496.2240 3717.8860 246.5550 4496.2240 3717.8860 244.9550 4485.5990 3583.2890 257.2280 4496.2240 3717.8860 244.9550 4485.5990 3583.2890 255.6280 4495.4408 3717.7228 245.7550 4469.7282 3848.9562 234.4490 4468.1618 3848.6298 234.4490 4495.4408 3717.7228 245.7550 4497.0072 3718.0492 245.7550 4469.7282 3848.9562 234.4490 4496.2240 3717.8860 246.5550 4468.9450 3848.7930 235.2490 4468.9450 3848.7930 233.6490 4496.2240 3717.8860 246.5550 4468.9450 3848.7930 233.6490 4496.2240 3717.8860 244.9550 4468.2206 3848.4536 234.4490 4410.3164 3975.8214 221.8390 4408.8676 3975.1426 221.8390 4468.2206 3848.4536 234.4490 4469.6694 3849.1324 234.4490 4410.3164 3975.8214 221.8390 4468.9450 3848.7930 235.2490 4409.5920 3975.4820 222.6390 4409.5920 3975.4820 221.0390 4468.9450 3848.7930 235.2490 4409.5920 3975.4820 221.0390 4468.9450 3848.7930 233.6490 4408.9372 3975.0224 221.8390 4324.6528 4097.8806 207.5310 4323.3432 4096.9614 207.5310 4408.9372 3975.0224 221.8390 4410.2468 3975.9416 221.8390 4324.6528 4097.8806 207.5310 4409.5920 3975.4820 222.6390 4323.9980 4097.4210 208.3310 4323.9980 4097.4210 206.7310 4409.5920 3975.4820 222.6390 4323.9980 4097.4210 206.7310 4409.5920 3975.4820 221.0390 4323.4059 4096.8830 207.5310 4218.5871 4214.6180 191.4050 4217.4029 4213.5420 191.4050 4323.4059 4096.8830 207.5310 4324.5901 4097.9590 207.5310 4218.5871 4214.6180 191.4050 4323.9980 4097.4210 208.3310 4217.9950 4214.0800 192.2050 4217.9950 4214.0800 190.6050 4323.9980 4097.4210 208.3310 4217.9950 4214.0800 190.6050 4323.9980 4097.4210 206.7310 4217.4536 4213.4911 191.4050 4097.9574 4325.5189 173.5730 4096.8746 4324.3411 173.5730 4217.4536 4213.4911 191.4050 4218.5364 4214.6689 191.4050 4097.9574 4325.5189 173.5730 4217.9950 4214.0800 192.2050 4097.4160 4324.9300 174.3730 4097.4160 4324.9300 172.7730 4217.9950 4214.0800 192.2050 4097.4160 4324.9300 172.7730 4217.9950 4214.0800 190.6050 4096.9132 4324.3078 173.5730 3968.5948 4430.0612 154.3500 3967.5892 4428.8168 154.3500 4096.9132 4324.3078 173.5730 4097.9188 4325.5522 173.5730 3968.5948 4430.0612 154.3500 4097.4160 4324.9300 174.3730 3968.0920 4429.4390 155.1500 3968.0920 4429.4390 153.5500 4097.4160 4324.9300 174.3730 3968.0920 4429.4390 153.5500 4097.4160 4324.9300 172.7730 3967.6168 4428.7954 154.3500 3836.3302 4527.7226 134.2340 3835.3798 4526.4354 134.2340 3967.6168 4428.7954 154.3500 3968.5672 4430.0826 154.3500 3836.3302 4527.7226 134.2340 3968.0920 4429.4390 155.1500 3835.8550 4527.0790 135.0340 3835.8550 4527.0790 133.4340 3968.0920 4429.4390 155.1500 3835.8550 4527.0790 133.4340 3968.0920 4429.4390 153.5500 3835.3972 4526.4229 134.2340 3706.9958 4617.9741 113.9000 3706.0802 4616.6619 113.9000 3835.3972 4526.4229 134.2340 3836.3128 4527.7351 134.2340 3706.9958 4617.9741 113.9000 3835.8550 4527.0790 135.0340 3706.5380 4617.3180 114.7000 3706.5380 4617.3180 113.1000 3835.8550 4527.0790 135.0340 3706.5380 4617.3180 113.1000 3835.8550 4527.0790 133.4340 3706.0869 4616.6573 113.9000 3586.4231 4700.2877 94.1700 3585.5209 4698.9663 94.1700 3706.0869 4616.6573 113.9000 3706.9891 4617.9787 113.9000 3586.4231 4700.2877 94.1700 3706.5380 4617.3180 114.7000 3585.9720 4699.6270 94.9700 3585.9720 4699.6270 93.3700 3706.5380 4617.3180 114.7000 3585.9720 4699.6270 93.3700 3706.5380 4617.3180 113.1000 3585.5146 4698.9706 94.1700 3480.4484 4774.1314 75.9850 3479.5336 4772.8186 75.9850 3585.5146 4698.9706 94.1700 3586.4294 4700.2834 94.1700 3480.4484 4774.1314 75.9850 3585.9720 4699.6270 94.9700 3479.9910 4773.4750 76.7850 3479.9910 4773.4750 75.1850 3585.9720 4699.6270 94.9700 3479.9910 4773.4750 75.1850 3585.9720 4699.6270 93.3700 3479.5078 4772.8374 75.9850 3394.9082 4838.9696 60.3510 3393.9418 4837.6944 60.3510 3479.5078 4772.8374 75.9850 3480.4742 4774.1126 75.9850 3394.9082 4838.9696 60.3510 3479.9910 4773.4750 76.7850 3394.4250 4838.3320 61.1510 3394.4250 4838.3320 59.5510 3479.9910 4773.4750 76.7850 3394.4250 4838.3320 59.5510 3479.9910 4773.4750 75.1850 3393.8793 4837.7470 60.3510 3335.6527 4894.2540 48.2260 3334.5613 4893.0840 48.2260 3393.8793 4837.7470 60.3510 3394.9707 4838.9170 60.3510 3335.6527 4894.2540 48.2260 3394.4250 4838.3320 61.1510 3335.1070 4893.6690 49.0260 3335.1070 4893.6690 47.4260 3394.4250 4838.3320 61.1510 3335.1070 4893.6690 47.4260 3394.4250 4838.3320 59.5510 2.7381 -7.0280 0.0000 0.7104 0.3678 0.0000 -0.7104 -0.3678 0.0000 2.7381 -7.0280 0.0000 4.1589 -6.2923 0.0000 0.7104 0.3678 0.0000 3.4485 -6.6602 0.8000 0.0000 0.0000 0.8000 0.0000 0.0000 -0.8000 3.4485 -6.6602 0.8000 0.0000 0.0000 -0.8000 3.4485 -6.6602 -0.8000 -0.7104 -0.3678 0.0000 -2.7381 7.0280 0.0000 -4.1589 6.2923 0.0000 -0.7104 -0.3678 0.0000 0.7104 0.3678 0.0000 -2.7381 7.0280 0.0000 0.0000 0.0000 0.8000 -3.4485 6.6602 0.8000 -3.4485 6.6602 -0.8000 0.0000 0.0000 0.8000 -3.4485 6.6602 -0.8000 0.0000 0.0000 -0.8000 68.6400 27.1157 12.0590 66.7690 34.5528 12.0590 65.3330 33.8472 12.0590 68.6400 27.1157 12.0590 70.0761 27.8212 12.0590 66.7690 34.5528 12.0590 69.3580 27.4685 12.8590 66.0510 34.2000 12.8590 66.0510 34.2000 11.2590 69.3580 27.4685 12.8590 66.0510 34.2000 11.2590 69.3580 27.4685 11.2590 65.3330 33.8472 12.0590 63.4620 41.2843 12.0590 62.0259 40.5788 12.0590 65.3330 33.8472 12.0590 66.7690 34.5528 12.0590 63.4620 41.2843 12.0590 66.0510 34.2000 12.8590 62.7440 40.9315 12.8590 62.7440 40.9315 11.2590 66.0510 34.2000 12.8590 62.7440 40.9315 11.2590 66.0510 34.2000 11.2590 146.2518 65.2567 25.8100 144.4776 72.7174 25.8100 143.0324 72.0306 25.8100 146.2518 65.2567 25.8100 147.6969 65.9435 25.8100 144.4776 72.7174 25.8100 146.9743 65.6001 26.6100 143.7550 72.3740 26.6100 143.7550 72.3740 25.0100 146.9743 65.6001 26.6100 143.7550 72.3740 25.0100 146.9743 65.6001 25.0100 143.0324 72.0306 25.8100 141.2582 79.4913 25.8100 139.8131 78.8045 25.8100 143.0324 72.0306 25.8100 144.4776 72.7174 25.8100 141.2582 79.4913 25.8100 143.7550 72.3740 26.6100 140.5357 79.1479 26.6100 140.5357 79.1479 25.0100 143.7550 72.3740 26.6100 140.5357 79.1479 25.0100 143.7550 72.3740 25.0100 234.5637 107.2346 40.9810 232.8472 114.7088 40.9810 231.3968 114.0332 40.9810 234.5637 107.2346 40.9810 236.0141 107.9102 40.9810 232.8472 114.7088 40.9810 235.2889 107.5724 41.7810 232.1220 114.3710 41.7810 232.1220 114.3710 40.1810 235.2889 107.5724 41.7810 232.1220 114.3710 40.1810 235.2889 107.5724 40.1810 231.3968 114.0332 40.9810 229.6803 121.5074 40.9810 228.2299 120.8318 40.9810 231.3968 114.0332 40.9810 232.8472 114.7088 40.9810 229.6803 121.5074 40.9810 232.1220 114.3710 41.7810 228.9551 121.1696 41.7810 228.9551 121.1696 40.1810 232.1220 114.3710 41.7810 228.9551 121.1696 40.1810 232.1220 114.3710 40.1810 332.5709 152.8918 57.2970 330.8845 160.3729 57.2970 329.4315 159.7031 57.2970 332.5709 152.8918 57.2970 334.0240 153.5616 57.2970 330.8845 160.3729 57.2970 333.2974 153.2267 58.0970 330.1580 160.0380 58.0970 330.1580 160.0380 56.4970 333.2974 153.2267 58.0970 330.1580 160.0380 56.4970 333.2974 153.2267 56.4970 329.4315 159.7031 57.2970 327.7451 167.1842 57.2970 326.2920 166.5144 57.2970 329.4315 159.7031 57.2970 330.8845 160.3729 57.2970 327.7451 167.1842 57.2970 330.1580 160.0380 58.0970 327.0186 166.8493 58.0970 327.0186 166.8493 56.4970 330.1580 160.0380 58.0970 327.0186 166.8493 56.4970 330.1580 160.0380 56.4970 439.2778 202.0757 74.4810 437.6010 209.5589 74.4810 436.1470 208.8911 74.4810 439.2778 202.0757 74.4810 440.7317 202.7436 74.4810 437.6010 209.5589 74.4810 440.0047 202.4097 75.2810 436.8740 209.2250 75.2810 436.8740 209.2250 73.6810 440.0047 202.4097 75.2810 436.8740 209.2250 73.6810 440.0047 202.4097 73.6810 436.1470 208.8911 74.4810 434.4702 216.3743 74.4810 433.0163 215.7064 74.4810 436.1470 208.8911 74.4810 437.6010 209.5589 74.4810 434.4702 216.3743 74.4810 436.8740 209.2250 75.2810 433.7433 216.0403 75.2810 433.7433 216.0403 73.6810 436.8740 209.2250 75.2810 433.7433 216.0403 73.6810 436.8740 209.2250 73.6810 553.6876 254.6310 92.2670 552.0036 262.1126 92.2670 550.5504 261.4434 92.2670 553.6876 254.6310 92.2670 555.1409 255.3003 92.2670 552.0036 262.1126 92.2670 554.4142 254.9657 93.0670 551.2770 261.7780 93.0670 551.2770 261.7780 91.4670 554.4142 254.9657 93.0670 551.2770 261.7780 91.4670 554.4142 254.9657 91.4670 550.5504 261.4434 92.2670 548.8664 268.9250 92.2670 547.4131 268.2557 92.2670 550.5504 261.4434 92.2670 552.0036 262.1126 92.2670 548.8664 268.9250 92.2670 551.2770 261.7780 93.0670 548.1398 268.5903 93.0670 548.1398 268.5903 91.4670 551.2770 261.7780 93.0670 548.1398 268.5903 91.4670 551.2770 261.7780 91.4670 674.8068 310.4069 110.3960 673.1017 317.8837 110.3960 671.6503 317.2103 110.3960 674.8068 310.4069 110.3960 676.2582 311.0803 110.3960 673.1017 317.8837 110.3960 675.5325 310.7436 111.1960 672.3760 317.5470 111.1960 672.3760 317.5470 109.5960 675.5325 310.7436 111.1960 672.3760 317.5470 109.5960 675.5325 310.7436 109.5960 671.6503 317.2103 110.3960 669.9452 324.6871 110.3960 668.4938 324.0137 110.3960 671.6503 317.2103 110.3960 673.1017 317.8837 110.3960 669.9452 324.6871 110.3960 672.3760 317.5470 111.1960 669.2195 324.3504 111.1960 669.2195 324.3504 109.5960 672.3760 317.5470 111.1960 669.2195 324.3504 109.5960 672.3760 317.5470 109.5960 801.6411 369.2490 128.6240 799.9022 376.7180 128.6240 798.4538 376.0380 128.6240 801.6411 369.2490 128.6240 803.0894 369.9289 128.6240 799.9022 376.7180 128.6240 802.3653 369.5889 129.4240 799.1780 376.3780 129.4240 799.1780 376.3780 127.8240 802.3653 369.5889 129.4240 799.1780 376.3780 127.8240 802.3653 369.5889 127.8240 798.4538 376.0380 128.6240 796.7149 383.5070 128.6240 795.2666 382.8271 128.6240 798.4538 376.0380 128.6240 799.9022 376.7180 128.6240 796.7149 383.5070 128.6240 799.1780 376.3780 129.4240 795.9907 383.1671 129.4240 795.9907 383.1671 127.8240 799.1780 376.3780 129.4240 795.9907 383.1671 127.8240 799.1780 376.3780 127.8240 933.2006 431.0072 146.7220 931.4161 438.4654 146.7220 929.9719 437.7766 146.7220 933.2006 431.0072 146.7220 934.6448 431.6959 146.7220 931.4161 438.4654 146.7220 933.9227 431.3515 147.5220 930.6940 438.1210 147.5220 930.6940 438.1210 145.9220 933.9227 431.3515 147.5220 930.6940 438.1210 145.9220 933.9227 431.3515 145.9220 929.9719 437.7766 146.7220 928.1874 445.2348 146.7220 926.7432 444.5461 146.7220 929.9719 437.7766 146.7220 931.4161 438.4654 146.7220 928.1874 445.2348 146.7220 930.6940 438.1210 147.5220 927.4653 444.8905 147.5220 927.4653 444.8905 145.9220 930.6940 438.1210 147.5220 927.4653 444.8905 145.9220 930.6940 438.1210 145.9220 1068.4912 495.5276 164.4840 1066.6494 502.9719 164.4840 1065.2106 502.2721 164.4840 1068.4912 495.5276 164.4840 1069.9300 496.2275 164.4840 1066.6494 502.9719 164.4840 1069.2106 495.8776 165.2840 1065.9300 502.6220 165.2840 1065.9300 502.6220 163.6840 1069.2106 495.8776 165.2840 1065.9300 502.6220 163.6840 1069.2106 495.8776 163.6840 1065.2106 502.2721 164.4840 1063.3688 509.7164 164.4840 1061.9300 509.0165 164.4840 1065.2106 502.2721 164.4840 1066.6494 502.9719 164.4840 1063.3688 509.7164 164.4840 1065.9300 502.6220 165.2840 1062.6494 509.3664 165.2840 1062.6494 509.3664 163.6840 1065.9300 502.6220 165.2840 1062.6494 509.3664 163.6840 1065.9300 502.6220 163.6840 1206.5229 562.6607 181.7200 1204.6121 570.0876 181.7200 1203.1799 569.3744 181.7200 1206.5229 562.6607 181.7200 1207.9552 563.3739 181.7200 1204.6121 570.0876 181.7200 1207.2390 563.0173 182.5200 1203.8960 569.7310 182.5200 1203.8960 569.7310 180.9200 1207.2390 563.0173 182.5200 1203.8960 569.7310 180.9200 1207.2390 563.0173 180.9200 1203.1799 569.3744 181.7200 1201.2691 576.8013 181.7200 1199.8368 576.0881 181.7200 1203.1799 569.3744 181.7200 1204.6121 570.0876 181.7200 1201.2691 576.8013 181.7200 1203.8960 569.7310 182.5200 1200.5530 576.4447 182.5200 1200.5530 576.4447 180.9200 1203.8960 569.7310 182.5200 1200.5530 576.4447 180.9200 1203.8960 569.7310 180.9200 1346.3042 632.2539 198.2660 1344.3122 639.6594 198.2660 1342.8878 638.9306 198.2660 1346.3042 632.2539 198.2660 1347.7286 632.9827 198.2660 1344.3122 639.6594 198.2660 1347.0164 632.6183 199.0660 1343.6000 639.2950 199.0660 1343.6000 639.2950 197.4660 1347.0164 632.6183 199.0660 1343.6000 639.2950 197.4660 1347.0164 632.6183 197.4660 1342.8878 638.9306 198.2660 1340.8958 646.3361 198.2660 1339.4714 645.6073 198.2660 1342.8878 638.9306 198.2660 1344.3122 639.6594 198.2660 1340.8958 646.3361 198.2660 1343.6000 639.2950 199.0660 1340.1836 645.9717 199.0660 1340.1836 645.9717 197.4660 1343.6000 639.2950 199.0660 1340.1836 645.9717 197.4660 1343.6000 639.2950 197.4660 1486.8441 704.1561 213.9820 1484.7575 711.5355 213.9820 1483.3425 710.7885 213.9820 1486.8441 704.1561 213.9820 1488.2590 704.9030 213.9820 1484.7575 711.5355 213.9820 1487.5515 704.5296 214.7820 1484.0500 711.1620 214.7820 1484.0500 711.1620 213.1820 1487.5515 704.5296 214.7820 1484.0500 711.1620 213.1820 1487.5515 704.5296 213.1820 1483.3425 710.7885 213.9820 1481.2559 718.1679 213.9820 1479.8410 717.4210 213.9820 1483.3425 710.7885 213.9820 1484.7575 711.5355 213.9820 1481.2559 718.1679 213.9820 1484.0500 711.1620 214.7820 1480.5485 717.7944 214.7820 1480.5485 717.7944 213.1820 1484.0500 711.1620 214.7820 1480.5485 717.7944 213.1820 1484.0500 711.1620 213.1820 1627.1514 778.2172 228.7490 1624.9559 785.5649 228.7490 1623.5521 784.7971 228.7490 1627.1514 778.2172 228.7490 1628.5551 778.9850 228.7490 1624.9559 785.5649 228.7490 1627.8533 778.6011 229.5490 1624.2540 785.1810 229.5490 1624.2540 785.1810 227.9490 1627.8533 778.6011 229.5490 1624.2540 785.1810 227.9490 1627.8533 778.6011 227.9490 1623.5521 784.7971 228.7490 1621.3566 792.1448 228.7490 1619.9529 791.3770 228.7490 1623.5521 784.7971 228.7490 1624.9559 785.5649 228.7490 1621.3566 792.1448 228.7490 1624.2540 785.1810 229.5490 1620.6547 791.7609 229.5490 1620.6547 791.7609 227.9490 1624.2540 785.1810 229.5490 1620.6547 791.7609 227.9490 1624.2540 785.1810 227.9490 1766.2381 854.2848 242.4780 1763.9172 861.5939 242.4780 1762.5268 860.8021 242.4780 1766.2381 854.2848 242.4780 1767.6285 855.0765 242.4780 1763.9172 861.5939 242.4780 1766.9333 854.6806 243.2780 1763.2220 861.1980 243.2780 1763.2220 861.1980 241.6780 1766.9333 854.6806 243.2780 1763.2220 861.1980 241.6780 1766.9333 854.6806 241.6780 1762.5268 860.8021 242.4780 1760.2059 868.1112 242.4780 1758.8155 867.3195 242.4780 1762.5268 860.8021 242.4780 1763.9172 861.5939 242.4780 1760.2059 868.1112 242.4780 1763.2220 861.1980 243.2780 1759.5107 867.7154 243.2780 1759.5107 867.7154 241.6780 1763.2220 861.1980 243.2780 1759.5107 867.7154 241.6780 1763.2220 861.1980 241.6780 1903.1129 932.2116 255.1010 1900.6482 939.4735 255.1010 1899.2738 938.6545 255.1010 1903.1129 932.2116 255.1010 1904.4874 933.0306 255.1010 1900.6482 939.4735 255.1010 1903.8002 932.6211 255.9010 1899.9610 939.0640 255.9010 1899.9610 939.0640 254.3010 1903.8002 932.6211 255.9010 1899.9610 939.0640 254.3010 1903.8002 932.6211 254.3010 1899.2738 938.6545 255.1010 1896.8091 945.9164 255.1010 1895.4346 945.0974 255.1010 1899.2738 938.6545 255.1010 1900.6482 939.4735 255.1010 1896.8091 945.9164 255.1010 1899.9610 939.0640 255.9010 1896.1218 945.5069 255.9010 1896.1218 945.5069 254.3010 1899.9610 939.0640 255.9010 1896.1218 945.5069 254.3010 1899.9610 939.0640 254.3010 2036.7884 1011.8463 266.5760 2034.1587 1019.0501 266.5760 2032.8033 1018.1999 266.5760 2036.7884 1011.8463 266.5760 2038.1439 1012.6964 266.5760 2034.1587 1019.0501 266.5760 2037.4661 1012.2714 267.3760 2033.4810 1018.6250 267.3760 2033.4810 1018.6250 265.7760 2037.4661 1012.2714 267.3760 2033.4810 1018.6250 265.7760 2037.4661 1012.2714 265.7760 2032.8033 1018.1999 266.5760 2030.1736 1025.4037 266.5760 2028.8181 1024.5536 266.5760 2032.8033 1018.1999 266.5760 2034.1587 1019.0501 266.5760 2030.1736 1025.4037 266.5760 2033.4810 1018.6250 267.3760 2029.4959 1024.9786 267.3760 2029.4959 1024.9786 265.7760 2033.4810 1018.6250 267.3760 2029.4959 1024.9786 265.7760 2033.4810 1018.6250 265.7760 2166.2736 1093.0402 276.8840 2163.4542 1100.1719 276.8840 2162.1218 1099.2861 276.8840 2166.2736 1093.0402 276.8840 2167.6061 1093.9259 276.8840 2163.4542 1100.1719 276.8840 2166.9399 1093.4830 277.6840 2162.7880 1099.7290 277.6840 2162.7880 1099.7290 276.0840 2166.9399 1093.4830 277.6840 2162.7880 1099.7290 276.0840 2166.9399 1093.4830 276.0840 2162.1218 1099.2861 276.8840 2159.3024 1106.4178 276.8840 2157.9699 1105.5321 276.8840 2162.1218 1099.2861 276.8840 2163.4542 1100.1719 276.8840 2159.3024 1106.4178 276.8840 2162.7880 1099.7290 277.6840 2158.6361 1105.9750 277.6840 2158.6361 1105.9750 276.0840 2162.7880 1099.7290 277.6840 2158.6361 1105.9750 276.0840 2162.7880 1099.7290 276.0840 2290.5833 1175.6469 286.0290 2287.5453 1182.6882 286.0290 2286.2407 1181.7618 286.0290 2290.5833 1175.6469 286.0290 2291.8878 1176.5733 286.0290 2287.5453 1182.6882 286.0290 2291.2356 1176.1101 286.8290 2286.8930 1182.2250 286.8290 2286.8930 1182.2250 285.2290 2291.2356 1176.1101 286.8290 2286.8930 1182.2250 285.2290 2291.2356 1176.1101 285.2290 2286.2407 1181.7618 286.0290 2283.2027 1188.8031 286.0290 2281.8982 1187.8767 286.0290 2286.2407 1181.7618 286.0290 2287.5453 1182.6882 286.0290 2283.2027 1188.8031 286.0290 2286.8930 1182.2250 286.8290 2282.5504 1188.3399 286.8290 2282.5504 1188.3399 285.2290 2286.8930 1182.2250 286.8290 2282.5504 1188.3399 285.2290 2286.8930 1182.2250 285.2290 2408.7290 1259.5197 294.0370 2405.4381 1266.4465 294.0370 2404.1679 1265.4735 294.0370 2408.7290 1259.5197 294.0370 2409.9991 1260.4928 294.0370 2405.4381 1266.4465 294.0370 2409.3640 1260.0063 294.8370 2404.8030 1265.9600 294.8370 2404.8030 1265.9600 293.2370 2409.3640 1260.0063 294.8370 2404.8030 1265.9600 293.2370 2409.3640 1260.0063 293.2370 2404.1679 1265.4735 294.0370 2400.8770 1272.4003 294.0370 2399.6069 1271.4272 294.0370 2404.1679 1265.4735 294.0370 2405.4381 1266.4465 294.0370 2400.8770 1272.4003 294.0370 2404.8030 1265.9600 294.8370 2400.2420 1271.9137 294.8370 2400.2420 1271.9137 293.2370 2404.8030 1265.9600 294.8370 2400.2420 1271.9137 293.2370 2404.8030 1265.9600 293.2370 2519.6242 1344.4503 300.9500 2516.1488 1351.2864 300.9500 2514.9052 1350.2796 300.9500 2519.6242 1344.4503 300.9500 2520.8678 1345.4571 300.9500 2516.1488 1351.2864 300.9500 2520.2460 1344.9537 301.7500 2515.5270 1350.7830 301.7500 2515.5270 1350.7830 300.1500 2520.2460 1344.9537 301.7500 2515.5270 1350.7830 300.1500 2520.2460 1344.9537 300.1500 2514.9052 1350.2796 300.9500 2511.4298 1357.1157 300.9500 2510.1862 1356.1089 300.9500 2514.9052 1350.2796 300.9500 2516.1488 1351.2864 300.9500 2511.4298 1357.1157 300.9500 2515.5270 1350.7830 301.7500 2510.8080 1356.6123 301.7500 2510.8080 1356.6123 300.1500 2515.5270 1350.7830 301.7500 2510.8080 1356.6123 300.1500 2515.5270 1350.7830 300.1500 2623.6237 1428.6298 306.8310 2620.0635 1435.4221 306.8310 2618.8325 1434.3999 306.8310 2623.6237 1428.6298 306.8310 2624.8547 1429.6519 306.8310 2620.0635 1435.4221 306.8310 2624.2392 1429.1408 307.6310 2619.4480 1434.9110 307.6310 2619.4480 1434.9110 306.0310 2624.2392 1429.1408 307.6310 2619.4480 1434.9110 306.0310 2624.2392 1429.1408 306.0310 2618.8325 1434.3999 306.8310 2615.2723 1441.1922 306.8310 2614.0413 1440.1701 306.8310 2618.8325 1434.3999 306.8310 2620.0635 1435.4221 306.8310 2615.2723 1441.1922 306.8310 2619.4480 1434.9110 307.6310 2614.6568 1440.6812 307.6310 2614.6568 1440.6812 306.0310 2619.4480 1434.9110 307.6310 2614.6568 1440.6812 306.0310 2619.4480 1434.9110 306.0310 2731.0877 1517.8493 312.1910 2727.4463 1524.5984 312.1910 2726.2277 1523.5616 312.1910 2731.0877 1517.8493 312.1910 2732.3063 1518.8861 312.1910 2727.4463 1524.5984 312.1910 2731.6970 1518.3677 312.9910 2726.8370 1524.0800 312.9910 2726.8370 1524.0800 311.3910 2731.6970 1518.3677 312.9910 2726.8370 1524.0800 311.3910 2731.6970 1518.3677 311.3910 2726.2277 1523.5616 312.1910 2722.5863 1530.3107 312.1910 2721.3677 1529.2739 312.1910 2726.2277 1523.5616 312.1910 2727.4463 1524.5984 312.1910 2722.5863 1530.3107 312.1910 2726.8370 1524.0800 312.9910 2721.9770 1529.7923 312.9910 2721.9770 1529.7923 311.3910 2726.8370 1524.0800 312.9910 2721.9770 1529.7923 311.3910 2726.8370 1524.0800 311.3910 2841.2931 1611.6010 316.9040 2837.5721 1618.3066 316.9040 2836.3659 1617.2554 316.9040 2841.2931 1611.6010 316.9040 2842.4993 1612.6521 316.9040 2837.5721 1618.3066 316.9040 2841.8962 1612.1266 317.7040 2836.9690 1617.7810 317.7040 2836.9690 1617.7810 316.1040 2841.8962 1612.1266 317.7040 2836.9690 1617.7810 316.1040 2841.8962 1612.1266 316.1040 2836.3659 1617.2554 316.9040 2832.6449 1623.9610 316.9040 2831.4387 1622.9099 316.9040 2836.3659 1617.2554 316.9040 2837.5721 1618.3066 316.9040 2832.6449 1623.9610 316.9040 2836.9690 1617.7810 317.7040 2832.0418 1623.4354 317.7040 2832.0418 1623.4354 316.1040 2836.9690 1617.7810 317.7040 2832.0418 1623.4354 316.1040 2836.9690 1617.7810 316.1040 2953.5140 1709.3767 320.8610 2949.7139 1716.0377 320.8610 2948.5201 1714.9723 320.8610 2953.5140 1709.3767 320.8610 2954.7077 1710.4420 320.8610 2949.7139 1716.0377 320.8610 2954.1109 1709.9094 321.6610 2949.1170 1715.5050 321.6610 2949.1170 1715.5050 320.0610 2954.1109 1709.9094 321.6610 2949.1170 1715.5050 320.0610 2954.1109 1709.9094 320.0610 2948.5201 1714.9723 320.8610 2944.7200 1721.6333 320.8610 2943.5263 1720.5680 320.8610 2948.5201 1714.9723 320.8610 2949.7139 1716.0377 320.8610 2944.7200 1721.6333 320.8610 2949.1170 1715.5050 321.6610 2944.1231 1721.1006 321.6610 2944.1231 1721.1006 320.0610 2949.1170 1715.5050 321.6610 2944.1231 1721.1006 320.0610 2949.1170 1715.5050 320.0610 3067.0288 1810.6713 323.9700 3063.1484 1817.2859 323.9700 3061.9676 1816.2061 323.9700 3067.0288 1810.6713 323.9700 3068.2095 1811.7510 323.9700 3063.1484 1817.2859 323.9700 3067.6191 1811.2111 324.7700 3062.5580 1816.7460 324.7700 3062.5580 1816.7460 323.1700 3067.6191 1811.2111 324.7700 3062.5580 1816.7460 323.1700 3067.6191 1811.2111 323.1700 3061.9676 1816.2061 323.9700 3058.0872 1822.8207 323.9700 3056.9065 1821.7410 323.9700 3061.9676 1816.2061 323.9700 3063.1484 1817.2859 323.9700 3058.0872 1822.8207 323.9700 3062.5580 1816.7460 324.7700 3057.4969 1822.2809 324.7700 3057.4969 1822.2809 323.1700 3062.5580 1816.7460 324.7700 3057.4969 1822.2809 323.1700 3062.5580 1816.7460 323.1700 3181.1104 1914.9757 326.1630 3177.1476 1921.5412 326.1630 3175.9804 1920.4468 326.1630 3181.1104 1914.9757 326.1630 3182.2776 1916.0701 326.1630 3177.1476 1921.5412 326.1630 3181.6940 1915.5229 326.9630 3176.5640 1920.9940 326.9630 3176.5640 1920.9940 325.3630 3181.6940 1915.5229 326.9630 3176.5640 1920.9940 325.3630 3181.6940 1915.5229 325.3630 3175.9804 1920.4468 326.1630 3172.0176 1927.0123 326.1630 3170.8504 1925.9179 326.1630 3175.9804 1920.4468 326.1630 3177.1476 1921.5412 326.1630 3172.0176 1927.0123 326.1630 3176.5640 1920.9940 326.9630 3171.4340 1926.4651 326.9630 3171.4340 1926.4651 325.3630 3176.5640 1920.9940 326.9630 3171.4340 1926.4651 325.3630 3176.5640 1920.9940 325.3630 3295.0350 2021.7839 327.3870 3290.9864 2028.2968 327.3870 3289.8336 2027.1872 327.3870 3295.0350 2021.7839 327.3870 3296.1877 2022.8935 327.3870 3290.9864 2028.2968 327.3870 3295.6113 2022.3387 328.1870 3290.4100 2027.7420 328.1870 3290.4100 2027.7420 326.5870 3295.6113 2022.3387 328.1870 3290.4100 2027.7420 326.5870 3295.6113 2022.3387 326.5870 3289.8336 2027.1872 327.3870 3285.7850 2033.7001 327.3870 3284.6323 2032.5905 327.3870 3289.8336 2027.1872 327.3870 3290.9864 2028.2968 327.3870 3285.7850 2033.7001 327.3870 3290.4100 2027.7420 328.1870 3285.2087 2033.1453 328.1870 3285.2087 2033.1453 326.5870 3290.4100 2027.7420 328.1870 3285.2087 2033.1453 326.5870 3290.4100 2027.7420 326.5870 3408.0786 2130.5870 327.6140 3403.9396 2137.0428 327.6140 3402.8024 2135.9172 327.6140 3408.0786 2130.5870 327.6140 3409.2158 2131.7125 327.6140 3403.9396 2137.0428 327.6140 3408.6472 2131.1497 328.4140 3403.3710 2136.4800 328.4140 3403.3710 2136.4800 326.8140 3408.6472 2131.1497 328.4140 3403.3710 2136.4800 326.8140 3408.6472 2131.1497 326.8140 3402.8024 2135.9172 327.6140 3398.6634 2142.3730 327.6140 3397.5262 2141.2475 327.6140 3402.8024 2135.9172 327.6140 3403.9396 2137.0428 327.6140 3398.6634 2142.3730 327.6140 3403.3710 2136.4800 328.4140 3398.0948 2141.8103 328.4140 3398.0948 2141.8103 326.8140 3403.3710 2136.4800 328.4140 3398.0948 2141.8103 326.8140 3403.3710 2136.4800 326.8140 3519.5175 2240.8802 326.8380 3515.2821 2247.2733 326.8380 3514.1619 2246.1307 326.8380 3519.5175 2240.8802 326.8380 3520.6376 2242.0228 326.8380 3515.2821 2247.2733 326.8380 3520.0776 2241.4515 327.6380 3514.7220 2246.7020 327.6380 3514.7220 2246.7020 326.0380 3520.0776 2241.4515 327.6380 3514.7220 2246.7020 326.0380 3520.0776 2241.4515 326.0380 3514.1619 2246.1307 326.8380 3509.9265 2252.5238 326.8380 3508.8064 2251.3812 326.8380 3514.1619 2246.1307 326.8380 3515.2821 2247.2733 326.8380 3509.9265 2252.5238 326.8380 3514.7220 2246.7020 327.6380 3509.3664 2251.9525 327.6380 3509.3664 2251.9525 326.0380 3514.7220 2246.7020 327.6380 3509.3664 2251.9525 326.0380 3514.7220 2246.7020 326.0380 3628.6259 2352.1553 325.0730 3624.2867 2358.4783 325.0730 3623.1853 2357.3177 325.0730 3628.6259 2352.1553 325.0730 3629.7272 2353.3160 325.0730 3624.2867 2358.4783 325.0730 3629.1766 2352.7356 325.8730 3623.7360 2357.8980 325.8730 3623.7360 2357.8980 324.2730 3629.1766 2352.7356 325.8730 3623.7360 2357.8980 324.2730 3629.1766 2352.7356 324.2730 3623.1853 2357.3177 325.0730 3618.8461 2363.6407 325.0730 3617.7448 2362.4800 325.0730 3623.1853 2357.3177 325.0730 3624.2867 2358.4783 325.0730 3618.8461 2363.6407 325.0730 3623.7360 2357.8980 325.8730 3618.2954 2363.0604 325.8730 3618.2954 2363.0604 324.2730 3623.7360 2357.8980 325.8730 3618.2954 2363.0604 324.2730 3623.7360 2357.8980 324.2730 3734.6813 2463.9071 322.3540 3730.2291 2470.1511 322.3540 3729.1489 2468.9709 322.3540 3734.6813 2463.9071 322.3540 3735.7616 2465.0874 322.3540 3730.2291 2470.1511 322.3540 3735.2215 2464.4972 323.1540 3729.6890 2469.5610 323.1540 3729.6890 2469.5610 321.5540 3735.2215 2464.4972 323.1540 3729.6890 2469.5610 321.5540 3735.2215 2464.4972 321.5540 3729.1489 2468.9709 322.3540 3724.6967 2475.2149 322.3540 3723.6164 2474.0346 322.3540 3729.1489 2468.9709 322.3540 3730.2291 2470.1511 322.3540 3724.6967 2475.2149 322.3540 3729.6890 2469.5610 323.1540 3724.1565 2474.6248 323.1540 3724.1565 2474.6248 321.5540 3729.6890 2469.5610 323.1540 3724.1565 2474.6248 321.5540 3729.6890 2469.5610 321.5540 3836.9584 2575.6290 318.7380 3832.3822 2581.7828 318.7380 3831.3258 2580.5812 318.7380 3836.9584 2575.6290 318.7380 3838.0148 2576.8307 318.7380 3832.3822 2581.7828 318.7380 3837.4866 2576.2298 319.5380 3831.8540 2581.1820 319.5380 3831.8540 2581.1820 317.9380 3837.4866 2576.2298 319.5380 3831.8540 2581.1820 317.9380 3837.4866 2576.2298 317.9380 3831.3258 2580.5812 318.7380 3826.7496 2586.7350 318.7380 3825.6932 2585.5333 318.7380 3831.3258 2580.5812 318.7380 3832.3822 2581.7828 318.7380 3826.7496 2586.7350 318.7380 3831.8540 2581.1820 319.5380 3826.2214 2586.1342 319.5380 3826.2214 2586.1342 317.9380 3831.8540 2581.1820 319.5380 3826.2214 2586.1342 317.9380 3831.8540 2581.1820 317.9380 3934.7351 2686.8164 314.2990 3930.0216 2692.8656 314.2990 3928.9924 2691.6404 314.2990 3934.7351 2686.8164 314.2990 3935.7642 2688.0415 314.2990 3930.0216 2692.8656 314.2990 3935.2497 2687.4289 315.0990 3929.5070 2692.2530 315.0990 3929.5070 2692.2530 313.4990 3935.2497 2687.4289 315.0990 3929.5070 2692.2530 313.4990 3935.2497 2687.4289 313.4990 3928.9924 2691.6404 314.2990 3924.2789 2697.6896 314.2990 3923.2498 2696.4645 314.2990 3928.9924 2691.6404 314.2990 3930.0216 2692.8656 314.2990 3924.2789 2697.6896 314.2990 3929.5070 2692.2530 315.0990 3923.7643 2697.0771 315.0990 3923.7643 2697.0771 313.4990 3929.5070 2692.2530 315.0990 3923.7643 2697.0771 313.4990 3929.5070 2692.2530 313.4990 4027.2879 2796.9654 309.1310 4022.4207 2802.8916 309.1310 4021.4233 2801.6404 309.1310 4027.2879 2796.9654 309.1310 4028.2853 2798.2165 309.1310 4022.4207 2802.8916 309.1310 4027.7866 2797.5909 309.9310 4021.9220 2802.2660 309.9310 4021.9220 2802.2660 308.3310 4027.7866 2797.5909 309.9310 4021.9220 2802.2660 308.3310 4027.7866 2797.5909 308.3310 4021.4233 2801.6404 309.1310 4016.5561 2807.5666 309.1310 4015.5587 2806.3155 309.1310 4021.4233 2801.6404 309.1310 4022.4207 2802.8916 309.1310 4016.5561 2807.5666 309.1310 4021.9220 2802.2660 309.9310 4016.0574 2806.9411 309.9310 4016.0574 2806.9411 308.3310 4021.9220 2802.2660 309.9310 4016.0574 2806.9411 308.3310 4021.9220 2802.2660 308.3310 4113.8925 2905.5736 303.3420 4108.8519 2911.3530 303.3420 4107.8921 2910.0730 303.3420 4113.8925 2905.5736 303.3420 4114.8524 2906.8537 303.3420 4108.8519 2911.3530 303.3420 4114.3725 2906.2136 304.1420 4108.3720 2910.7130 304.1420 4108.3720 2910.7130 302.5420 4114.3725 2906.2136 304.1420 4108.3720 2910.7130 302.5420 4114.3725 2906.2136 302.5420 4107.8921 2910.0730 303.3420 4102.8515 2915.8524 303.3420 4101.8916 2914.5723 303.3420 4107.8921 2910.0730 303.3420 4108.8519 2911.3530 303.3420 4102.8515 2915.8524 303.3420 4108.3720 2910.7130 304.1420 4102.3715 2915.2124 304.1420 4102.3715 2915.2124 302.5420 4108.3720 2910.7130 304.1420 4102.3715 2915.2124 302.5420 4108.3720 2910.7130 302.5420 4193.8293 3012.1399 297.0540 4188.5915 3017.7413 297.0540 4187.6765 3016.4287 297.0540 4193.8293 3012.1399 297.0540 4194.7442 3013.4525 297.0540 4188.5915 3017.7413 297.0540 4194.2868 3012.7962 297.8540 4188.1340 3017.0850 297.8540 4188.1340 3017.0850 296.2540 4194.2868 3012.7962 297.8540 4188.1340 3017.0850 296.2540 4194.2868 3012.7962 296.2540 4187.6765 3016.4287 297.0540 4182.4387 3022.0301 297.0540 4181.5238 3020.7175 297.0540 4187.6765 3016.4287 297.0540 4188.5915 3017.7413 297.0540 4182.4387 3022.0301 297.0540 4188.1340 3017.0850 297.8540 4181.9812 3021.3738 297.8540 4181.9812 3021.3738 296.2540 4188.1340 3017.0850 297.8540 4181.9812 3021.3738 296.2540 4188.1340 3017.0850 296.2540 4266.3738 3116.1672 290.4000 4260.9101 3121.5485 290.4000 4260.0499 3120.1995 290.4000 4266.3738 3116.1672 290.4000 4267.2340 3117.5163 290.4000 4260.9101 3121.5485 290.4000 4266.8039 3116.8418 291.2000 4260.4800 3120.8740 291.2000 4260.4800 3120.8740 289.6000 4266.8039 3116.8418 291.2000 4260.4800 3120.8740 289.6000 4266.8039 3116.8418 289.6000 4260.0499 3120.1995 290.4000 4254.5862 3125.5808 290.4000 4253.7260 3124.2317 290.4000 4260.0499 3120.1995 290.4000 4260.9101 3121.5485 290.4000 4254.5862 3125.5808 290.4000 4260.4800 3120.8740 291.2000 4254.1561 3124.9062 291.2000 4254.1561 3124.9062 289.6000 4260.4800 3120.8740 291.2000 4254.1561 3124.9062 289.6000 4260.4800 3120.8740 289.6000 4330.8069 3217.1632 283.5190 4325.0831 3222.2670 283.5190 4324.2909 3220.8770 283.5190 4330.8069 3217.1632 283.5190 4331.5991 3218.5533 283.5190 4325.0831 3222.2670 283.5190 4331.2030 3217.8583 284.3190 4324.6870 3221.5720 284.3190 4324.6870 3221.5720 282.7190 4331.2030 3217.8583 284.3190 4324.6870 3221.5720 282.7190 4331.2030 3217.8583 282.7190 4324.2909 3220.8770 283.5190 4318.5671 3225.9808 283.5190 4317.7749 3224.5907 283.5190 4324.2909 3220.8770 283.5190 4325.0831 3222.2670 283.5190 4318.5671 3225.9808 283.5190 4324.6870 3221.5720 284.3190 4318.1710 3225.2857 284.3190 4318.1710 3225.2857 282.7190 4324.6870 3221.5720 284.3190 4318.1710 3225.2857 282.7190 4324.6870 3221.5720 282.7190 4386.4035 3314.6414 276.5520 4380.3802 3319.3878 276.5520 4379.6738 3317.9522 276.5520 4386.4035 3314.6414 276.5520 4387.1098 3316.0770 276.5520 4380.3802 3319.3878 276.5520 4386.7567 3315.3592 277.3520 4380.0270 3318.6700 277.3520 4380.0270 3318.6700 275.7520 4386.7567 3315.3592 277.3520 4380.0270 3318.6700 275.7520 4386.7567 3315.3592 275.7520 4379.6738 3317.9522 276.5520 4373.6505 3322.6986 276.5520 4372.9442 3321.2630 276.5520 4379.6738 3317.9522 276.5520 4380.3802 3319.3878 276.5520 4373.6505 3322.6986 276.5520 4380.0270 3318.6700 277.3520 4373.2973 3321.9808 277.3520 4373.2973 3321.9808 275.7520 4380.0270 3318.6700 277.3520 4373.2973 3321.9808 275.7520 4380.0270 3318.6700 275.7520 4432.4396 3408.1284 269.6350 4426.0737 3412.4045 269.6350 4425.4783 3410.9195 269.6350 4432.4396 3408.1284 269.6350 4433.0350 3409.6135 269.6350 4426.0737 3412.4045 269.6350 4432.7373 3408.8709 270.4350 4425.7760 3411.6620 270.4350 4425.7760 3411.6620 268.8350 4432.7373 3408.8709 270.4350 4425.7760 3411.6620 268.8350 4432.7373 3408.8709 268.8350 4425.4783 3410.9195 269.6350 4419.1124 3415.1956 269.6350 4418.5170 3413.7105 269.6350 4425.4783 3410.9195 269.6350 4426.0737 3412.4045 269.6350 4419.1124 3415.1956 269.6350 4425.7760 3411.6620 270.4350 4418.8147 3414.4531 270.4350 4418.8147 3414.4531 268.8350 4425.7760 3411.6620 270.4350 4418.8147 3414.4531 268.8350 4425.7760 3411.6620 268.8350 4468.1816 3497.1607 262.8930 4461.4339 3500.8047 262.8930 4460.9841 3499.2693 262.8930 4468.1816 3497.1607 262.8930 4468.6314 3498.6961 262.8930 4461.4339 3500.8047 262.8930 4468.4065 3497.9284 263.6930 4461.2090 3500.0370 263.6930 4461.2090 3500.0370 262.0930 4468.4065 3497.9284 263.6930 4461.2090 3500.0370 262.0930 4468.4065 3497.9284 262.0930 4460.9841 3499.2693 262.8930 4454.2364 3502.9133 262.8930 4453.7866 3501.3779 262.8930 4460.9841 3499.2693 262.8930 4461.4339 3500.8047 262.8930 4454.2364 3502.9133 262.8930 4461.2090 3500.0370 263.6930 4454.0115 3502.1456 263.6930 4454.0115 3502.1456 262.0930 4461.2090 3500.0370 263.6930 4454.0115 3502.1456 262.0930 4461.2090 3500.0370 262.0930 4493.0128 3581.9013 256.4280 4485.6620 3584.0865 256.4280 4485.5360 3582.4915 256.4280 4493.0128 3581.9013 256.4280 4493.1387 3583.4963 256.4280 4485.6620 3584.0865 256.4280 4493.0757 3582.6988 257.2280 4485.5990 3583.2890 257.2280 4485.5990 3583.2890 255.6280 4493.0757 3582.6988 257.2280 4485.5990 3583.2890 255.6280 4493.0757 3582.6988 255.6280 4485.5360 3582.4915 256.4280 4478.1852 3584.6767 256.4280 4478.0593 3583.0817 256.4280 4485.5360 3582.4915 256.4280 4485.6620 3584.0865 256.4280 4478.1852 3584.6767 256.4280 4485.5990 3583.2890 257.2280 4478.1223 3583.8792 257.2280 4478.1223 3583.8792 255.6280 4485.5990 3583.2890 257.2280 4478.1223 3583.8792 255.6280 4485.5990 3583.2890 255.6280 4503.7295 3718.6328 245.7550 4496.0608 3718.6692 245.7550 4496.3872 3717.1028 245.7550 4503.7295 3718.6328 245.7550 4503.4031 3720.1992 245.7550 4496.0608 3718.6692 245.7550 4503.5663 3719.4160 246.5550 4496.2240 3717.8860 246.5550 4496.2240 3717.8860 244.9550 4503.5663 3719.4160 246.5550 4496.2240 3717.8860 244.9550 4503.5663 3719.4160 244.9550 4496.3872 3717.1028 245.7550 4488.7185 3717.1392 245.7550 4489.0449 3715.5728 245.7550 4496.3872 3717.1028 245.7550 4496.0608 3718.6692 245.7550 4488.7185 3717.1392 245.7550 4496.2240 3717.8860 246.5550 4488.8817 3716.3560 246.5550 4488.8817 3716.3560 244.9550 4496.2240 3717.8860 246.5550 4488.8817 3716.3560 244.9550 4496.2240 3717.8860 244.9550 4476.0760 3851.2504 234.4490 4468.6056 3849.5174 234.4490 4469.2844 3848.0686 234.4490 4476.0760 3851.2504 234.4490 4475.3972 3852.6993 234.4490 4468.6056 3849.5174 234.4490 4475.7366 3851.9748 235.2490 4468.9450 3848.7930 235.2490 4468.9450 3848.7930 233.6490 4475.7366 3851.9748 235.2490 4468.9450 3848.7930 233.6490 4475.7366 3851.9748 233.6490 4469.2844 3848.0686 234.4490 4461.8140 3846.3356 234.4490 4462.4928 3844.8867 234.4490 4469.2844 3848.0686 234.4490 4468.6056 3849.5174 234.4490 4461.8140 3846.3356 234.4490 4468.9450 3848.7930 235.2490 4462.1534 3845.6112 235.2490 4462.1534 3845.6112 233.6490 4468.9450 3848.7930 235.2490 4462.1534 3845.6112 233.6490 4468.9450 3848.7930 233.6490 4416.1903 3979.1362 221.8390 4409.1324 3976.1368 221.8390 4410.0516 3974.8272 221.8390 4416.1903 3979.1362 221.8390 4415.2710 3980.4457 221.8390 4409.1324 3976.1368 221.8390 4415.7306 3979.7910 222.6390 4409.5920 3975.4820 222.6390 4409.5920 3975.4820 221.0390 4415.7306 3979.7910 222.6390 4409.5920 3975.4820 221.0390 4415.7306 3979.7910 221.0390 4410.0516 3974.8272 221.8390 4402.9937 3971.8278 221.8390 4403.9130 3970.5183 221.8390 4410.0516 3974.8272 221.8390 4409.1324 3976.1368 221.8390 4402.9937 3971.8278 221.8390 4409.5920 3975.4820 222.6390 4403.4534 3971.1730 222.6390 4403.4534 3971.1730 221.0390 4409.5920 3975.4820 222.6390 4403.4534 3971.1730 221.0390 4409.5920 3975.4820 221.0390 4330.0867 4101.8726 207.5310 4323.4600 4098.0131 207.5310 4324.5360 4096.8289 207.5310 4330.0867 4101.8726 207.5310 4329.0108 4103.0568 207.5310 4323.4600 4098.0131 207.5310 4329.5487 4102.4647 208.3310 4323.9980 4097.4210 208.3310 4323.9980 4097.4210 206.7310 4329.5487 4102.4647 208.3310 4323.9980 4097.4210 206.7310 4329.5487 4102.4647 206.7310 4324.5360 4096.8289 207.5310 4317.9093 4092.9694 207.5310 4318.9852 4091.7852 207.5310 4324.5360 4096.8289 207.5310 4323.4600 4098.0131 207.5310 4317.9093 4092.9694 207.5310 4323.9980 4097.4210 208.3310 4318.4473 4092.3773 208.3310 4318.4473 4092.3773 206.7310 4323.9980 4097.4210 208.3310 4318.4473 4092.3773 206.7310 4323.9980 4097.4210 206.7310 4223.6598 4219.0599 191.4050 4217.4061 4214.6214 191.4050 4218.5839 4213.5386 191.4050 4223.6598 4219.0599 191.4050 4222.4819 4220.1428 191.4050 4217.4061 4214.6214 191.4050 4223.0709 4219.6014 192.2050 4217.9950 4214.0800 192.2050 4217.9950 4214.0800 190.6050 4223.0709 4219.6014 192.2050 4217.9950 4214.0800 190.6050 4223.0709 4219.6014 190.6050 4218.5839 4213.5386 191.4050 4212.3302 4209.1001 191.4050 4213.5081 4208.0172 191.4050 4218.5839 4213.5386 191.4050 4217.4061 4214.6214 191.4050 4212.3302 4209.1001 191.4050 4217.9950 4214.0800 192.2050 4212.9191 4208.5586 192.2050 4212.9191 4208.5586 190.6050 4217.9950 4214.0800 192.2050 4212.9191 4208.5586 190.6050 4217.9950 4214.0800 190.6050 4102.7523 4330.2605 173.5730 4096.7938 4325.4328 173.5730 4098.0382 4324.4272 173.5730 4102.7523 4330.2605 173.5730 4101.5078 4331.2662 173.5730 4096.7938 4325.4328 173.5730 4102.1300 4330.7633 174.3730 4097.4160 4324.9300 174.3730 4097.4160 4324.9300 172.7730 4102.1300 4330.7633 174.3730 4097.4160 4324.9300 172.7730 4102.1300 4330.7633 172.7730 4098.0382 4324.4272 173.5730 4092.0797 4319.5995 173.5730 4093.3242 4318.5938 173.5730 4098.0382 4324.4272 173.5730 4096.7938 4325.4328 173.5730 4092.0797 4319.5995 173.5730 4097.4160 4324.9300 174.3730 4092.7020 4319.0967 174.3730 4092.7020 4319.0967 172.7730 4097.4160 4324.9300 174.3730 4092.7020 4319.0967 172.7730 4097.4160 4324.9300 172.7730 3973.1905 4434.9973 154.3500 3967.4484 4429.9142 154.3500 3968.7356 4428.9638 154.3500 3973.1905 4434.9973 154.3500 3971.9034 4435.9477 154.3500 3967.4484 4429.9142 154.3500 3972.5470 4435.4725 155.1500 3968.0920 4429.4390 155.1500 3968.0920 4429.4390 153.5500 3972.5470 4435.4725 155.1500 3968.0920 4429.4390 153.5500 3972.5470 4435.4725 153.5500 3968.7356 4428.9638 154.3500 3962.9935 4423.8807 154.3500 3964.2806 4422.9303 154.3500 3968.7356 4428.9638 154.3500 3967.4484 4429.9142 154.3500 3962.9935 4423.8807 154.3500 3968.0920 4429.4390 155.1500 3963.6370 4423.4055 155.1500 3963.6370 4423.4055 153.5500 3968.0920 4429.4390 155.1500 3963.6370 4423.4055 153.5500 3968.0920 4429.4390 153.5500 3840.8030 4532.7717 134.2340 3835.1989 4527.5368 134.2340 3836.5111 4526.6212 134.2340 3840.8030 4532.7717 134.2340 3839.4909 4533.6874 134.2340 3835.1989 4527.5368 134.2340 3840.1469 4533.2296 135.0340 3835.8550 4527.0790 135.0340 3835.8550 4527.0790 133.4340 3840.1469 4533.2296 135.0340 3835.8550 4527.0790 133.4340 3840.1469 4533.2296 133.4340 3836.5111 4526.6212 134.2340 3830.9070 4521.3863 134.2340 3832.2191 4520.4706 134.2340 3836.5111 4526.6212 134.2340 3835.1989 4527.5368 134.2340 3830.9070 4521.3863 134.2340 3835.8550 4527.0790 135.0340 3831.5631 4520.9284 135.0340 3831.5631 4520.9284 133.4340 3835.8550 4527.0790 135.0340 3831.5631 4520.9284 133.4340 3835.8550 4527.0790 133.4340 3711.4274 4623.0611 113.9000 3705.8773 4617.7691 113.9000 3707.1987 4616.8669 113.9000 3711.4274 4623.0611 113.9000 3710.1060 4623.9633 113.9000 3705.8773 4617.7691 113.9000 3710.7667 4623.5122 114.7000 3706.5380 4617.3180 114.7000 3706.5380 4617.3180 113.1000 3710.7667 4623.5122 114.7000 3706.5380 4617.3180 113.1000 3710.7667 4623.5122 113.1000 3707.1987 4616.8669 113.9000 3701.6486 4611.5749 113.9000 3702.9700 4610.6727 113.9000 3707.1987 4616.8669 113.9000 3705.8773 4617.7691 113.9000 3701.6486 4611.5749 113.9000 3706.5380 4617.3180 114.7000 3702.3093 4611.1238 114.7000 3702.3093 4611.1238 113.1000 3706.5380 4617.3180 114.7000 3702.3093 4611.1238 113.1000 3706.5380 4617.3180 113.1000 3590.9161 4705.3231 94.1700 3585.3156 4700.0844 94.1700 3586.6284 4699.1696 94.1700 3590.9161 4705.3231 94.1700 3589.6034 4706.2378 94.1700 3585.3156 4700.0844 94.1700 3590.2598 4705.7805 94.9700 3585.9720 4699.6270 94.9700 3585.9720 4699.6270 93.3700 3590.2598 4705.7805 94.9700 3585.9720 4699.6270 93.3700 3590.2598 4705.7805 93.3700 3586.6284 4699.1696 94.1700 3581.0279 4693.9309 94.1700 3582.3406 4693.0162 94.1700 3586.6284 4699.1696 94.1700 3585.3156 4700.0844 94.1700 3581.0279 4693.9309 94.1700 3585.9720 4699.6270 94.9700 3581.6842 4693.4735 94.9700 3581.6842 4693.4735 93.3700 3585.9720 4699.6270 94.9700 3581.6842 4693.4735 93.3700 3585.9720 4699.6270 93.3700 3485.1590 4778.9688 75.9850 3479.3534 4773.9582 75.9850 3480.6286 4772.9918 75.9850 3485.1590 4778.9688 75.9850 3483.8839 4779.9353 75.9850 3479.3534 4773.9582 75.9850 3484.5215 4779.4520 76.7850 3479.9910 4773.4750 76.7850 3479.9910 4773.4750 75.1850 3484.5215 4779.4520 76.7850 3479.9910 4773.4750 75.1850 3484.5215 4779.4520 75.1850 3480.6286 4772.9918 75.9850 3474.8230 4767.9812 75.9850 3476.0981 4767.0147 75.9850 3480.6286 4772.9918 75.9850 3479.3534 4773.9582 75.9850 3474.8230 4767.9812 75.9850 3479.9910 4773.4750 76.7850 3475.4605 4767.4980 76.7850 3475.4605 4767.4980 75.1850 3479.9910 4773.4750 76.7850 3475.4605 4767.4980 75.1850 3479.9910 4773.4750 75.1850 3400.1261 4843.2704 60.3510 3393.8400 4838.8777 60.3510 3395.0100 4837.7863 60.3510 3400.1261 4843.2704 60.3510 3398.9561 4844.3619 60.3510 3393.8400 4838.8777 60.3510 3399.5411 4843.8161 61.1510 3394.4250 4838.3320 61.1510 3394.4250 4838.3320 59.5510 3399.5411 4843.8161 61.1510 3394.4250 4838.3320 59.5510 3399.5411 4843.8161 59.5510 3395.0100 4837.7863 60.3510 3388.7239 4833.3936 60.3510 3389.8939 4832.3021 60.3510 3395.0100 4837.7863 60.3510 3393.8400 4838.8777 60.3510 3388.7239 4833.3936 60.3510 3394.4250 4838.3320 61.1510 3389.3089 4832.8479 61.1510 3389.3089 4832.8479 59.5510 3394.4250 4838.3320 61.1510 3389.3089 4832.8479 59.5510 3394.4250 4838.3320 59.5510 3340.8081 4898.6074 48.2260 3334.5220 4894.2147 48.2260 3335.6920 4893.1233 48.2260 3340.8081 4898.6074 48.2260 3339.6381 4899.6989 48.2260 3334.5220 4894.2147 48.2260 3340.2231 4899.1531 49.0260 3335.1070 4893.6690 49.0260 3335.1070 4893.6690 47.4260 3340.2231 4899.1531 49.0260 3335.1070 4893.6690 47.4260 3340.2231 4899.1531 47.4260 3335.6920 4893.1233 48.2260 3329.4059 4888.7306 48.2260 3330.5759 4887.6391 48.2260 3335.6920 4893.1233 48.2260 3334.5220 4894.2147 48.2260 3329.4059 4888.7306 48.2260 3335.1070 4893.6690 49.0260 3329.9909 4888.1849 49.0260 3329.9909 4888.1849 47.4260 3335.1070 4893.6690 49.0260 3329.9909 4888.1849 47.4260 3335.1070 4893.6690 47.4260</float_array>
          <technique_common>
            <accessor source="#portal_arc_a999-mesh-positions-array" count="3384" stride="3">
              <param name="X" type="float"/>
              <param name="Y" type="float"/>
              <param name="Z" type="float"/>
            </accessor>
          </technique_common>
        </source>
        <source id="portal_arc_a999-mesh-normals">
          <float_array id="portal_arc_a999-mesh-normals-array" count="10152">-0.1424 -0.0737 0.9871 -0.1424 -0.0737 0.9871 -0.1424 -0.0737 0.9871 -0.1424 -0.0737 0.9871 -0.1424 -0.0737 0.9871 -0.1424 -0.0737 0.9871 -0.4598 0.8880 0.0000 -0.4598 0.8880 0.0000 -0.4598 0.8880 0.0000 -0.4598 0.8880 0.0000 -0.4598 0.8880 0.0000 -0.4598 0.8880 0.0000 -0.1409 -0.0692 0.9876 -0.1409 -0.0692 0.9876 -0.1409 -0.0692 0.9876 -0.1409 -0.0692 0.9876 -0.1409 -0.0692 0.9876 -0.1409 -0.0692 0.9876 -0.4409 0.8975 0.0000 -0.4409 0.8975 0.0000 -0.4409 0.8975 0.0000 -0.4409 0.8975 0.0000 -0.4409 0.8975 0.0000 -0.4409 0.8975 0.0000 -0.1385 -0.0658 0.9882 -0.1385 -0.0658 0.9882 -0.1385 -0.0658 0.9882 -0.1385 -0.0658 0.9882 -0.1385 -0.0658 0.9882 -0.1385 -0.0658 0.9882 -0.4292 0.9032 0.0000 -0.4292 0.9032 0.0000 -0.4292 0.9032 0.0000 -0.4292 0.9032 0.0000 -0.4292 0.9032 0.0000 -0.4292 0.9032 0.0000 -0.1353 -0.0630 0.9888 -0.1353 -0.0630 0.9888 -0.1353 -0.0630 0.9888 -0.1353 -0.0630 0.9888 -0.1353 -0.0630 0.9888 -0.1353 -0.0630 0.9888 -0.4223 0.9065 0.0000 -0.4223 0.9065 0.0000 -0.4223 0.9065 0.0000 -0.4223 0.9065 0.0000 -0.4223 0.9065 0.0000 -0.4223 0.9065 0.0000 -0.1314 -0.0606 0.9895 -0.1314 -0.0606 0.9895 -0.1314 -0.0606 0.9895 -0.1314 -0.0606 0.9895 -0.1314 -0.0606 0.9895 -0.1314 -0.0606 0.9895 -0.4186 0.9082 0.0000 -0.4186 0.9082 0.0000 -0.4186 0.9082 0.0000 -0.4186 0.9082 0.0000 -0.4186 0.9082 0.0000 -0.4186 0.9082 0.0000 -0.1271 -0.0584 0.9902 -0.1271 -0.0584 0.9902 -0.1271 -0.0584 0.9902 -0.1271 -0.0584 0.9902 -0.1271 -0.0584 0.9902 -0.1271 -0.0584 0.9902 -0.4174 0.9087 0.0000 -0.4174 0.9087 0.0000 -0.4174 0.9087 0.0000 -0.4174 0.9087 0.0000 -0.4174 0.9087 0.0000 -0.4174 0.9087 0.0000 -0.1224 -0.0564 0.9909 -0.1224 -0.0564 0.9909 -0.1224 -0.0564 0.9909 -0.1224 -0.0564 0.9909 -0.1224 -0.0564 0.9909 -0.1224 -0.0564 0.9909 -0.4183 0.9083 0.0000 -0.4183 0.9083 0.0000 -0.4183 0.9083 0.0000 -0.4183 0.9083 0.0000 -0.4183 0.9083 0.0000 -0.4183 0.9083 0.0000 -0.1173 -0.0544 0.9916 -0.1173 -0.0544 0.9916 -0.1173 -0.0544 0.9916 -0.1173 -0.0544 0.9916 -0.1173 -0.0544 0.9916 -0.1173 -0.0544 0.9916 -0.4209 0.9071 0.0000 -0.4209 0.9071 0.0000 -0.4209 0.9071 0.0000 -0.4209 0.9071 0.0000 -0.4209 0.9071 0.0000 -0.4209 0.9071 0.0000 -0.1119 -0.0525 0.9923 -0.1119 -0.0525 0.9923 -0.1119 -0.0525 0.9923 -0.1119 -0.0525 0.9923 -0.1119 -0.0525 0.9923 -0.1119 -0.0525 0.9923 -0.4250 0.9052 0.0000 -0.4250 0.9052 0.0000 -0.4250 0.9052 0.0000 -0.4250 0.9052 0.0000 -0.4250 0.9052 0.0000 -0.4250 0.9052 0.0000 -0.1062 -0.0507 0.9931 -0.1062 -0.0507 0.9931 -0.1062 -0.0507 0.9931 -0.1062 -0.0507 0.9931 -0.1062 -0.0507 0.9931 -0.1062 -0.0507 0.9931 -0.4305 0.9026 0.0000 -0.4305 0.9026 0.0000 -0.4305 0.9026 0.0000 -0.4305 0.9026 0.0000 -0.4305 0.9026 0.0000 -0.4305 0.9026 0.0000 -0.1003 -0.0488 0.9938 -0.1003 -0.0488 0.9938 -0.1003 -0.0488 0.9938 -0.1003 -0.0488 0.9938 -0.1003 -0.0488 0.9938 -0.1003 -0.0488 0.9938 -0.4374 0.8993 0.0000 -0.4374 0.8993 0.0000 -0.4374 0.8993 0.0000 -0.4374 0.8993 0.0000 -0.4374 0.8993 0.0000 -0.4374 0.8993 0.0000 -0.0943 -0.0470 0.9944 -0.0943 -0.0470 0.9944 -0.0943 -0.0470 0.9944 -0.0943 -0.0470 0.9944 -0.0943 -0.0470 0.9944 -0.0943 -0.0470 0.9944 -0.4457 0.8952 0.0000 -0.4457 0.8952 0.0000 -0.4457 0.8952 0.0000 -0.4457 0.8952 0.0000 -0.4457 0.8952 0.0000 -0.4457 0.8952 0.0000 -0.0882 -0.0451 0.9951 -0.0882 -0.0451 0.9951 -0.0882 -0.0451 0.9951 -0.0882 -0.0451 0.9951 -0.0882 -0.0451 0.9951 -0.0882 -0.0451 0.9951 -0.4555 0.8902 0.0000 -0.4555 0.8902 0.0000 -0.4555 0.8902 0.0000 -0.4555 0.8902 0.0000 -0.4555 0.8902 0.0000 -0.4555 0.8902 0.0000 -0.0820 -0.0433 0.9957 -0.0820 -0.0433 0.9957 -0.0820 -0.0433 0.9957 -0.0820 -0.0433 0.9957 -0.0820 -0.0433 0.9957 -0.0820 -0.0433 0.9957 -0.4669 0.8843 0.0000 -0.4669 0.8843 0.0000 -0.4669 0.8843 0.0000 -0.4669 0.8843 0.0000 -0.4669 0.8843 0.0000 -0.4669 0.8843 0.0000 -0.0757 -0.0414 0.9963 -0.0757 -0.0414 0.9963 -0.0757 -0.0414 0.9963 -0.0757 -0.0414 0.9963 -0.0757 -0.0414 0.9963 -0.0757 -0.0414 0.9963 -0.4799 0.8773 0.0000 -0.4799 0.8773 0.0000 -0.4799 0.8773 0.0000 -0.4799 0.8773 0.0000 -0.4799 0.8773 0.0000 -0.4799 0.8773 0.0000 -0.0694 -0.0395 0.9968 -0.0694 -0.0395 0.9968 -0.0694 -0.0395 0.9968 -0.0694 -0.0395 0.9968 -0.0694 -0.0395 0.9968 -0.0694 -0.0395 0.9968 -0.4949 0.8690 0.0000 -0.4949 0.8690 0.0000 -0.4949 0.8690 0.0000 -0.4949 0.8690 0.0000 -0.4949 0.8690 0.0000 -0.4949 0.8690 0.0000 -0.0632 -0.0376 0.9973 -0.0632 -0.0376 0.9973 -0.0632 -0.0376 0.9973 -0.0632 -0.0376 0.9973 -0.0632 -0.0376 0.9973 -0.0632 -0.0376 0.9973 -0.5119 0.8590 0.0000 -0.5119 0.8590 0.0000 -0.5119 0.8590 0.0000 -0.5119 0.8590 0.0000 -0.5119 0.8590 0.0000 -0.5119 0.8590 0.0000 -0.0570 -0.0358 0.9977 -0.0570 -0.0358 0.9977 -0.0570 -0.0358 0.9977 -0.0570 -0.0358 0.9977 -0.0570 -0.0358 0.9977 -0.0570 -0.0358 0.9977 -0.5314 0.8471 0.0000 -0.5314 0.8471 0.0000 -0.5314 0.8471 0.0000 -0.5314 0.8471 0.0000 -0.5314 0.8471 0.0000 -0.5314 0.8471 0.0000 -0.0509 -0.0339 0.9981 -0.0509 -0.0339 0.9981 -0.0509 -0.0339 0.9981 -0.0509 -0.0339 0.9981 -0.0509 -0.0339 0.9981 -0.0509 -0.0339 0.9981 -0.5536 0.8328 0.0000 -0.5536 0.8328 0.0000 -0.5536 0.8328 0.0000 -0.5536 0.8328 0.0000 -0.5536 0.8328 0.0000 -0.5536 0.8328 0.0000 -0.0450 -0.0320 0.9985 -0.0450 -0.0320 0.9985 -0.0450 -0.0320 0.9985 -0.0450 -0.0320 0.9985 -0.0450 -0.0320 0.9985 -0.0450 -0.0320 0.9985 -0.5790 0.8153 0.0000 -0.5790 0.8153 0.0000 -0.5790 0.8153 0.0000 -0.5790 0.8153 0.0000 -0.5790 0.8153 0.0000 -0.5790 0.8153 0.0000 -0.0392 -0.0301 0.9988 -0.0392 -0.0301 0.9988 -0.0392 -0.0301 0.9988 -0.0392 -0.0301 0.9988 -0.0392 -0.0301 0.9988 -0.0392 -0.0301 0.9988 -0.6082 0.7938 0.0000 -0.6082 0.7938 0.0000 -0.6082 0.7938 0.0000 -0.6082 0.7938 0.0000 -0.6082 0.7938 0.0000 -0.6082 0.7938 0.0000 -0.0341 -0.0276 0.9990 -0.0341 -0.0276 0.9990 -0.0341 -0.0276 0.9990 -0.0341 -0.0276 0.9990 -0.0341 -0.0276 0.9990 -0.0341 -0.0276 0.9990 -0.6292 0.7772 0.0000 -0.6292 0.7772 0.0000 -0.6292 0.7772 0.0000 -0.6292 0.7772 0.0000 -0.6292 0.7772 0.0000 -0.6292 0.7772 0.0000 -0.0295 -0.0245 0.9993 -0.0295 -0.0245 0.9993 -0.0295 -0.0245 0.9993 -0.0295 -0.0245 0.9993 -0.0295 -0.0245 0.9993 -0.0295 -0.0245 0.9993 -0.6388 0.7694 0.0000 -0.6388 0.7694 0.0000 -0.6388 0.7694 0.0000 -0.6388 0.7694 0.0000 -0.6388 0.7694 0.0000 -0.6388 0.7694 0.0000 -0.0248 -0.0211 0.9995 -0.0248 -0.0211 0.9995 -0.0248 -0.0211 0.9995 -0.0248 -0.0211 0.9995 -0.0248 -0.0211 0.9995 -0.0248 -0.0211 0.9995 -0.6480 0.7616 0.0000 -0.6480 0.7616 0.0000 -0.6480 0.7616 0.0000 -0.6480 0.7616 0.0000 -0.6480 0.7616 0.0000 -0.6480 0.7616 0.0000 -0.0200 -0.0175 0.9996 -0.0200 -0.0175 0.9996 -0.0200 -0.0175 0.9996 -0.0200 -0.0175 0.9996 -0.0200 -0.0175 0.9996 -0.0200 -0.0175 0.9996 -0.6570 0.7539 0.0000 -0.6570 0.7539 0.0000 -0.6570 0.7539 0.0000 -0.6570 0.7539 0.0000 -0.6570 0.7539 0.0000 -0.6570 0.7539 0.0000 -0.0152 -0.0136 0.9998 -0.0152 -0.0136 0.9998 -0.0152 -0.0136 0.9998 -0.0152 -0.0136 0.9998 -0.0152 -0.0136 0.9998 -0.0152 -0.0136 0.9998 -0.6659 0.7461 0.0000 -0.6659 0.7461 0.0000 -0.6659 0.7461 0.0000 -0.6659 0.7461 0.0000 -0.6659 0.7461 0.0000 -0.6659 0.7461 0.0000 -0.0105 -0.0096 0.9999 -0.0105 -0.0096 0.9999 -0.0105 -0.0096 0.9999 -0.0105 -0.0096 0.9999 -0.0105 -0.0096 0.9999 -0.0105 -0.0096 0.9999 -0.6748 0.7380 0.0000 -0.6748 0.7380 0.0000 -0.6748 0.7380 0.0000 -0.6748 0.7380 0.0000 -0.6748 0.7380 0.0000 -0.6748 0.7380 0.0000 -0.0057 -0.0054 1.0000 -0.0057 -0.0054 1.0000 -0.0057 -0.0054 1.0000 -0.0057 -0.0054 1.0000 -0.0057 -0.0054 1.0000 -0.0057 -0.0054 1.0000 -0.6840 0.7295 0.0000 -0.6840 0.7295 0.0000 -0.6840 0.7295 0.0000 -0.6840 0.7295 0.0000 -0.6840 0.7295 0.0000 -0.6840 0.7295 0.0000 -0.0010 -0.0010 1.0000 -0.0010 -0.0010 1.0000 -0.0010 -0.0010 1.0000 -0.0010 -0.0010 1.0000 -0.0010 -0.0010 1.0000 -0.0010 -0.0010 1.0000 -0.6935 0.7204 0.0000 -0.6935 0.7204 0.0000 -0.6935 0.7204 0.0000 -0.6935 0.7204 0.0000 -0.6935 0.7204 0.0000 -0.6935 0.7204 0.0000 0.0035 0.0035 1.0000 0.0035 0.0035 1.0000 0.0035 0.0035 1.0000 0.0035 0.0035 1.0000 0.0035 0.0035 1.0000 0.0035 0.0035 1.0000 -0.7035 0.7107 0.0000 -0.7035 0.7107 0.0000 -0.7035 0.7107 0.0000 -0.7035 0.7107 0.0000 -0.7035 0.7107 0.0000 -0.7035 0.7107 0.0000 0.0079 0.0081 0.9999 0.0079 0.0081 0.9999 0.0079 0.0081 0.9999 0.0079 0.0081 0.9999 0.0079 0.0081 0.9999 0.0079 0.0081 0.9999 -0.7141 0.7001 0.0000 -0.7141 0.7001 0.0000 -0.7141 0.7001 0.0000 -0.7141 0.7001 0.0000 -0.7141 0.7001 0.0000 -0.7141 0.7001 0.0000 0.0121 0.0128 0.9998 0.0121 0.0128 0.9998 0.0121 0.0128 0.9998 0.0121 0.0128 0.9998 0.0121 0.0128 0.9998 0.0121 0.0128 0.9998 -0.7254 0.6883 0.0000 -0.7254 0.6883 0.0000 -0.7254 0.6883 0.0000 -0.7254 0.6883 0.0000 -0.7254 0.6883 0.0000 -0.7254 0.6883 0.0000 0.0161 0.0176 0.9997 0.0161 0.0176 0.9997 0.0161 0.0176 0.9997 0.0161 0.0176 0.9997 0.0161 0.0176 0.9997 0.0161 0.0176 0.9997 -0.7377 0.6752 0.0000 -0.7377 0.6752 0.0000 -0.7377 0.6752 0.0000 -0.7377 0.6752 0.0000 -0.7377 0.6752 0.0000 -0.7377 0.6752 0.0000 0.0198 0.0225 0.9996 0.0198 0.0225 0.9996 0.0198 0.0225 0.9996 0.0198 0.0225 0.9996 0.0198 0.0225 0.9996 0.0198 0.0225 0.9996 -0.7510 0.6603 0.0000 -0.7510 0.6603 0.0000 -0.7510 0.6603 0.0000 -0.7510 0.6603 0.0000 -0.7510 0.6603 0.0000 -0.7510 0.6603 0.0000 0.0231 0.0275 0.9994 0.0231 0.0275 0.9994 0.0231 0.0275 0.9994 0.0231 0.0275 0.9994 0.0231 0.0275 0.9994 0.0231 0.0275 0.9994 -0.7657 0.6432 0.0000 -0.7657 0.6432 0.0000 -0.7657 0.6432 0.0000 -0.7657 0.6432 0.0000 -0.7657 0.6432 0.0000 -0.7657 0.6432 0.0000 0.0260 0.0326 0.9991 0.0260 0.0326 0.9991 0.0260 0.0326 0.9991 0.0260 0.0326 0.9991 0.0260 0.0326 0.9991 0.0260 0.0326 0.9991 -0.7820 0.6233 0.0000 -0.7820 0.6233 0.0000 -0.7820 0.6233 0.0000 -0.7820 0.6233 0.0000 -0.7820 0.6233 0.0000 -0.7820 0.6233 0.0000 0.0283 0.0377 0.9989 0.0283 0.0377 0.9989 0.0283 0.0377 0.9989 0.0283 0.0377 0.9989 0.0283 0.0377 0.9989 0.0283 0.0377 0.9989 -0.8001 0.5999 0.0000 -0.8001 0.5999 0.0000 -0.8001 0.5999 0.0000 -0.8001 0.5999 0.0000 -0.8001 0.5999 0.0000 -0.8001 0.5999 0.0000 0.0300 0.0430 0.9986 0.0300 0.0430 0.9986 0.0300 0.0430 0.9986 0.0300 0.0430 0.9986 0.0300 0.0430 0.9986 0.0300 0.0430 0.9986 -0.8204 0.5718 0.0000 -0.8204 0.5718 0.0000 -0.8204 0.5718 0.0000 -0.8204 0.5718 0.0000 -0.8204 0.5718 0.0000 -0.8204 0.5718 0.0000 0.0308 0.0484 0.9984 0.0308 0.0484 0.9984 0.0308 0.0484 0.9984 0.0308 0.0484 0.9984 0.0308 0.0484 0.9984 0.0308 0.0484 0.9984 -0.8432 0.5376 0.0000 -0.8432 0.5376 0.0000 -0.8432 0.5376 0.0000 -0.8432 0.5376 0.0000 -0.8432 0.5376 0.0000 -0.8432 0.5376 0.0000 0.0307 0.0538 0.9981 0.0307 0.0538 0.9981 0.0307 0.0538 0.9981 0.0307 0.0538 0.9981 0.0307 0.0538 0.9981 0.0307 0.0538 0.9981 -0.8689 0.4951 0.0000 -0.8689 0.4951 0.0000 -0.8689 0.4951 0.0000 -0.8689 0.4951 0.0000 -0.8689 0.4951 0.0000 -0.8689 0.4951 0.0000 0.0292 0.0594 0.9978 0.0292 0.0594 0.9978 0.0292 0.0594 0.9978 0.0292 0.0594 0.9978 0.0292 0.0594 0.9978 0.0292 0.0594 0.9978 -0.8974 0.4413 0.0000 -0.8974 0.4413 0.0000 -0.8974 0.4413 0.0000 -0.8974 0.4413 0.0000 -0.8974 0.4413 0.0000 -0.8974 0.4413 0.0000 0.0261 0.0651 0.9975 0.0261 0.0651 0.9975 0.0261 0.0651 0.9975 0.0261 0.0651 0.9975 0.0261 0.0651 0.9975 0.0261 0.0651 0.9975 -0.9283 0.3718 0.0000 -0.9283 0.3718 0.0000 -0.9283 0.3718 0.0000 -0.9283 0.3718 0.0000 -0.9283 0.3718 0.0000 -0.9283 0.3718 0.0000 0.0204 0.0701 0.9973 0.0204 0.0701 0.9973 0.0204 0.0701 0.9973 0.0204 0.0701 0.9973 0.0204 0.0701 0.9973 0.0204 0.0701 0.9973 -0.9602 0.2794 0.0000 -0.9602 0.2794 0.0000 -0.9602 0.2794 0.0000 -0.9602 0.2794 0.0000 -0.9602 0.2794 0.0000 -0.9602 0.2794 0.0000 0.0059 0.0774 0.9970 0.0059 0.0774 0.9970 0.0059 0.0774 0.9970 0.0059 0.0774 0.9970 0.0059 0.0774 0.9970 0.0059 0.0774 0.9970 -0.9971 0.0765 0.0000 -0.9971 0.0765 0.0000 -0.9971 0.0765 0.0000 -0.9971 0.0765 0.0000 -0.9971 0.0765 0.0000 -0.9971 0.0765 0.0000 -0.0171 0.0814 0.9965 -0.0171 0.0814 0.9965 -0.0171 0.0814 0.9965 -0.0171 0.0814 0.9965 -0.0171 0.0814 0.9965 -0.0171 0.0814 0.9965 -0.9787 -0.2055 0.0000 -0.9787 -0.2055 0.0000 -0.9787 -0.2055 0.0000 -0.9787 -0.2055 -0.0000 -0.9787 -0.2055 -0.0000 -0.9787 -0.2055 -0.0000 -0.0378 0.0805 0.9960 -0.0378 0.0805 0.9960 -0.0378 0.0805 0.9960 -0.0378 0.0805 0.9960 -0.0378 0.0805 0.9960 -0.0378 0.0805 0.9960 -0.9052 -0.4250 0.0000 -0.9052 -0.4250 0.0000 -0.9052 -0.4250 0.0000 -0.9052 -0.4250 -0.0000 -0.9052 -0.4250 -0.0000 -0.9052 -0.4250 -0.0000 -0.0546 0.0777 0.9955 -0.0546 0.0777 0.9955 -0.0546 0.0777 0.9955 -0.0546 0.0777 0.9955 -0.0546 0.0777 0.9955 -0.0546 0.0777 0.9955 -0.8183 -0.5749 0.0000 -0.8183 -0.5749 0.0000 -0.8183 -0.5749 0.0000 -0.8183 -0.5749 -0.0000 -0.8183 -0.5749 -0.0000 -0.8183 -0.5749 -0.0000 -0.0682 0.0750 0.9949 -0.0682 0.0750 0.9949 -0.0682 0.0750 0.9949 -0.0682 0.0750 0.9949 -0.0682 0.0750 0.9949 -0.0682 0.0750 0.9949 -0.7400 -0.6726 0.0000 -0.7400 -0.6726 0.0000 -0.7400 -0.6726 0.0000 -0.7400 -0.6726 -0.0000 -0.7400 -0.6726 -0.0000 -0.7400 -0.6726 -0.0000 -0.0795 0.0730 0.9942 -0.0795 0.0730 0.9942 -0.0795 0.0730 0.9942 -0.0795 0.0730 0.9942 -0.0795 0.0730 0.9942 -0.0795 0.0730 0.9942 -0.6767 -0.7362 0.0000 -0.6767 -0.7362 0.0000 -0.6767 -0.7362 0.0000 -0.6767 -0.7362 -0.0000 -0.6767 -0.7362 -0.0000 -0.6767 -0.7362 -0.0000 -0.0892 0.0720 0.9934 -0.0892 0.0720 0.9934 -0.0892 0.0720 0.9934 -0.0892 0.0720 0.9934 -0.0892 0.0720 0.9934 -0.0892 0.0720 0.9934 -0.6285 -0.7778 0.0000 -0.6285 -0.7778 0.0000 -0.6285 -0.7778 0.0000 -0.6285 -0.7778 -0.0000 -0.6285 -0.7778 -0.0000 -0.6285 -0.7778 -0.0000 -0.0976 0.0721 0.9926 -0.0976 0.0721 0.9926 -0.0976 0.0721 0.9926 -0.0976 0.0721 0.9926 -0.0976 0.0721 0.9926 -0.0976 0.0721 0.9926 -0.5940 -0.8045 0.0000 -0.5940 -0.8045 0.0000 -0.5940 -0.8045 0.0000 -0.5940 -0.8045 -0.0000 -0.5940 -0.8045 -0.0000 -0.5940 -0.8045 -0.0000 -0.1048 0.0732 0.9918 -0.1048 0.0732 0.9918 -0.1048 0.0732 0.9918 -0.1048 0.0732 0.9918 -0.1048 0.0732 0.9918 -0.1048 0.0732 0.9918 -0.5723 -0.8201 0.0000 -0.5723 -0.8201 0.0000 -0.5723 -0.8201 0.0000 -0.5723 -0.8201 -0.0000 -0.5723 -0.8201 -0.0000 -0.5723 -0.8201 -0.0000 -0.1107 0.0756 0.9910 -0.1107 0.0756 0.9910 -0.1107 0.0756 0.9910 -0.1107 0.0756 0.9910 -0.1107 0.0756 0.9910 -0.1107 0.0756 0.9910 -0.5638 -0.8259 0.0000 -0.5638 -0.8259 0.0000 -0.5638 -0.8259 0.0000 -0.5638 -0.8259 -0.0000 -0.5638 -0.8259 -0.0000 -0.5638 -0.8259 -0.0000 -0.1146 0.0799 0.9902 -0.1146 0.0799 0.9902 -0.1146 0.0799 0.9902 -0.1146 0.0799 0.9902 -0.1146 0.0799 0.9902 -0.1146 0.0799 0.9902 -0.5717 -0.8205 0.0000 -0.5717 -0.8205 0.0000 -0.5717 -0.8205 0.0000 -0.5717 -0.8205 -0.0000 -0.5717 -0.8205 -0.0000 -0.5717 -0.8205 -0.0000 -0.1157 0.0876 0.9894 -0.1157 0.0876 0.9894 -0.1157 0.0876 0.9894 -0.1157 0.0876 0.9894 -0.1157 0.0876 0.9894 -0.1157 0.0876 0.9894 -0.6038 -0.7972 0.0000 -0.6038 -0.7972 0.0000 -0.6038 -0.7972 0.0000 -0.6038 -0.7972 -0.0000 -0.6038 -0.7972 -0.0000 -0.6038 -0.7972 -0.0000 -0.1081 0.1008 0.9890 -0.1081 0.1008 0.9890 -0.1081 0.1008 0.9890 -0.1081 0.1008 0.9890 -0.1081 0.1008 0.9890 -0.1081 0.1008 0.9890 -0.6821 -0.7312 0.0000 -0.6821 -0.7312 0.0000 -0.6821 -0.7312 0.0000 -0.6821 -0.7312 -0.0000 -0.6821 -0.7312 -0.0000 -0.6821 -0.7312 -0.0000 -0.1418 -0.0734 0.9872 -0.1418 -0.0734 0.9872 -0.1418 -0.0734 0.9872 -0.1418 -0.0734 0.9872 -0.1418 -0.0734 0.9872 -0.1418 -0.0734 0.9872 -0.4598 0.8880 0.0000 -0.4598 0.8880 0.0000 -0.4598 0.8880 0.0000 -0.4598 0.8880 0.0000 -0.4598 0.8880 0.0000 -0.4598 0.8880 0.0000 -0.1406 -0.0691 0.9876 -0.1406 -0.0691 0.9876 -0.1406 -0.0691 0.9876 -0.1406 -0.0691 0.9876 -0.1406 -0.0691 0.9876 -0.1406 -0.0691 0.9876 -0.4409 0.8975 0.0000 -0.4409 0.8975 0.0000 -0.4409 0.8975 0.0000 -0.4409 0.8975 0.0000 -0.4409 0.8975 0.0000 -0.4409 0.8975 0.0000 -0.1383 -0.0657 0.9882 -0.1383 -0.0657 0.9882 -0.1383 -0.0657 0.9882 -0.1383 -0.0657 0.9882 -0.1383 -0.0657 0.9882 -0.1383 -0.0657 0.9882 -0.4292 0.9032 0.0000 -0.4292 0.9032 0.0000 -0.4292 0.9032 0.0000 -0.4292 0.9032 0.0000 -0.4292 0.9032 0.0000 -0.4292 0.9032 0.0000 -0.1352 -0.0630 0.9888 -0.1352 -0.0630 0.9888 -0.1352 -0.0630 0.9888 -0.1352 -0.0630 0.9888 -0.1352 -0.0630 0.9888 -0.1352 -0.0630 0.9888 -0.4223 0.9065 0.0000 -0.4223 0.9065 0.0000 -0.4223 0.9065 0.0000 -0.4223 0.9065 0.0000 -0.4223 0.9065 0.0000 -0.4223 0.9065 0.0000 -0.1314 -0.0606 0.9895 -0.1314 -0.0606 0.9895 -0.1314 -0.0606 0.9895 -0.1314 -0.0606 0.9895 -0.1314 -0.0606 0.9895 -0.1314 -0.0606 0.9895 -0.4186 0.9082 0.0000 -0.4186 0.9082 0.0000 -0.4186 0.9082 0.0000 -0.4186 0.9082 0.0000 -0.4186 0.9082 0.0000 -0.4186 0.9082 0.0000 -0.1271 -0.0584 0.9902 -0.1271 -0.0584 0.9902 -0.1271 -0.0584 0.9902 -0.1271 -0.0584 0.9902 -0.1271 -0.0584 0.9902 -0.1271 -0.0584 0.9902 -0.4174 0.9087 0.0000 -0.4174 0.9087 0.0000 -0.4174 0.9087 0.0000 -0.4174 0.9087 0.0000 -0.4174 0.9087 0.0000 -0.4174 0.9087 0.0000 -0.1224 -0.0564 0.9909 -0.1224 -0.0564 0.9909 -0.1224 -0.0564 0.9909 -0.1224 -0.0564 0.9909 -0.1224 -0.0564 0.9909 -0.1224 -0.0564 0.9909 -0.4183 0.9083 0.0000 -0.4183 0.9083 0.0000 -0.4183 0.9083 0.0000 -0.4183 0.9083 0.0000 -0.4183 0.9083 0.0000 -0.4183 0.9083 0.0000 -0.1173 -0.0544 0.9916 -0.1173 -0.0544 0.9916 -0.1173 -0.0544 0.9916 -0.1173 -0.0544 0.9916 -0.1173 -0.0544 0.9916 -0.1173 -0.0544 0.9916 -0.4209 0.9071 0.0000 -0.4209 0.9071 0.0000 -0.4209 0.9071 0.0000 -0.4209 0.9071 0.0000 -0.4209 0.9071 0.0000 -0.4209 0.9071 0.0000 -0.1119 -0.0525 0.9923 -0.1119 -0.0525 0.9923 -0.1119 -0.0525 0.9923 -0.1119 -0.0525 0.9923 -0.1119 -0.0525 0.9923 -0.1119 -0.0525 0.9923 -0.4250 0.9052 0.0000 -0.4250 0.9052 0.0000 -0.4250 0.9052 0.0000 -0.4250 0.9052 0.0000 -0.4250 0.9052 0.0000 -0.4250 0.9052 0.0000 -0.1063 -0.0507 0.9930 -0.1063 -0.0507 0.9930 -0.1063 -0.0507 0.9930 -0.1063 -0.0507 0.9930 -0.1063 -0.0507 0.9930 -0.1063 -0.0507 0.9930 -0.4305 0.9026 0.0000 -0.4305 0.9026 0.0000 -0.4305 0.9026 0.0000 -0.4305 0.9026 0.0000 -0.4305 0.9026 0.0000 -0.4305 0.9026 0.0000 -0.1004 -0.0489 0.9937 -0.1004 -0.0489 0.9937 -0.1004 -0.0489 0.9937 -0.1004 -0.0489 0.9937 -0.1004 -0.0489 0.9937 -0.1004 -0.0489 0.9937 -0.4374 0.8993 0.0000 -0.4374 0.8993 0.0000 -0.4374 0.8993 0.0000 -0.4374 0.8993 0.0000 -0.4374 0.8993 0.0000 -0.4374 0.8993 0.0000 -0.0944 -0.0470 0.9944 -0.0944 -0.0470 0.9944 -0.0944 -0.0470 0.9944 -0.0944 -0.0470 0.9944 -0.0944 -0.0470 0.9944 -0.0944 -0.0470 0.9944 -0.4457 0.8952 0.0000 -0.4457 0.8952 0.0000 -0.4457 0.8952 0.0000 -0.4457 0.8952 0.0000 -0.4457 0.8952 0.0000 -0.4457 0.8952 0.0000 -0.0883 -0.0452 0.9951 -0.0883 -0.0452 0.9951 -0.0883 -0.0452 0.9951 -0.0883 -0.0452 0.9951 -0.0883 -0.0452 0.9951 -0.0883 -0.0452 0.9951 -0.4555 0.8902 0.0000 -0.4555 0.8902 0.0000 -0.4555 0.8902 0.0000 -0.4555 0.8902 0.0000 -0.4555 0.8902 0.0000 -0.4555 0.8902 0.0000 -0.0821 -0.0433 0.9957 -0.0821 -0.0433 0.9957 -0.0821 -0.0433 0.9957 -0.0821 -0.0433 0.9957 -0.0821 -0.0433 0.9957 -0.0821 -0.0433 0.9957 -0.4669 0.8843 0.0000 -0.4669 0.8843 0.0000 -0.4669 0.8843 0.0000 -0.4669 0.8843 0.0000 -0.4669 0.8843 0.0000 -0.4669 0.8843 0.0000 -0.0758 -0.0415 0.9963 -0.0758 -0.0415 0.9963 -0.0758 -0.0415 0.9963 -0.0758 -0.0415 0.9963 -0.0758 -0.0415 0.9963 -0.0758 -0.0415 0.9963 -0.4799 0.8773 0.0000 -0.4799 0.8773 0.0000 -0.4799 0.8773 0.0000 -0.4799 0.8773 0.0000 -0.4799 0.8773 0.0000 -0.4799 0.8773 0.0000 -0.0696 -0.0396 0.9968 -0.0696 -0.0396 0.9968 -0.0696 -0.0396 0.9968 -0.0696 -0.0396 0.9968 -0.0696 -0.0396 0.9968 -0.0696 -0.0396 0.9968 -0.4948 0.8690 0.0000 -0.4948 0.8690 0.0000 -0.4948 0.8690 0.0000 -0.4948 0.8690 0.0000 -0.4948 0.8690 0.0000 -0.4948 0.8690 0.0000 -0.0633 -0.0377 0.9973 -0.0633 -0.0377 0.9973 -0.0633 -0.0377 0.9973 -0.0633 -0.0377 0.9973 -0.0633 -0.0377 0.9973 -0.0633 -0.0377 0.9973 -0.5119 0.8591 0.0000 -0.5119 0.8591 0.0000 -0.5119 0.8591 0.0000 -0.5119 0.8591 0.0000 -0.5119 0.8591 0.0000 -0.5119 0.8591 0.0000 -0.0572 -0.0358 0.9977 -0.0572 -0.0358 0.9977 -0.0572 -0.0358 0.9977 -0.0572 -0.0358 0.9977 -0.0572 -0.0358 0.9977 -0.0572 -0.0358 0.9977 -0.5313 0.8472 0.0000 -0.5313 0.8472 0.0000 -0.5313 0.8472 0.0000 -0.5313 0.8472 0.0000 -0.5313 0.8472 0.0000 -0.5313 0.8472 0.0000 -0.0511 -0.0340 0.9981 -0.0511 -0.0340 0.9981 -0.0511 -0.0340 0.9981 -0.0511 -0.0340 0.9981 -0.0511 -0.0340 0.9981 -0.0511 -0.0340 0.9981 -0.5536 0.8328 0.0000 -0.5536 0.8328 0.0000 -0.5536 0.8328 0.0000 -0.5536 0.8328 0.0000 -0.5536 0.8328 0.0000 -0.5536 0.8328 0.0000 -0.0452 -0.0321 0.9985 -0.0452 -0.0321 0.9985 -0.0452 -0.0321 0.9985 -0.0452 -0.0321 0.9985 -0.0452 -0.0321 0.9985 -0.0452 -0.0321 0.9985 -0.5790 0.8153 0.0000 -0.5790 0.8153 0.0000 -0.5790 0.8153 0.0000 -0.5790 0.8153 0.0000 -0.5790 0.8153 0.0000 -0.5790 0.8153 0.0000 -0.0394 -0.0301 0.9988 -0.0394 -0.0301 0.9988 -0.0394 -0.0301 0.9988 -0.0394 -0.0301 0.9988 -0.0394 -0.0301 0.9988 -0.0394 -0.0301 0.9988 -0.6081 0.7938 0.0000 -0.6081 0.7938 0.0000 -0.6081 0.7938 0.0000 -0.6081 0.7938 0.0000 -0.6081 0.7938 0.0000 -0.6081 0.7938 0.0000 -0.0342 -0.0277 0.9990 -0.0342 -0.0277 0.9990 -0.0342 -0.0277 0.9990 -0.0342 -0.0277 0.9990 -0.0342 -0.0277 0.9990 -0.0342 -0.0277 0.9990 -0.6292 0.7772 0.0000 -0.6292 0.7772 0.0000 -0.6292 0.7772 0.0000 -0.6292 0.7772 0.0000 -0.6292 0.7772 0.0000 -0.6292 0.7772 0.0000 -0.0295 -0.0245 0.9993 -0.0295 -0.0245 0.9993 -0.0295 -0.0245 0.9993 -0.0295 -0.0245 0.9993 -0.0295 -0.0245 0.9993 -0.0295 -0.0245 0.9993 -0.6388 0.7694 0.0000 -0.6388 0.7694 0.0000 -0.6388 0.7694 0.0000 -0.6388 0.7694 0.0000 -0.6388 0.7694 0.0000 -0.6388 0.7694 0.0000 -0.0248 -0.0211 0.9995 -0.0248 -0.0211 0.9995 -0.0248 -0.0211 0.9995 -0.0248 -0.0211 0.9995 -0.0248 -0.0211 0.9995 -0.0248 -0.0211 0.9995 -0.6480 0.7616 0.0000 -0.6480 0.7616 0.0000 -0.6480 0.7616 0.0000 -0.6480 0.7616 0.0000 -0.6480 0.7616 0.0000 -0.6480 0.7616 0.0000 -0.0201 -0.0175 0.9996 -0.0201 -0.0175 0.9996 -0.0201 -0.0175 0.9996 -0.0201 -0.0175 0.9996 -0.0201 -0.0175 0.9996 -0.0201 -0.0175 0.9996 -0.6570 0.7539 0.0000 -0.6570 0.7539 0.0000 -0.6570 0.7539 0.0000 -0.6570 0.7539 0.0000 -0.6570 0.7539 0.0000 -0.6570 0.7539 0.0000 -0.0153 -0.0136 0.9998 -0.0153 -0.0136 0.9998 -0.0153 -0.0136 0.9998 -0.0153 -0.0136 0.9998 -0.0153 -0.0136 0.9998 -0.0153 -0.0136 0.9998 -0.6658 0.7461 0.0000 -0.6658 0.7461 0.0000 -0.6658 0.7461 0.0000 -0.6658 0.7461 0.0000 -0.6658 0.7461 0.0000 -0.6658 0.7461 0.0000 -0.0105 -0.0096 0.9999 -0.0105 -0.0096 0.9999 -0.0105 -0.0096 0.9999 -0.0105 -0.0096 0.9999 -0.0105 -0.0096 0.9999 -0.0105 -0.0096 0.9999 -0.6748 0.7380 0.0000 -0.6748 0.7380 0.0000 -0.6748 0.7380 0.0000 -0.6748 0.7380 0.0000 -0.6748 0.7380 0.0000 -0.6748 0.7380 0.0000 -0.0057 -0.0054 1.0000 -0.0057 -0.0054 1.0000 -0.0057 -0.0054 1.0000 -0.0057 -0.0054 1.0000 -0.0057 -0.0054 1.0000 -0.0057 -0.0054 1.0000 -0.6840 0.7295 0.0000 -0.6840 0.7295 0.0000 -0.6840 0.7295 0.0000 -0.6840 0.7295 0.0000 -0.6840 0.7295 0.0000 -0.6840 0.7295 0.0000 -0.0010 -0.0010 1.0000 -0.0010 -0.0010 1.0000 -0.0010 -0.0010 1.0000 -0.0010 -0.0010 1.0000 -0.0010 -0.0010 1.0000 -0.0010 -0.0010 1.0000 -0.6935 0.7204 0.0000 -0.6935 0.7204 0.0000 -0.6935 0.7204 0.0000 -0.6935 0.7204 0.0000 -0.6935 0.7204 0.0000 -0.6935 0.7204 0.0000 0.0035 0.0035 1.0000 0.0035 0.0035 1.0000 0.0035 0.0035 1.0000 0.0035 0.0035 1.0000 0.0035 0.0035 1.0000 0.0035 0.0035 1.0000 -0.7035 0.7107 0.0000 -0.7035 0.7107 0.0000 -0.7035 0.7107 0.0000 -0.7035 0.7107 0.0000 -0.7035 0.7107 0.0000 -0.7035 0.7107 0.0000 0.0079 0.0081 0.9999 0.0079 0.0081 0.9999 0.0079 0.0081 0.9999 0.0079 0.0081 0.9999 0.0079 0.0081 0.9999 0.0079 0.0081 0.9999 -0.7141 0.7001 0.0000 -0.7141 0.7001 0.0000 -0.7141 0.7001 0.0000 -0.7141 0.7001 0.0000 -0.7141 0.7001 0.0000 -0.7141 0.7001 0.0000 0.0122 0.0128 0.9998 0.0122 0.0128 0.9998 0.0122 0.0128 0.9998 0.0122 0.0128 0.9998 0.0122 0.0128 0.9998 0.0122 0.0128 0.9998 -0.7254 0.6883 0.0000 -0.7254 0.6883 0.0000 -0.7254 0.6883 0.0000 -0.7254 0.6883 0.0000 -0.7254 0.6883 0.0000 -0.7254 0.6883 0.0000 0.0161 0.0176 0.9997 0.0161 0.0176 0.9997 0.0161 0.0176 0.9997 0.0161 0.0176 0.9997 0.0161 0.0176 0.9997 0.0161 0.0176 0.9997 -0.7377 0.6752 0.0000 -0.7377 0.6752 0.0000 -0.7377 0.6752 0.0000 -0.7377 0.6752 0.0000 -0.7377 0.6752 0.0000 -0.7377 0.6752 0.0000 0.0198 0.0226 0.9995 0.0198 0.0226 0.9995 0.0198 0.0226 0.9995 0.0198 0.0226 0.9995 0.0198 0.0226 0.9995 0.0198 0.0226 0.9995 -0.7510 0.6603 0.0000 -0.7510 0.6603 0.0000 -0.7510 0.6603 0.0000 -0.7510 0.6603 0.0000 -0.7510 0.6603 0.0000 -0.7510 0.6603 0.0000 0.0232 0.0276 0.9994 0.0232 0.0276 0.9994 0.0232 0.0276 0.9994 0.0232 0.0276 0.9994 0.0232 0.0276 0.9994 0.0232 0.0276 0.9994 -0.7657 0.6432 0.0000 -0.7657 0.6432 0.0000 -0.7657 0.6432 0.0000 -0.7657 0.6432 0.0000 -0.7657 0.6432 0.0000 -0.7657 0.6432 0.0000 0.0260 0.0327 0.9991 0.0260 0.0327 0.9991 0.0260 0.0327 0.9991 0.0260 0.0327 0.9991 0.0260 0.0327 0.9991 0.0260 0.0327 0.9991 -0.7819 0.6234 0.0000 -0.7819 0.6234 0.0000 -0.7819 0.6234 0.0000 -0.7819 0.6234 0.0000 -0.7819 0.6234 0.0000 -0.7819 0.6234 0.0000 0.0284 0.0379 0.9989 0.0284 0.0379 0.9989 0.0284 0.0379 0.9989 0.0284 0.0379 0.9989 0.0284 0.0379 0.9989 0.0284 0.0379 0.9989 -0.8000 0.5999 0.0000 -0.8000 0.5999 0.0000 -0.8000 0.5999 0.0000 -0.8000 0.5999 0.0000 -0.8000 0.5999 0.0000 -0.8000 0.5999 0.0000 0.0301 0.0432 0.9986 0.0301 0.0432 0.9986 0.0301 0.0432 0.9986 0.0301 0.0432 0.9986 0.0301 0.0432 0.9986 0.0301 0.0432 0.9986 -0.8203 0.5719 0.0000 -0.8203 0.5719 0.0000 -0.8203 0.5719 0.0000 -0.8203 0.5719 0.0000 -0.8203 0.5719 0.0000 -0.8203 0.5719 0.0000 0.0310 0.0486 0.9983 0.0310 0.0486 0.9983 0.0310 0.0486 0.9983 0.0310 0.0486 0.9983 0.0310 0.0486 0.9983 0.0310 0.0486 0.9983 -0.8431 0.5377 0.0000 -0.8431 0.5377 0.0000 -0.8431 0.5377 0.0000 -0.8431 0.5377 0.0000 -0.8431 0.5377 0.0000 -0.8431 0.5377 0.0000 0.0309 0.0543 0.9980 0.0309 0.0543 0.9980 0.0309 0.0543 0.9980 0.0309 0.0543 0.9980 0.0309 0.0543 0.9980 0.0309 0.0543 0.9980 -0.8687 0.4953 0.0000 -0.8687 0.4953 0.0000 -0.8687 0.4953 0.0000 -0.8687 0.4953 0.0000 -0.8687 0.4953 0.0000 -0.8687 0.4953 0.0000 0.0296 0.0601 0.9978 0.0296 0.0601 0.9978 0.0296 0.0601 0.9978 0.0296 0.0601 0.9978 0.0296 0.0601 0.9978 0.0296 0.0601 0.9978 -0.8972 0.4416 0.0000 -0.8972 0.4416 0.0000 -0.8972 0.4416 0.0000 -0.8972 0.4416 0.0000 -0.8972 0.4416 0.0000 -0.8972 0.4416 0.0000 0.0265 0.0660 0.9975 0.0265 0.0660 0.9975 0.0265 0.0660 0.9975 0.0265 0.0660 0.9975 0.0265 0.0660 0.9975 0.0265 0.0660 0.9975 -0.9280 0.3725 0.0000 -0.9280 0.3725 0.0000 -0.9280 0.3725 0.0000 -0.9280 0.3725 0.0000 -0.9280 0.3725 0.0000 -0.9280 0.3725 0.0000 0.0214 0.0726 0.9971 0.0214 0.0726 0.9971 0.0214 0.0726 0.9971 0.0214 0.0726 0.9971 0.0214 0.0726 0.9971 0.0214 0.0726 0.9971 -0.9591 0.2829 0.0000 -0.9591 0.2829 0.0000 -0.9591 0.2829 0.0000 -0.9591 0.2829 0.0000 -0.9591 0.2829 0.0000 -0.9591 0.2829 0.0000 0.0065 0.0798 0.9968 0.0065 0.0798 0.9968 0.0065 0.0798 0.9968 0.0065 0.0798 0.9968 0.0065 0.0798 0.9968 0.0065 0.0798 0.9968 -0.9967 0.0810 0.0000 -0.9967 0.0810 0.0000 -0.9967 0.0810 0.0000 -0.9967 0.0810 0.0000 -0.9967 0.0810 0.0000 -0.9967 0.0810 0.0000 -0.0173 0.0836 0.9964 -0.0173 0.0836 0.9964 -0.0173 0.0836 0.9964 -0.0173 0.0836 0.9964 -0.0173 0.0836 0.9964 -0.0173 0.0836 0.9964 -0.9793 -0.2025 0.0000 -0.9793 -0.2025 0.0000 -0.9793 -0.2025 0.0000 -0.9793 -0.2025 -0.0000 -0.9793 -0.2025 -0.0000 -0.9793 -0.2025 -0.0000 -0.0384 0.0821 0.9959 -0.0384 0.0821 0.9959 -0.0384 0.0821 0.9959 -0.0384 0.0821 0.9959 -0.0384 0.0821 0.9959 -0.0384 0.0821 0.9959 -0.9059 -0.4235 0.0000 -0.9059 -0.4235 0.0000 -0.9059 -0.4235 0.0000 -0.9059 -0.4235 -0.0000 -0.9059 -0.4235 -0.0000 -0.9059 -0.4235 -0.0000 -0.0552 0.0788 0.9954 -0.0552 0.0788 0.9954 -0.0552 0.0788 0.9954 -0.0552 0.0788 0.9954 -0.0552 0.0788 0.9954 -0.0552 0.0788 0.9954 -0.8187 -0.5742 0.0000 -0.8187 -0.5742 0.0000 -0.8187 -0.5742 0.0000 -0.8187 -0.5742 -0.0000 -0.8187 -0.5742 -0.0000 -0.8187 -0.5742 -0.0000 -0.0687 0.0757 0.9948 -0.0687 0.0757 0.9948 -0.0687 0.0757 0.9948 -0.0687 0.0757 0.9948 -0.0687 0.0757 0.9948 -0.0687 0.0757 0.9948 -0.7402 -0.6724 0.0000 -0.7402 -0.6724 0.0000 -0.7402 -0.6724 0.0000 -0.7402 -0.6724 -0.0000 -0.7402 -0.6724 -0.0000 -0.7402 -0.6724 -0.0000 -0.0799 0.0735 0.9941 -0.0799 0.0735 0.9941 -0.0799 0.0735 0.9941 -0.0799 0.0735 0.9941 -0.0799 0.0735 0.9941 -0.0799 0.0735 0.9941 -0.6769 -0.7361 0.0000 -0.6769 -0.7361 0.0000 -0.6769 -0.7361 0.0000 -0.6769 -0.7361 -0.0000 -0.6769 -0.7361 -0.0000 -0.6769 -0.7361 -0.0000 -0.0895 0.0723 0.9934 -0.0895 0.0723 0.9934 -0.0895 0.0723 0.9934 -0.0895 0.0723 0.9934 -0.0895 0.0723 0.9934 -0.0895 0.0723 0.9934 -0.6286 -0.7778 0.0000 -0.6286 -0.7778 0.0000 -0.6286 -0.7778 0.0000 -0.6286 -0.7778 -0.0000 -0.6286 -0.7778 -0.0000 -0.6286 -0.7778 -0.0000 -0.0978 0.0722 0.9926 -0.0978 0.0722 0.9926 -0.0978 0.0722 0.9926 -0.0978 0.0722 0.9926 -0.0978 0.0722 0.9926 -0.0978 0.0722 0.9926 -0.5940 -0.8045 0.0000 -0.5940 -0.8045 0.0000 -0.5940 -0.8045 0.0000 -0.5940 -0.8045 -0.0000 -0.5940 -0.8045 -0.0000 -0.5940 -0.8045 -0.0000 -0.1049 0.0732 0.9918 -0.1049 0.0732 0.9918 -0.1049 0.0732 0.9918 -0.1049 0.0732 0.9918 -0.1049 0.0732 0.9918 -0.1049 0.0732 0.9918 -0.5723 -0.8201 0.0000 -0.5723 -0.8201 0.0000 -0.5723 -0.8201 0.0000 -0.5723 -0.8201 -0.0000 -0.5723 -0.8201 -0.0000 -0.5723 -0.8201 -0.0000 -0.1106 0.0755 0.9910 -0.1106 0.0755 0.9910 -0.1106 0.0755 0.9910 -0.1106 0.0755 0.9910 -0.1106 0.0755 0.9910 -0.1106 0.0755 0.9910 -0.5638 -0.8259 0.0000 -0.5638 -0.8259 0.0000 -0.5638 -0.8259 0.0000 -0.5638 -0.8259 -0.0000 -0.5638 -0.8259 -0.0000 -0.5638 -0.8259 -0.0000 -0.1141 0.0795 0.9903 -0.1141 0.0795 0.9903 -0.1141 0.0795 0.9903 -0.1141 0.0795 0.9903 -0.1141 0.0795 0.9903 -0.1141 0.0795 0.9903 -0.5717 -0.8204 0.0000 -0.5717 -0.8204 0.0000 -0.5717 -0.8204 0.0000 -0.5717 -0.8204 -0.0000 -0.5717 -0.8204 -0.0000 -0.5717 -0.8204 -0.0000 -0.1140 0.0865 0.9897 -0.1140 0.0865 0.9897 -0.1140 0.0865 0.9897 -0.1140 0.0865 0.9897 -0.1140 0.0865 0.9897 -0.1140 0.0865 0.9897 -0.6043 -0.7967 0.0000 -0.6043 -0.7967 0.0000 -0.6043 -0.7967 0.0000 -0.6043 -0.7967 -0.0000 -0.6043 -0.7967 -0.0000 -0.6043 -0.7967 -0.0000 -0.1081 0.1008 0.9890 -0.1081 0.1008 0.9890 -0.1081 0.1008 0.9890 -0.1081 0.1008 0.9890 -0.1081 0.1008 0.9890 -0.1081 0.1008 0.9890 -0.6821 -0.7312 0.0000 -0.6821 -0.7312 0.0000 -0.6821 -0.7312 0.0000 -0.6821 -0.7312 -0.0000 -0.6821 -0.7312 -0.0000 -0.6821 -0.7312 -0.0000 -0.1421 -0.0736 0.9871 -0.1421 -0.0736 0.9871 -0.1421 -0.0736 0.9871 -0.1421 -0.0736 0.9871 -0.1421 -0.0736 0.9871 -0.1421 -0.0736 0.9871 -0.4598 0.8880 0.0000 -0.4598 0.8880 0.0000 -0.4598 0.8880 0.0000 -0.4598 0.8880 0.0000 -0.4598 0.8880 0.0000 -0.4598 0.8880 0.0000 -0.1408 -0.0692 0.9876 -0.1408 -0.0692 0.9876 -0.1408 -0.0692 0.9876 -0.1408 -0.0692 0.9876 -0.1408 -0.0692 0.9876 -0.1408 -0.0692 0.9876 -0.4409 0.8975 0.0000 -0.4409 0.8975 0.0000 -0.4409 0.8975 0.0000 -0.4409 0.8975 0.0000 -0.4409 0.8975 0.0000 -0.4409 0.8975 0.0000 -0.1384 -0.0658 0.9882 -0.1384 -0.0658 0.9882 -0.1384 -0.0658 0.9882 -0.1384 -0.0658 0.9882 -0.1384 -0.0658 0.9882 -0.1384 -0.0658 0.9882 -0.4292 0.9032 0.0000 -0.4292 0.9032 0.0000 -0.4292 0.9032 0.0000 -0.4292 0.9032 0.0000 -0.4292 0.9032 0.0000 -0.4292 0.9032 0.0000 -0.1352 -0.0630 0.9888 -0.1352 -0.0630 0.9888 -0.1352 -0.0630 0.9888 -0.1352 -0.0630 0.9888 -0.1352 -0.0630 0.9888 -0.1352 -0.0630 0.9888 -0.4223 0.9065 0.0000 -0.4223 0.9065 0.0000 -0.4223 0.9065 0.0000 -0.4223 0.9065 0.0000 -0.4223 0.9065 0.0000 -0.4223 0.9065 0.0000 -0.1314 -0.0606 0.9895 -0.1314 -0.0606 0.9895 -0.1314 -0.0606 0.9895 -0.1314 -0.0606 0.9895 -0.1314 -0.0606 0.9895 -0.1314 -0.0606 0.9895 -0.4186 0.9082 0.0000 -0.4186 0.9082 0.0000 -0.4186 0.9082 0.0000 -0.4186 0.9082 0.0000 -0.4186 0.9082 0.0000 -0.4186 0.9082 0.0000 -0.1271 -0.0584 0.9902 -0.1271 -0.0584 0.9902 -0.1271 -0.0584 0.9902 -0.1271 -0.0584 0.9902 -0.1271 -0.0584 0.9902 -0.1271 -0.0584 0.9902 -0.4174 0.9087 0.0000 -0.4174 0.9087 0.0000 -0.4174 0.9087 0.0000 -0.4174 0.9087 0.0000 -0.4174 0.9087 0.0000 -0.4174 0.9087 0.0000 -0.1224 -0.0564 0.9909 -0.1224 -0.0564 0.9909 -0.1224 -0.0564 0.9909 -0.1224 -0.0564 0.9909 -0.1224 -0.0564 0.9909 -0.1224 -0.0564 0.9909 -0.4183 0.9083 0.0000 -0.4183 0.9083 0.0000 -0.4183 0.9083 0.0000 -0.4183 0.9083 0.0000 -0.4183 0.9083 0.0000 -0.4183 0.9083 0.0000 -0.1173 -0.0544 0.9916 -0.1173 -0.0544 0.9916 -0.1173 -0.0544 0.9916 -0.1173 -0.0544 0.9916 -0.1173 -0.0544 0.9916 -0.1173 -0.0544 0.9916 -0.4209 0.9071 0.0000 -0.4209 0.9071 0.0000 -0.4209 0.9071 0.0000 -0.4209 0.9071 0.0000 -0.4209 0.9071 0.0000 -0.4209 0.9071 0.0000 -0.1119 -0.0525 0.9923 -0.1119 -0.0525 0.9923 -0.1119 -0.0525 0.9923 -0.1119 -0.0525 0.9923 -0.1119 -0.0525 0.9923 -0.1119 -0.0525 0.9923 -0.4250 0.9052 0.0000 -0.4250 0.9052 0.0000 -0.4250 0.9052 0.0000 -0.4250 0.9052 0.0000 -0.4250 0.9052 0.0000 -0.4250 0.9052 0.0000 -0.1063 -0.0507 0.9930 -0.1063 -0.0507 0.9930 -0.1063 -0.0507 0.9930 -0.1063 -0.0507 0.9930 -0.1063 -0.0507 0.9930 -0.1063 -0.0507 0.9930 -0.4305 0.9026 0.0000 -0.4305 0.9026 0.0000 -0.4305 0.9026 0.0000 -0.4305 0.9026 0.0000 -0.4305 0.9026 0.0000 -0.4305 0.9026 0.0000 -0.1004 -0.0488 0.9937 -0.1004 -0.0488 0.9937 -0.1004 -0.0488 0.9937 -0.1004 -0.0488 0.9937 -0.1004 -0.0488 0.9937 -0.1004 -0.0488 0.9937 -0.4374 0.8993 0.0000 -0.4374 0.8993 0.0000 -0.4374 0.8993 0.0000 -0.4374 0.8993 0.0000 -0.4374 0.8993 0.0000 -0.4374 0.8993 0.0000 -0.0944 -0.0470 0.9944 -0.0944 -0.0470 0.9944 -0.0944 -0.0470 0.9944 -0.0944 -0.0470 0.9944 -0.0944 -0.0470 0.9944 -0.0944 -0.0470 0.9944 -0.4457 0.8952 0.0000 -0.4457 0.8952 0.0000 -0.4457 0.8952 0.0000 -0.4457 0.8952 0.0000 -0.4457 0.8952 0.0000 -0.4457 0.8952 0.0000 -0.0882 -0.0452 0.9951 -0.0882 -0.0452 0.9951 -0.0882 -0.0452 0.9951 -0.0882 -0.0452 0.9951 -0.0882 -0.0452 0.9951 -0.0882 -0.0452 0.9951 -0.4555 0.8902 0.0000 -0.4555 0.8902 0.0000 -0.4555 0.8902 0.0000 -0.4555 0.8902 0.0000 -0.4555 0.8902 0.0000 -0.4555 0.8902 0.0000 -0.0820 -0.0433 0.9957 -0.0820 -0.0433 0.9957 -0.0820 -0.0433 0.9957 -0.0820 -0.0433 0.9957 -0.0820 -0.0433 0.9957 -0.0820 -0.0433 0.9957 -0.4669 0.8843 0.0000 -0.4669 0.8843 0.0000 -0.4669 0.8843 0.0000 -0.4669 0.8843 0.0000 -0.4669 0.8843 0.0000 -0.4669 0.8843 0.0000 -0.0758 -0.0414 0.9963 -0.0758 -0.0414 0.9963 -0.0758 -0.0414 0.9963 -0.0758 -0.0414 0.9963 -0.0758 -0.0414 0.9963 -0.0758 -0.0414 0.9963 -0.4799 0.8773 0.0000 -0.4799 0.8773 0.0000 -0.4799 0.8773 0.0000 -0.4799 0.8773 0.0000 -0.4799 0.8773 0.0000 -0.4799 0.8773 0.0000 -0.0695 -0.0396 0.9968 -0.0695 -0.0396 0.9968 -0.0695 -0.0396 0.9968 -0.0695 -0.0396 0.9968 -0.0695 -0.0396 0.9968 -0.0695 -0.0396 0.9968 -0.4948 0.8690 0.0000 -0.4948 0.8690 0.0000 -0.4948 0.8690 0.0000 -0.4948 0.8690 0.0000 -0.4948 0.8690 0.0000 -0.4948 0.8690 0.0000 -0.0633 -0.0377 0.9973 -0.0633 -0.0377 0.9973 -0.0633 -0.0377 0.9973 -0.0633 -0.0377 0.9973 -0.0633 -0.0377 0.9973 -0.0633 -0.0377 0.9973 -0.5119 0.8591 0.0000 -0.5119 0.8591 0.0000 -0.5119 0.8591 0.0000 -0.5119 0.8591 0.0000 -0.5119 0.8591 0.0000 -0.5119 0.8591 0.0000 -0.0571 -0.0358 0.9977 -0.0571 -0.0358 0.9977 -0.0571 -0.0358 0.9977 -0.0571 -0.0358 0.9977 -0.0571 -0.0358 0.9977 -0.0571 -0.0358 0.9977 -0.5314 0.8472 0.0000 -0.5314 0.8472 0.0000 -0.5314 0.8472 0.0000 -0.5314 0.8472 0.0000 -0.5314 0.8472 0.0000 -0.5314 0.8472 0.0000 -0.0510 -0.0339 0.9981 -0.0510 -0.0339 0.9981 -0.0510 -0.0339 0.9981 -0.0510 -0.0339 0.9981 -0.0510 -0.0339 0.9981 -0.0510 -0.0339 0.9981 -0.5536 0.8328 0.0000 -0.5536 0.8328 0.0000 -0.5536 0.8328 0.0000 -0.5536 0.8328 0.0000 -0.5536 0.8328 0.0000 -0.5536 0.8328 0.0000 -0.0451 -0.0320 0.9985 -0.0451 -0.0320 0.9985 -0.0451 -0.0320 0.9985 -0.0451 -0.0320 0.9985 -0.0451 -0.0320 0.9985 -0.0451 -0.0320 0.9985 -0.5790 0.8153 0.0000 -0.5790 0.8153 0.0000 -0.5790 0.8153 0.0000 -0.5790 0.8153 0.0000 -0.5790 0.8153 0.0000 -0.5790 0.8153 0.0000 -0.0393 -0.0301 0.9988 -0.0393 -0.0301 0.9988 -0.0393 -0.0301 0.9988 -0.0393 -0.0301 0.9988 -0.0393 -0.0301 0.9988 -0.0393 -0.0301 0.9988 -0.6081 0.7938 0.0000 -0.6081 0.7938 0.0000 -0.6081 0.7938 0.0000 -0.6081 0.7938 0.0000 -0.6081 0.7938 0.0000 -0.6081 0.7938 0.0000 -0.0342 -0.0276 0.9990 -0.0342 -0.0276 0.9990 -0.0342 -0.0276 0.9990 -0.0342 -0.0276 0.9990 -0.0342 -0.0276 0.9990 -0.0342 -0.0276 0.9990 -0.6292 0.7772 0.0000 -0.6292 0.7772 0.0000 -0.6292 0.7772 0.0000 -0.6292 0.7772 0.0000 -0.6292 0.7772 0.0000 -0.6292 0.7772 0.0000 -0.0295 -0.0245 0.9993 -0.0295 -0.0245 0.9993 -0.0295 -0.0245 0.9993 -0.0295 -0.0245 0.9993 -0.0295 -0.0245 0.9993 -0.0295 -0.0245 0.9993 -0.6388 0.7694 0.0000 -0.6388 0.7694 0.0000 -0.6388 0.7694 0.0000 -0.6388 0.7694 0.0000 -0.6388 0.7694 0.0000 -0.6388 0.7694 0.0000 -0.0248 -0.0211 0.9995 -0.0248 -0.0211 0.9995 -0.0248 -0.0211 0.9995 -0.0248 -0.0211 0.9995 -0.0248 -0.0211 0.9995 -0.0248 -0.0211 0.9995 -0.6480 0.7616 0.0000 -0.6480 0.7616 0.0000 -0.6480 0.7616 0.0000 -0.6480 0.7616 0.0000 -0.6480 0.7616 0.0000 -0.6480 0.7616 0.0000 -0.0200 -0.0175 0.9996 -0.0200 -0.0175 0.9996 -0.0200 -0.0175 0.9996 -0.0200 -0.0175 0.9996 -0.0200 -0.0175 0.9996 -0.0200 -0.0175 0.9996 -0.6570 0.7539 0.0000 -0.6570 0.7539 0.0000 -0.6570 0.7539 0.0000 -0.6570 0.7539 0.0000 -0.6570 0.7539 0.0000 -0.6570 0.7539 0.0000 -0.0153 -0.0136 0.9998 -0.0153 -0.0136 0.9998 -0.0153 -0.0136 0.9998 -0.0153 -0.0136 0.9998 -0.0153 -0.0136 0.9998 -0.0153 -0.0136 0.9998 -0.6658 0.7461 0.0000 -0.6658 0.7461 0.0000 -0.6658 0.7461 0.0000 -0.6658 0.7461 0.0000 -0.6658 0.7461 0.0000 -0.6658 0.7461 0.0000 -0.0105 -0.0096 0.9999 -0.0105 -0.0096 0.9999 -0.0105 -0.0096 0.9999 -0.0105 -0.0096 0.9999 -0.0105 -0.0096 0.9999 -0.0105 -0.0096 0.9999 -0.6748 0.7380 0.0000 -0.6748 0.7380 0.0000 -0.6748 0.7380 0.0000 -0.6748 0.7380 0.0000 -0.6748 0.7380 0.0000 -0.6748 0.7380 0.0000 -0.0057 -0.0054 1.0000 -0.0057 -0.0054 1.0000 -0.0057 -0.0054 1.0000 -0.0057 -0.0054 1.0000 -0.0057 -0.0054 1.0000 -0.0057 -0.0054 1.0000 -0.6840 0.7295 0.0000 -0.6840 0.7295 0.0000 -0.6840 0.7295 0.0000 -0.6840 0.7295 0.0000 -0.6840 0.7295 0.0000 -0.6840 0.7295 0.0000 -0.0010 -0.0010 1.0000 -0.0010 -0.0010 1.0000 -0.0010 -0.0010 1.0000 -0.0010 -0.0010 1.0000 -0.0010 -0.0010 1.0000 -0.0010 -0.0010 1.0000 -0.6935 0.7204 0.0000 -0.6935 0.7204 0.0000 -0.6935 0.7204 0.0000 -0.6935 0.7204 0.0000 -0.6935 0.7204 0.0000 -0.6935 0.7204 0.0000 0.0035 0.0035 1.0000 0.0035 0.0035 1.0000 0.0035 0.0035 1.0000 0.0035 0.0035 1.0000 0.0035 0.0035 1.0000 0.0035 0.0035 1.0000 -0.7035 0.7107 0.0000 -0.7035 0.7107 0.0000 -0.7035 0.7107 0.0000 -0.7035 0.7107 0.0000 -0.7035 0.7107 0.0000 -0.7035 0.7107 0.0000 0.0079 0.0081 0.9999 0.0079 0.0081 0.9999 0.0079 0.0081 0.9999 0.0079 0.0081 0.9999 0.0079 0.0081 0.9999 0.0079 0.0081 0.9999 -0.7141 0.7001 0.0000 -0.7141 0.7001 0.0000 -0.7141 0.7001 0.0000 -0.7141 0.7001 0.0000 -0.7141 0.7001 0.0000 -0.7141 0.7001 0.0000 0.0122 0.0128 0.9998 0.0122 0.0128 0.9998 0.0122 0.0128 0.9998 0.0122 0.0128 0.9998 0.0122 0.0128 0.9998 0.0122 0.0128 0.9998 -0.7254 0.6883 0.0000 -0.7254 0.6883 0.0000 -0.7254 0.6883 0.0000 -0.7254 0.6883 0.0000 -0.7254 0.6883 0.0000 -0.7254 0.6883 0.0000 0.0161 0.0176 0.9997 0.0161 0.0176 0.9997 0.0161 0.0176 0.9997 0.0161 0.0176 0.9997 0.0161 0.0176 0.9997 0.0161 0.0176 0.9997 -0.7377 0.6752 0.0000 -0.7377 0.6752 0.0000 -0.7377 0.6752 0.0000 -0.7377 0.6752 0.0000 -0.7377 0.6752 0.0000 -0.7377 0.6752 0.0000 0.0198 0.0225 0.9995 0.0198 0.0225 0.9995 0.0198 0.0225 0.9995 0.0198 0.0225 0.9995 0.0198 0.0225 0.9995 0.0198 0.0225 0.9995 -0.7510 0.6603 0.0000 -0.7510 0.6603 0.0000 -0.7510 0.6603 0.0000 -0.7510 0.6603 0.0000 -0.7510 0.6603 0.0000 -0.7510 0.6603 0.0000 0.0231 0.0275 0.9994 0.0231 0.0275 0.9994 0.0231 0.0275 0.9994 0.0231 0.0275 0.9994 0.0231 0.0275 0.9994 0.0231 0.0275 0.9994 -0.7657 0.6432 0.0000 -0.7657 0.6432 0.0000 -0.7657 0.6432 0.0000 -0.7657 0.6432 0.0000 -0.7657 0.6432 0.0000 -0.7657 0.6432 0.0000 0.0260 0.0326 0.9991 0.0260 0.0326 0.9991 0.0260 0.0326 0.9991 0.0260 0.0326 0.9991 0.0260 0.0326 0.9991 0.0260 0.0326 0.9991 -0.7819 0.6233 0.0000 -0.7819 0.6233 0.0000 -0.7819 0.6233 0.0000 -0.7819 0.6233 0.0000 -0.7819 0.6233 0.0000 -0.7819 0.6233 0.0000 0.0283 0.0378 0.9989 0.0283 0.0378 0.9989 0.0283 0.0378 0.9989 0.0283 0.0378 0.9989 0.0283 0.0378 0.9989 0.0283 0.0378 0.9989 -0.8001 0.5999 0.0000 -0.8001 0.5999 0.0000 -0.8001 0.5999 0.0000 -0.8001 0.5999 0.0000 -0.8001 0.5999 0.0000 -0.8001 0.5999 0.0000 0.0300 0.0431 0.9986 0.0300 0.0431 0.9986 0.0300 0.0431 0.9986 0.0300 0.0431 0.9986 0.0300 0.0431 0.9986 0.0300 0.0431 0.9986 -0.8204 0.5718 0.0000 -0.8204 0.5718 0.0000 -0.8204 0.5718 0.0000 -0.8204 0.5718 0.0000 -0.8204 0.5718 0.0000 -0.8204 0.5718 0.0000 0.0309 0.0485 0.9983 0.0309 0.0485 0.9983 0.0309 0.0485 0.9983 0.0309 0.0485 0.9983 0.0309 0.0485 0.9983 0.0309 0.0485 0.9983 -0.8432 0.5376 0.0000 -0.8432 0.5376 0.0000 -0.8432 0.5376 0.0000 -0.8432 0.5376 0.0000 -0.8432 0.5376 0.0000 -0.8432 0.5376 0.0000 0.0308 0.0541 0.9981 0.0308 0.0541 0.9981 0.0308 0.0541 0.9981 0.0308 0.0541 0.9981 0.0308 0.0541 0.9981 0.0308 0.0541 0.9981 -0.8688 0.4952 0.0000 -0.8688 0.4952 0.0000 -0.8688 0.4952 0.0000 -0.8688 0.4952 0.0000 -0.8688 0.4952 0.0000 -0.8688 0.4952 0.0000 0.0294 0.0598 0.9978 0.0294 0.0598 0.9978 0.0294 0.0598 0.9978 0.0294 0.0598 0.9978 0.0294 0.0598 0.9978 0.0294 0.0598 0.9978 -0.8973 0.4414 0.0000 -0.8973 0.4414 0.0000 -0.8973 0.4414 0.0000 -0.8973 0.4414 0.0000 -0.8973 0.4414 0.0000 -0.8973 0.4414 0.0000 0.0263 0.0656 0.9975 0.0263 0.0656 0.9975 0.0263 0.0656 0.9975 0.0263 0.0656 0.9975 0.0263 0.0656 0.9975 0.0263 0.0656 0.9975 -0.9282 0.3721 0.0000 -0.9282 0.3721 0.0000 -0.9282 0.3721 0.0000 -0.9282 0.3721 0.0000 -0.9282 0.3721 0.0000 -0.9282 0.3721 0.0000 0.0209 0.0713 0.9972 0.0209 0.0713 0.9972 0.0209 0.0713 0.9972 0.0209 0.0713 0.9972 0.0209 0.0713 0.9972 0.0209 0.0713 0.9972 -0.9597 0.2811 0.0000 -0.9597 0.2811 0.0000 -0.9597 0.2811 0.0000 -0.9597 0.2811 0.0000 -0.9597 0.2811 0.0000 -0.9597 0.2811 0.0000 0.0062 0.0786 0.9969 0.0062 0.0786 0.9969 0.0062 0.0786 0.9969 0.0062 0.0786 0.9969 0.0062 0.0786 0.9969 0.0062 0.0786 0.9969 -0.9969 0.0787 0.0000 -0.9969 0.0787 0.0000 -0.9969 0.0787 0.0000 -0.9969 0.0787 0.0000 -0.9969 0.0787 0.0000 -0.9969 0.0787 0.0000 -0.0172 0.0825 0.9964 -0.0172 0.0825 0.9964 -0.0172 0.0825 0.9964 -0.0172 0.0825 0.9964 -0.0172 0.0825 0.9964 -0.0172 0.0825 0.9964 -0.9790 -0.2040 0.0000 -0.9790 -0.2040 0.0000 -0.9790 -0.2040 0.0000 -0.9790 -0.2040 -0.0000 -0.9790 -0.2040 -0.0000 -0.9790 -0.2040 -0.0000 -0.0381 0.0813 0.9960 -0.0381 0.0813 0.9960 -0.0381 0.0813 0.9960 -0.0381 0.0813 0.9960 -0.0381 0.0813 0.9960 -0.0381 0.0813 0.9960 -0.9055 -0.4242 0.0000 -0.9055 -0.4242 0.0000 -0.9055 -0.4242 0.0000 -0.9055 -0.4242 -0.0000 -0.9055 -0.4242 -0.0000 -0.9055 -0.4242 -0.0000 -0.0549 0.0782 0.9954 -0.0549 0.0782 0.9954 -0.0549 0.0782 0.9954 -0.0549 0.0782 0.9954 -0.0549 0.0782 0.9954 -0.0549 0.0782 0.9954 -0.8185 -0.5745 0.0000 -0.8185 -0.5745 0.0000 -0.8185 -0.5745 0.0000 -0.8185 -0.5745 -0.0000 -0.8185 -0.5745 -0.0000 -0.8185 -0.5745 -0.0000 -0.0684 0.0753 0.9948 -0.0684 0.0753 0.9948 -0.0684 0.0753 0.9948 -0.0684 0.0753 0.9948 -0.0684 0.0753 0.9948 -0.0684 0.0753 0.9948 -0.7401 -0.6725 0.0000 -0.7401 -0.6725 0.0000 -0.7401 -0.6725 0.0000 -0.7401 -0.6725 -0.0000 -0.7401 -0.6725 -0.0000 -0.7401 -0.6725 -0.0000 -0.0797 0.0732 0.9941 -0.0797 0.0732 0.9941 -0.0797 0.0732 0.9941 -0.0797 0.0732 0.9941 -0.0797 0.0732 0.9941 -0.0797 0.0732 0.9941 -0.6768 -0.7362 0.0000 -0.6768 -0.7362 0.0000 -0.6768 -0.7362 0.0000 -0.6768 -0.7362 -0.0000 -0.6768 -0.7362 -0.0000 -0.6768 -0.7362 -0.0000 -0.0893 0.0722 0.9934 -0.0893 0.0722 0.9934 -0.0893 0.0722 0.9934 -0.0893 0.0722 0.9934 -0.0893 0.0722 0.9934 -0.0893 0.0722 0.9934 -0.6285 -0.7778 0.0000 -0.6285 -0.7778 0.0000 -0.6285 -0.7778 0.0000 -0.6285 -0.7778 -0.0000 -0.6285 -0.7778 -0.0000 -0.6285 -0.7778 -0.0000 -0.0977 0.0722 0.9926 -0.0977 0.0722 0.9926 -0.0977 0.0722 0.9926 -0.0977 0.0722 0.9926 -0.0977 0.0722 0.9926 -0.0977 0.0722 0.9926 -0.5940 -0.8045 0.0000 -0.5940 -0.8045 0.0000 -0.5940 -0.8045 0.0000 -0.5940 -0.8045 -0.0000 -0.5940 -0.8045 -0.0000 -0.5940 -0.8045 -0.0000 -0.1049 0.0732 0.9918 -0.1049 0.0732 0.9918 -0.1049 0.0732 0.9918 -0.1049 0.0732 0.9918 -0.1049 0.0732 0.9918 -0.1049 0.0732 0.9918 -0.5723 -0.8201 0.0000 -0.5723 -0.8201 0.0000 -0.5723 -0.8201 0.0000 -0.5723 -0.8201 -0.0000 -0.5723 -0.8201 -0.0000 -0.5723 -0.8201 -0.0000 -0.1106 0.0755 0.9910 -0.1106 0.0755 0.9910 -0.1106 0.0755 0.9910 -0.1106 0.0755 0.9910 -0.1106 0.0755 0.9910 -0.1106 0.0755 0.9910 -0.5638 -0.8259 0.0000 -0.5638 -0.8259 0.0000 -0.5638 -0.8259 0.0000 -0.5638 -0.8259 -0.0000 -0.5638 -0.8259 -0.0000 -0.5638 -0.8259 -0.0000 -0.1144 0.0797 0.9902 -0.1144 0.0797 0.9902 -0.1144 0.0797 0.9902 -0.1144 0.0797 0.9902 -0.1144 0.0797 0.9902 -0.1144 0.0797 0.9902 -0.5717 -0.8205 0.0000 -0.5717 -0.8205 0.0000 -0.5717 -0.8205 0.0000 -0.5717 -0.8205 -0.0000 -0.5717 -0.8205 -0.0000 -0.5717 -0.8205 -0.0000 -0.1148 0.0870 0.9896 -0.1148 0.0870 0.9896 -0.1148 0.0870 0.9896 -0.1148 0.0870 0.9896 -0.1148 0.0870 0.9896 -0.1148 0.0870 0.9896 -0.6041 -0.7969 0.0000 -0.6041 -0.7969 0.0000 -0.6041 -0.7969 0.0000 -0.6041 -0.7969 -0.0000 -0.6041 -0.7969 -0.0000 -0.6041 -0.7969 -0.0000 -0.1081 0.1008 0.9890 -0.1081 0.1008 0.9890 -0.1081 0.1008 0.9890 -0.1081 0.1008 0.9890 -0.1081 0.1008 0.9890 -0.1081 0.1008 0.9890 -0.6821 -0.7312 0.0000 -0.6821 -0.7312 0.0000 -0.6821 -0.7312 0.0000 -0.6821 -0.7312 -0.0000 -0.6821 -0.7312 -0.0000 -0.6821 -0.7312 -0.0000 0.0000 0.0000 1.0000 0.0000 0.0000 1.0000 0.0000 0.0000 1.0000 0.0000 -0.0000 1.0000 0.0000 -0.0000 1.0000 0.0000 -0.0000 1.0000 -0.8880 -0.4598 0.0000 -0.8880 -0.4598 0.0000 -0.8880 -0.4598 0.0000 -0.8880 -0.4598 -0.0000 -0.8880 -0.4598 -0.0000 -0.8880 -0.4598 -0.0000 0.0000 0.0000 1.0000 0.0000 0.0000 1.0000 0.0000 0.0000 1.0000 0.0000 -0.0000 1.0000 0.0000 -0.0000 1.0000 0.0000 -0.0000 1.0000 -0.8880 -0.4598 0.0000 -0.8880 -0.4598 0.0000 -0.8880 -0.4598 0.0000 -0.8880 -0.4598 -0.0000 -0.8880 -0.4598 -0.0000 -0.8880 -0.4598 -0.0000 0.0000 0.0000 1.0000 0.0000 0.0000 1.0000 0.0000 0.0000 1.0000 0.0000 -0.0000 1.0000 0.0000 -0.0000 1.0000 0.0000 -0.0000 1.0000 -0.8975 -0.4409 0.0000 -0.8975 -0.4409 0.0000 -0.8975 -0.4409 0.0000 -0.8975 -0.4409 -0.0000 -0.8975 -0.4409 -0.0000 -0.8975 -0.4409 -0.0000 0.0000 0.0000 1.0000 0.0000 0.0000 1.0000 0.0000 0.0000 1.0000 0.0000 -0.0000 1.0000 0.0000 -0.0000 1.0000 0.0000 -0.0000 1.0000 -0.8975 -0.4409 0.0000 -0.8975 -0.4409 0.0000 -0.8975 -0.4409 0.0000 -0.8975 -0.4409 -0.0000 -0.8975 -0.4409 -0.0000 -0.8975 -0.4409 -0.0000 0.0000 0.0000 1.0000 0.0000 0.0000 1.0000 0.0000 0.0000 1.0000 0.0000 -0.0000 1.0000 0.0000 -0.0000 1.0000 0.0000 -0.0000 1.0000 -0.9032 -0.4292 0.0000 -0.9032 -0.4292 0.0000 -0.9032 -0.4292 0.0000 -0.9032 -0.4292 -0.0000 -0.9032 -0.4292 -0.0000 -0.9032 -0.4292 -0.0000 0.0000 0.0000 1.0000 0.0000 0.0000 1.0000 0.0000 0.0000 1.0000 0.0000 -0.0000 1.0000 0.0000 -0.0000 1.0000 0.0000 -0.0000 1.0000 -0.9032 -0.4292 0.0000 -0.9032 -0.4292 0.0000 -0.9032 -0.4292 0.0000 -0.9032 -0.4292 -0.0000 -0.9032 -0.4292 -0.0000 -0.9032 -0.4292 -0.0000 0.0000 0.0000 1.0000 0.0000 0.0000 1.0000 0.0000 0.0000 1.0000 0.0000 -0.0000 1.0000 0.0000 -0.0000 1.0000 0.0000 -0.0000 1.0000 -0.9065 -0.4223 0.0000 -0.9065 -0.4223 0.0000 -0.9065 -0.4223 0.0000 -0.9065 -0.4223 -0.0000 -0.9065 -0.4223 -0.0000 -0.9065 -0.4223 -0.0000 0.0000 0.0000 1.0000 0.0000 0.0000 1.0000 0.0000 0.0000 1.0000 0.0000 -0.0000 1.0000 0.0000 -0.0000 1.0000 0.0000 -0.0000 1.0000 -0.9065 -0.4223 0.0000 -0.9065 -0.4223 0.0000 -0.9065 -0.4223 0.0000 -0.9065 -0.4223 -0.0000 -0.9065 -0.4223 -0.0000 -0.9065 -0.4223 -0.0000 0.0000 0.0000 1.0000 0.0000 0.0000 1.0000 0.0000 0.0000 1.0000 0.0000 -0.0000 1.0000 0.0000 -0.0000 1.0000 0.0000 -0.0000 1.0000 -0.9082 -0.4186 0.0000 -0.9082 -0.4186 0.0000 -0.9082 -0.4186 0.0000 -0.9082 -0.4186 -0.0000 -0.9082 -0.4186 -0.0000 -0.9082 -0.4186 -0.0000 0.0000 0.0000 1.0000 0.0000 0.0000 1.0000 0.0000 0.0000 1.0000 0.0000 -0.0000 1.0000 0.0000 -0.0000 1.0000 0.0000 -0.0000 1.0000 -0.9082 -0.4186 0.0000 -0.9082 -0.4186 0.0000 -0.9082 -0.4186 0.0000 -0.9082 -0.4186 -0.0000 -0.9082 -0.4186 -0.0000 -0.9082 -0.4186 -0.0000 0.0000 0.0000 1.0000 0.0000 0.0000 1.0000 0.0000 0.0000 1.0000 0.0000 -0.0000 1.0000 0.0000 -0.0000 1.0000 0.0000 -0.0000 1.0000 -0.9087 -0.4174 0.0000 -0.9087 -0.4174 0.0000 -0.9087 -0.4174 0.0000 -0.9087 -0.4174 -0.0000 -0.9087 -0.4174 -0.0000 -0.9087 -0.4174 -0.0000 0.0000 0.0000 1.0000 0.0000 0.0000 1.0000 0.0000 0.0000 1.0000 0.0000 -0.0000 1.0000 0.0000 -0.0000 1.0000 0.0000 -0.0000 1.0000 -0.9087 -0.4174 0.0000 -0.9087 -0.4174 0.0000 -0.9087 -0.4174 0.0000 -0.9087 -0.4174 -0.0000 -0.9087 -0.4174 -0.0000 -0.9087 -0.4174 -0.0000 0.0000 0.0000 1.0000 0.0000 0.0000 1.0000 0.0000 0.0000 1.0000 0.0000 -0.0000 1.0000 0.0000 -0.0000 1.0000 0.0000 -0.0000 1.0000 -0.9083 -0.4183 0.0000 -0.9083 -0.4183 0.0000 -0.9083 -0.4183 0.0000 -0.9083 -0.4183 -0.0000 -0.9083 -0.4183 -0.0000 -0.9083 -0.4183 -0.0000 0.0000 0.0000 1.0000 0.0000 0.0000 1.0000 0.0000 0.0000 1.0000 0.0000 -0.0000 1.0000 0.0000 -0.0000 1.0000 0.0000 -0.0000 1.0000 -0.9083 -0.4183 0.0000 -0.9083 -0.4183 0.0000 -0.9083 -0.4183 0.0000 -0.9083 -0.4183 -0.0000 -0.9083 -0.4183 -0.0000 -0.9083 -0.4183 -0.0000 0.0000 0.0000 1.0000 0.0000 0.0000 1.0000 0.0000 0.0000 1.0000 0.0000 -0.0000 1.0000 0.0000 -0.0000 1.0000 0.0000 -0.0000 1.0000 -0.9071 -0.4209 0.0000 -0.9071 -0.4209 0.0000 -0.9071 -0.4209 0.0000 -0.9071 -0.4209 -0.0000 -0.9071 -0.4209 -0.0000 -0.9071 -0.4209 -0.0000 0.0000 0.0000 1.0000 0.0000 0.0000 1.0000 0.0000 0.0000 1.0000 0.0000 -0.0000 1.0000 0.0000 -0.0000 1.0000 0.0000 -0.0000 1.0000 -0.9071 -0.4209 0.0000 -0.9071 -0.4209 0.0000 -0.9071 -0.4209 0.0000 -0.9071 -0.4209 -0.0000 -0.9071 -0.4209 -0.0000 -0.9071 -0.4209 -0.0000 0.0000 0.0000 1.0000 0.0000 0.0000 1.0000 0.0000 0.0000 1.0000 0.0000 -0.0000 1.0000 0.0000 -0.0000 1.0000 0.0000 -0.0000 1.0000 -0.9052 -0.4250 0.0000 -0.9052 -0.4250 0.0000 -0.9052 -0.4250 0.0000 -0.9052 -0.4250 -0.0000 -0.9052 -0.4250 -0.0000 -0.9052 -0.4250 -0.0000 0.0000 0.0000 1.0000 0.0000 0.0000 1.0000 0.0000 0.0000 1.0000 0.0000 -0.0000 1.0000 0.0000 -0.0000 1.0000 0.0000 -0.0000 1.0000 -0.9052 -0.4250 0.0000 -0.9052 -0.4250 0.0000 -0.9052 -0.4250 0.0000 -0.9052 -0.4250 -0.0000 -0.9052 -0.4250 -0.0000 -0.9052 -0.4250 -0.0000 0.0000 0.0000 1.0000 0.0000 0.0000 1.0000 0.0000 0.0000 1.0000 0.0000 -0.0000 1.0000 0.0000 -0.0000 1.0000 0.0000 -0.0000 1.0000 -0.9026 -0.4305 0.0000 -0.9026 -0.4305 0.0000 -0.9026 -0.4305 0.0000 -0.9026 -0.4305 -0.0000 -0.9026 -0.4305 -0.0000 -0.9026 -0.4305 -0.0000 0.0000 0.0000 1.0000 0.0000 0.0000 1.0000 0.0000 0.0000 1.0000 0.0000 -0.0000 1.0000 0.0000 -0.0000 1.0000 0.0000 -0.0000 1.0000 -0.9026 -0.4305 0.0000 -0.9026 -0.4305 0.0000 -0.9026 -0.4305 0.0000 -0.9026 -0.4305 -0.0000 -0.9026 -0.4305 -0.0000 -0.9026 -0.4305 -0.0000 0.0000 0.0000 1.0000 0.0000 0.0000 1.0000 0.0000 0.0000 1.0000 0.0000 -0.0000 1.0000 0.0000 -0.0000 1.0000 0.0000 -0.0000 1.0000 -0.8993 -0.4374 0.0000 -0.8993 -0.4374 0.0000 -0.8993 -0.4374 0.0000 -0.8993 -0.4374 -0.0000 -0.8993 -0.4374 -0.0000 -0.8993 -0.4374 -0.0000 0.0000 0.0000 1.0000 0.0000 0.0000 1.0000 0.0000 0.0000 1.0000 0.0000 -0.0000 1.0000 0.0000 -0.0000 1.0000 0.0000 -0.0000 1.0000 -0.8993 -0.4374 0.0000 -0.8993 -0.4374 0.0000 -0.8993 -0.4374 0.0000 -0.8993 -0.4374 -0.0000 -0.8993 -0.4374 -0.0000 -0.8993 -0.4374 -0.0000 0.0000 0.0000 1.0000 0.0000 0.0000 1.0000 0.0000 0.0000 1.0000 0.0000 -0.0000 1.0000 0.0000 -0.0000 1.0000 0.0000 -0.0000 1.0000 -0.8952 -0.4457 0.0000 -0.8952 -0.4457 0.0000 -0.8952 -0.4457 0.0000 -0.8952 -0.4457 -0.0000 -0.8952 -0.4457 -0.0000 -0.8952 -0.4457 -0.0000 0.0000 0.0000 1.0000 0.0000 0.0000 1.0000 0.0000 0.0000 1.0000 0.0000 -0.0000 1.0000 0.0000 -0.0000 1.0000 0.0000 -0.0000 1.0000 -0.8952 -0.4457 0.0000 -0.8952 -0.4457 0.0000 -0.8952 -0.4457 0.0000 -0.8952 -0.4457 -0.0000 -0.8952 -0.4457 -0.0000 -0.8952 -0.4457 -0.0000 0.0000 0.0000 1.0000 0.0000 0.0000 1.0000 0.0000 0.0000 1.0000 0.0000 -0.0000 1.0000 0.0000 -0.0000 1.0000 0.0000 -0.0000 1.0000 -0.8902 -0.4555 0.0000 -0.8902 -0.4555 0.0000 -0.8902 -0.4555 0.0000 -0.8902 -0.4555 -0.0000 -0.8902 -0.4555 -0.0000 -0.8902 -0.4555 -0.0000 0.0000 0.0000 1.0000 0.0000 0.0000 1.0000 0.0000 0.0000 1.0000 0.0000 -0.0000 1.0000 0.0000 -0.0000 1.0000 0.0000 -0.0000 1.0000 -0.8902 -0.4555 0.0000 -0.8902 -0.4555 0.0000 -0.8902 -0.4555 0.0000 -0.8902 -0.4555 -0.0000 -0.8902 -0.4555 -0.0000 -0.8902 -0.4555 -0.0000 0.0000 0.0000 1.0000 0.0000 0.0000 1.0000 0.0000 0.0000 1.0000 0.0000 -0.0000 1.0000 0.0000 -0.0000 1.0000 0.0000 -0.0000 1.0000 -0.8843 -0.4669 0.0000 -0.8843 -0.4669 0.0000 -0.8843 -0.4669 0.0000 -0.8843 -0.4669 -0.0000 -0.8843 -0.4669 -0.0000 -0.8843 -0.4669 -0.0000 0.0000 0.0000 1.0000 0.0000 0.0000 1.0000 0.0000 0.0000 1.0000 0.0000 -0.0000 1.0000 0.0000 -0.0000 1.0000 0.0000 -0.0000 1.0000 -0.8843 -0.4669 0.0000 -0.8843 -0.4669 0.0000 -0.8843 -0.4669 0.0000 -0.8843 -0.4669 -0.0000 -0.8843 -0.4669 -0.0000 -0.8843 -0.4669 -0.0000 0.0000 0.0000 1.0000 0.0000 0.0000 1.0000 0.0000 0.0000 1.0000 0.0000 -0.0000 1.0000 0.0000 -0.0000 1.0000 0.0000 -0.0000 1.0000 -0.8773 -0.4799 0.0000 -0.8773 -0.4799 0.0000 -0.8773 -0.4799 0.0000 -0.8773 -0.4799 -0.0000 -0.8773 -0.4799 -0.0000 -0.8773 -0.4799 -0.0000 0.0000 0.0000 1.0000 0.0000 0.0000 1.0000 0.0000 0.0000 1.0000 0.0000 -0.0000 1.0000 0.0000 -0.0000 1.0000 0.0000 -0.0000 1.0000 -0.8773 -0.4799 0.0000 -0.8773 -0.4799 0.0000 -0.8773 -0.4799 0.0000 -0.8773 -0.4799 -0.0000 -0.8773 -0.4799 -0.0000 -0.8773 -0.4799 -0.0000 0.0000 0.0000 1.0000 0.0000 0.0000 1.0000 0.0000 0.0000 1.0000 0.0000 -0.0000 1.0000 0.0000 -0.0000 1.0000 0.0000 -0.0000 1.0000 -0.8690 -0.4948 0.0000 -0.8690 -0.4948 0.0000 -0.8690 -0.4948 0.0000 -0.8690 -0.4948 -0.0000 -0.8690 -0.4948 -0.0000 -0.8690 -0.4948 -0.0000 0.0000 0.0000 1.0000 0.0000 0.0000 1.0000 0.0000 0.0000 1.0000 0.0000 -0.0000 1.0000 0.0000 -0.0000 1.0000 0.0000 -0.0000 1.0000 -0.8690 -0.4948 0.0000 -0.8690 -0.4948 0.0000 -0.8690 -0.4948 0.0000 -0.8690 -0.4948 -0.0000 -0.8690 -0.4948 -0.0000 -0.8690 -0.4948 -0.0000 0.0000 0.0000 1.0000 0.0000 0.0000 1.0000 0.0000 0.0000 1.0000 0.0000 -0.0000 1.0000 0.0000 -0.0000 1.0000 0.0000 -0.0000 1.0000 -0.8591 -0.5119 0.0000 -0.8591 -0.5119 0.0000 -0.8591 -0.5119 0.0000 -0.8591 -0.5119 -0.0000 -0.8591 -0.5119 -0.0000 -0.8591 -0.5119 -0.0000 0.0000 0.0000 1.0000 0.0000 0.0000 1.0000 0.0000 0.0000 1.0000 0.0000 -0.0000 1.0000 0.0000 -0.0000 1.0000 0.0000 -0.0000 1.0000 -0.8591 -0.5119 0.0000 -0.8591 -0.5119 0.0000 -0.8591 -0.5119 0.0000 -0.8591 -0.5119 -0.0000 -0.8591 -0.5119 -0.0000 -0.8591 -0.5119 -0.0000 0.0000 0.0000 1.0000 0.0000 0.0000 1.0000 0.0000 0.0000 1.0000 0.0000 -0.0000 1.0000 0.0000 -0.0000 1.0000 0.0000 -0.0000 1.0000 -0.8472 -0.5314 0.0000 -0.8472 -0.5314 0.0000 -0.8472 -0.5314 0.0000 -0.8472 -0.5314 -0.0000 -0.8472 -0.5314 -0.0000 -0.8472 -0.5314 -0.0000 0.0000 0.0000 1.0000 0.0000 0.0000 1.0000 0.0000 0.0000 1.0000 0.0000 -0.0000 1.0000 0.0000 -0.0000 1.0000 0.0000 -0.0000 1.0000 -0.8472 -0.5314 0.0000 -0.8472 -0.5314 0.0000 -0.8472 -0.5314 0.0000 -0.8472 -0.5314 -0.0000 -0.8472 -0.5314 -0.0000 -0.8472 -0.5314 -0.0000 0.0000 0.0000 1.0000 0.0000 0.0000 1.0000 0.0000 0.0000 1.0000 0.0000 -0.0000 1.0000 0.0000 -0.0000 1.0000 0.0000 -0.0000 1.0000 -0.8328 -0.5536 0.0000 -0.8328 -0.5536 0.0000 -0.8328 -0.5536 0.0000 -0.8328 -0.5536 -0.0000 -0.8328 -0.5536 -0.0000 -0.8328 -0.5536 -0.0000 0.0000 0.0000 1.0000 0.0000 0.0000 1.0000 0.0000 0.0000 1.0000 0.0000 -0.0000 1.0000 0.0000 -0.0000 1.0000 0.0000 -0.0000 1.0000 -0.8328 -0.5536 0.0000 -0.8328 -0.5536 0.0000 -0.8328 -0.5536 0.0000 -0.8328 -0.5536 -0.0000 -0.8328 -0.5536 -0.0000 -0.8328 -0.5536 -0.0000 0.0000 0.0000 1.0000 0.0000 0.0000 1.0000 0.0000 0.0000 1.0000 0.0000 -0.0000 1.0000 0.0000 -0.0000 1.0000 0.0000 -0.0000 1.0000 -0.8153 -0.5790 0.0000 -0.8153 -0.5790 0.0000 -0.8153 -0.5790 0.0000 -0.8153 -0.5790 -0.0000 -0.8153 -0.5790 -0.0000 -0.8153 -0.5790 -0.0000 0.0000 0.0000 1.0000 0.0000 0.0000 1.0000 0.0000 0.0000 1.0000 0.0000 -0.0000 1.0000 0.0000 -0.0000 1.0000 0.0000 -0.0000 1.0000 -0.8153 -0.5790 0.0000 -0.8153 -0.5790 0.0000 -0.8153 -0.5790 0.0000 -0.8153 -0.5790 -0.0000 -0.8153 -0.5790 -0.0000 -0.8153 -0.5790 -0.0000 0.0000 0.0000 1.0000 0.0000 0.0000 1.0000 0.0000 0.0000 1.0000 0.0000 -0.0000 1.0000 0.0000 -0.0000 1.0000 0.0000 -0.0000 1.0000 -0.7938 -0.6081 0.0000 -0.7938 -0.6081 0.0000 -0.7938 -0.6081 0.0000 -0.7938 -0.6081 -0.0000 -0.7938 -0.6081 -0.0000 -0.7938 -0.6081 -0.0000 0.0000 0.0000 1.0000 0.0000 0.0000 1.0000 0.0000 0.0000 1.0000 0.0000 -0.0000 1.0000 0.0000 -0.0000 1.0000 0.0000 -0.0000 1.0000 -0.7938 -0.6081 0.0000 -0.7938 -0.6081 0.0000 -0.7938 -0.6081 0.0000 -0.7938 -0.6081 -0.0000 -0.7938 -0.6081 -0.0000 -0.7938 -0.6081 -0.0000 0.0000 0.0000 1.0000 0.0000 0.0000 1.0000 0.0000 0.0000 1.0000 0.0000 -0.0000 1.0000 0.0000 -0.0000 1.0000 0.0000 -0.0000 1.0000 -0.7772 -0.6292 0.0000 -0.7772 -0.6292 0.0000 -0.7772 -0.6292 0.0000 -0.7772 -0.6292 -0.0000 -0.7772 -0.6292 -0.0000 -0.7772 -0.6292 -0.0000 0.0000 0.0000 1.0000 0.0000 0.0000 1.0000 0.0000 0.0000 1.0000 0.0000 -0.0000 1.0000 0.0000 -0.0000 1.0000 0.0000 -0.0000 1.0000 -0.7772 -0.6292 0.0000 -0.7772 -0.6292 0.0000 -0.7772 -0.6292 0.0000 -0.7772 -0.6292 -0.0000 -0.7772 -0.6292 -0.0000 -0.7772 -0.6292 -0.0000 0.0000 0.0000 1.0000 0.0000 0.0000 1.0000 0.0000 0.0000 1.0000 0.0000 -0.0000 1.0000 0.0000 -0.0000 1.0000 0.0000 -0.0000 1.0000 -0.7694 -0.6388 0.0000 -0.7694 -0.6388 0.0000 -0.7694 -0.6388 0.0000 -0.7694 -0.6388 -0.0000 -0.7694 -0.6388 -0.0000 -0.7694 -0.6388 -0.0000 0.0000 0.0000 1.0000 0.0000 0.0000 1.0000 0.0000 0.0000 1.0000 0.0000 -0.0000 1.0000 0.0000 -0.0000 1.0000 0.0000 -0.0000 1.0000 -0.7694 -0.6388 0.0000 -0.7694 -0.6388 0.0000 -0.7694 -0.6388 0.0000 -0.7694 -0.6388 -0.0000 -0.7694 -0.6388 -0.0000 -0.7694 -0.6388 -0.0000 0.0000 0.0000 1.0000 0.0000 0.0000 1.0000 0.0000 0.0000 1.0000 0.0000 -0.0000 1.0000 0.0000 -0.0000 1.0000 0.0000 -0.0000 1.0000 -0.7616 -0.6480 0.0000 -0.7616 -0.6480 0.0000 -0.7616 -0.6480 0.0000 -0.7616 -0.6480 -0.0000 -0.7616 -0.6480 -0.0000 -0.7616 -0.6480 -0.0000 0.0000 0.0000 1.0000 0.0000 0.0000 1.0000 0.0000 0.0000 1.0000 0.0000 -0.0000 1.0000 0.0000 -0.0000 1.0000 0.0000 -0.0000 1.0000 -0.7616 -0.6480 0.0000 -0.7616 -0.6480 0.0000 -0.7616 -0.6480 0.0000 -0.7616 -0.6480 -0.0000 -0.7616 -0.6480 -0.0000 -0.7616 -0.6480 -0.0000 0.0000 0.0000 1.0000 0.0000 0.0000 1.0000 0.0000 0.0000 1.0000 0.0000 -0.0000 1.0000 0.0000 -0.0000 1.0000 0.0000 -0.0000 1.0000 -0.7539 -0.6570 0.0000 -0.7539 -0.6570 0.0000 -0.7539 -0.6570 0.0000 -0.7539 -0.6570 -0.0000 -0.7539 -0.6570 -0.0000 -0.7539 -0.6570 -0.0000 0.0000 0.0000 1.0000 0.0000 0.0000 1.0000 0.0000 0.0000 1.0000 0.0000 -0.0000 1.0000 0.0000 -0.0000 1.0000 0.0000 -0.0000 1.0000 -0.7539 -0.6570 0.0000 -0.7539 -0.6570 0.0000 -0.7539 -0.6570 0.0000 -0.7539 -0.6570 -0.0000 -0.7539 -0.6570 -0.0000 -0.7539 -0.6570 -0.0000 0.0000 0.0000 1.0000 0.0000 0.0000 1.0000 0.0000 0.0000 1.0000 0.0000 -0.0000 1.0000 0.0000 -0.0000 1.0000 0.0000 -0.0000 1.0000 -0.7461 -0.6658 0.0000 -0.7461 -0.6658 0.0000 -0.7461 -0.6658 0.0000 -0.7461 -0.6658 -0.0000 -0.7461 -0.6658 -0.0000 -0.7461 -0.6658 -0.0000 0.0000 0.0000 1.0000 0.0000 0.0000 1.0000 0.0000 0.0000 1.0000 0.0000 -0.0000 1.0000 0.0000 -0.0000 1.0000 0.0000 -0.0000 1.0000 -0.7461 -0.6658 0.0000 -0.7461 -0.6658 0.0000 -0.7461 -0.6658 0.0000 -0.7461 -0.6658 -0.0000 -0.7461 -0.6658 -0.0000 -0.7461 -0.6658 -0.0000 0.0000 0.0000 1.0000 0.0000 0.0000 1.0000 0.0000 0.0000 1.0000 0.0000 -0.0000 1.0000 0.0000 -0.0000 1.0000 0.0000 -0.0000 1.0000 -0.7380 -0.6748 0.0000 -0.7380 -0.6748 0.0000 -0.7380 -0.6748 0.0000 -0.7380 -0.6748 -0.0000 -0.7380 -0.6748 -0.0000 -0.7380 -0.6748 -0.0000 0.0000 0.0000 1.0000 0.0000 0.0000 1.0000 0.0000 0.0000 1.0000 0.0000 -0.0000 1.0000 0.0000 -0.0000 1.0000 0.0000 -0.0000 1.0000 -0.7380 -0.6748 0.0000 -0.7380 -0.6748 0.0000 -0.7380 -0.6748 0.0000 -0.7380 -0.6748 -0.0000 -0.7380 -0.6748 -0.0000 -0.7380 -0.6748 -0.0000 0.0000 0.0000 1.0000 0.0000 0.0000 1.0000 0.0000 0.0000 1.0000 0.0000 -0.0000 1.0000 0.0000 -0.0000 1.0000 0.0000 -0.0000 1.0000 -0.7295 -0.6840 0.0000 -0.7295 -0.6840 0.0000 -0.7295 -0.6840 0.0000 -0.7295 -0.6840 -0.0000 -0.7295 -0.6840 -0.0000 -0.7295 -0.6840 -0.0000 0.0000 0.0000 1.0000 0.0000 0.0000 1.0000 0.0000 0.0000 1.0000 0.0000 -0.0000 1.0000 0.0000 -0.0000 1.0000 0.0000 -0.0000 1.0000 -0.7295 -0.6840 0.0000 -0.7295 -0.6840 0.0000 -0.7295 -0.6840 0.0000 -0.7295 -0.6840 -0.0000 -0.7295 -0.6840 -0.0000 -0.7295 -0.6840 -0.0000 0.0000 0.0000 1.0000 0.0000 0.0000 1.0000 0.0000 0.0000 1.0000 0.0000 -0.0000 1.0000 0.0000 -0.0000 1.0000 0.0000 -0.0000 1.0000 -0.7204 -0.6935 0.0000 -0.7204 -0.6935 0.0000 -0.7204 -0.6935 0.0000 -0.7204 -0.6935 -0.0000 -0.7204 -0.6935 -0.0000 -0.7204 -0.6935 -0.0000 0.0000 0.0000 1.0000 0.0000 0.0000 1.0000 0.0000 0.0000 1.0000 0.0000 -0.0000 1.0000 0.0000 -0.0000 1.0000 0.0000 -0.0000 1.0000 -0.7204 -0.6935 0.0000 -0.7204 -0.6935 0.0000 -0.7204 -0.6935 0.0000 -0.7204 -0.6935 -0.0000 -0.7204 -0.6935 -0.0000 -0.7204 -0.6935 -0.0000 0.0000 0.0000 1.0000 0.0000 0.0000 1.0000 0.0000 0.0000 1.0000 0.0000 -0.0000 1.0000 0.0000 -0.0000 1.0000 0.0000 -0.0000 1.0000 -0.7107 -0.7035 0.0000 -0.7107 -0.7035 0.0000 -0.7107 -0.7035 0.0000 -0.7107 -0.7035 -0.0000 -0.7107 -0.7035 -0.0000 -0.7107 -0.7035 -0.0000 0.0000 0.0000 1.0000 0.0000 0.0000 1.0000 0.0000 0.0000 1.0000 0.0000 -0.0000 1.0000 0.0000 -0.0000 1.0000 0.0000 -0.0000 1.0000 -0.7107 -0.7035 0.0000 -0.7107 -0.7035 0.0000 -0.7107 -0.7035 0.0000 -0.7107 -0.7035 -0.0000 -0.7107 -0.7035 -0.0000 -0.7107 -0.7035 -0.0000 0.0000 0.0000 1.0000 0.0000 0.0000 1.0000 0.0000 0.0000 1.0000 0.0000 -0.0000 1.0000 0.0000 -0.0000 1.0000 0.0000 -0.0000 1.0000 -0.7001 -0.7141 0.0000 -0.7001 -0.7141 0.0000 -0.7001 -0.7141 0.0000 -0.7001 -0.7141 -0.0000 -0.7001 -0.7141 -0.0000 -0.7001 -0.7141 -0.0000 0.0000 0.0000 1.0000 0.0000 0.0000 1.0000 0.0000 0.0000 1.0000 0.0000 -0.0000 1.0000 0.0000 -0.0000 1.0000 0.0000 -0.0000 1.0000 -0.7001 -0.7141 0.0000 -0.7001 -0.7141 0.0000 -0.7001 -0.7141 0.0000 -0.7001 -0.7141 -0.0000 -0.7001 -0.7141 -0.0000 -0.7001 -0.7141 -0.0000 0.0000 0.0000 1.0000 0.0000 0.0000 1.0000 0.0000 0.0000 1.0000 0.0000 -0.0000 1.0000 0.0000 -0.0000 1.0000 0.0000 -0.0000 1.0000 -0.6883 -0.7254 0.0000 -0.6883 -0.7254 0.0000 -0.6883 -0.7254 0.0000 -0.6883 -0.7254 -0.0000 -0.6883 -0.7254 -0.0000 -0.6883 -0.7254 -0.0000 0.0000 0.0000 1.0000 0.0000 0.0000 1.0000 0.0000 0.0000 1.0000 0.0000 -0.0000 1.0000 0.0000 -0.0000 1.0000 0.0000 -0.0000 1.0000 -0.6883 -0.7254 0.0000 -0.6883 -0.7254 0.0000 -0.6883 -0.7254 0.0000 -0.6883 -0.7254 -0.0000 -0.6883 -0.7254 -0.0000 -0.6883 -0.7254 -0.0000 0.0000 0.0000 1.0000 0.0000 0.0000 1.0000 0.0000 0.0000 1.0000 0.0000 -0.0000 1.0000 0.0000 -0.0000 1.0000 0.0000 -0.0000 1.0000 -0.6752 -0.7377 0.0000 -0.6752 -0.7377 0.0000 -0.6752 -0.7377 0.0000 -0.6752 -0.7377 -0.0000 -0.6752 -0.7377 -0.0000 -0.6752 -0.7377 -0.0000 0.0000 0.0000 1.0000 0.0000 0.0000 1.0000 0.0000 0.0000 1.0000 0.0000 -0.0000 1.0000 0.0000 -0.0000 1.0000 0.0000 -0.0000 1.0000 -0.6752 -0.7377 0.0000 -0.6752 -0.7377 0.0000 -0.6752 -0.7377 0.0000 -0.6752 -0.7377 -0.0000 -0.6752 -0.7377 -0.0000 -0.6752 -0.7377 -0.0000 0.0000 0.0000 1.0000 0.0000 0.0000 1.0000 0.0000 0.0000 1.0000 0.0000 -0.0000 1.0000 0.0000 -0.0000 1.0000 0.0000 -0.0000 1.0000 -0.6603 -0.7510 0.0000 -0.6603 -0.7510 0.0000 -0.6603 -0.7510 0.0000 -0.6603 -0.7510 -0.0000 -0.6603 -0.7510 -0.0000 -0.6603 -0.7510 -0.0000 0.0000 0.0000 1.0000 0.0000 0.0000 1.0000 0.0000 0.0000 1.0000 0.0000 -0.0000 1.0000 0.0000 -0.0000 1.0000 0.0000 -0.0000 1.0000 -0.6603 -0.7510 0.0000 -0.6603 -0.7510 0.0000 -0.6603 -0.7510 0.0000 -0.6603 -0.7510 -0.0000 -0.6603 -0.7510 -0.0000 -0.6603 -0.7510 -0.0000 0.0000 0.0000 1.0000 0.0000 0.0000 1.0000 0.0000 0.0000 1.0000 0.0000 -0.0000 1.0000 0.0000 -0.0000 1.0000 0.0000 -0.0000 1.0000 -0.6432 -0.7657 0.0000 -0.6432 -0.7657 0.0000 -0.6432 -0.7657 0.0000 -0.6432 -0.7657 -0.0000 -0.6432 -0.7657 -0.0000 -0.6432 -0.7657 -0.0000 0.0000 0.0000 1.0000 0.0000 0.0000 1.0000 0.0000 0.0000 1.0000 0.0000 -0.0000 1.0000 0.0000 -0.0000 1.0000 0.0000 -0.0000 1.0000 -0.6432 -0.7657 0.0000 -0.6432 -0.7657 0.0000 -0.6432 -0.7657 0.0000 -0.6432 -0.7657 -0.0000 -0.6432 -0.7657 -0.0000 -0.6432 -0.7657 -0.0000 0.0000 0.0000 1.0000 0.0000 0.0000 1.0000 0.0000 0.0000 1.0000 0.0000 -0.0000 1.0000 0.0000 -0.0000 1.0000 0.0000 -0.0000 1.0000 -0.6233 -0.7819 0.0000 -0.6233 -0.7819 0.0000 -0.6233 -0.7819 0.0000 -0.6233 -0.7819 -0.0000 -0.6233 -0.7819 -0.0000 -0.6233 -0.7819 -0.0000 0.0000 0.0000 1.0000 0.0000 0.0000 1.0000 0.0000 0.0000 1.0000 0.0000 -0.0000 1.0000 0.0000 -0.0000 1.0000 0.0000 -0.0000 1.0000 -0.6233 -0.7819 0.0000 -0.6233 -0.7819 0.0000 -0.6233 -0.7819 0.0000 -0.6233 -0.7819 -0.0000 -0.6233 -0.7819 -0.0000 -0.6233 -0.7819 -0.0000 0.0000 0.0000 1.0000 0.0000 0.0000 1.0000 0.0000 0.0000 1.0000 0.0000 -0.0000 1.0000 0.0000 -0.0000 1.0000 0.0000 -0.0000 1.0000 -0.5999 -0.8001 0.0000 -0.5999 -0.8001 0.0000 -0.5999 -0.8001 0.0000 -0.5999 -0.8001 -0.0000 -0.5999 -0.8001 -0.0000 -0.5999 -0.8001 -0.0000 0.0000 0.0000 1.0000 0.0000 0.0000 1.0000 0.0000 0.0000 1.0000 0.0000 -0.0000 1.0000 0.0000 -0.0000 1.0000 0.0000 -0.0000 1.0000 -0.5999 -0.8001 0.0000 -0.5999 -0.8001 0.0000 -0.5999 -0.8001 0.0000 -0.5999 -0.8001 -0.0000 -0.5999 -0.8001 -0.0000 -0.5999 -0.8001 -0.0000 0.0000 0.0000 1.0000 0.0000 0.0000 1.0000 0.0000 0.0000 1.0000 0.0000 -0.0000 1.0000 0.0000 -0.0000 1.0000 0.0000 -0.0000 1.0000 -0.5718 -0.8204 0.0000 -0.5718 -0.8204 0.0000 -0.5718 -0.8204 0.0000 -0.5718 -0.8204 -0.0000 -0.5718 -0.8204 -0.0000 -0.5718 -0.8204 -0.0000 0.0000 0.0000 1.0000 0.0000 0.0000 1.0000 0.0000 0.0000 1.0000 0.0000 -0.0000 1.0000 0.0000 -0.0000 1.0000 0.0000 -0.0000 1.0000 -0.5718 -0.8204 0.0000 -0.5718 -0.8204 0.0000 -0.5718 -0.8204 0.0000 -0.5718 -0.8204 -0.0000 -0.5718 -0.8204 -0.0000 -0.5718 -0.8204 -0.0000 0.0000 0.0000 1.0000 0.0000 0.0000 1.0000 0.0000 0.0000 1.0000 0.0000 -0.0000 1.0000 0.0000 -0.0000 1.0000 0.0000 -0.0000 1.0000 -0.5376 -0.8432 0.0000 -0.5376 -0.8432 0.0000 -0.5376 -0.8432 0.0000 -0.5376 -0.8432 -0.0000 -0.5376 -0.8432 -0.0000 -0.5376 -0.8432 -0.0000 0.0000 0.0000 1.0000 0.0000 0.0000 1.0000 0.0000 0.0000 1.0000 0.0000 -0.0000 1.0000 0.0000 -0.0000 1.0000 0.0000 -0.0000 1.0000 -0.5376 -0.8432 0.0000 -0.5376 -0.8432 0.0000 -0.5376 -0.8432 0.0000 -0.5376 -0.8432 -0.0000 -0.5376 -0.8432 -0.0000 -0.5376 -0.8432 -0.0000 0.0000 0.0000 1.0000 0.0000 0.0000 1.0000 0.0000 0.0000 1.0000 0.0000 -0.0000 1.0000 0.0000 -0.0000 1.0000 0.0000 -0.0000 1.0000 -0.4952 -0.8688 0.0000 -0.4952 -0.8688 0.0000 -0.4952 -0.8688 0.0000 -0.4952 -0.8688 -0.0000 -0.4952 -0.8688 -0.0000 -0.4952 -0.8688 -0.0000 0.0000 0.0000 1.0000 0.0000 0.0000 1.0000 0.0000 0.0000 1.0000 0.0000 -0.0000 1.0000 0.0000 -0.0000 1.0000 0.0000 -0.0000 1.0000 -0.4952 -0.8688 0.0000 -0.4952 -0.8688 0.0000 -0.4952 -0.8688 0.0000 -0.4952 -0.8688 -0.0000 -0.4952 -0.8688 -0.0000 -0.4952 -0.8688 -0.0000 0.0000 0.0000 1.0000 0.0000 0.0000 1.0000 0.0000 0.0000 1.0000 0.0000 -0.0000 1.0000 0.0000 -0.0000 1.0000 0.0000 -0.0000 1.0000 -0.4414 -0.8973 0.0000 -0.4414 -0.8973 0.0000 -0.4414 -0.8973 0.0000 -0.4414 -0.8973 -0.0000 -0.4414 -0.8973 -0.0000 -0.4414 -0.8973 -0.0000 0.0000 0.0000 1.0000 0.0000 0.0000 1.0000 0.0000 0.0000 1.0000 0.0000 -0.0000 1.0000 0.0000 -0.0000 1.0000 0.0000 -0.0000 1.0000 -0.4414 -0.8973 0.0000 -0.4414 -0.8973 0.0000 -0.4414 -0.8973 0.0000 -0.4414 -0.8973 -0.0000 -0.4414 -0.8973 -0.0000 -0.4414 -0.8973 -0.0000 0.0000 0.0000 1.0000 0.0000 0.0000 1.0000 0.0000 0.0000 1.0000 0.0000 -0.0000 1.0000 0.0000 -0.0000 1.0000 0.0000 -0.0000 1.0000 -0.3721 -0.9282 0.0000 -0.3721 -0.9282 0.0000 -0.3721 -0.9282 0.0000 -0.3721 -0.9282 -0.0000 -0.3721 -0.9282 -0.0000 -0.3721 -0.9282 -0.0000 0.0000 0.0000 1.0000 0.0000 0.0000 1.0000 0.0000 0.0000 1.0000 0.0000 -0.0000 1.0000 0.0000 -0.0000 1.0000 0.0000 -0.0000 1.0000 -0.3721 -0.9282 0.0000 -0.3721 -0.9282 0.0000 -0.3721 -0.9282 0.0000 -0.3721 -0.9282 -0.0000 -0.3721 -0.9282 -0.0000 -0.3721 -0.9282 -0.0000 0.0000 0.0000 1.0000 0.0000 0.0000 1.0000 0.0000 0.0000 1.0000 0.0000 -0.0000 1.0000 0.0000 -0.0000 1.0000 0.0000 -0.0000 1.0000 -0.2811 -0.9597 0.0000 -0.2811 -0.9597 0.0000 -0.2811 -0.9597 0.0000 -0.2811 -0.9597 -0.0000 -0.2811 -0.9597 -0.0000 -0.2811 -0.9597 -0.0000 0.0000 0.0000 1.0000 0.0000 0.0000 1.0000 0.0000 0.0000 1.0000 0.0000 -0.0000 1.0000 0.0000 -0.0000 1.0000 0.0000 -0.0000 1.0000 -0.2811 -0.9597 0.0000 -0.2811 -0.9597 0.0000 -0.2811 -0.9597 0.0000 -0.2811 -0.9597 -0.0000 -0.2811 -0.9597 -0.0000 -0.2811 -0.9597 -0.0000 0.0000 0.0000 1.0000 0.0000 0.0000 1.0000 0.0000 0.0000 1.0000 0.0000 -0.0000 1.0000 0.0000 -0.0000 1.0000 0.0000 -0.0000 1.0000 -0.0787 -0.9969 0.0000 -0.0787 -0.9969 0.0000 -0.0787 -0.9969 0.0000 -0.0787 -0.9969 -0.0000 -0.0787 -0.9969 -0.0000 -0.0787 -0.9969 -0.0000 0.0000 0.0000 1.0000 0.0000 0.0000 1.0000 0.0000 0.0000 1.0000 0.0000 -0.0000 1.0000 0.0000 -0.0000 1.0000 0.0000 -0.0000 1.0000 -0.0787 -0.9969 0.0000 -0.0787 -0.9969 0.0000 -0.0787 -0.9969 0.0000 -0.0787 -0.9969 -0.0000 -0.0787 -0.9969 -0.0000 -0.0787 -0.9969 -0.0000 0.0000 0.0000 1.0000 0.0000 0.0000 1.0000 0.0000 0.0000 1.0000 0.0000 0.0000 1.0000 0.0000 0.0000 1.0000 0.0000 0.0000 1.0000 0.2040 -0.9790 0.0000 0.2040 -0.9790 0.0000 0.2040 -0.9790 0.0000 0.2040 -0.9790 0.0000 0.2040 -0.9790 0.0000 0.2040 -0.9790 0.0000 0.0000 0.0000 1.0000 0.0000 0.0000 1.0000 0.0000 0.0000 1.0000 0.0000 0.0000 1.0000 0.0000 0.0000 1.0000 0.0000 0.0000 1.0000 0.2040 -0.9790 0.0000 0.2040 -0.9790 0.0000 0.2040 -0.9790 0.0000 0.2040 -0.9790 0.0000 0.2040 -0.9790 0.0000 0.2040 -0.9790 0.0000 0.0000 0.0000 1.0000 0.0000 0.0000 1.0000 0.0000 0.0000 1.0000 0.0000 0.0000 1.0000 0.0000 0.0000 1.0000 0.0000 0.0000 1.0000 0.4242 -0.9055 0.0000 0.4242 -0.9055 0.0000 0.4242 -0.9055 0.0000 0.4242 -0.9055 0.0000 0.4242 -0.9055 0.0000 0.4242 -0.9055 0.0000 0.0000 0.0000 1.0000 0.0000 0.0000 1.0000 0.0000 0.0000 1.0000 0.0000 0.0000 1.0000 0.0000 0.0000 1.0000 0.0000 0.0000 1.0000 0.4242 -0.9055 0.0000 0.4242 -0.9055 0.0000 0.4242 -0.9055 0.0000 0.4242 -0.9055 0.0000 0.4242 -0.9055 0.0000 0.4242 -0.9055 0.0000 0.0000 0.0000 1.0000 0.0000 0.0000 1.0000 0.0000 0.0000 1.0000 0.0000 0.0000 1.0000 0.0000 0.0000 1.0000 0.0000 0.0000 1.0000 0.5745 -0.8185 0.0000 0.5745 -0.8185 0.0000 0.5745 -0.8185 0.0000 0.5745 -0.8185 0.0000 0.5745 -0.8185 0.0000 0.5745 -0.8185 0.0000 0.0000 0.0000 1.0000 0.0000 0.0000 1.0000 0.0000 0.0000 1.0000 0.0000 0.0000 1.0000 0.0000 0.0000 1.0000 0.0000 0.0000 1.0000 0.5745 -0.8185 0.0000 0.5745 -0.8185 0.0000 0.5745 -0.8185 0.0000 0.5745 -0.8185 0.0000 0.5745 -0.8185 0.0000 0.5745 -0.8185 0.0000 0.0000 0.0000 1.0000 0.0000 0.0000 1.0000 0.0000 0.0000 1.0000 0.0000 0.0000 1.0000 0.0000 0.0000 1.0000 0.0000 0.0000 1.0000 0.6725 -0.7401 0.0000 0.6725 -0.7401 0.0000 0.6725 -0.7401 0.0000 0.6725 -0.7401 0.0000 0.6725 -0.7401 0.0000 0.6725 -0.7401 0.0000 0.0000 0.0000 1.0000 0.0000 0.0000 1.0000 0.0000 0.0000 1.0000 0.0000 0.0000 1.0000 0.0000 0.0000 1.0000 0.0000 0.0000 1.0000 0.6725 -0.7401 0.0000 0.6725 -0.7401 0.0000 0.6725 -0.7401 0.0000 0.6725 -0.7401 0.0000 0.6725 -0.7401 0.0000 0.6725 -0.7401 0.0000 0.0000 0.0000 1.0000 0.0000 0.0000 1.0000 0.0000 0.0000 1.0000 0.0000 0.0000 1.0000 0.0000 0.0000 1.0000 0.0000 0.0000 1.0000 0.7362 -0.6768 0.0000 0.7362 -0.6768 0.0000 0.7362 -0.6768 0.0000 0.7362 -0.6768 0.0000 0.7362 -0.6768 0.0000 0.7362 -0.6768 0.0000 0.0000 0.0000 1.0000 0.0000 0.0000 1.0000 0.0000 0.0000 1.0000 0.0000 0.0000 1.0000 0.0000 0.0000 1.0000 0.0000 0.0000 1.0000 0.7362 -0.6768 0.0000 0.7362 -0.6768 0.0000 0.7362 -0.6768 0.0000 0.7362 -0.6768 0.0000 0.7362 -0.6768 0.0000 0.7362 -0.6768 0.0000 0.0000 0.0000 1.0000 0.0000 0.0000 1.0000 0.0000 0.0000 1.0000 0.0000 0.0000 1.0000 0.0000 0.0000 1.0000 0.0000 0.0000 1.0000 0.7778 -0.6285 0.0000 0.7778 -0.6285 0.0000 0.7778 -0.6285 0.0000 0.7778 -0.6285 0.0000 0.7778 -0.6285 0.0000 0.7778 -0.6285 0.0000 0.0000 0.0000 1.0000 0.0000 0.0000 1.0000 0.0000 0.0000 1.0000 0.0000 0.0000 1.0000 0.0000 0.0000 1.0000 0.0000 0.0000 1.0000 0.7778 -0.6285 0.0000 0.7778 -0.6285 0.0000 0.7778 -0.6285 0.0000 0.7778 -0.6285 0.0000 0.7778 -0.6285 0.0000 0.7778 -0.6285 0.0000 0.0000 0.0000 1.0000 0.0000 0.0000 1.0000 0.0000 0.0000 1.0000 0.0000 0.0000 1.0000 0.0000 0.0000 1.0000 0.0000 0.0000 1.0000 0.8045 -0.5940 0.0000 0.8045 -0.5940 0.0000 0.8045 -0.5940 0.0000 0.8045 -0.5940 0.0000 0.8045 -0.5940 0.0000 0.8045 -0.5940 0.0000 0.0000 0.0000 1.0000 0.0000 0.0000 1.0000 0.0000 0.0000 1.0000 0.0000 0.0000 1.0000 0.0000 0.0000 1.0000 0.0000 0.0000 1.0000 0.8045 -0.5940 0.0000 0.8045 -0.5940 0.0000 0.8045 -0.5940 0.0000 0.8045 -0.5940 0.0000 0.8045 -0.5940 0.0000 0.8045 -0.5940 0.0000 0.0000 0.0000 1.0000 0.0000 0.0000 1.0000 0.0000 0.0000 1.0000 0.0000 0.0000 1.0000 0.0000 0.0000 1.0000 0.0000 0.0000 1.0000 0.8201 -0.5723 0.0000 0.8201 -0.5723 0.0000 0.8201 -0.5723 0.0000 0.8201 -0.5723 0.0000 0.8201 -0.5723 0.0000 0.8201 -0.5723 0.0000 0.0000 0.0000 1.0000 0.0000 0.0000 1.0000 0.0000 0.0000 1.0000 0.0000 0.0000 1.0000 0.0000 0.0000 1.0000 0.0000 0.0000 1.0000 0.8201 -0.5723 0.0000 0.8201 -0.5723 0.0000 0.8201 -0.5723 0.0000 0.8201 -0.5723 0.0000 0.8201 -0.5723 0.0000 0.8201 -0.5723 0.0000 0.0000 0.0000 1.0000 0.0000 0.0000 1.0000 0.0000 0.0000 1.0000 0.0000 0.0000 1.0000 0.0000 0.0000 1.0000 0.0000 0.0000 1.0000 0.8259 -0.5638 0.0000 0.8259 -0.5638 0.0000 0.8259 -0.5638 0.0000 0.8259 -0.5638 0.0000 0.8259 -0.5638 0.0000 0.8259 -0.5638 0.0000 0.0000 0.0000 1.0000 0.0000 0.0000 1.0000 0.0000 0.0000 1.0000 0.0000 0.0000 1.0000 0.0000 0.0000 1.0000 0.0000 0.0000 1.0000 0.8259 -0.5638 0.0000 0.8259 -0.5638 0.0000 0.8259 -0.5638 0.0000 0.8259 -0.5638 0.0000 0.8259 -0.5638 0.0000 0.8259 -0.5638 0.0000 0.0000 0.0000 1.0000 0.0000 0.0000 1.0000 0.0000 0.0000 1.0000 0.0000 0.0000 1.0000 0.0000 0.0000 1.0000 0.0000 0.0000 1.0000 0.8205 -0.5717 0.0000 0.8205 -0.5717 0.0000 0.8205 -0.5717 0.0000 0.8205 -0.5717 0.0000 0.8205 -0.5717 0.0000 0.8205 -0.5717 0.0000 0.0000 0.0000 1.0000 0.0000 0.0000 1.0000 0.0000 0.0000 1.0000 0.0000 0.0000 1.0000 0.0000 0.0000 1.0000 0.0000 0.0000 1.0000 0.8205 -0.5717 0.0000 0.8205 -0.5717 0.0000 0.8205 -0.5717 0.0000 0.8205 -0.5717 0.0000 0.8205 -0.5717 0.0000 0.8205 -0.5717 0.0000 0.0000 0.0000 1.0000 0.0000 0.0000 1.0000 0.0000 0.0000 1.0000 0.0000 0.0000 1.0000 0.0000 0.0000 1.0000 0.0000 0.0000 1.0000 0.7969 -0.6041 0.0000 0.7969 -0.6041 0.0000 0.7969 -0.6041 0.0000 0.7969 -0.6041 0.0000 0.7969 -0.6041 0.0000 0.7969 -0.6041 0.0000 0.0000 0.0000 1.0000 0.0000 0.0000 1.0000 0.0000 0.0000 1.0000 0.0000 0.0000 1.0000 0.0000 0.0000 1.0000 0.0000 0.0000 1.0000 0.7969 -0.6041 0.0000 0.7969 -0.6041 0.0000 0.7969 -0.6041 0.0000 0.7969 -0.6041 0.0000 0.7969 -0.6041 0.0000 0.7969 -0.6041 0.0000 0.0000 0.0000 1.0000 0.0000 0.0000 1.0000 0.0000 0.0000 1.0000 0.0000 0.0000 1.0000 0.0000 0.0000 1.0000 0.0000 0.0000 1.0000 0.7312 -0.6821 0.0000 0.7312 -0.6821 0.0000 0.7312 -0.6821 0.0000 0.7312 -0.6821 0.0000 0.7312 -0.6821 0.0000 0.7312 -0.6821 0.0000 0.0000 0.0000 1.0000 0.0000 0.0000 1.0000 0.0000 0.0000 1.0000 0.0000 0.0000 1.0000 0.0000 0.0000 1.0000 0.0000 0.0000 1.0000 0.7312 -0.6821 0.0000 0.7312 -0.6821 0.0000 0.7312 -0.6821 0.0000 0.7312 -0.6821 0.0000 0.7312 -0.6821 0.0000 0.7312 -0.6821 0.0000 0.0000 0.0000 1.0000 0.0000 0.0000 1.0000 0.0000 0.0000 1.0000 0.0000 0.0000 1.0000 0.0000 0.0000 1.0000 0.0000 0.0000 1.0000 0.7312 -0.6821 0.0000 0.7312 -0.6821 0.0000 0.7312 -0.6821 0.0000 0.7312 -0.6821 0.0000 0.7312 -0.6821 0.0000 0.7312 -0.6821 0.0000 0.0000 0.0000 1.0000 0.0000 0.0000 1.0000 0.0000 0.0000 1.0000 0.0000 0.0000 1.0000 0.0000 0.0000 1.0000 0.0000 0.0000 1.0000 0.7312 -0.6821 0.0000 0.7312 -0.6821 0.0000 0.7312 -0.6821 0.0000 0.7312 -0.6821 0.0000 0.7312 -0.6821 0.0000 0.7312 -0.6821 0.0000</float_array>
          <technique_common>
            <accessor source="#portal_arc_a999-mesh-normals-array" count="3384" stride="3">
              <param name="X" type="float"/>
              <param name="Y" type="float"/>
              <param name="Z" type="float"/>
            </accessor>
          </technique_common>
        </source>
        <source id="portal_arc_a999-mesh-map-0">
          <float_array id="portal_arc_a999-mesh-map-0-array" count="6768">0 0 0 0 0 0 0 0 0 0 0 0 0 0 0 0 0 0 0 0 0 0 0 0 0 0 0 0 0 0 0 0 0 0 0 0 0 0 0 0 0 0 0 0 0 0 0 0 0 0 0 0 0 0 0 0 0 0 0 0 0 0 0 0 0 0 0 0 0 0 0 0 0 0 0 0 0 0 0 0 0 0 0 0 0 0 0 0 0 0 0 0 0 0 0 0 0 0 0 0 0 0 0 0 0 0 0 0 0 0 0 0 0 0 0 0 0 0 0 0 0 0 0 0 0 0 0 0 0 0 0 0 0 0 0 0 0 0 0 0 0 0 0 0 0 0 0 0 0 0 0 0 0 0 0 0 0 0 0 0 0 0 0 0 0 0 0 0 0 0 0 0 0 0 0 0 0 0 0 0 0 0 0 0 0 0 0 0 0 0 0 0 0 0 0 0 0 0 0 0 0 0 0 0 0 0 0 0 0 0 0 0 0 0 0 0 0 0 0 0 0 0 0 0 0 0 0 0 0 0 0 0 0 0 0 0 0 0 0 0 0 0 0 0 0 0 0 0 0 0 0 0 0 0 0 0 0 0 0 0 0 0 0 0 0 0 0 0 0 0 0 0 0 0 0 0 0 0 0 0 0 0 0 0 0 0 0 0 0 0 0 0 0 0 0 0 0 0 0 0 0 0 0 0 0 0 0 0 0 0 0 0 0 0 0 0 0 0 0 0 0 0 0 0 0 0 0 0 0 0 0 0 0 0 0 0 0 0 0 0 0 0 0 0 0 0 0 0 0 0 0 0 0 0 0 0 0 0 0 0 0 0 0 0 0 0 0 0 0 0 0 0 0 0 0 0 0 0 0 0 0 0 0 0 0 0 0 0 0 0 0 0 0 0 0 0 0 0 0 0 0 0 0 0 0 0 0 0 0 0 0 0 0 0 0 0 0 0 0 0 0 0 0 0 0 0 0 0 0 0 0 0 0 0 0 0 0 0 0 0 0 0 0 0 0 0 0 0 0 0 0 0 0 0 0 0 0 0 0 0 0 0 0 0 0 0 0 0 0 0 0 0 0 0 0 0 0 0 0 0 0 0 0 0 0 0 0 0 0 0 0 0 0 0 0 0 0 0 0 0 0 0 0 0 0 0 0 0 0 0 0 0 0 0 0 0 0 0 0 0 0 0 0 0 0 0 0 0 0 0 0 0 0 0 0 0 0 0 0 0 0 0 0 0 0 0 0 0 0 0 0 0 0 0 0 0 0 0 0 0 0 0 0 0 0 0 0 0 0 0 0 0 0 0 0 0 0 0 0 0 0 0 0 0 0 0 0 0 0 0 0 0 0 0 0 0 0 0 0 0 0 0 0 0 0 0 0 0 0 0 0 0 0 0 0 0 0 0 0 0 0 0 0 0 0 0 0 0 0 0 0 0 0 0 0 0 0 0 0 0 0 0 0 0 0 0 0 0 0 0 0 0 0 0 0 0 0 0 0 0 0 0 0 0 0 0 0 0 0 0 0 0 0 0 0 0 0 0 0 0 0 0 0 0 0 0 0 0 0 0 0 0 0 0 0 0 0 0 0 0 0 0 0 0 0 0 0 0 0 0 0 0 0 0 0 0 0 0 0 0 0 0 0 0 0 0 0 0 0 0 0 0 0 0 0 0 0 0 0 0 0 0 0 0 0 0 0 0 0 0 0 0 0 0 0 0 0 0 0 0 0 0 0 0 0 0 0 0 0 0 0 0 0 0 0 0 0 0 0 0 0 0 0 0 0 0 0 0 0 0 0 0 0 0 0 0 0 0 0 0 0 0 0 0 0 0 0 0 0 0 0 0 0 0 0 0 0 0 0 0 0 0 0 0 0 0 0 0 0 0 0 0 0 0 0 0 0 0 0 0 0 0 0 0 0 0 0 0 0 0 0 0 0 0 0 0 0 0 0 0 0 0 0 0 0 0 0 0 0 0 0 0 0 0 0 0 0 0 0 0 0 0 0 0 0 0 0 0 0 0 0 0 0 0 0 0 0 0 0 0 0 0 0 0 0 0 0 0 0 0 0 0 0 0 0 0 0 0 0 0 0 0 0 0 0 0 0 0 0 0 0 0 0 0 0 0 0 0 0 0 0 0 0 0 0 0 0 0 0 0 0 0 0 0 0 0 0 0 0 0 0 0 0 0 0 0 0 0 0 0 0 0 0 0 0 0 0 0 0 0 0 0 0 0 0 0 0 0 0 0 0 0 0 0 0 0 0 0 0 0 0 0 0 0 0 0 0 0 0 0 0 0 0 0 0 0 0 0 0 0 0 0 0 0 0 0 0 0 0 0 0 0 0 0 0 0 0 0 0 0 0 0 0 0 0 0 0 0 0 0 0 0 0 0 0 0 0 0 0 0 0 0 0 0 0 0 0 0 0 0 0 0 0 0 0 0 0 0 0 0 0 0 0 0 0 0 0 0 0 0 0 0 0 0 0 0 0 0 0 0 0 0 0 0 0 0 0 0 0 0 0 0 0 0 0 0 0 0 0 0 0 0 0 0 0 0 0 0 0 0 0 0 0 0 0 0 0 0 0 0 0 0 0 0 0 0 0 0 0 0 0 0 0 0 0 0 0 0 0 0 0 0 0 0 0 0 0 0 0 0 0 0 0 0 0 0 0 0 0 0 0 0 0 0 0 0 0 0 0 0 0 0 0 0 0 0 0 0 0 0 0 0 0 0 0 0 0 0 0 0 0 0 0 0 0 0 0 0 0 0 0 0 0 0 0 0 0 0 0 0 0 0 0 0 0 0 0 0 0 0 0 0 0 0 0 0 0 0 0 0 0 0 0 0 0 0 0 0 0 0 0 0 0 0 0 0 0 0 0 0 0 0 0 0 0 0 0 0 0 0 0 0 0 0 0 0 0 0 0 0 0 0 0 0 0 0 0 0 0 0 0 0 0 0 0 0 0 0 0 0 0 0 0 0 0 0 0 0 0 0 0 0 0 0 0 0 0 0 0 0 0 0 0 0 0 0 0 0 0 0 0 0 0 0 0 0 0 0 0 0 0 0 0 0 0 0 0 0 0 0 0 0 0 0 0 0 0 0 0 0 0 0 0 0 0 0 0 0 0 0 0 0 0 0 0 0 0 0 0 0 0 0 0 0 0 0 0 0 0 0 0 0 0 0 0 0 0 0 0 0 0 0 0 0 0 0 0 0 0 0 0 0 0 0 0 0 0 0 0 0 0 0 0 0 0 0 0 0 0 0 0 0 0 0 0 0 0 0 0 0 0 0 0 0 0 0 0 0 0 0 0 0 0 0 0 0 0 0 0 0 0 0 0 0 0 0 0 0 0 0 0 0 0 0 0 0 0 0 0 0 0 0 0 0 0 0 0 0 0 0 0 0 0 0 0 0 0 0 0 0 0 0 0 0 0 0 0 0 0 0 0 0 0 0 0 0 0 0 0 0 0 0 0 0 0 0 0 0 0 0 0 0 0 0 0 0 0 0 0 0 0 0 0 0 0 0 0 0 0 0 0 0 0 0 0 0 0 0 0 0 0 0 0 0 0 0 0 0 0 0 0 0 0 0 0 0 0 0 0 0 0 0 0 0 0 0 0 0 0 0 0 0 0 0 0 0 0 0 0 0 0 0 0 0 0 0 0 0 0 0 0 0 0 0 0 0 0 0 0 0 0 0 0 0 0 0 0 0 0 0 0 0 0 0 0 0 0 0 0 0 0 0 0 0 0 0 0 0 0 0 0 0 0 0 0 0 0 0 0 0 0 0 0 0 0 0 0 0 0 0 0 0 0 0 0 0 0 0 0 0 0 0 0 0 0 0 0 0 0 0 0 0 0 0 0 0 0 0 0 0 0 0 0 0 0 0 0 0 0 0 0 0 0 0 0 0 0 0 0 0 0 0 0 0 0 0 0 0 0 0 0 0 0 0 0 0 0 0 0 0 0 0 0 0 0 0 0 0 0 0 0 0 0 0 0 0 0 0 0 0 0 0 0 0 0 0 0 0 0 0 0 0 0 0 0 0 0 0 0 0 0 0 0 0 0 0 0 0 0 0 0 0 0 0 0 0 0 0 0 0 0 0 0 0 0 0 0 0 0 0 0 0 0 0 0 0 0 0 0 0 0 0 0 0 0 0 0 0 0 0 0 0 0 0 0 0 0 0 0 0 0 0 0 0 0 0 0 0 0 0 0 0 0 0 0 0 0 0 0 0 0 0 0 0 0 0 0 0 0 0 0 0 0 0 0 0 0 0 0 0 0 0 0 0 0 0 0 0 0 0 0 0 0 0 0 0 0 0 0 0 0 0 0 0 0 0 0 0 0 0 0 0 0 0 0 0 0 0 0 0 0 0 0 0 0 0 0 0 0 0 0 0 0 0 0 0 0 0 0 0 0 0 0 0 0 0 0 0 0 0 0 0 0 0 0 0 0 0 0 0 0 0 0 0 0 0 0 0 0 0 0 0 0 0 0 0 0 0 0 0 0 0 0 0 0 0 0 0 0 0 0 0 0 0 0 0 0 0 0 0 0 0 0 0 0 0 0 0 0 0 0 0 0 0 0 0 0 0 0 0 0 0 0 0 0 0 0 0 0 0 0 0 0 0 0 0 0 0 0 0 0 0 0 0 0 0 0 0 0 0 0 0 0 0 0 0 0 0 0 0 0 0 0 0 0 0 0 0 0 0 0 0 0 0 0 0 0 0 0 0 0 0 0 0 0 0 0 0 0 0 0 0 0 0 0 0 0 0 0 0 0 0 0 0 0 0 0 0 0 0 0 0 0 0 0 0 0 0 0 0 0 0 0 0 0 0 0 0 0 0 0 0 0 0 0 0 0 0 0 0 0 0 0 0 0 0 0 0 0 0 0 0 0 0 0 0 0 0 0 0 0 0 0 0 0 0 0 0 0 0 0 0 0 0 0 0 0 0 0 0 0 0 0 0 0 0 0 0 0 0 0 0 0 0 0 0 0 0 0 0 0 0 0 0 0 0 0 0 0 0 0 0 0 0 0 0 0 0 0 0 0 0 0 0 0 0 0 0 0 0 0 0 0 0 0 0 0 0 0 0 0 0 0 0 0 0 0 0 0 0 0 0 0 0 0 0 0 0 0 0 0 0 0 0 0 0 0 0 0 0 0 0 0 0 0 0 0 0 0 0 0 0 0 0 0 0 0 0 0 0 0 0 0 0 0 0 0 0 0 0 0 0 0 0 0 0 0 0 0 0 0 0 0 0 0 0 0 0 0 0 0 0 0 0 0 0 0 0 0 0 0 0 0 0 0 0 0 0 0 0 0 0 0 0 0 0 0 0 0 0 0 0 0 0 0 0 0 0 0 0 0 0 0 0 0 0 0 0 0 0 0 0 0 0 0 0 0 0 0 0 0 0 0 0 0 0 0 0 0 0 0 0 0 0 0 0 0 0 0 0 0 0 0 0 0 0 0 0 0 0 0 0 0 0 0 0 0 0 0 0 0 0 0 0 0 0 0 0 0 0 0 0 0 0 0 0 0 0 0 0 0 0 0 0 0 0 0 0 0 0 0 0 0 0 0 0 0 0 0 0 0 0 0 0 0 0 0 0 0 0 0 0 0 0 0 0 0 0 0 0 0 0 0 0 0 0 0 0 0 0 0 0 0 0 0 0 0 0 0 0 0 0 0 0 0 0 0 0 0 0 0 0 0 0 0 0 0 0 0 0 0 0 0 0 0 0 0 0 0 0 0 0 0 0 0 0 0 0 0 0 0 0 0 0 0 0 0 0 0 0 0 0 0 0 0 0 0 0 0 0 0 0 0 0 0 0 0 0 0 0 0 0 0 0 0 0 0 0 0 0 0 0 0 0 0 0 0 0 0 0 0 0 0 0 0 0 0 0 0 0 0 0 0 0 0 0 0 0 0 0 0 0 0 0 0 0 0 0 0 0 0 0 0 0 0 0 0 0 0 0 0 0 0 0 0 0 0 0 0 0 0 0 0 0 0 0 0 0 0 0 0 0 0 0 0 0 0 0 0 0 0 0 0 0 0 0 0 0 0 0 0 0 0 0 0 0 0 0 0 0 0 0 0 0 0 0 0 0 0 0 0 0 0 0 0 0 0 0 0 0 0 0 0 0 0 0 0 0 0 0 0 0 0 0 0 0 0 0 0 0 0 0 0 0 0 0 0 0 0 0 0 0 0 0 0 0 0 0 0 0 0 0 0 0 0 0 0 0 0 0 0 0 0 0 0 0 0 0 0 0 0 0 0 0 0 0 0 0 0 0 0 0 0 0 0 0 0 0 0 0 0 0 0 0 0 0 0 0 0 0 0 0 0 0 0 0 0 0 0 0 0 0 0 0 0 0 0 0 0 0 0 0 0 0 0 0 0 0 0 0 0 0 0 0 0 0 0 0 0 0 0 0 0 0 0 0 0 0 0 0 0 0 0 0 0 0 0 0 0 0 0 0 0 0 0 0 0 0 0 0 0 0 0 0 0 0 0 0 0 0 0 0 0 0 0 0 0 0 0 0 0 0 0 0 0 0 0 0 0 0 0 0 0 0 0 0 0 0 0 0 0 0 0 0 0 0 0 0 0 0 0 0 0 0 0 0 0 0 0 0 0 0 0 0 0 0 0 0 0 0 0 0 0 0 0 0 0 0 0 0 0 0 0 0 0 0 0 0 0 0 0 0 0 0 0 0 0 0 0 0 0 0 0 0 0 0 0 0 0 0 0 0 0 0 0 0 0 0 0 0 0 0 0 0 0 0 0 0 0 0 0 0 0 0 0 0 0 0 0 0 0 0 0 0 0 0 0 0 0 0 0 0 0 0 0 0 0 0 0 0 0 0 0 0 0 0 0 0 0 0 0 0 0 0 0 0 0 0 0 0 0 0 0 0 0 0 0 0 0 0 0 0 0 0 0 0 0 0 0 0 0 0 0 0 0 0 0 0 0 0 0 0 0 0 0 0 0 0 0 0 0 0 0 0 0 0 0 0 0 0 0 0 0 0 0 0 0 0 0 0 0 0 0 0 0 0 0 0 0 0 0 0 0 0 0 0 0 0 0 0 0 0 0 0 0 0 0 0 0 0 0 0 0 0 0 0 0 0 0 0 0 0 0 0 0 0 0 0 0 0 0 0 0 0 0 0 0 0 0 0 0 0 0 0 0 0 0 0 0 0 0 0 0 0 0 0 0 0 0 0 0 0 0 0 0 0 0 0 0 0 0 0 0 0 0 0 0 0 0 0 0 0 0 0 0 0 0 0 0 0 0 0 0 0 0 0 0 0 0 0 0 0 0 0 0 0 0 0 0 0 0 0 0 0 0 0 0 0 0 0 0 0 0 0 0 0 0 0 0 0 0 0 0 0 0 0 0 0 0 0 0 0 0 0 0 0 0 0 0 0 0 0 0 0 0 0 0 0 0 0 0 0 0 0 0 0 0 0 0 0 0 0 0 0 0 0 0 0 0 0 0 0 0 0 0 0 0 0 0 0 0 0 0 0 0 0 0 0 0 0 0 0 0 0 0 0 0 0 0 0 0 0 0 0 0 0 0 0 0 0 0 0 0 0 0 0 0 0 0 0 0 0 0 0 0 0 0 0 0 0 0 0 0 0 0 0 0 0 0 0 0 0 0 0 0 0 0 0 0 0 0 0 0 0 0 0 0 0 0 0 0 0 0 0 0 0 0 0 0 0 0 0 0 0 0 0 0 0 0 0 0 0 0 0 0 0 0 0 0 0 0 0 0 0 0 0 0 0 0 0 0 0 0 0 0 0 0 0 0 0 0 0 0 0 0 0 0 0 0 0 0 0 0 0 0 0 0 0 0 0 0 0 0 0 0 0 0 0 0 0 0 0 0 0 0 0 0 0 0 0 0 0 0 0 0 0 0 0 0 0 0 0 0 0 0 0 0 0 0 0 0 0 0 0 0 0 0 0 0 0 0 0 0 0 0 0 0 0 0 0 0 0 0 0 0 0 0 0 0 0 0 0 0 0 0 0 0 0 0 0 0 0 0 0 0 0 0 0 0 0 0 0 0 0 0 0 0 0 0 0 0 0 0 0 0 0 0 0 0 0 0 0 0 0 0 0 0 0 0 0 0 0 0 0 0 0 0 0 0 0 0 0 0 0 0 0 0 0 0 0 0 0 0 0 0 0 0 0 0 0 0 0 0 0 0 0 0 0 0 0 0 0 0 0 0 0 0 0 0 0 0 0 0 0 0 0 0 0 0 0 0 0 0 0 0 0 0 0 0 0 0 0 0 0 0 0 0 0 0 0 0 0 0 0 0 0 0 0 0 0 0 0 0 0 0 0 0 0 0 0 0 0 0 0 0 0 0 0 0 0 0 0 0 0 0 0 0 0 0 0 0 0 0 0 0 0 0 0 0 0 0 0 0 0 0 0 0 0 0 0 0 0 0 0 0 0 0 0 0 0 0 0 0 0 0 0 0 0 0 0 0 0 0 0 0 0 0 0 0 0 0 0 0 0 0 0 0 0 0 0 0 0 0 0 0 0 0 0 0 0 0 0 0 0 0 0 0 0 0 0 0 0 0 0 0 0 0 0 0 0 0 0 0 0 0 0 0 0 0 0 0 0 0 0 0 0 0 0 0 0 0 0 0 0 0 0 0 0 0 0 0 0 0 0 0 0 0 0 0 0 0 0 0 0 0 0 0 0 0 0 0 0 0 0 0 0 0 0 0 0 0 0 0 0 0 0 0 0 0 0 0 0 0 0 0 0 0 0 0 0 0 0 0 0 0 0 0 0 0 0 0 0 0 0 0 0 0 0 0 0 0 0 0 0 0 0 0 0 0 0 0 0 0 0 0 0 0 0 0 0 0 0 0 0 0 0 0 0 0 0 0 0 0 0 0 0 0 0 0 0 0 0 0 0 0 0 0 0 0 0 0 0 0 0 0 0 0 0 0 0 0 0 0 0 0 0 0 0 0 0 0 0 0 0 0 0 0 0 0 0 0 0 0 0 0 0 0 0 0 0 0 0 0 0 0 0 0 0 0 0 0 0 0 0 0 0 0 0 0 0 0 0 0 0 0 0 0 0 0 0 0 0 0 0 0 0 0 0 0 0 0 0 0 0 0 0 0 0 0 0 0 0 0 0 0 0 0 0 0 0 0 0 0 0 0 0 0 0 0 0 0 0 0 0 0 0 0 0 0 0 0 0 0 0 0 0 0 0 0 0 0 0 0 0 0 0 0 0 0 0 0 0 0 0 0 0 0 0 0 0 0 0 0 0 0 0 0 0 0 0 0 0 0 0 0 0 0 0 0 0 0 0 0 0 0 0 0 0 0 0 0 0 0 0 0 0 0 0 0 0 0 0 0 0 0 0 0 0 0 0 0 0 0 0 0 0 0 0 0 0 0 0 0 0 0 0 0 0 0 0 0 0 0 0 0 0 0 0 0 0 0 0 0 0 0 0 0 0 0 0 0 0 0 0 0 0 0 0 0 0 0 0 0 0 0 0 0 0 0 0 0 0 0 0 0 0 0 0 0 0 0 0 0 0 0 0 0 0 0 0 0 0 0 0 0 0 0 0 0 0 0 0 0 0 0 0 0 0 0 0 0 0 0 0 0 0 0 0 0 0 0 0 0 0 0 0 0 0 0 0 0 0 0 0 0 0 0 0 0 0 0 0 0 0 0 0 0 0 0 0 0 0 0 0 0 0 0 0 0 0 0 0 0 0 0 0 0 0 0 0 0 0 0 0 0 0 0 0 0 0 0 0 0 0 0 0 0 0 0 0 0 0 0 0 0 0 0 0 0 0 0 0 0 0 0 0 0 0 0 0 0 0 0 0 0 0 0 0 0 0 0 0 0 0 0 0 0 0 0 0 0 0 0 0 0 0 0 0 0 0 0 0 0 0 0 0 0 0 0 0 0 0 0 0 0 0 0 0 0 0 0 0 0 0 0 0 0 0 0 0 0 0 0 0 0 0 0 0 0 0 0 0 0 0 0 0 0 0 0 0 0 0 0 0 0 0 0 0 0 0 0 0 0 0 0 0 0 0 0 0 0 0 0 0 0 0 0 0 0 0 0 0 0 0 0 0 0 0 0 0 0 0 0 0 0 0 0 0 0 0 0 0 0 0 0 0 0 0 0 0 0 0 0 0 0 0 0 0 0 0 0 0 0 0 0 0 0 0 0 0 0 0 0 0 0 0 0 0 0 0 0 0 0 0 0 0 0 0 0 0 0 0 0 0 0 0 0 0 0 0 0 0 0 0 0 0 0 0 0 0 0 0 0 0 0 0 0 0 0 0 0 0 0 0 0 0 0 0 0 0 0 0 0 0 0 0 0 0 0 0 0 0 0 0 0 0 0 0 0 0 0 0 0 0 0 0 0 0 0 0 0 0 0 0 0 0 0 0 0 0 0 0 0 0 0 0 0 0 0 0 0 0 0 0 0 0 0 0 0 0 0 0 0 0 0 0 0 0 0 0 0 0 0 0 0 0 0 0 0 0 0 0 0 0 0 0 0 0 0 0 0 0 0 0 0 0 0 0 0 0 0 0 0 0 0 0 0 0 0 0 0 0 0 0 0 0 0 0 0 0 0 0 0 0 0 0 0 0 0 0 0 0 0 0 0 0 0 0 0 0 0 0 0 0 0 0 0 0 0 0 0 0 0 0 0 0 0 0 0 0 0 0 0 0 0 0 0 0 0 0 0 0 0 0 0 0 0 0 0 0 0 0 0 0 0 0 0 0 0 0 0 0 0 0 0 0 0 0 0 0 0 0 0 0 0 0 0 0 0 0 0 0 0 0 0 0 0 0 0 0 0 0 0 0 0 0 0 0 0 0 0 0 0 0 0 0 0 0 0 0 0 0 0 0 0 0 0 0 0 0 0 0 0 0 0 0 0 0 0 0 0 0 0 0 0 0 0 0 0 0 0 0 0 0 0 0 0 0 0 0 0 0 0 0 0 0 0 0 0 0 0 0 0 0 0 0 0 0 0 0 0 0 0 0 0 0 0 0 0 0 0 0 0 0 0 0 0 0 0 0 0 0 0 0 0 0 0 0 0 0 0 0 0 0 0 0 0 0 0 0 0 0 0 0 0 0 0 0 0 0 0 0 0 0 0 0 0 0 0 0 0 0 0 0 0 0 0 0 0 0 0 0 0 0 0 0 0 0 0 0 0 0 0 0 0 0 0 0 0 0 0 0 0 0 0 0 0 0 0 0 0 0 0 0 0 0 0 0 0 0 0 0 0 0 0 0 0 0 0 0 0 0 0 0 0 0 0 0 0 0 0 0 0 0 0 0 0 0 0 0 0 0 0 0 0 0 0 0 0 0 0 0 0 0 0 0 0 0 0 0 0 0 0 0 0 0 0 0 0 0 0 0 0 0 0 0 0 0 0 0 0 0 0 0 0 0 0 0 0 0 0 0 0 0 0 0 0 0 0 0 0 0 0 0 0 0 0 0 0 0 0 0 0 0 0 0 0 0 0 0 0 0 0 0 0 0 0 0 0 0 0 0 0 0 0 0 0 0 0 0 0 0 0 0 0 0 0 0 0 0 0 0 0 0 0 0 0 0 0 0 0 0 0 0 0 0 0 0 0 0 0 0 0 0 0 0 0 0 0 0 0 0 0 0 0 0 0 0 0 0 0 0 0 0 0 0 0 0 0 0 0 0 0 0 0 0 0 0 0 0 0 0 0 0 0 0 0 0 0 0 0 0 0 0 0 0 0 0 0 0 0 0 0 0 0 0 0 0 0 0 0 0 0 0 0 0 0 0 0 0 0 0 0 0 0 0 0 0 0 0 0 0 0 0 0 0 0 0 0 0 0 0 0 0 0 0 0 0 0 0 0 0 0 0 0 0 0 0 0 0 0 0 0 0 0 0 0 0 0 0 0 0 0 0 0 0 0 0 0 0 0 0 0 0 0 0 0 0 0 0 0 0 0 0 0 0 0 0 0 0 0 0 0 0 0 0 0 0 0 0 0 0 0 0 0 0 0 0 0 0 0 0 0 0 0 0 0 0 0 0 0 0 0 0 0 0 0 0 0 0 0 0 0 0 0 0 0 0 0 0 0 0 0 0 0 0 0 0 0 0 0 0 0 0 0 0 0 0 0 0 0 0 0 0 0 0 0 0 0 0 0 0 0 0 0 0 0 0 0 0 0 0 0 0 0 0 0 0 0 0 0 0 0 0 0 0 0 0 0 0 0 0 0 0 0 0 0 0 0 0 0 0 0 0 0 0 0 0 0 0 0 0 0 0 0 0 0 0 0 0 0 0 0 0 0 0 0 0 0 0 0 0 0 0 0 0 0 0 0 0 0 0 0 0 0 0 0 0 0 0 0 0 0 0 0 0 0 0 0 0 0 0 0 0 0 0 0 0 0 0 0 0 0 0 0 0 0 0 0 0 0 0 0 0 0 0 0 0 0 0 0 0 0 0 0 0 0 0 0 0 0 0 0 0 0 0 0 0 0 0 0 0 0 0 0 0 0 0 0 0 0 0 0 0 0 0 0 0 0 0 0 0 0 0 0 0 0 0 0 0 0 0 0 0 0 0 0 0 0 0 0 0 0 0 0 0 0 0 0 0 0 0 0 0 0 0 0 0 0 0 0 0 0 0 0 0 0 0 0 0 0 0 0 0 0 0 0 0 0 0 0 0 0 0 0 0 0 0 0 0 0 0 0 0 0 0 0 0 0 0 0 0 0 0 0 0 0 0 0 0 0 0 0 0 0 0 0 0 0 0 0 0 0 0 0 0 0 0 0 0 0 0 0 0 0 0 0 0 0 0 0 0 0 0 0 0 0 0 0 0 0 0 0 0 0 0 0 0 0 0 0 0 0 0 0 0 0 0 0 0 0 0 0 0 0 0 0 0 0 0 0 0 0 0 0 0 0 0 0 0 0 0 0 0 0 0 0 0 0 0 0 0 0 0 0 0 0 0 0 0 0 0 0 0 0 0 0 0 0 0 0 0 0 0 0 0 0 0 0 0 0 0 0 0 0 0 0 0 0 0 0 0 0 0 0 0 0 0 0 0 0 0 0 0 0 0 0 0 0 0 0 0 0 0 0 0 0 0 0 0 0 0 0 0 0 0 0 0 0 0 0 0 0 0 0 0 0 0 0 0 0 0 0 0 0 0 0 0 0 0 0 0 0 0 0 0 0 0 0 0 0 0 0 0 0 0 0 0 0 0 0 0 0 0 0 0 0 0 0 0 0 0 0 0 0 0 0 0 0 0 0 0 0 0 0 0 0 0 0 0 0 0 0 0 0 0 0 0 0 0 0 0 0 0 0 0 0 0 0 0 0 0 0 0 0 0 0 0 0 0 0 0 0 0 0 0 0 0 0 0 0 0 0 0 0 0 0 0 0 0 0 0 0 0 0 0 0 0 0 0 0 0 0 0 0 0 0 0 0 0 0 0 0 0 0 0 0 0 0 0 0 0 0 0 0 0 0 0 0 0 0 0 0 0 0 0 0 0 0 0 0 0 0 0 0 0 0 0 0 0 0 0 0 0 0 0 0 0 0 0 0 0 0 0 0 0 0 0 0 0 0 0 0 0 0 0 0 0 0 0 0 0 0 0 0 0 0 0 0 0 0 0 0 0 0 0 0 0 0 0 0 0 0 0 0 0 0 0 0 0 0 0 0 0 0 0 0 0 0 0 0 0 0 0 0 0 0 0 0 0 0 0 0 0 0 0 0 0 0 0 0 0 0 0 0 0 0 0 0 0 0 0 0 0 0 0 0 0 0 0 0 0 0 0 0 0 0 0 0 0 0 0 0 0 0 0 0 0 0 0 0 0 0 0 0 0 0 0 0 0 0 0 0 0 0 0 0 0 0 0 0 0 0 0 0 0 0 0 0 0 0 0 0 0 0 0 0 0 0 0 0 0 0 0 0 0 0 0 0 0 0 0 0 0 0 0 0 0 0 0 0 0 0 0 0 0 0 0 0 0 0 0 0 0 0 0 0 0 0 0 0 0 0 0 0 0 0 0 0 0 0 0 0 0 0 0 0 0 0 0 0 0 0 0 0 0 0 0 0 0 0 0 0 0 0 0 0 0 0 0 0 0 0 0 0 0 0 0 0 0 0 0 0 0 0 0 0 0 0 0 0 0 0 0 0 0 0 0 0 0 0 0 0 0 0 0 0 0 0 0 0 0 0 0 0 0 0 0 0 0 0 0 0 0 0 0 0 0 0 0 0 0 0 0 0 0 0 0 0 0 0 0 0 0 0 0 0 0 0 0 0 0 0 0 0 0 0 0 0 0 0 0 0 0 0 0 0 0 0 0 0 0 0 0 0 0 0 0 0 0 0 0 0 0 0 0 0 0 0 0 0 0 0 0 0 0 0 0 0 0 0 0 0 0 0 0 0 0 0 0 0 0 0 0 0 0 0 0 0 0 0 0 0 0 0 0 0 0 0 0 0 0 0 0 0 0 0 0 0 0 0 0 0 0 0 0 0 0 0 0 0 0 0 0 0 0 0 0 0 0 0 0 0 0 0 0 0 0 0 0 0 0 0 0 0 0 0 0 0 0 0 0 0 0 0 0 0 0 0 0 0 0 0 0 0 0 0 0 0 0 0 0 0 0 0 0 0 0 0 0 0 0 0 0 0 0 0 0 0 0 0 0 0 0 0 0 0 0 0 0 0 0 0 0 0 0 0 0 0 0 0 0 0 0 0 0 0 0 0 0 0 0 0 0 0 0 0 0 0 0 0 0 0 0 0 0 0 0 0 0 0 0 0 0 0 0 0 0 0 0 0 0 0 0 0 0 0 0 0 0 0 0 0 0 0 0 0 0 0 0 0 0 0 0 0 0 0 0 0 0 0 0 0 0 0 0 0 0 0 0 0 0 0 0 0 0 0 0 0 0 0 0 0 0 0 0 0 0 0 0 0 0 0 0 0 0 0 0 0 0 0 0 0 0 0 0 0 0 0 0 0 0 0 0 0 0 0 0 0 0 0 0 0 0 0 0 0 0 0 0 0 0 0 0 0 0 0 0 0 0 0 0 0 0 0 0 0 0 0 0 0 0 0 0 0 0 0 0 0 0 0 0 0 0 0 0 0 0 0 0 0 0 0 0 0 0 0 0 0 0 0 0 0 0 0 0 0 0 0 0 0 0 0 0 0 0 0 0 0 0 0 0 0 0 0 0 0 0 0 0 0 0 0 0 0 0 0 0 0 0 0 0 0 0 0 0 0 0 0 0 0 0 0 0 0 0 0 0 0 0 0 0 0 0 0 0 0 0</float_array>
          <technique_common>
            <accessor source="#portal_arc_a999-mesh-map-0-array" count="3384" stride="2">
              <param name="S" type="float"/>
              <param name="T" type="float"/>
            </accessor>
          </technique_common>
        </source>
        <vertices id="portal_arc_a999-mesh-vertices">
          <input semantic="POSITION" source="#portal_arc_a999-mesh-positions"/>
        </vertices>
        <triangles material="portal_arc" count="1128">
          <input semantic="VERTEX" source="#portal_arc_a999-mesh-vertices" offset="0"/>
          <input semantic="NORMAL" source="#portal_arc_a999-mesh-normals" offset="0"/>
          <input semantic="TEXCOORD" source="#portal_arc_a999-mesh-map-0" offset="0" set="0"/>
          <p>0 1 2 3 4 5 6 7 8 9 10 11 12 13 14 15 16 17 18 19 20 21 22 23 24 25 26 27 28 29 30 31 32 33 34 35 36 37 38 39 40 41 42 43 44 45 46 47 48 49 50 51 52 53 54 55 56 57 58 59 60 61 62 63 64 65 66 67 68 69 70 71 72 73 74 75 76 77 78 79 80 81 82 83 84 85 86 87 88 89 90 91 92 93 94 95 96 97 98 99 100 101 102 103 104 105 106 107 108 109 110 111 112 113 114 115 116 117 118 119 120 121 122 123 124 125 126 127 128 129 130 131 132 133 134 135 136 137 138 139 140 141 142 143 144 145 146 147 148 149 150 151 152 153 154 155 156 157 158 159 160 161 162 163 164 165 166 167 168 169 170 171 172 173 174 175 176 177 178 179 180 181 182 183 184 185 186 187 188 189 190 191 192 193 194 195 196 197 198 199 200 201 202 203 204 205 206 207 208 209 210 211 212 213 214 215 216 217 218 219 220 221 222 223 224 225 226 227 228 229 230 231 232 233 234 235 236 237 238 239 240 241 242 243 244 245 246 247 248 249 250 251 252 253 254 255 256 257 258 259 260 261 262 263 264 265 266 267 268 269 270 271 272 273 274 275 276 277 278 279 280 281 282 283 284 285 286 287 288 289 290 291 292 293 294 295 296 297 298 299 300 301 302 303 304 305 306 307 308 309 310 311 312 313 314 315 316 317 318 319 320 321 322 323 324 325 326 327 328 329 330 331 332 333 334 335 336 337 338 339 340 341 342 343 344 345 346 347 348 349 350 351 352 353 354 355 356 357 358 359 360 361 362 363 364 365 366 367 368 369 370 371 372 373 374 375 376 377 378 379 380 381 382 383 384 385 386 387 388 389 390 391 392 393 394 395 396 397 398 399 400 401 402 403 404 405 406 407 408 409 410 411 412 413 414 415 416 417 418 419 420 421 422 423 424 425 426 427 428 429 430 431 432 433 434 435 436 437 438 439 440 441 442 443 444 445 446 447 448 449 450 451 452 453 454 455 456 457 458 459 460 461 462 463 464 465 466 467 468 469 470 471 472 473 474 475 476 477 478 479 480 481 482 483 484 485 486 487 488 489 490 491 492 493 494 495 496 497 498 499 500 501 502 503 504 505 506 507 508 509 510 511 512 513 514 515 516 517 518 519 520 521 522 523 524 525 526 527 528 529 530 531 532 533 534 535 536 537 538 539 540 541 542 543 544 545 546 547 548 549 550 551 552 553 554 555 556 557 558 559 560 561 562 563 564 565 566 567 568 569 570 571 572 573 574 575 576 577 578 579 580 581 582 583 584 585 586 587 588 589 590 591 592 593 594 595 596 597 598 599 600 601 602 603 604 605 606 607 608 609 610 611 612 613 614 615 616 617 618 619 620 621 622 623 624 625 626 627 628 629 630 631 632 633 634 635 636 637 638 639 640 641 642 643 644 645 646 647 648 649 650 651 652 653 654 655 656 657 658 659 660 661 662 663 664 665 666 667 668 669 670 671 672 673 674 675 676 677 678 679 680 681 682 683 684 685 686 687 688 689 690 691 692 693 694 695 696 697 698 699 700 701 702 703 704 705 706 707 708 709 710 711 712 713 714 715 716 717 718 719 720 721 722 723 724 725 726 727 728 729 730 731 732 733 734 735 736 737 738 739 740 741 742 743 744 745 746 747 748 749 750 751 752 753 754 755 756 757 758 759 760 761 762 763 764 765 766 767 768 769 770 771 772 773 774 775 776 777 778 779 780 781 782 783 784 785 786 787 788 789 790 791 792 793 794 795 796 797 798 799 800 801 802 803 804 805 806 807 808 809 810 811 812 813 814 815 816 817 818 819 820 821 822 823 824 825 826 827 828 829 830 831 832 833 834 835 836 837 838 839 840 841 842 843 844 845 846 847 848 849 850 851 852 853 854 855 856 857 858 859 860 861 862 863 864 865 866 867 868 869 870 871 872 873 874 875 876 877 878 879 880 881 882 883 884 885 886 887 888 889 890 891 892 893 894 895 896 897 898 899 900 901 902 903 904 905 906 907 908 909 910 911 912 913 914 915 916 917 918 919 920 921 922 923 924 925 926 927 928 929 930 931 932 933 934 935 936 937 938 939 940 941 942 943 944 945 946 947 948 949 950 951 952 953 954 955 956 957 958 959 960 961 962 963 964 965 966 967 968 969 970 971 972 973 974 975 976 977 978 979 980 981 982 983 984 985 986 987 988 989 990 991 992 993 994 995 996 997 998 999 1000 1001 1002 1003 1004 1005 1006 1007 1008 1009 1010 1011 1012 1013 1014 1015 1016 1017 1018 1019 1020 1021 1022 1023 1024 1025 1026 1027 1028 1029 1030 1031 1032 1033 1034 1035 1036 1037 1038 1039 1040 1041 1042 1043 1044 1045 1046 1047 1048 1049 1050 1051 1052 1053 1054 1055 1056 1057 1058 1059 1060 1061 1062 1063 1064 1065 1066 1067 1068 1069 1070 1071 1072 1073 1074 1075 1076 1077 1078 1079 1080 1081 1082 1083 1084 1085 1086 1087 1088 1089 1090 1091 1092 1093 1094 1095 1096 1097 1098 1099 1100 1101 1102 1103 1104 1105 1106 1107 1108 1109 1110 1111 1112 1113 1114 1115 1116 1117 1118 1119 1120 1121 1122 1123 1124 1125 1126 1127 1128 1129 1130 1131 1132 1133 1134 1135 1136 1137 1138 1139 1140 1141 1142 1143 1144 1145 1146 1147 1148 1149 1150 1151 1152 1153 1154 1155 1156 1157 1158 1159 1160 1161 1162 1163 1164 1165 1166 1167 1168 1169 1170 1171 1172 1173 1174 1175 1176 1177 1178 1179 1180 1181 1182 1183 1184 1185 1186 1187 1188 1189 1190 1191 1192 1193 1194 1195 1196 1197 1198 1199 1200 1201 1202 1203 1204 1205 1206 1207 1208 1209 1210 1211 1212 1213 1214 1215 1216 1217 1218 1219 1220 1221 1222 1223 1224 1225 1226 1227 1228 1229 1230 1231 1232 1233 1234 1235 1236 1237 1238 1239 1240 1241 1242 1243 1244 1245 1246 1247 1248 1249 1250 1251 1252 1253 1254 1255 1256 1257 1258 1259 1260 1261 1262 1263 1264 1265 1266 1267 1268 1269 1270 1271 1272 1273 1274 1275 1276 1277 1278 1279 1280 1281 1282 1283 1284 1285 1286 1287 1288 1289 1290 1291 1292 1293 1294 1295 1296 1297 1298 1299 1300 1301 1302 1303 1304 1305 1306 1307 1308 1309 1310 1311 1312 1313 1314 1315 1316 1317 1318 1319 1320 1321 1322 1323 1324 1325 1326 1327 1328 1329 1330 1331 1332 1333 1334 1335 1336 1337 1338 1339 1340 1341 1342 1343 1344 1345 1346 1347 1348 1349 1350 1351 1352 1353 1354 1355 1356 1357 1358 1359 1360 1361 1362 1363 1364 1365 1366 1367 1368 1369 1370 1371 1372 1373 1374 1375 1376 1377 1378 1379 1380 1381 1382 1383 1384 1385 1386 1387 1388 1389 1390 1391 1392 1393 1394 1395 1396 1397 1398 1399 1400 1401 1402 1403 1404 1405 1406 1407 1408 1409 1410 1411 1412 1413 1414 1415 1416 1417 1418 1419 1420 1421 1422 1423 1424 1425 1426 1427 1428 1429 1430 1431 1432 1433 1434 1435 1436 1437 1438 1439 1440 1441 1442 1443 1444 1445 1446 1447 1448 1449 1450 1451 1452 1453 1454 1455 1456 1457 1458 1459 1460 1461 1462 1463 1464 1465 1466 1467 1468 1469 1470 1471 1472 1473 1474 1475 1476 1477 1478 1479 1480 1481 1482 1483 1484 1485 1486 1487 1488 1489 1490 1491 1492 1493 1494 1495 1496 1497 1498 1499 1500 1501 1502 1503 1504 1505 1506 1507 1508 1509 1510 1511 1512 1513 1514 1515 1516 1517 1518 1519 1520 1521 1522 1523 1524 1525 1526 1527 1528 1529 1530 1531 1532 1533 1534 1535 1536 1537 1538 1539 1540 1541 1542 1543 1544 1545 1546 1547 1548 1549 1550 1551 1552 1553 1554 1555 1556 1557 1558 1559 1560 1561 1562 1563 1564 1565 1566 1567 1568 1569 1570 1571 1572 1573 1574 1575 1576 1577 1578 1579 1580 1581 1582 1583 1584 1585 1586 1587 1588 1589 1590 1591 1592 1593 1594 1595 1596 1597 1598 1599 1600 1601 1602 1603 1604 1605 1606 1607 1608 1609 1610 1611 1612 1613 1614 1615 1616 1617 1618 1619 1620 1621 1622 1623 1624 1625 1626 1627 1628 1629 1630 1631 1632 1633 1634 1635 1636 1637 1638 1639 1640 1641 1642 1643 1644 1645 1646 1647 1648 1649 1650 1651 1652 1653 1654 1655 1656 1657 1658 1659 1660 1661 1662 1663 1664 1665 1666 1667 1668 1669 1670 1671 1672 1673 1674 1675 1676 1677 1678 1679 1680 1681 1682 1683 1684 1685 1686 1687 1688 1689 1690 1691 1692 1693 1694 1695 1696 1697 1698 1699 1700 1701 1702 1703 1704 1705 1706 1707 1708 1709 1710 1711 1712 1713 1714 1715 1716 1717 1718 1719 1720 1721 1722 1723 1724 1725 1726 1727 1728 1729 1730 1731 1732 1733 1734 1735 1736 1737 1738 1739 1740 1741 1742 1743 1744 1745 1746 1747 1748 1749 1750 1751 1752 1753 1754 1755 1756 1757 1758 1759 1760 1761 1762 1763 1764 1765 1766 1767 1768 1769 1770 1771 1772 1773 1774 1775 1776 1777 1778 1779 1780 1781 1782 1783 1784 1785 1786 1787 1788 1789 1790 1791 1792 1793 1794 1795 1796 1797 1798 1799 1800 1801 1802 1803 1804 1805 1806 1807 1808 1809 1810 1811 1812 1813 1814 1815 1816 1817 1818 1819 1820 1821 1822 1823 1824 1825 1826 1827 1828 1829 1830 1831 1832 1833 1834 1835 1836 1837 1838 1839 1840 1841 1842 1843 1844 1845 1846 1847 1848 1849 1850 1851 1852 1853 1854 1855 1856 1857 1858 1859 1860 1861 1862 1863 1864 1865 1866 1867 1868 1869 1870 1871 1872 1873 1874 1875 1876 1877 1878 1879 1880 1881 1882 1883 1884 1885 1886 1887 1888 1889 1890 1891 1892 1893 1894 1895 1896 1897 1898 1899 1900 1901 1902 1903 1904 1905 1906 1907 1908 1909 1910 1911 1912 1913 1914 1915 1916 1917 1918 1919 1920 1921 1922 1923 1924 1925 1926 1927 1928 1929 1930 1931 1932 1933 1934 1935 1936 1937 1938 1939 1940 1941 1942 1943 1944 1945 1946 1947 1948 1949 1950 1951 1952 1953 1954 1955 1956 1957 1958 1959 1960 1961 1962 1963 1964 1965 1966 1967 1968 1969 1970 1971 1972 1973 1974 1975 1976 1977 1978 1979 1980 1981 1982 1983 1984 1985 1986 1987 1988 1989 1990 1991 1992 1993 1994 1995 1996 1997 1998 1999 2000 2001 2002 2003 2004 2005 2006 2007 2008 2009 2010 2011 2012 2013 2014 2015 2016 2017 2018 2019 2020 2021 2022 2023 2024 2025 2026 2027 2028 2029 2030 2031 2032 2033 2034 2035 2036 2037 2038 2039 2040 2041 2042 2043 2044 2045 2046 2047 2048 2049 2050 2051 2052 2053 2054 2055 2056 2057 2058 2059 2060 2061 2062 2063 2064 2065 2066 2067 2068 2069 2070 2071 2072 2073 2074 2075 2076 2077 2078 2079 2080 2081 2082 2083 2084 2085 2086 2087 2088 2089 2090 2091 2092 2093 2094 2095 2096 2097 2098 2099 2100 2101 2102 2103 2104 2105 2106 2107 2108 2109 2110 2111 2112 2113 2114 2115 2116 2117 2118 2119 2120 2121 2122 2123 2124 2125 2126 2127 2128 2129 2130 2131 2132 2133 2134 2135 2136 2137 2138 2139 2140 2141 2142 2143 2144 2145 2146 2147 2148 2149 2150 2151 2152 2153 2154 2155 2156 2157 2158 2159 2160 2161 2162 2163 2164 2165 2166 2167 2168 2169 2170 2171 2172 2173 2174 2175 2176 2177 2178 2179 2180 2181 2182 2183 2184 2185 2186 2187 2188 2189 2190 2191 2192 2193 2194 2195 2196 2197 2198 2199 2200 2201 2202 2203 2204 2205 2206 2207 2208 2209 2210 2211 2212 2213 2214 2215 2216 2217 2218 2219 2220 2221 2222 2223 2224 2225 2226 2227 2228 2229 2230 2231 2232 2233 2234 2235 2236 2237 2238 2239 2240 2241 2242 2243 2244 2245 2246 2247 2248 2249 2250 2251 2252 2253 2254 2255 2256 2257 2258 2259 2260 2261 2262 2263 2264 2265 2266 2267 2268 2269 2270 2271 2272 2273 2274 2275 2276 2277 2278 2279 2280 2281 2282 2283 2284 2285 2286 2287 2288 2289 2290 2291 2292 2293 2294 2295 2296 2297 2298 2299 2300 2301 2302 2303 2304 2305 2306 2307 2308 2309 2310 2311 2312 2313 2314 2315 2316 2317 2318 2319 2320 2321 2322 2323 2324 2325 2326 2327 2328 2329 2330 2331 2332 2333 2334 2335 2336 2337 2338 2339 2340 2341 2342 2343 2344 2345 2346 2347 2348 2349 2350 2351 2352 2353 2354 2355 2356 2357 2358 2359 2360 2361 2362 2363 2364 2365 2366 2367 2368 2369 2370 2371 2372 2373 2374 2375 2376 2377 2378 2379 2380 2381 2382 2383 2384 2385 2386 2387 2388 2389 2390 2391 2392 2393 2394 2395 2396 2397 2398 2399 2400 2401 2402 2403 2404 2405 2406 2407 2408 2409 2410 2411 2412 2413 2414 2415 2416 2417 2418 2419 2420 2421 2422 2423 2424 2425 2426 2427 2428 2429 2430 2431 2432 2433 2434 2435 2436 2437 2438 2439 2440 2441 2442 2443 2444 2445 2446 2447 2448 2449 2450 2451 2452 2453 2454 2455 2456 2457 2458 2459 2460 2461 2462 2463 2464 2465 2466 2467 2468 2469 2470 2471 2472 2473 2474 2475 2476 2477 2478 2479 2480 2481 2482 2483 2484 2485 2486 2487 2488 2489 2490 2491 2492 2493 2494 2495 2496 2497 2498 2499 2500 2501 2502 2503 2504 2505 2506 2507 2508 2509 2510 2511 2512 2513 2514 2515 2516 2517 2518 2519 2520 2521 2522 2523 2524 2525 2526 2527 2528 2529 2530 2531 2532 2533 2534 2535 2536 2537 2538 2539 2540 2541 2542 2543 2544 2545 2546 2547 2548 2549 2550 2551 2552 2553 2554 2555 2556 2557 2558 2559 2560 2561 2562 2563 2564 2565 2566 2567 2568 2569 2570 2571 2572 2573 2574 2575 2576 2577 2578 2579 2580 2581 2582 2583 2584 2585 2586 2587 2588 2589 2590 2591 2592 2593 2594 2595 2596 2597 2598 2599 2600 2601 2602 2603 2604 2605 2606 2607 2608 2609 2610 2611 2612 2613 2614 2615 2616 2617 2618 2619 2620 2621 2622 2623 2624 2625 2626 2627 2628 2629 2630 2631 2632 2633 2634 2635 2636 2637 2638 2639 2640 2641 2642 2643 2644 2645 2646 2647 2648 2649 2650 2651 2652 2653 2654 2655 2656 2657 2658 2659 2660 2661 2662 2663 2664 2665 2666 2667 2668 2669 2670 2671 2672 2673 2674 2675 2676 2677 2678 2679 2680 2681 2682 2683 2684 2685 2686 2687 2688 2689 2690 2691 2692 2693 2694 2695 2696 2697 2698 2699 2700 2701 2702 2703 2704 2705 2706 2707 2708 2709 2710 2711 2712 2713 2714 2715 2716 2717 2718 2719 2720 2721 2722 2723 2724 2725 2726 2727 2728 2729 2730 2731 2732 2733 2734 2735 2736 2737 2738 2739 2740 2741 2742 2743 2744 2745 2746 2747 2748 2749 2750 2751 2752 2753 2754 2755 2756 2757 2758 2759 2760 2761 2762 2763 2764 2765 2766 2767 2768 2769 2770 2771 2772 2773 2774 2775 2776 2777 2778 2779 2780 2781 2782 2783 2784 2785 2786 2787 2788 2789 2790 2791 2792 2793 2794 2795 2796 2797 2798 2799 2800 2801 2802 2803 2804 2805 2806 2807 2808 2809 2810 2811 2812 2813 2814 2815 2816 2817 2818 2819 2820 2821 2822 2823 2824 2825 2826 2827 2828 2829 2830 2831 2832 2833 2834 2835 2836 2837 2838 2839 2840 2841 2842 2843 2844 2845 2846 2847 2848 2849 2850 2851 2852 2853 2854 2855 2856 2857 2858 2859 2860 2861 2862 2863 2864 2865 2866 2867 2868 2869 2870 2871 2872 2873 2874 2875 2876 2877 2878 2879 2880 2881 2882 2883 2884 2885 2886 2887 2888 2889 2890 2891 2892 2893 2894 2895 2896 2897 2898 2899 2900 2901 2902 2903 2904 2905 2906 2907 2908 2909 2910 2911 2912 2913 2914 2915 2916 2917 2918 2919 2920 2921 2922 2923 2924 2925 2926 2927 2928 2929 2930 2931 2932 2933 2934 2935 2936 2937 2938 2939 2940 2941 2942 2943 2944 2945 2946 2947 2948 2949 2950 2951 2952 2953 2954 2955 2956 2957 2958 2959 2960 2961 2962 2963 2964 2965 2966 2967 2968 2969 2970 2971 2972 2973 2974 2975 2976 2977 2978 2979 2980 2981 2982 2983 2984 2985 2986 2987 2988 2989 2990 2991 2992 2993 2994 2995 2996 2997 2998 2999 3000 3001 3002 3003 3004 3005 3006 3007 3008 3009 3010 3011 3012 3013 3014 3015 3016 3017 3018 3019 3020 3021 3022 3023 3024 3025 3026 3027 3028 3029 3030 3031 3032 3033 3034 3035 3036 3037 3038 3039 3040 3041 3042 3043 3044 3045 3046 3047 3048 3049 3050 3051 3052 3053 3054 3055 3056 3057 3058 3059 3060 3061 3062 3063 3064 3065 3066 3067 3068 3069 3070 3071 3072 3073 3074 3075 3076 3077 3078 3079 3080 3081 3082 3083 3084 3085 3086 3087 3088 3089 3090 3091 3092 3093 3094 3095 3096 3097 3098 3099 3100 3101 3102 3103 3104 3105 3106 3107 3108 3109 3110 3111 3112 3113 3114 3115 3116 3117 3118 3119 3120 3121 3122 3123 3124 3125 3126 3127 3128 3129 3130 3131 3132 3133 3134 3135 3136 3137 3138 3139 3140 3141 3142 3143 3144 3145 3146 3147 3148 3149 3150 3151 3152 3153 3154 3155 3156 3157 3158 3159 3160 3161 3162 3163 3164 3165 3166 3167 3168 3169 3170 3171 3172 3173 3174 3175 3176 3177 3178 3179 3180 3181 3182 3183 3184 3185 3186 3187 3188 3189 3190 3191 3192 3193 3194 3195 3196 3197 3198 3199 3200 3201 3202 3203 3204 3205 3206 3207 3208 3209 3210 3211 3212 3213 3214 3215 3216 3217 3218 3219 3220 3221 3222 3223 3224 3225 3226 3227 3228 3229 3230 3231 3232 3233 3234 3235 3236 3237 3238 3239 3240 3241 3242 3243 3244 3245 3246 3247 3248 3249 3250 3251 3252 3253 3254 3255 3256 3257 3258 3259 3260 3261 3262 3263 3264 3265 3266 3267 3268 3269 3270 3271 3272 3273 3274 3275 3276 3277 3278 3279 3280 3281 3282 3283 3284 3285 3286 3287 3288 3289 3290 3291 3292 3293 3294 3295 3296 3297 3298 3299 3300 3301 3302 3303 3304 3305 3306 3307 3308 3309 3310 3311 3312 3313 3314 3315 3316 3317 3318 3319 3320 3321 3322 3323 3324 3325 3326 3327 3328 3329 3330 3331 3332 3333 3334 3335 3336 3337 3338 3339 3340 3341 3342 3343 3344 3345 3346 3347 3348 3349 3350 3351 3352 3353 3354 3355 3356 3357 3358 3359 3360 3361 3362 3363 3364 3365 3366 3367 3368 3369 3370 3371 3372 3373 3374 3375 3376 3377 3378 3379 3380 3381 3382 3383</p>
        </triangles>
      </mesh>
    </geometry>
  </library_geometries>
  <library_visual_scenes>
    <visual_scene id="Scene" name="Scene">
      <node id="base00" name="base00" type="NODE">
        <node id="start01" name="start01" type="NODE">
          <node id="portal_arc_a999" name="portal_arc_a999" type="NODE">
            <instance_geometry url="#portal_arc_a999-mesh">
              <bind_material>
                <technique_common>
                  <instance_material symbol="portal_arc" target="#portal_arc-material">
                    <bind_vertex_input semantic="UVSET0" input_semantic="TEXCOORD" input_set="0"/>
                  </instance_material>
                </technique_common>
              </bind_material>
            </instance_geometry>
          </node>
        </node>
      </node>
    </visual_scene>
  </library_visual_scenes>
  <scene>
    <instance_visual_scene url="#Scene"/>
  </scene>
</COLLADA>
